<?xml version="1.0" encoding="UTF-8"?>
<!DOCTYPE class PUBLIC "-//USPTO//DTD Classification Definitions//EN" "xclassdef.dtd" [

<!-- Begin Document Specific Declarations -->

<!-- End Document Specific Declarations -->

]>
<?xml-stylesheet href="classdef.xsl" type="text/XSL"?>

<class classnum = "256" id = "C256S000000"><title>FENCES</title>
<sections><descsect>
<para>This class includes that type of building structures commonly
designated &ldquo;fences&rdquo; and characterized by a relatively
low, generally openwork, structure adapted to serve the purposes
of a barrier.</para>
<para>Those fences in which a part breaks, gives way, or separates
under abnormal conditions are classified herein with the type of
fence to which the invention is applied.</para>
<para>Posts described for use in fences, but which are of more general
application, are classified under the more general appropriate building
structure classes.  Posts are included herein only when specially
adapted for a fence and are classified with the type of fence to
which they are adapted.</para>
</descsect>
<scsect>
<srchout>
<crecord><classnum ref = "C024S000000" doc = "Class024.sgm">24</classnum>
<subref><clstitle>Buckles, Buttons, Clasps</clstitle>
<pretext>etc., </pretext>
<subnum range = "p" ref = "C024S068000" doc = "Class024.sgm">68</subnum></subref>
<descript><para>, especially 71.1, for line stretchers or tighteners of
general utility.  Wire fences with stretching devices are in this
class (256), subclasses 37&plus;.  Connectors between parts
of a fence are classified in this class (256) with the type of fence involved.
Class 24, subclasses 305&plus; provides for combinations of
two or more simple forms of fastenings not for connecting fence
parts.</para></descript></crecord>
<crecord><classnum ref = "C049S000000" doc = "Class049.sgm">49</classnum>
<subref><clstitle>Movable or Removable Closures</clstitle>
<pretext>appropriate subclasses, for that movable portion of a fence commonly
known as a &ldquo;gate&rdquo; and characterized by a normally
open and closed position.  A panel, per se, of general application,
although forming part of a gate, is classified in </pretext>
<subnum range = "s" ref = "C049S073000" doc = "Class049.sgm">73</subnum></subref>
<descript><para> of this class (256).</para></descript></crecord>
<crecord><classnum ref = "C052S000000" doc = "Class052.sgm">52</classnum>
<subref><clstitle>Static Structures (e.g., Buildings)</clstitle>
<pretext>appropriate subclasses for barriers, poles, and posts of more
general application, particularly </pretext>
<subnum range = "s" ref = "C052S040000" doc = "Class052.sgm">40</subnum></subref>
<descript><para> for a shaft with an article support; subclass 102
for an earth supported coping or edging; subclasses 103 and 104
for a land marker or monument; subclass 113 for a shaft with a spring
actuated return; subclasses 153 and 154 for a shaft with an embedded
wing-type brace; subclasses 155-166 for an earth anchor; subclasses
292-299 for a footing for a vertical shaft; subclasses 300 and 301
for vertical structure with a cap; subclasses 415-442 for a brick and
mortar-type barrier; subclasses 633-697 for openwork (e.g., lattice
or grating, etc.); and subclasses 831-857 for elongated rigid members.</para></descript></crecord>
<crecord><classnum ref = "C403S000000" doc = "Class403.sgm">403</classnum>
<subref><clstitle>Joints and Connections</clstitle>
<pretext></pretext></subref>
<descript><para>appropriate subclasses for joints of general utility.
 Connectors between parts of a fence are classified in this class
(256) with the type fence involved.</para></descript></crecord>
<crecord><classnum ref = "C404S000000" doc = "Class404.sgm">404</classnum>
<subref><clstitle>Road Structure, Process, or Apparatus</clstitle>
<pretext></pretext>
<subnum range = "p" ref = "C404S006000" doc = "Class404.sgm">6</subnum></subref>
<descript><para>, for a traffic guide or barrier structure and subclasses
9&plus;, for a traffic director structure.</para></descript></crecord>
<crecord><classnum ref = "C405S000000" doc = "Class405.sgm">405</classnum>
<subref><clstitle>Hydraulic and Earth Engineering</clstitle>
<pretext>appropriate subclasses for earthwork barriers, especially </pretext>
<subnum range = "p" ref = "C405S030000" doc = "Class405.sgm">30</subnum></subref>
<descript><para> for openwork wave or flow dissipating barriers.
 Fence structure, per se, of earthwork is classified in this class
(256), subclass 19.</para></descript></crecord>
<crecord><classnum ref = "C428S000000" doc = "Class428.sgm">428</classnum>
<subref><clstitle>Stock Material or Miscellaneous Articles</clstitle>
<pretext></pretext>
<subnum range = "p" ref = "C428S544000" doc = "Class428.sgm">544</subnum></subref>
<descript><para> for stock materials, e.g., of indefinite length,
which are all metal or have adjacent metal components.  See the
notes in  the main Class Definition of Class 428.</para></descript></crecord></srchout>
</scsect>
<glossect>
<glossary><term>STRUCTURAL</term>
<def><para>As used herein, this term applies to any relatively rigid slat
or bar member used as an element of a fence.</para></def>
<term>WIRE</term>
<def><para>As used herein, this term includes not only metallic
but also any nonmetallic rope, cord, or strand.</para></def></glossary></glossect></sections>
<sclasses>
<subclass subnum = "1" id = "C256S001000">
<sctitle>MISCELLANEOUS:</sctitle>
<parent ref = "C256S000000" doc = "Class256.sgm">the class definition</parent>
<scdesc>Fence constructions and accessories peculiar thereto not
specifically provided for elsewhere.</scdesc></subclass>
<subclass subnum = "2" id = "C256S002000">
<sctitle>BARBED:</sctitle>
<parent ref = "C256S000000" doc = "Class256.sgm">the class definition</parent>
<scdesc>Fences provided with spurs, points, or barbs so arranged
as to discourage the violent passage of animals through them.</scdesc></subclass>
<subclass subnum = "3" id = "C256S003000">
<sctitle>Guarded:</sctitle>
<parent ref = "C256S002000" doc = "Class256.sgm">subclass 2</parent>
<scdesc>Barbed fences having guards to protect animals from injury.</scdesc></subclass>
<subclass subnum = "4" id = "C256S004000">
<sctitle>Visible:</sctitle>
<parent ref = "C256S003000" doc = "Class256.sgm">subclass 3</parent>
<scdesc>Devices comprising members serving as a warning of the presence
of barbs.</scdesc></subclass>
<subclass subnum = "5" id = "C256S005000">
<sctitle>Fabrics:</sctitle>
<parent ref = "C256S002000" doc = "Class256.sgm">subclass 2</parent>
<scdesc>Devices comprising openwork or meshed stock, whether formed
of relatively rigid slats or bars or of wire combined with rigid
slats or bars.</scdesc>
<srchout>
<crecord><classnum ref = "C245S000000" doc = "Class245.sgm">245</classnum>
<subref><clstitle>Wire Fabrics and Structure</clstitle>
<pretext></pretext>
<subnum range = "p" ref = "C245S002000" doc = "Class245.sgm">2</subnum></subref>
<descript><para>, for wire fabrics not provided with barbs.</para></descript></crecord></srchout></subclass>
<subclass subnum = "6" id = "C256S006000">
<sctitle>Strands:</sctitle>
<parent ref = "C256S002000" doc = "Class256.sgm">subclass 2</parent>
<scdesc>Devices relating to the structure of the strands.</scdesc>
<srchin>
<srecord><subnum ref = "C256S011000" doc = "Class256.sgm">11</subnum>
<descript><para>for top guard rails, although provided with barbs.</para></descript></srecord></srchin></subclass>
<subclass subnum = "7" id = "C256S007000">
<sctitle>Single: </sctitle>
<parent ref = "C256S006000" doc = "Class256.sgm">subclass 6</parent>
<scdesc>Fence strands in which a barb is capable of attachment to
a single strand.</scdesc>
<srchin>
<srecord><subnum ref = "C256S006000" doc = "Class256.sgm">6</subnum>
<descript><para>for barbs specialized for attachment to strands
made up of two or more wires.</para></descript></srecord></srchin></subclass>
<subclass subnum = "8" id = "C256S008000">
<sctitle>Integral barb:</sctitle>
<parent ref = "C256S007000" doc = "Class256.sgm">subclass 7</parent>
<scdesc>Single fence strands in which the barbs are integral.</scdesc></subclass>
<subclass subnum = "9" id = "C256S009000">
<sctitle>Integral barb:</sctitle>
<parent ref = "C256S006000" doc = "Class256.sgm">subclass 6</parent>
<scdesc>Devices made up of sections or links joined end-to-end.</scdesc></subclass>
<subclass subnum = "10" id = "C256S010000">
<sctitle>ELECTRIC:</sctitle>
<parent ref = "C256S000000" doc = "Class256.sgm">the class definition</parent>
<scdesc>Fences having one or more parts charged with electricity,
whereby shock will be imparted to an animal coming into contact therewith.</scdesc>
<srchout>
<crecord><classnum ref = "C109S000000" doc = "Class109.sgm">109</classnum>
<subref><clstitle>Safes, Bank Protection, or a Related Device</clstitle>
<pretext></pretext>
<subnum range = "s" ref = "C109S035000" doc = "Class109.sgm">35</subnum></subref>
<descript><para>, for safes, etc., with an electrically charged
surface.</para></descript></crecord>
<crecord><classnum ref = "C119S000000" doc = "Class119.sgm">119</classnum>
<subref><clstitle>Animal Husbandry</clstitle>
<pretext>particularly </pretext>
<subnum range = "s" ref = "C119S721000" doc = "Class119.sgm">721</subnum></subref>
<descript><para> for an electromagnetic remote control for confining
an animal to a predetermined territorial location.  The remote control
feature may include a buried wire or above ground fence-like structure
but does not limit the travel of the animal by direct electrical
contact therewith.</para></descript></crecord>
<crecord><classnum ref = "C174S000000" doc = "Class174.sgm">174</classnum>
<subref><clstitle>Electricity:  Conductors and Insulators</clstitle>
<pretext></pretext></subref>
<descript><para>appropriate subclasses, for electric conductors
and their supports of general utility.</para></descript></crecord></srchout></subclass>
<subclass subnum = "11" id = "C256S011000">
<sctitle>TOP GUARDED:</sctitle>
<parent ref = "C256S000000" doc = "Class256.sgm">the class definition</parent>
<scdesc>Fences having special provision to prevent or hinder creatures
from traveling or remaining upon the top of the fence.</scdesc></subclass>
<subclass subnum = "12" id = "C256S012000">
<sctitle>Unstable:</sctitle>
<parent ref = "C256S011000" doc = "Class256.sgm">subclass 11</parent>
<scdesc>Fences wherein the top guard has an unstable or movable
portion.</scdesc>
<srchin>
<srecord><subnum ref = "C256S001000" doc = "Class256.sgm">1</subnum>
<descript><para>for steeplechase fences provided with yielding means
upon the top rail.</para></descript></srecord>
<srecord><subnum ref = "C256S016000" doc = "Class256.sgm">16</subnum>
<descript><para>for track guards having movable means.</para></descript></srecord></srchin></subclass>
<subclass subnum = "12.5" id = "C256S012500">
<sctitle>DRIFTAGE CONTROL:</sctitle>
<parent ref = "C256S000000" doc = "Class256.sgm">the class definition</parent>
<scdesc>Barriers designed to regulate wind and air currents so that
driftage of snow or sand will be controlled.</scdesc>
<notes><note1 notenum = "(1)">
<para>Note.  These barriers usually act either (1) to so direct
wind or air currents to cause the same to pick up and remove snow
or sand from places it is desired to keep clear thereof, or (2)
to cause wind or air currents to drop sand or snow carried thereby
to avoid the same accumulating at places it is desired to keep clear, thereof,
for example, railways or roadways.</para></note1></notes>
<srchout>
<crecord><classnum ref = "C104S000000" doc = "Class104.sgm">104</classnum>
<subref><clstitle>Railways</clstitle>
<pretext></pretext>
<subnum range = "p" ref = "C104S279000" doc = "Class104.sgm">279</subnum></subref>
<descript><para>, for miscellaneous railway track clearing or cleaning
means.</para></descript></crecord>
<crecord><classnum ref = "C135S000000" doc = "Class135.sgm">135</classnum>
<subref><clstitle>Tent, Canopy, Umbrella, or Cane</clstitle>
<pretext></pretext>
<subnum range = "p" ref = "C135S087000" doc = "Class135.sgm">87</subnum></subref>
<descript><para>, for portable shelters used as a snow or wind screen.</para></descript></crecord></srchout></subclass>
<subclass subnum = "13" id = "C256S013000">
<sctitle>FLOOD:</sctitle>
<parent ref = "C256S000000" doc = "Class256.sgm">the class definition</parent>
<scdesc>Devices for use on shores or in stream beds designed to
prevent animals from passing, but providing for the more or less
free passage of the water and bodies held in suspension therein.</scdesc>
<srchout>
<crecord><classnum ref = "C049S000000" doc = "Class049.sgm">49</classnum>
<subref><clstitle>Movable or Removable Closures</clstitle>
<pretext></pretext>
<subnum range = "p" ref = "C049S010000" doc = "Class049.sgm">10</subnum></subref>
<descript><para> for closures which move under the influence of
a swollen stream.</para></descript></crecord></srchout></subclass>
<subclass subnum = "13.1" id = "C256S013100">
<sctitle>HIGHWAY GUARD:</sctitle>
<parent ref = "C256S000000" doc = "Class256.sgm">the class definition</parent>
<scdesc>Devices in the nature of barriers, railings, or fences,
both rigid and yielding, along road sides, and sufficiently strong
to resist automobile impact.</scdesc>
<srchin>
<srecord><subnum ref = "C256S019000" doc = "Class256.sgm">19</subnum>
<descript><para>for similar barriers forming complete fences.</para></descript></srecord></srchin>
<srchout>
<crecord><classnum ref = "C114S000000" doc = "Class114.sgm">114</classnum>
<subref><clstitle>Ships</clstitle>
<pretext></pretext>
<subnum range = "s" ref = "C114S219000" doc = "Class114.sgm">219</subnum></subref>
<descript><para>, for similar devices applied to sides of ships.</para></descript></crecord>
<crecord><classnum ref = "C238S000000" doc = "Class238.sgm">238</classnum>
<subref><clstitle>Railways:  Surface Track</clstitle>
<pretext></pretext>
<subnum range = "s" ref = "C238S010000" doc = "Class238.sgm">10,</subnum></subref>
<descript><para> for similar structure in nature of portable track.</para></descript></crecord>
<crecord><classnum ref = "C248S000000" doc = "Class248.sgm">248</classnum>
<subref><clstitle>Supports</clstitle>
<pretext></pretext>
<subnum range = "s" ref = "C248S066000" doc = "Class248.sgm">66</subnum></subref>
<descript><para>, for brackets, for securing a road guard cable
to its post.</para></descript></crecord></srchout></subclass>
<subclass subnum = "14" id = "C256S014000">
<sctitle>TRACK GUARD:</sctitle>
<parent ref = "C256S000000" doc = "Class256.sgm">the class definition</parent>
<scdesc>Device for use upon railroads designed to prevent animals
from passing along the tracks and incapable of use as a gate to
permit the passage of the animal.</scdesc>
<srchout>
<crecord><classnum ref = "C049S000000" doc = "Class049.sgm">49</classnum>
<subref><clstitle>Movable or Removable Closures</clstitle>
<pretext></pretext>
<subnum range = "p" ref = "C049S131000" doc = "Class049.sgm">131</subnum></subref>
<descript><para> for a closure which moves to an inoperative position
flush with the ground, such as a railroad track, to permit a train
to ride over it.</para></descript></crecord></srchout></subclass>
<subclass subnum = "15" id = "C256S015000">
<sctitle>Rocking:</sctitle>
<parent ref = "C256S014000" doc = "Class256.sgm">subclass 14</parent>
<scdesc>Track guards that consist of a pivoted member or a series
of them adapted to rock under pressure.</scdesc></subclass>
<subclass subnum = "16" id = "C256S016000">
<sctitle>Rotary:</sctitle>
<parent ref = "C256S014000" doc = "Class256.sgm">subclass 14</parent>
<scdesc>Track guards embodying a series of rotary members.</scdesc></subclass>
<subclass subnum = "17" id = "C256S017000">
<sctitle>Bar:</sctitle>
<parent ref = "C256S014000" doc = "Class256.sgm">subclass 14</parent>
<scdesc>Track guards embodying a series of bars spaced apart to
form a grating.</scdesc></subclass>
<subclass subnum = "18" id = "C256S018000">
<sctitle>Pronged:</sctitle>
<parent ref = "C256S017000" doc = "Class256.sgm">subclass 17</parent>
<scdesc>Devices comprising bars provided with a series of prongs
more or less sharp.</scdesc></subclass>
<subclass subnum = "19" id = "C256S019000">
<sctitle>EARTH, STONE, PLASTIC, AND WOODEN:</sctitle>
<parent ref = "C256S000000" doc = "Class256.sgm">the class definition</parent>
<scdesc>Fences, made wholly or partly of such materials as earth,
stone, plastics, or wood where the material of which they are made,
as well as the form of the fence, is of consequence.</scdesc>
<srchin>
<srecord><subnum ref = "C256S013100" doc = "Class256.sgm">13.1</subnum>
<descript><para>for similar devices for highway guards.</para></descript></srecord></srchin>
<srchout>
<crecord><classnum ref = "C052S000000" doc = "Class052.sgm">52</classnum>
<subref><clstitle>Static Structures (e.g., Buildings)</clstitle>
<pretext>appropriate subclasses for masonry walls of more general
application, particularly </pretext>
<subnum range = "p" ref = "C052S300000" doc = "Class052.sgm">300</subnum></subref>
<descript><para> for vertical structures with a cap or terminal bearing
plate.</para></descript></crecord>
<crecord><classnum ref = "C405S000000" doc = "Class405.sgm">405</classnum>
<subref><clstitle>Hydraulic and Earth Engineering</clstitle>
<pretext></pretext></subref>
<descript><para>appropriate subclasses for specialized earthwork
barriers (i.e., jetty, dam, levee, etc.).</para></descript></crecord></srchout></subclass>
<subclass subnum = "20" id = "C256S020000">
<sctitle>HEDGE:</sctitle>
<parent ref = "C256S000000" doc = "Class256.sgm">the class definition</parent>
<scdesc>Fences formed of growing plants used alone or in connection
with wire to form the fence.</scdesc></subclass>
<subclass subnum = "21" id = "C256S021000">
<sctitle>METALLIC:</sctitle>
<parent ref = "C256S000000" doc = "Class256.sgm">the class definition</parent>
<scdesc>Fences made wholly or mostly of metal other than wire where
the material is of consequence or where the shape of parts is such
as to preclude their being made of other material.</scdesc>
<srchin>
<srecord><subnum range = "p" ref = "C256S047000" doc = "Class256.sgm">47</subnum>
<descript><para>and  65.01&plus;, for joints between fence members.</para></descript></srecord></srchin>
<srchout>
<crecord><classnum ref = "C052S000000" doc = "Class052.sgm">52</classnum>
<subref><clstitle>Static Structures (e.g., Buildings)</clstitle>
<pretext></pretext>
<subnum range = "p" ref = "C052S660000" doc = "Class052.sgm">660</subnum></subref>
<descript><para> for fabric or lattice openwork, e.g., grating,
of more general application.</para></descript></crecord></srchout></subclass>
<subclass subnum = "22" id = "C256S022000">
<sctitle>Picket:</sctitle>
<parent ref = "C256S021000" doc = "Class256.sgm">subclass 21</parent>
<scdesc>Fences composed of longitudinal rails and upright members
where the upright members serve to increase the effectiveness of
the fence as a barrier and not merely to strengthen, brace, or space
apart the rails.</scdesc>
<srchin>
<srecord><subnum ref = "C256S034000" doc = "Class256.sgm">34</subnum>
<descript><para>for woven, strand fences.</para></descript></srecord></srchin></subclass>
<subclass subnum = "23" id = "C256S023000">
<sctitle>SUSPENDED:</sctitle>
<parent ref = "C256S000000" doc = "Class256.sgm">the class definition</parent>
<scdesc>Fences having portions hung or suspended between posts or
from rails or strands running from post to post.</scdesc>
<srchout>
<crecord><classnum ref = "C049S000000" doc = "Class049.sgm">49</classnum>
<subref><clstitle>Movable or Removable Closures</clstitle>
<pretext></pretext>
<subnum range = "p" ref = "C049S010000" doc = "Class049.sgm">10</subnum></subref>
<descript><para> for similar devices used on shores or stream beds.</para></descript></crecord></srchout></subclass>
<subclass subnum = "24" id = "C256S024000">
<sctitle>PANEL:</sctitle>
<parent ref = "C256S000000" doc = "Class256.sgm">the class definition</parent>
<scdesc>Fences made up of panels.</scdesc>
<srchin>
<srecord><subnum ref = "C256S023000" doc = "Class256.sgm">23</subnum>
<descript><para>for sections hung or suspended.</para></descript></srecord>
<srecord><subnum ref = "C256S073000" doc = "Class256.sgm">73</subnum>
<descript><para>for fence panels, per se.</para></descript></srecord></srchin>
<srchout>
<crecord><classnum ref = "C024S000000" doc = "Class024.sgm">24</classnum>
<subref><clstitle>Buckles, Buttons, Clasps</clstitle>
<pretext>etc., </pretext>
<subnum range = "p" ref = "C024S455000" doc = "Class024.sgm">455</subnum></subref>
<descript><para>, for clasps.</para></descript></crecord>
<crecord><classnum ref = "C052S000000" doc = "Class052.sgm">52</classnum>
<subref><clstitle>Static Structures (e.g., Buildings)</clstitle>
<pretext>appropriate subclasses for an in situ erected building
structure of more general application, particularly </pretext>
<subnum range = "p" ref = "C052S474000" doc = "Class052.sgm">474</subnum></subref>
<descript><para> for a facer (panel) held by a frame or shaft.</para></descript></crecord></srchout></subclass>
<subclass subnum = "25" id = "C256S025000">
<sctitle>Inclosure:</sctitle>
<parent ref = "C256S024000" doc = "Class256.sgm">subclass 24</parent>
<scdesc>Devices relating to enclosed structures, generally in the
nature of a pen for children, adapted to be folded and stored away.</scdesc>
<srchout>
<crecord><classnum ref = "C005S000000" doc = "Class005.sgm">5</classnum>
<subref><clstitle>Beds</clstitle>
<pretext></pretext>
<subnum range = "p" ref = "C005S093100" doc = "Class005.sgm">93.1</subnum></subref>
<descript><para>, for crib-type beds and for play-pens having a
bottom wall even if the bottom and side members are not connected.
 The bottom may be a fabric and may rest directly on the floor.</para></descript></crecord>
<crecord><classnum ref = "C119S000000" doc = "Class119.sgm">119</classnum>
<subref><clstitle>Animal Husbandry</clstitle>
<pretext></pretext>
<subnum range = "s" ref = "C119S020000" doc = "Class119.sgm">20</subnum></subref>
<descript><para>, for animal pens.</para></descript></crecord>
<crecord><classnum ref = "C135S000000" doc = "Class135.sgm">135</classnum>
<subref><clstitle>Tent, Canopy, Umbrella, or Cane</clstitle>
<pretext></pretext>
<subnum range = "p" ref = "C135S087000" doc = "Class135.sgm">87</subnum></subref>
<descript><para> for portable shelters.</para></descript></crecord>
<crecord><classnum ref = "C472S000000" doc = "Class472.sgm">472</classnum>
<subref><clstitle>Amusement Devices</clstitle>
<pretext>particularly </pretext>
<subnum range = "p" ref = "C472S092000" doc = "Class472.sgm">92</subnum></subref>
<descript><para> for an enclosure for an athletic or exhibition
event, e.g., for arena, track, court, playing field, etc.</para></descript></crecord></srchout></subclass>
<subclass subnum = "26" id = "C256S026000">
<sctitle>Hinged:</sctitle>
<parent ref = "C256S024000" doc = "Class256.sgm">subclass 24</parent>
<scdesc>Devices hingedly connected so that adjacent panel units
are capable of lying in the same or intersecting planes.</scdesc></subclass>
<subclass subnum = "27" id = "C256S027000">
<sctitle>Angle:</sctitle>
<parent ref = "C256S024000" doc = "Class256.sgm">subclass 24</parent>
<scdesc>Panel fences in which two adjacent panels are capable of
attachment so as to stand in intersecting planes.</scdesc>
<srchin>
<srecord><subnum ref = "C256S025000" doc = "Class256.sgm">25</subnum>
<descript><para>for similar structure forming enclosures.</para></descript></srecord></srchin></subclass>
<subclass subnum = "28" id = "C256S028000">
<sctitle>Tied:</sctitle>
<parent ref = "C256S027000" doc = "Class256.sgm">subclass 27</parent>
<scdesc>Fences wherein the panels are tied together by a wire running
the length of several panels, the panel ends are bolted or wired
together, or a separate element is used to lock or tie adjacent panels
together.</scdesc></subclass>
<subclass subnum = "29" id = "C256S029000">
<sctitle>Tied:</sctitle>
<parent ref = "C256S024000" doc = "Class256.sgm">subclass 24</parent>
<scdesc>Fences wherein the panels extend in the same general direction
(right line) and are tied together by a wire running the length
of a plurality of panels, when the panel ends are bolted or wired
together, or where a separate element is used to lock or tie adjacent
panels together.</scdesc></subclass>
<subclass subnum = "30" id = "C256S030000">
<sctitle>Braced:</sctitle>
<parent ref = "C256S029000" doc = "Class256.sgm">subclass 29</parent>
<scdesc>Devices wherein the panels or fence as a whole are braced
in addition or wherein the panels or fence are tied and braced by
the same means.</scdesc></subclass>
<subclass subnum = "31" id = "C256S031000">
<sctitle>Braced:</sctitle>
<parent ref = "C256S024000" doc = "Class256.sgm">subclass 24</parent>
<scdesc>Devices comprising combinations of panels with braced posts
or separate brace members and braced posts or like parts particularly adapted
to receive the support fence panels.</scdesc></subclass>
<subclass subnum = "32" id = "C256S032000">
<sctitle>WIRE:</sctitle>
<parent ref = "C256S000000" doc = "Class256.sgm">the class definition</parent>
<scdesc>Fences made wholly or partially of wire and elements and
combinations of elements used as parts of wire fences not otherwise
provided for and characterized by the presence of strands of wire
connected to the spanning post members.</scdesc>
<srchin>
<srecord><subnum ref = "C256S023000" doc = "Class256.sgm">23</subnum>
<descript><para>for spanning strands supporting panel members.</para></descript></srecord>
<srecord><subnum ref = "C256S024000" doc = "Class256.sgm">24</subnum>
<descript><para>for panels made wholly or partially of wire.</para></descript></srecord>
<srecord><subnum ref = "C256S073000" doc = "Class256.sgm">73</subnum>
<descript><para>for fence panels, and see the search note therewith.</para></descript></srecord></srchin></subclass>
<subclass subnum = "33" id = "C256S033000">
<sctitle>All wire:</sctitle>
<parent ref = "C256S032000" doc = "Class256.sgm">subclass 32</parent>
<scdesc>Fences composed entirely of wire.</scdesc>
<srchout>
<crecord><classnum ref = "C047S000000" doc = "Class047.sgm">47</classnum>
<subref><clstitle>Plant Husbandry</clstitle>
<pretext></pretext>
<subnum range = "p" ref = "C047S044000" doc = "Class047.sgm">44</subnum></subref>
<descript><para>, for plant supports.</para></descript></crecord></srchout></subclass>
<subclass subnum = "34" id = "C256S034000">
<sctitle>Picket:</sctitle>
<parent ref = "C256S032000" doc = "Class256.sgm">subclass 32</parent>
<scdesc>Fences composed of woven longitudinal strands and upright
members where the upright members serve to increase the effectiveness
of the fence as a barrier and not merely to strengthen, brace, or
space apart the strands.</scdesc>
<srchin>
<srecord><subnum ref = "C256S022000" doc = "Class256.sgm">22</subnum>
<descript><para>for fences composed of rails and uprights.</para></descript></srecord>
<srecord><subnum ref = "C256S035000" doc = "Class256.sgm">35</subnum>
<descript><para>for braces.</para></descript></srecord></srchin>
<srchout>
<crecord><classnum ref = "C245S000000" doc = "Class245.sgm">245</classnum>
<subref><clstitle>Wire Fabrics and Structure</clstitle>
<pretext></pretext>
<subnum range = "s" ref = "C245S011000" doc = "Class245.sgm">11</subnum></subref>
<descript><para>, for slat and wire fabrics.</para></descript></crecord></srchout></subclass>
<subclass subnum = "35" id = "C256S035000">
<sctitle>Braced:</sctitle>
<parent ref = "C256S032000" doc = "Class256.sgm">subclass 32</parent>
<scdesc>Devices particularly adapted for the bracing of wire fences.
 Braced posts, and braces or stays generally to strengthen, reinforce,
or space apart the strands of a wire fence.  Combinations of a plurality
of fence posts with brace members connecting so as to brace each
other.</scdesc>
<srchin>
<srecord><subnum ref = "C256S022000" doc = "Class256.sgm">22</subnum>
<descript><para>for fences composed of rails and uprights.</para></descript></srecord>
<srecord><subnum ref = "C256S034000" doc = "Class256.sgm">34</subnum>
<descript><para>for fences composed of woven strands and uprights.</para></descript></srecord></srchin></subclass>
<subclass subnum = "36" id = "C256S036000">
<sctitle>Trussed:</sctitle>
<parent ref = "C256S035000" doc = "Class256.sgm">subclass 35</parent>
<scdesc>Wire fences wherein the strands are provided with a diagonal
bracing member or some of the strands are deflected from their true
horizontal course to brace the fence after the manner of a truss.</scdesc></subclass>
<subclass subnum = "37" id = "C256S037000">
<sctitle>Stretcher:</sctitle>
<parent ref = "C256S032000" doc = "Class256.sgm">subclass 32</parent>
<scdesc>Devices with stretching devices which form permanent parts
of the fence, and are provided with details particularly adapting
them for use in a fence.</scdesc>
<srchout>
<crecord><classnum ref = "C024S000000" doc = "Class024.sgm">24</classnum>
<subref><clstitle>Buckles, Buttons, Clasps</clstitle>
<pretext>etc., </pretext>
<subnum range = "p" ref = "C024S071100" doc = "Class024.sgm">71.1</subnum></subref>
<descript><para>, for tighteners intermediate the ends of a line
or wire.</para></descript></crecord>
<crecord><classnum ref = "C084S000000" doc = "Class084.sgm">84</classnum>
<subref><clstitle>Music</clstitle>
<pretext></pretext>
<subnum range = "s" ref = "C084S200000" doc = "Class084.sgm">200</subnum></subref>
<descript><para>, for tuning devices, and 304, for tuning pegs.</para></descript></crecord>
<crecord><classnum ref = "C140S000000" doc = "Class140.sgm">140</classnum>
<subref><clstitle>Wireworking</clstitle>
<pretext></pretext>
<subnum range = "s" ref = "C140S123500" doc = "Class140.sgm">123.5</subnum></subref>
<descript><para>, for wire tighteners.</para></descript></crecord>
<crecord><classnum ref = "C254S000000" doc = "Class254.sgm">254</classnum>
<subref><clstitle>Implements or Apparatus for Applying Pushing or
Pulling Force</clstitle>
<pretext></pretext>
<subnum range = "p" ref = "C254S199000" doc = "Class254.sgm">199</subnum></subref>
<descript><para> for a portable implement or apparatus for tensioning
flexible material (e.g., fence wire from which the implement or
apparatus is detached when moved).</para></descript></crecord></srchout></subclass>
<subclass subnum = "38" id = "C256S038000">
<sctitle>Gravity:</sctitle>
<parent ref = "C256S037000" doc = "Class256.sgm">subclass 37</parent>
<scdesc>Devices including a suspended weight.</scdesc></subclass>
<subclass subnum = "39" id = "C256S039000">
<sctitle>Spring:</sctitle>
<parent ref = "C256S037000" doc = "Class256.sgm">subclass 37</parent>
<scdesc>Devices that employ the power of a spring to accomplish
the stretching.</scdesc>
<srchout>
<crecord><classnum ref = "C054S000000" doc = "Class054.sgm">54</classnum>
<subref><clstitle>Harness for Working Animal</clstitle>
<pretext></pretext>
<subnum range = "s" ref = "C054S048000" doc = "Class054.sgm">48</subnum></subref>
<descript><para>, for elastic stirrups.</para></descript></crecord>
<crecord><classnum ref = "C267S000000" doc = "Class267.sgm">267</classnum>
<subref><clstitle>Spring Devices</clstitle>
<pretext></pretext>
<subnum range = "p" ref = "C267S069000" doc = "Class267.sgm">69</subnum></subref>
<descript><para>, for elastic extension devices.</para></descript></crecord></srchout></subclass>
<subclass subnum = "40" id = "C256S040000">
<sctitle>Winder:</sctitle>
<parent ref = "C256S037000" doc = "Class256.sgm">subclass 37</parent>
<scdesc>Devices employing a member upon which the wire is wound.</scdesc>
<srchout>
<crecord><classnum ref = "C254S000000" doc = "Class254.sgm">254</classnum>
<subref><clstitle>Implements or Apparatus for Applying Pushing or
Pulling Force</clstitle>
<pretext></pretext>
<subnum range = "p" ref = "C254S213000" doc = "Class254.sgm">213</subnum></subref>
<descript><para> for a portable, rotatably driven drum for tensioning
a flexible material, the drum engages and pulls on either the material
or a cable attached to the material.</para></descript></crecord></srchout></subclass>
<subclass subnum = "41" id = "C256S041000">
<sctitle>Multiple:</sctitle>
<parent ref = "C256S040000" doc = "Class256.sgm">subclass 40</parent>
<scdesc>Devices having winding elements for a plurality of strands
and pluralities of winding elements operating upon individual strands,
but mounted upon a common spindle.</scdesc></subclass>
<subclass subnum = "42" id = "C256S042000">
<sctitle>Bracket:</sctitle>
<parent ref = "C256S040000" doc = "Class256.sgm">subclass 40</parent>
<scdesc>Devices carried by brackets secured to or bearing against
the post.</scdesc></subclass>
<subclass subnum = "43" id = "C256S043000">
<sctitle>Internal:</sctitle>
<parent ref = "C256S040000" doc = "Class256.sgm">subclass 40</parent>
<scdesc>Devices mounted within the post.</scdesc></subclass>
<subclass subnum = "44" id = "C256S044000">
<sctitle>Lateral:</sctitle>
<parent ref = "C256S040000" doc = "Class256.sgm">subclass 40</parent>
<scdesc>Devices mounted upon the post and project laterally therefrom.</scdesc></subclass>
<subclass subnum = "45" id = "C256S045000">
<sctitle>Fabrics:</sctitle>
<parent ref = "C256S032000" doc = "Class256.sgm">subclass 32</parent>
<scdesc>Devices consisting of fabrics formed wholly or partially
of wire wherein the stays and strands are held together by separate
ties, such as wires, lock rods, or clips.</scdesc>
<srchout>
<crecord><classnum ref = "C198S000000" doc = "Class198.sgm">198</classnum>
<subref><clstitle>Conveyors:  Power-Driven</clstitle>
<pretext></pretext>
<subnum range = "p" ref = "C198S848000" doc = "Class198.sgm">848</subnum></subref>
<descript><para> for an endless belt conveyor formed of wire fabric.</para></descript></crecord>
<crecord><classnum ref = "C245S000000" doc = "Class245.sgm">245</classnum>
<subref><clstitle>Wire Fabrics and Structure</clstitle>
<pretext></pretext></subref>
<descript><para>for woven all wire or slat-and-wire fabric.</para></descript></crecord>
<crecord><classnum ref = "C403S000000" doc = "Class403.sgm">403</classnum>
<subref><clstitle>Joints and Connections</clstitle>
<pretext></pretext>
<subnum range = "p" ref = "C403S384000" doc = "Class403.sgm">384</subnum></subref>
<descript><para> for connections, between individual rods joined
side-to-side.</para></descript></crecord></srchout></subclass>
<subclass subnum = "46" id = "C256S046000">
<sctitle>Strands:</sctitle>
<parent ref = "C256S032000" doc = "Class256.sgm">subclass 32</parent>
<scdesc>Devices including circular section and ribbon strands peculiar
to fences.</scdesc>
<srchin>
<srecord><subnum range = "p" ref = "C256S006000" doc = "Class256.sgm">6</subnum>
<descript><para>for barbed strand structure.</para></descript></srecord></srchin>
<srchout>
<crecord><classnum ref = "C052S000000" doc = "Class052.sgm">52</classnum>
<subref><clstitle>Static Structures (e.g., Buildings)</clstitle>
<pretext></pretext></subref>
<descript><para>appropriate subclasses for a masonry construction
of general application.</para></descript></crecord>
<crecord><classnum ref = "C211S000000" doc = "Class211.sgm">211</classnum>
<subref><clstitle>Supports: Racks</clstitle>
<pretext></pretext>
<subnum range = "p" ref = "C211S11910" doc = "Class211.sgm">119.01</subnum></subref>
<descript><para>, for clothesline supports.</para></descript></crecord>
<crecord><classnum ref = "C428S000000" doc = "Class428.sgm">428</classnum>
<subref><clstitle>Stock Material or Miscellaneous Articles</clstitle>
<pretext></pretext>
<subnum range = "p" ref = "C428S544000" doc = "Class428.sgm">544</subnum></subref>
<descript><para> for stock materials, e.g., of indefinite length,
which are all metal or have adjacent metal components.  See the
notes in the main Class Definition of Class 428.</para></descript></crecord></srchout></subclass>
<subclass subnum = "47" id = "C256S047000">
<sctitle>Connections:</sctitle>
<parent ref = "C256S032000" doc = "Class256.sgm">subclass 32</parent>
<scdesc>Subject matter relating to connections peculiarly adapted
to attach a strand of the fence to a post, pole, stay, or like upright
having a structural shape.</scdesc>
<srchout>
<crecord><classnum ref = "C024S000000" doc = "Class024.sgm">24</classnum>
<subref><clstitle>Buckles, Buttons, Clasps</clstitle>
<pretext>etc., </pretext>
<subnum range = "p" ref = "C024S335000" doc = "Class024.sgm">335</subnum></subref>
<descript><para> for combinations of two or more simple forms of
fastenings for connecting other than fence parts.</para></descript></crecord>
<crecord><classnum ref = "C248S000000" doc = "Class248.sgm">248</classnum>
<subref><clstitle>Supports</clstitle>
<pretext></pretext>
<subnum range = "p" ref = "C248S049000" doc = "Class248.sgm">49</subnum></subref>
<descript><para> is the general locus for supports for cables, particularly
subclass 66, for brackets for securing a road guard cable to its
post.</para></descript></crecord>
<crecord><classnum ref = "C403S000000" doc = "Class403.sgm">403</classnum>
<subref><clstitle>Joints and Connections</clstitle>
<pretext></pretext>
<subnum range = "p" ref = "C403S384000" doc = "Class403.sgm">384</subnum></subref>
<descript><para> for rods joined side-to-side.</para></descript></crecord></srchout></subclass>
<subclass subnum = "48" id = "C256S048000">
<sctitle>Cross:</sctitle>
<parent ref = "C256S047000" doc = "Class256.sgm">subclass 47</parent>
<scdesc>Devices wherein the strand crosses a structural upright.</scdesc>
<srchin>
<srecord><subnum range = "p" ref = "C256S065010" doc = "Class256.sgm">65.01</subnum>
<descript><para>for connections between a rail and structural upright.</para></descript></srecord></srchin>
<srchout>
<crecord><classnum ref = "C047S000000" doc = "Class047.sgm">47</classnum>
<subref><clstitle>Plant Husbandry</clstitle>
<pretext></pretext>
<subnum range = "p" ref = "C047S044000" doc = "Class047.sgm">44</subnum></subref>
<descript><para>, for plant supports.</para></descript></crecord>
<crecord><classnum ref = "C174S000000" doc = "Class174.sgm">174</classnum>
<subref><clstitle>Electricity:  Conductors and Insulators</clstitle>
<pretext></pretext>
<subnum range = "p" ref = "C174S154000" doc = "Class174.sgm">154</subnum></subref>
<descript><para> and 168&plus;, for conductor holders.</para></descript></crecord>
<crecord><classnum ref = "C248S000000" doc = "Class248.sgm">248</classnum>
<subref><clstitle>Supports</clstitle>
<pretext></pretext>
<subnum range = "s" ref = "C248S353000" doc = "Class248.sgm">353</subnum></subref>
<descript><para>, for clothesline props.</para></descript></crecord></srchout></subclass>
<subclass subnum = "49" id = "C256S049000">
<sctitle>Facing strip:</sctitle>
<parent ref = "C256S048000" doc = "Class256.sgm">subclass 48</parent>
<scdesc>Devices wherein the strand is stapled or otherwise attached
to a facing strip which is secured to or embedded in a structural
upright.</scdesc>
<srchin>
<srecord><subnum range = "p" ref = "C256S065010" doc = "Class256.sgm">65.01</subnum>
<descript><para>for a rail attached to a facing strip on the upright.</para></descript></srecord></srchin>
<srchout>
<crecord><classnum ref = "C052S000000" doc = "Class052.sgm">52</classnum>
<subref><clstitle>Static Structures (e.g., Buildings)</clstitle>
<pretext>appropriate subclasses for a structure of more general
application, particularly </pretext>
<subnum range = "p" ref = "C052S364000" doc = "Class052.sgm">364</subnum></subref>
<descript><para> for a ground member serving as a penetrating fastener
receiver, and subclasses 698&plus; for an anchor or tie.</para></descript></crecord></srchout></subclass>
<subclass subnum = "50" id = "C256S050000">
<sctitle>Plastic:</sctitle>
<parent ref = "C256S048000" doc = "Class256.sgm">subclass 48</parent>
<scdesc>Devices which require that the upright shall be made of
some plastic material.</scdesc>
<srchin>
<srecord><subnum ref = "C256S049000" doc = "Class256.sgm">49</subnum>
<descript><para>for facing strips upon a plastic post to which the
strand is attached.</para></descript></srecord></srchin>
<srchout>
<crecord><classnum ref = "C052S000000" doc = "Class052.sgm">52</classnum>
<subref><clstitle>Static Structures (e.g., Buildings)</clstitle>
<pretext></pretext>
<subnum range = "p" ref = "C052S698000" doc = "Class052.sgm">698</subnum></subref>
<descript><para> for a building component anchor or tie which is
generally assembled with other components as the structure is erected,
e.g., anchors set in concrete before hardening.</para></descript></crecord></srchout></subclass>
<subclass subnum = "51" id = "C256S051000">
<sctitle>Reenforced:</sctitle>
<parent ref = "C256S050000" doc = "Class256.sgm">subclass 50</parent>
<scdesc>Subject matter , the plastic post having a reinforcing element.</scdesc>
<srchout>
<crecord><classnum ref = "C052S000000" doc = "Class052.sgm">52</classnum>
<subref><clstitle>Static Structures (e.g., Buildings)</clstitle>
<pretext>appropriate subclasses for a structure or building component
of more general classification, particularly </pretext>
<subnum range = "r" ref = "C052S633000" doc = "Class052.sgm">633</subnum>
<endnum ref = "C052S697000" doc = "Class052.sgm">697</endnum></subref>
<descript><para> for openwork and subclasses 850-857 for elongated
rigid members which in use may be embedded in concrete.</para></descript></crecord></srchout></subclass>
<subclass subnum = "52" id = "C256S052000">
<sctitle>Multiple:</sctitle>
<parent ref = "C256S048000" doc = "Class256.sgm">subclass 48</parent>
<scdesc>Subject matter relating to a plurality of crossing wires
to a structural upright by a single member extending longitudinally
of the upright.</scdesc>
<srchin>
<srecord><subnum ref = "C256S049000" doc = "Class256.sgm">49</subnum>
<descript><para>for single members imbedded or otherwise longitudinally
secured to a post to which a series of wires are stapled or similarly
attached.</para></descript></srecord></srchin></subclass>
<subclass subnum = "53" id = "C256S053000">
<sctitle>Nonaligned slots:</sctitle>
<parent ref = "C256S048000" doc = "Class256.sgm">subclass 48</parent>
<scdesc>Devices where the wire is held in a plurality of slots,
which slots or their mouths are out of alinement, so that it is
necessary to bend a portion of the strand to cause it to enter the
slots.</scdesc>
<srchin>
<srecord><subnum ref = "C256S048000" doc = "Class256.sgm">48</subnum>
<descript><para>for separate members attached to uprights to receive
the wire in a curved or obliquely formed slot therein or between
oppositely directed hooks formed thereon.</para></descript></srecord>
<srecord><subnum ref = "C256S058000" doc = "Class256.sgm">58</subnum>
<descript><para>for obliquely formed slots in the upright or oppositely
directed hooks struck from the material of the upright in which
the wire is held.</para></descript></srecord></srchin>
<srchout>
<crecord><classnum ref = "C174S000000" doc = "Class174.sgm">174</classnum>
<subref><clstitle>Electricity:  Conductors and Insulators</clstitle>
<pretext></pretext>
<subnum range = "p" ref = "C174S174000" doc = "Class174.sgm">174</subnum></subref>
<descript><para>, for analogous insulator structure.</para></descript></crecord></srchout></subclass>
<subclass subnum = "54" id = "C256S054000">
<sctitle>Clamp:</sctitle>
<parent ref = "C256S048000" doc = "Class256.sgm">subclass 48</parent>
<scdesc>Devices comprising clamps.</scdesc>
<srchin>
<srecord><subnum ref = "C256S068000" doc = "Class256.sgm">68</subnum>
<descript><para>for rail clamps.</para></descript></srecord></srchin>
<srchout>
<crecord><classnum ref = "C174S000000" doc = "Class174.sgm">174</classnum>
<subref><clstitle>Electricity:  Conductors and Insulators</clstitle>
<pretext></pretext>
<subnum range = "p" ref = "C174S154000" doc = "Class174.sgm">154</subnum></subref>
<descript><para>, for insulator and conductor holders; 169&plus;,
for terminal-type conductor-holding means and 172&plus;, for
insulator-holding means.</para></descript></crecord></srchout></subclass>
<subclass subnum = "55" id = "C256S055000">
<sctitle>Screw:</sctitle>
<parent ref = "C256S054000" doc = "Class256.sgm">subclass 54</parent>
<scdesc>Connections in which a screw is an essential element of
the clamp.</scdesc>
<srchin>
<srecord><subnum ref = "C256S069000" doc = "Class256.sgm">69</subnum>
<descript><para>for similar structure in rail fences.</para></descript></srecord></srchin></subclass>
<subclass subnum = "56" id = "C256S056000">
<sctitle>Wedge:</sctitle>
<parent ref = "C256S054000" doc = "Class256.sgm">subclass 54</parent>
<scdesc>Connections in which a wedge is an essential element of
the clamp.</scdesc>
<srchin>
<srecord><subnum ref = "C256S070000" doc = "Class256.sgm">70</subnum>
<descript><para>for similar structure in rail fences.</para></descript></srecord></srchin></subclass>
<subclass subnum = "57" id = "C256S057000">
<sctitle>Tie:</sctitle>
<parent ref = "C256S048000" doc = "Class256.sgm">subclass 48</parent>
<scdesc>Connections in which the strand is tied to the structural
shaped upright by means of a flexible member.</scdesc>
<srchin>
<srecord><subnum ref = "C256S071000" doc = "Class256.sgm">71</subnum>
<descript><para>for similar structure in rail fences.</para></descript></srecord></srchin>
<srchout>
<crecord><classnum ref = "C047S000000" doc = "Class047.sgm">47</classnum>
<subref><clstitle>Plant Husbandry</clstitle>
<pretext></pretext>
<subnum range = "p" ref = "C047S044000" doc = "Class047.sgm">44</subnum></subref>
<descript><para>, for plant supports.</para></descript></crecord>
<crecord><classnum ref = "C174S000000" doc = "Class174.sgm">174</classnum>
<subref><clstitle>Electricity:  Conductors and Insulators</clstitle>
<pretext></pretext>
<subnum range = "s" ref = "C174S173000" doc = "Class174.sgm">173</subnum></subref>
<descript><para>, for wires tied to an insulator.</para></descript></crecord>
<crecord><classnum ref = "C403S000000" doc = "Class403.sgm">403</classnum>
<subref><clstitle>Joints and Connections</clstitle>
<pretext></pretext>
<subnum range = "p" ref = "C403S384000" doc = "Class403.sgm">384</subnum></subref>
<descript><para> for rods joined side-to-side.</para></descript></crecord></srchout></subclass>
<subclass subnum = "58" id = "C256S058000">
<sctitle>No clip:</sctitle>
<parent ref = "C256S048000" doc = "Class256.sgm">subclass 48</parent>
<scdesc>Connections which are made without the employment of connecting
means other than the wire and upright.</scdesc>
<srchin>
<srecord><subnum ref = "C256S048000" doc = "Class256.sgm">48</subnum>
<descript><para>for a wire crossing an upright.</para></descript></srecord>
<srecord><subnum ref = "C256S053000" doc = "Class256.sgm">53</subnum>
<descript><para>for wires bent to enter misaligned slots.</para></descript></srecord></srchin></subclass>
<subclass subnum = "59" id = "C256S059000">
<sctitle>RAIL:</sctitle>
<parent ref = "C256S000000" doc = "Class256.sgm">the class definition</parent>
<scdesc>Fences composed of structural uprights and individual structural
runner members or rails either permanently or removably attached to
the uprights or posts in the erection of the fence.  Posts particularly
adapted for the reception of rails are classified in subclasses
hereunder.</scdesc>
<srchin>
<srecord><subnum ref = "C256S001000" doc = "Class256.sgm">1</subnum>
<descript><para>for strictly tight board fences.</para></descript></srecord></srchin></subclass>
<subclass subnum = "60" id = "C256S060000">
<sctitle>Angle:</sctitle>
<parent ref = "C256S059000" doc = "Class256.sgm">subclass 59</parent>
<scdesc>Devices having two adjacent sections standing in intersecting
planes.</scdesc></subclass>
<subclass subnum = "61" id = "C256S061000">
<sctitle>Tied:</sctitle>
<parent ref = "C256S060000" doc = "Class256.sgm">subclass 60</parent>
<scdesc>Angle rail fences supported by a wire running the length
of several sections or where the rails are tied to the post or to
each other by wire or other separate element.</scdesc></subclass>
<subclass subnum = "62" id = "C256S062000">
<sctitle>Tied:</sctitle>
<parent ref = "C256S059000" doc = "Class256.sgm">subclass 59</parent>
<scdesc>Rail fences provided with a tie wire running the length
of the fence sections or having the rails tied to the posts or to
each other or wherein a separate member is used to lock the sections
of the fence together.</scdesc></subclass>
<subclass subnum = "63" id = "C256S063000">
<sctitle>Braced:</sctitle>
<parent ref = "C256S062000" doc = "Class256.sgm">subclass 62</parent>
<scdesc>Devices which are braced in addition or tied and braced
by the same means.</scdesc></subclass>
<subclass subnum = "64" id = "C256S064000">
<sctitle>Braced:</sctitle>
<parent ref = "C256S059000" doc = "Class256.sgm">subclass 59</parent>
<scdesc>Rail fences comprising combinations of rails or runners
with braced posts or like parts and braced posts or like parts specially
formed to receive and support rails or runners.</scdesc>
<srchin>
<srecord><subnum ref = "C256S035000" doc = "Class256.sgm">35</subnum>
<descript><para>for bracing of one line post of a fence by another.</para></descript></srecord></srchin></subclass>
<subclass subnum = "65.01" id = "C256S065010">
<sctitle>Connection:</sctitle>
<parent ref = "C256S059000" doc = "Class256.sgm">subclass 59</parent>
<scdesc>   Subject matter including a fastening or joining means
for supporting (a) the rail to the post or (b) the post to a base
or (c) the rail to the rail or (d) the rail to an upright structure
of a building (e.g., wall).</scdesc>
<srchout>
<crecord><classnum ref = "C403S000000" doc = "Class403.sgm">403</classnum>
<subref><clstitle>Joints and Connections</clstitle>
<pretext></pretext></subref>
<descript><para>appropriate subclasses for joints and connections in
general.</para></descript></crecord></srchout></subclass>
<subclass subnum = "65.02" id = "C256S065020">
<sctitle>Rail to post:</sctitle>
<parent ref = "C256S065010" doc = "Class256.sgm">subclass 65.01</parent>
<scdesc>   Subject matter wherein the fastening or joining means
supports the rail to the post.</scdesc></subclass>
<subclass subnum = "65.03" id = "C256S065030">
<sctitle>Bracket:</sctitle>
<parent ref = "C256S065020" doc = "Class256.sgm">subclass 65.02</parent>
<scdesc>   Subject matter wherein the fastening or joining means
includes a separate member (e.g., bracket) attached to the post
or the rail.</scdesc></subclass>
<subclass subnum = "65.04" id = "C256S065040">
<sctitle>Rail inside bracket (e.g., sleeved bracket):</sctitle>
<parent ref = "C256S065030" doc = "Class256.sgm">subclass 65.03</parent>
<scdesc>   Subject matter wherein the rail is extended to fit into
the bracket to support the rail.</scdesc></subclass>
<subclass subnum = "65.05" id = "C256S065050">
<sctitle>Tubular bracket:</sctitle>
<parent ref = "C256S065040" doc = "Class256.sgm">subclass 65.04</parent>
<scdesc>   Subject matter wherein the bracket is an elongated hollow
member.</scdesc></subclass>
<subclass subnum = "65.06" id = "C256S065060">
<sctitle>Channel bracket:</sctitle>
<parent ref = "C256S065040" doc = "Class256.sgm">subclass 65.04</parent>
<scdesc>   Subject matter wherein the bracket is an open trough
shaped (e.g., V or U shaped) member.</scdesc></subclass>
<subclass subnum = "65.07" id = "C256S065070">
<sctitle>Rail on top of bracket:</sctitle>
<parent ref = "C256S065030" doc = "Class256.sgm">subclass 65.03</parent>
<scdesc>   Subject matter wherein the rail is supported on the top
of the bracket.</scdesc></subclass>
<subclass subnum = "65.08" id = "C256S065080">
<sctitle>Bracket inside rail:</sctitle>
<parent ref = "C256S065030" doc = "Class256.sgm">subclass 65.03</parent>
<scdesc>   Subject matter wherein the bracket is extended into the
rail.</scdesc></subclass>
<subclass subnum = "65.09" id = "C256S065090">
<sctitle>Deformed in-situ:</sctitle>
<parent ref = "C256S065020" doc = "Class256.sgm">subclass 65.02</parent>
<scdesc>   Subject matter wherein a connection between the rail
and the post is formed in place by altering the shape of the rail
or post by pressure or stress.</scdesc></subclass>
<subclass subnum = "65.1" id = "C256S065100">
<sctitle>Welded or bonded:</sctitle>
<parent ref = "C256S065020" doc = "Class256.sgm">subclass 65.02</parent>
<scdesc>   Subject matter wherein the rail is fastened or secured
to the post by heating or pressure process (i.e., welding) or by
gluing with sticky or adhesive material (i.e., bonding).</scdesc></subclass>
<subclass subnum = "65.11" id = "C256S065110">
<sctitle>Rail extended through post or post extended through rail:</sctitle>
<parent ref = "C256S065020" doc = "Class256.sgm">subclass 65.02</parent>
<scdesc>   Subject matter wherein the rail is completely penetrated
through the post or the post is completely penetrated through the
rail.</scdesc></subclass>
<subclass subnum = "65.12" id = "C256S065120">
<sctitle>Including distinct locking means:</sctitle>
<parent ref = "C256S065110" doc = "Class256.sgm">subclass 65.11</parent>
<scdesc>   Subject matter wherein the separate member or a device
engages the rail to the post.</scdesc></subclass>
<subclass subnum = "65.13" id = "C256S065130">
<sctitle>Latch:</sctitle>
<parent ref = "C256S065020" doc = "Class256.sgm">subclass 65.02</parent>
<scdesc>   Subject matter wherein the rail is secured to the post
by a biased or manipulable fastening device.</scdesc></subclass>
<subclass subnum = "65.14" id = "C256S065140">
<sctitle>Post to base support:</sctitle>
<parent ref = "C256S065010" doc = "Class256.sgm">subclass 65.01</parent>
<scdesc>   Subject matter wherein the fastening or securing means
supports the post to the ground or floor or gratings (i.e., base).</scdesc></subclass>
<subclass subnum = "65.15" id = "C256S065150">
<sctitle>Rail to rail:</sctitle>
<parent ref = "C256S065010" doc = "Class256.sgm">subclass 65.01</parent>
<scdesc>   Subject matter wherein the fastening or securing means
supports the ends of the rails.</scdesc></subclass>
<subclass subnum = "65.16" id = "C256S065160">
<sctitle>Rail to wall:</sctitle>
<parent ref = "C256S065010" doc = "Class256.sgm">subclass 65.01</parent>
<scdesc>   Subject matter wherein the fastening or securing means
supports the rail to a wall.  	  </scdesc></subclass>
<subclass subnum = "66" id = "C256S066000">
<sctitle>Plastic:</sctitle>
<parent ref = "C256S065010" doc = "Class256.sgm">subclass 65.01</parent>
<scdesc>Devices between the rail and the upright which require that
the upright be made of some plastic material at the point of connection.</scdesc>
<srchin>
<srecord><subnum ref = "C256S050000" doc = "Class256.sgm">50</subnum>
<descript><para>for similar structure in wire fence connections.</para></descript></srecord></srchin></subclass>
<subclass subnum = "67" id = "C256S067000">
<scdesc>Devices in which the angles between the rail and the upright
may be varied.</scdesc></subclass>
<subclass subnum = "68" id = "C256S068000">
<parent ref = "C256S065010" doc = "Class256.sgm">subclass 65.01</parent>
<scdesc>Devices wherein the rail is clamped to the upright.</scdesc>
<srchin>
<srecord><subnum ref = "C256S054000" doc = "Class256.sgm">54</subnum>
<descript><para>for similar structure in wire fences.</para></descript></srecord></srchin></subclass>
<subclass subnum = "69" id = "C256S069000">
<sctitle>Screw:</sctitle>
<parent ref = "C256S068000" doc = "Class256.sgm">subclass 68</parent>
<scdesc>Devices in which the clamp is characterized by a screw.</scdesc>
<srchin>
<srecord><subnum ref = "C256S055000" doc = "Class256.sgm">55</subnum>
<descript><para>for similar structure in wire fences.</para></descript></srecord></srchin></subclass>
<subclass subnum = "70" id = "C256S070000">
<sctitle>Wedge:</sctitle>
<parent ref = "C256S068000" doc = "Class256.sgm">subclass 68</parent>
<scdesc>Devices in which the clamp is characterized by a wedge.</scdesc>
<srchin>
<srecord><subnum ref = "C256S056000" doc = "Class256.sgm">56</subnum>
<descript><para>for similar structure in wire fences.</para></descript></srecord></srchin></subclass>
<subclass subnum = "71" id = "C256S071000">
<sctitle>Tie:</sctitle>
<parent ref = "C256S065000" doc = "Class256.sgm"> subclass 65.01</parent>
<scdesc>Devices in which the connection is a flexible tying member.</scdesc>
<srchin>
<srecord><subnum ref = "C256S057000" doc = "Class256.sgm">57</subnum>
<descript><para>for similar structure in wire fences.</para></descript></srecord></srchin>
<srchout>
<crecord><classnum ref = "C403S000000" doc = "Class403.sgm">403</classnum>
<subref><clstitle>Joints and Connections</clstitle>
<pretext></pretext>
<subnum range = "p" ref = "C403S384000" doc = "Class403.sgm">384</subnum></subref>
<descript><para> for rods joined side-to-side.</para></descript></crecord></srchout></subclass>
<subclass subnum = "72" id = "C256S072000">
<sctitle>No clip: </sctitle>
<parent ref = "C256S065010" doc = "Class256.sgm">subclass 65.01</parent>
<scdesc>Devices comprising direct connections between the rail and
the upright--e.g., having no connecting means other than the rail
and the upright.</scdesc></subclass>
<subclass subnum = "73" id = "C256S073000">
<sctitle>PANELS (E.G., GATES):</sctitle>
<parent ref = "C256S000000" doc = "Class256.sgm">the class definition</parent>
<scdesc>Devices comprising unitary fence or gate structures including
panels, per se, of general application adapted to extend between
two adjacent supports and comprising generally vertical and horizontal
members.</scdesc>
<srchout>
<crecord><classnum ref = "C160S000000" doc = "Class160.sgm">160</classnum>
<subref><clstitle>Flexible or Portable Closure, Partition, or Panel</clstitle>
<pretext></pretext></subref>
<descript><para>appropriate subclasses, for fence or gate panels
of flexible material, and fence or gate panels formed of plural
strips, slats or panels interconnected with one another for relative
motion.</para></descript></crecord></srchout></subclass></sclasses>
<forncols>
<forintro>The definitions below correspond to the abolished subclasses
from which these collections were formed. See the Foreign Art Collection
schedule of this class for spe correspondences. &lsqb;Note:
The titles and definitions for  indented art collections include
all the details of the one(s) that are hierarchically superior.&rsqb;</forintro>
<fornart fornnum = "100" id = "C256SFOR100">
<fortitle>Connections:</fortitle>
<descript><para>Foreign art collection relating to the connections
between the rail and a post, pole, stay, or like structural upright.</para></descript></fornart></forncols>
</class>
