<?xml version="1.0" encoding="UTF-8"?>
<!DOCTYPE class PUBLIC "-//USPTO//DTD Classification Definitions//EN" "xclassdef.dtd" [

<!-- Begin Document Specific Declarations -->

<!-- End Document Specific Declarations -->

]>
<?xml-stylesheet href="classdef.xsl" type="text/XSL"?>

<class classnum = "217" id = "C217S000000"><title>WOODEN RECEPTACLES</title>
<sections><descsect>
<para>This class contains wooden receptacles of all kinds and their
accessory parts, except special receptacles for special articles,
as, for example, hat-boxes, musicians&quot; cases, etc.</para>
</descsect>
<scsect>
<srchout>
<crecord><classnum ref = "C016S000000" doc = "Class016.sgm">16</classnum>
<subref><clstitle>Miscellaneous Hardware</clstitle>
<pretext></pretext>
<subnum range = "s" ref = "C016S404000" doc = "Class016.sgm">404</subnum></subref>
<descript><para> for hardware devices of the type there provided
for to space stacked wooden receptacles for shipping or the like.</para></descript></crecord>
<crecord><classnum ref = "C034S000000" doc = "Class034.sgm">34</classnum>
<subref><clstitle>Drying and Gas or Vapor Contact With Solids</clstitle>
<pretext>particularly </pretext>
<subnum range = "s" ref = "C034S233000" doc = "Class034.sgm">233</subnum></subref>
<descript><para>, 237&plus; for drying trays or receptacles.</para></descript></crecord>
<crecord><classnum ref = "C049S000000" doc = "Class049.sgm">49</classnum>
<subref><clstitle>Movable or Removable Closures</clstitle>
<pretext></pretext></subref>
<descript><para>appropriate subclasses for closures of the type
provided for, and see the search notes thereto in Section IV for
the loci of closures in other classes.</para></descript></crecord>
<crecord><classnum ref = "C062S000000" doc = "Class062.sgm">62</classnum>
<subref><clstitle>Refrigeration</clstitle>
<pretext></pretext>
<subnum range = "p" ref = "C062S371000" doc = "Class062.sgm">371</subnum></subref>
<descript><para> for a portable commodity containing a refrigerator,
and see the reference to Class 217 in the class definition of Class
62.</para></descript></crecord>
<crecord><classnum ref = "C206S000000" doc = "Class206.sgm">206</classnum>
<subref><clstitle>Special Receptacle or Package</clstitle>
<pretext></pretext></subref>
<descript><para>appropriate subclasses for a container particularly
configured to hold a specific article or material including an article(s)
or material(s) put up as a mercantile unit.</para></descript></crecord>
<crecord><classnum ref = "C220S000000" doc = "Class220.sgm">220</classnum>
<subref><clstitle>Receptacles</clstitle>
<pretext></pretext>
<subnum range = "p" ref = "C220S200000" doc = "Class220.sgm">200</subnum></subref>
<descript><para> and see the notes thereto for receptacle closures
in general.</para></descript></crecord>
<crecord><classnum ref = "C294S000000" doc = "Class294.sgm">294</classnum>
<subref><clstitle>Handling:  Hand and Hoist-Line Implements</clstitle>
<pretext>appropriate subclass, particularly </pretext>
<subnum range = "s" ref = "C294S137000" doc = "Class294.sgm">137</subnum></subref>
<descript><para> for hand-held article carriers which are not receptacles.</para></descript></crecord>
<crecord><classnum ref = "C312S000000" doc = "Class312.sgm">312</classnum>
<subref><clstitle>Supports:  Cabinet Structure</clstitle>
<pretext></pretext>
<subnum range = "p" ref = "C312S031000" doc = "Class312.sgm">31</subnum></subref>
<descript><para> for wooden receptacles combined with gas or vapor
treatment of contained material.</para></descript></crecord></srchout>
</scsect></sections>
<sclasses>
<subclass subnum = "1" id = "C217S001000">
<sctitle>BENT:</sctitle>
<parent ref = "C217S000000" doc = "Class217.sgm">the class definition</parent>
<scdesc>Receptacles in which the side walls are formed of strips
or sheets bent into the proper shape.</scdesc>
<srchout>
<crecord><classnum ref = "C229S000000" doc = "Class229.sgm">229</classnum>
<subref><clstitle>Envelopes, Wrappers, and Paperboard Boxes</clstitle>
<pretext></pretext></subref>
<descript><para>for bent-wood vessels in which the form, method
of manufacture, etc., do not differ essentially from paper vessels.</para></descript></crecord></srchout></subclass>
<subclass subnum = "2" id = "C217S002000">
<sctitle>Angular:</sctitle>
<parent ref = "C217S001000" doc = "Class217.sgm">subclass 1</parent>
<scdesc>Receptacles having pieces forming the side walls bent at
an angle, so that the receptacle is angular and not curved, in contour.</scdesc></subclass>
<subclass subnum = "3" id = "C217S003000">
<sctitle>LININGS:</sctitle>
<parent ref = "C217S000000" doc = "Class217.sgm">the class definition</parent>
<scdesc>Subject matter comprising linings of various materials for
boxes, barrels, crates, etc.</scdesc>
<srchout>
<crecord><classnum ref = "C106S000000" doc = "Class106.sgm">106</classnum>
<subref><clstitle>Compositions:  Coating or Plastic</clstitle>
<pretext></pretext></subref>
<descript><para>appropriate subclasses for compositions and paints
for coating the interior of such receptacles.</para></descript></crecord></srchout></subclass>
<subclass subnum = "4" id = "C217S004000">
<sctitle>TANKS:</sctitle>
<parent ref = "C217S000000" doc = "Class217.sgm">the class definition</parent>
<scdesc>Subject matter relating to the structure of a simple wooden
tank independent of the various attachments, filling or emptying
means, valves, etc.</scdesc>
<srchout>
<crecord><classnum ref = "C137S000000" doc = "Class137.sgm">137</classnum>
<subref><clstitle>Fluid Handling</clstitle>
<pretext></pretext></subref>
<descript><para>appropriate subclass for fluid handling apparatus
including tanks in combination with other fluid handling devices.</para></descript></crecord>
<crecord><classnum ref = "C220S000000" doc = "Class220.sgm">220</classnum>
<subref><clstitle>Receptacles</clstitle>
<pretext>appropriate subclasses for tanks generally, </pretext>
<subnum range = "p" ref = "C220S200000" doc = "Class220.sgm">200</subnum></subref>
<descript><para> for tank closures and subclasses 694&plus; for
miscellaneous tank attachments.</para></descript></crecord></srchout></subclass>
<subclass subnum = "5" id = "C217S005000">
<sctitle>BOXES:</sctitle>
<parent ref = "C217S000000" doc = "Class217.sgm">the class definition</parent>
<scdesc>Subject matter comprising wooden boxes not classifiable
elsewhere.</scdesc></subclass>
<subclass subnum = "6" id = "C217S006000">
<sctitle>Block:</sctitle>
<parent ref = "C217S005000" doc = "Class217.sgm">subclass 5</parent>
<scdesc>Boxes made from solid blocks by cutting or boring out the
interior.</scdesc>
<srchin>
<srecord><subnum ref = "C217S025500" doc = "Class217.sgm">25.5</subnum>
<descript><para>and see notes thereunder, for analogous structures.</para></descript></srecord></srchin></subclass>
<subclass subnum = "7" id = "C217S007000">
<sctitle>Compartment:</sctitle>
<parent ref = "C217S005000" doc = "Class217.sgm">subclass 5</parent>
<scdesc>Boxes divided into compartments.</scdesc></subclass>
<subclass subnum = "8" id = "C217S008000">
<sctitle>Folding:</sctitle>
<parent ref = "C217S007000" doc = "Class217.sgm">subclass 7</parent>
<scdesc>Compartment-boxes in which the compartments can be folded
or knocked down.</scdesc></subclass>
<subclass subnum = "9" id = "C217S009000">
<sctitle>Display:</sctitle>
<parent ref = "C217S008000" doc = "Class217.sgm">subclass 8</parent>
<scdesc>Boxes for displaying the contents.</scdesc></subclass>
<subclass subnum = "10" id = "C217S010000">
<sctitle>Display:</sctitle>
<parent ref = "C217S007000" doc = "Class217.sgm">subclass 7</parent>
<scdesc>Compartment-boxes specially adapted for displaying the contents.</scdesc></subclass>
<subclass subnum = "11" id = "C217S011000">
<sctitle>Display:</sctitle>
<parent ref = "C217S005000" doc = "Class217.sgm">subclass 5</parent>
<scdesc>Boxes specially adapted for displaying the contents.</scdesc>
<srchout>
<crecord><classnum ref = "C206S000000" doc = "Class206.sgm">206</classnum>
<subref><clstitle>Special Receptacle or Package</clstitle>
<pretext></pretext>
<subnum range = "p" ref = "C206S736000" doc = "Class206.sgm">736</subnum></subref>
<descript><para> for a container convertible to or from a display
device and see search notes thereunder for the locus of other display
means.</para></descript></crecord></srchout></subclass>
<subclass subnum = "12" id = "C217S012000">
<sctitle>Knockdown:</sctitle>
<parent ref = "C217S005000" doc = "Class217.sgm">subclass 5</parent>
<scdesc>Boxes which fold, collapse, or knock down to form a compact
package.</scdesc>
<srchin>
<srecord><subnum ref = "C217S043000" doc = "Class217.sgm">43</subnum>
<descript><para>for knock down crates.</para></descript></srecord></srchin>
<srchout>
<crecord><classnum ref = "C220S000000" doc = "Class220.sgm">220</classnum>
<subref><clstitle>Receptacles</clstitle>
<pretext></pretext>
<subnum range = "s" ref = "C220S006000" doc = "Class220.sgm">6</subnum></subref>
<descript><para> for sectional folding receptacles of the type there provided
for.</para></descript></crecord></srchout></subclass>
<subclass subnum = "13" id = "C217S013000">
<sctitle>Sectional:</sctitle>
<parent ref = "C217S012000" doc = "Class217.sgm">subclass 12</parent>
<scdesc>Subject matter comprising two or more sections assembled
to form a package, each section being itself a receptacle or box.</scdesc>
<srchin>
<srecord><subnum ref = "C217S045000" doc = "Class217.sgm">45</subnum>
<descript><para>for sectional crates.</para></descript></srecord></srchin></subclass>
<subclass subnum = "14" id = "C217S014000">
<sctitle>Horizontal and vertical pivot:</sctitle>
<parent ref = "C217S000000" doc = "Class217.sgm">the unnumbered
subclass, Folding</parent>
<scdesc>Folding boxes whose walls and base have a hinged connection
with each other to permit folding without complete disengagement.
 In this subclass each box has one or more sides hinged to the base
by a pivot whose axis is horizontal.  To these are hinged the remaining
sides on vertical pivots.</scdesc>
<srchin>
<srecord><subnum ref = "C217S046000" doc = "Class217.sgm">46</subnum>
<descript><para>for similarly hinged folding crates.</para></descript></srecord></srchin></subclass>
<subclass subnum = "15" id = "C217S015000">
<sctitle>Horizontal pivot:</sctitle>
<parent ref = "C217S000000" doc = "Class217.sgm">the unnumbered
subclass, Folding</parent>
<scdesc>Folding boxes in which the sides are connected with the
base by horizontal hinges and have no hinged connection with each
other.</scdesc>
<srchin>
<srecord><subnum ref = "C217S047000" doc = "Class217.sgm">47</subnum>
<descript><para>for similarly hinged folding crates.</para></descript></srecord></srchin></subclass>
<subclass subnum = "16" id = "C217S016000">
<sctitle>Vertical pivot:</sctitle>
<parent ref = "C217S000000" doc = "Class217.sgm">the unnumbered
subclass, Folding</parent>
<scdesc>Folding boxes in which the sides are connected to each other
by vertical hinges and have no hinged connection to the base.</scdesc>
<srchin>
<srecord><subnum ref = "C217S048000" doc = "Class217.sgm">48</subnum>
<descript><para>for similarly hinged folding crates.</para></descript></srecord></srchin></subclass>
<subclass subnum = "17" id = "C217S017000">
<sctitle>Walls:</sctitle>
<parent ref = "C217S005000" doc = "Class217.sgm">subclass 5</parent>
<scdesc>Subject matter comprising box-walls distinct from the manner
of assembling the same, the form of the receptacle, etc.</scdesc></subclass>
<subclass subnum = "18" id = "C217S018000">
<sctitle>Cells:</sctitle>
<parent ref = "C217S005000" doc = "Class217.sgm">subclass 5</parent>
<scdesc>Boxes fitted with a series of compartments identical or
similar in form, each for holding a single article as an egg, fruit,
bottle, etc., of which the commercial egg-case is typical; also the
structure of such a series of compartments irrespective of the means
for supporting them in the receptacle.  This group of subclasses
also include means for holding a single article when such means
is similar structurally to those covered by the subclass definitions.</scdesc>
<srchout>
<crecord><classnum ref = "C206S000000" doc = "Class206.sgm">206</classnum>
<subref><clstitle>Special Receptacle or Package</clstitle>
<pretext></pretext>
<subnum range = "p" ref = "C206S139000" doc = "Class206.sgm">139</subnum></subref>
<descript><para> for a portable segregating carrier for plural cylindrical
beverage type receptacles and see search notes thereunder for the
loci of similar containers.</para></descript></crecord>
<crecord><classnum ref = "C229S000000" doc = "Class229.sgm">229</classnum>
<subref><clstitle>Envelopes, Wrappers, and Paperboard Boxes</clstitle>
<pretext></pretext>
<subnum range = "s" ref = "C229S120360" doc = "Class229.sgm">120.36</subnum></subref>
<descript><para> for other cell structures.</para></descript></crecord></srchout></subclass>
<subclass subnum = "19" id = "C217S019000">
<sctitle>Bottle:</sctitle>
<parent ref = "C217S018000" doc = "Class217.sgm">subclass 18</parent>
<scdesc>Cells peculiarly adapted for holding bottles.</scdesc></subclass>
<subclass subnum = "20" id = "C217S020000">
<sctitle>Cord:</sctitle>
<parent ref = "C217S019000" doc = "Class217.sgm">subclass 19</parent>
<scdesc>Bottle-cells formed by cord or wire partitions.</scdesc>
<srchin>
<srecord><subnum ref = "C217S025000" doc = "Class217.sgm">25</subnum>
<descript><para>for other cord or wire cells.</para></descript></srecord></srchin></subclass>
<subclass subnum = "21" id = "C217S021000">
<sctitle>Plate:</sctitle>
<parent ref = "C217S019000" doc = "Class217.sgm">subclass 19</parent>
<scdesc>Bottle-cells formed by cutting openings in a thin plate
in which the bottles fit </scdesc>
<srchin>
<srecord><subnum ref = "C217S026000" doc = "Class217.sgm">26</subnum>
<descript><para>for other cells formed by plates.</para></descript></srecord></srchin></subclass>
<subclass subnum = "22" id = "C217S022000">
<sctitle>Strip:</sctitle>
<parent ref = "C217S019000" doc = "Class217.sgm">subclass 19</parent>
<scdesc>Bottle-cells formed of partitions consisting of crossed
flat strips.</scdesc>
<srchin>
<srecord><subnum range = "p" ref = "C217S030000" doc = "Class217.sgm">30</subnum>
<descript><para>for other cells formed of flat strips.</para></descript></srecord></srchin></subclass>
<subclass subnum = "23" id = "C217S023000">
<sctitle>Bent:</sctitle>
<parent ref = "C217S018000" doc = "Class217.sgm">subclass 18</parent>
<scdesc>Cells made by bending a strip of flexible material to form
one or a series of cells.</scdesc></subclass>
<subclass subnum = "24" id = "C217S024000">
<sctitle>Clip:</sctitle>
<parent ref = "C217S018000" doc = "Class217.sgm">subclass 18</parent>
<scdesc>Cells formed of spring metal, which hold the article with
a positive grip.</scdesc></subclass>
<subclass subnum = "25" id = "C217S025000">
<sctitle>Cord:</sctitle>
<parent ref = "C217S018000" doc = "Class217.sgm">subclass 18</parent>
<scdesc>Cells formed of crossed cords or wires.</scdesc>
<srchin>
<srecord><subnum ref = "C217S020000" doc = "Class217.sgm">20</subnum>
<descript><para>for similar cells for holding bottles.</para></descript></srecord></srchin></subclass>
<subclass subnum = "25.5" id = "C217S025500">
<sctitle>Block:</sctitle>
<parent ref = "C217S018000" doc = "Class217.sgm">subclass 18</parent>
<scdesc>Cells formed by depressions in a block of substantial depth.</scdesc>
<srchin>
<srecord><subnum ref = "C217S006000" doc = "Class217.sgm">6</subnum>
<descript><para>21, 26, 26.5, and 27, for analogous cells.</para></descript></srecord></srchin>
<srchout>
<crecord><classnum ref = "C224S000000" doc = "Class224.sgm">224</classnum>
<subref><clstitle>Package and Article Carriers</clstitle>
<pretext></pretext></subref>
<descript><para>appropriate subclasses, particularly 239 and 245
for similar structure.</para></descript></crecord></srchout></subclass>
<subclass subnum = "26" id = "C217S026000">
<sctitle>Plate:</sctitle>
<parent ref = "C217S018000" doc = "Class217.sgm">subclass 18</parent>
<scdesc>Cells in which the articles are supported by relatively
thin plates so disposed that the plane of the plate lies intermediate
the planes defined by the ends of the objects supported.</scdesc>
<srchin>
<srecord><subnum ref = "C217S021000" doc = "Class217.sgm">21</subnum>
<descript><para>for plate type bottle cells.</para></descript></srecord></srchin>
<srchout>
<crecord><classnum ref = "C206S000000" doc = "Class206.sgm">206</classnum>
<subref><clstitle>Special Receptacle or Package</clstitle>
<pretext></pretext>
<subnum range = "s" ref = "C206S009000" doc = "Class206.sgm">9</subnum></subref>
<descript><para> for analogous supports for head-wear.</para></descript></crecord></srchout></subclass>
<subclass subnum = "26.5" id = "C217S026500">
<sctitle>Cupped:</sctitle>
<parent ref = "C217S026000" doc = "Class217.sgm">subclass 26</parent>
<scdesc>Plate-cells having cups as means for receiving the objects
supported.</scdesc></subclass>
<subclass subnum = "27" id = "C217S027000">
<sctitle>Cushioned:</sctitle>
<parent ref = "C217S026000" doc = "Class217.sgm">subclass 26</parent>
<scdesc>Plate-cells having cushioning means to prevent breakage
or damage to the fragile articles therein.</scdesc></subclass>
<subclass subnum = "28" id = "C217S028000">
<sctitle>Pocket:</sctitle>
<parent ref = "C217S018000" doc = "Class217.sgm">subclass 18</parent>
<scdesc>Cells of flexible material forming pocket-like receptacles
in which the articles rest.</scdesc></subclass>
<subclass subnum = "29" id = "C217S029000">
<sctitle>Separable:</sctitle>
<parent ref = "C217S018000" doc = "Class217.sgm">subclass 18</parent>
<scdesc>Cells of various kinds, each being separate and detachable
from the others.</scdesc></subclass>
<subclass subnum = "30" id = "C217S030000">
<sctitle>Strip:</sctitle>
<parent ref = "C217S018000" doc = "Class217.sgm">subclass 18</parent>
<scdesc>Cells formed of flat strips crossed or otherwise disposed
so that each strip forms part of a series of cells.</scdesc>
<srchin>
<srecord><subnum ref = "C217S022000" doc = "Class217.sgm">22</subnum>
<descript><para>for bottle cells formed of flat strips.</para></descript></srecord></srchin></subclass>
<subclass subnum = "31" id = "C217S031000">
<sctitle>Locking:</sctitle>
<parent ref = "C217S030000" doc = "Class217.sgm">subclass 30</parent>
<scdesc>Cell-strips having means by which the strips are secured
together to prevent disengagement.</scdesc></subclass>
<subclass subnum = "32" id = "C217S032000">
<sctitle>Angular:</sctitle>
<parent ref = "C217S031000" doc = "Class217.sgm">subclass 31</parent>
<scdesc>Cell-strips in which the slits by which the strips are interlocked
are angular or otherwise varied from the straight form to provide
more positive engagement.</scdesc></subclass>
<subclass subnum = "33" id = "C217S033000">
<sctitle>Bent:</sctitle>
<parent ref = "C217S031000" doc = "Class217.sgm">subclass 31</parent>
<scdesc>Cell-strips bent to form the cells and locked in position.</scdesc></subclass>
<subclass subnum = "34" id = "C217S034000">
<sctitle>Cushioned:</sctitle>
<parent ref = "C217S031000" doc = "Class217.sgm">subclass 31</parent>
<scdesc>Locking-cells having cushioning means to prevent breakage.</scdesc></subclass>
<subclass subnum = "35" id = "C217S035000">
<sctitle>Cushioned:</sctitle>
<parent ref = "C217S018000" doc = "Class217.sgm">subclass 18</parent>
<scdesc>Cells having cushioning means of various forms to prevent
breakage of the fragile articles held therein.</scdesc></subclass>
<subclass subnum = "36" id = "C217S036000">
<sctitle>Crates:</sctitle>
<parent ref = "C217S005000" doc = "Class217.sgm">subclass 5</parent>
<scdesc>Miscellaneous crates not classifiable elsewhere.</scdesc></subclass>
<subclass subnum = "37" id = "C217S037000">
<sctitle>Bicycle:</sctitle>
<parent ref = "C217S036000" doc = "Class217.sgm">subclass 36</parent>
<scdesc>Crates which are by their form, peculiarly adapted for holding
bicycles.</scdesc></subclass>
<subclass subnum = "38" id = "C217S038000">
<sctitle>Folding:</sctitle>
<parent ref = "C217S037000" doc = "Class217.sgm">subclass 37</parent>
<scdesc>Bicycle-crates which can be collapsed or folded into a compact
package.</scdesc></subclass>
<subclass subnum = "40" id = "C217S040000">
<sctitle>Fruit box:</sctitle>
<parent ref = "C217S036000" doc = "Class217.sgm">subclass 36</parent>
<scdesc>Crates for holding a number of small boxes of fruit, berries,
etc.</scdesc></subclass>
<subclass subnum = "42" id = "C217S042000">
<sctitle>Ventilating:</sctitle>
<parent ref = "C217S036000" doc = "Class217.sgm">subclass 36</parent>
<scdesc>Crates having means by which ventilation of the crate and
its contents is effected.</scdesc>
<srchout>
<crecord><classnum ref = "C454S000000" doc = "Class454.sgm">454</classnum>
<subref><clstitle>Ventilation</clstitle>
<pretext></pretext>
<subnum range = "s" ref = "C454S077000" doc = "Class454.sgm">77</subnum></subref>
<descript><para> for ventilation of an aircraft cargo cabin, subclass
79 for ventilation of a cargo hold on-board a ship, subclass 88
for ventilation of a freight-carrying railcar or trailer, and subclass
118 for the ventilation of other freight-carrying vehicles.</para></descript></crecord></srchout></subclass>
<subclass subnum = "43" id = "C217S043000">
<sctitle>Knockdown:</sctitle>
<parent ref = "C217S036000" doc = "Class217.sgm">subclass 36</parent>
<scdesc>Crates which knock down into a compact package.</scdesc>
<srchin>
<srecord><subnum range = "p" ref = "C217S012000" doc = "Class217.sgm">12</subnum>
<descript><para>for knockdown boxes.</para></descript></srecord></srchin>
<srchout>
<crecord><classnum ref = "C220S000000" doc = "Class220.sgm">220</classnum>
<subref><clstitle>Receptacles</clstitle>
<pretext></pretext>
<subnum range = "p" ref = "C220S00410" doc = "Class220.sgm">4.01</subnum></subref>
<descript><para> for other sectional receptacles.</para></descript></crecord></srchout></subclass>
<subclass subnum = "44" id = "C217S044000">
<sctitle>Cylindrical and bilge:</sctitle>
<parent ref = "C217S043000" doc = "Class217.sgm">subclass 43</parent>
<scdesc>Knockdown crates which are cylindrical or bilge in form,
including knockdown barrels.</scdesc></subclass>
<subclass subnum = "45" id = "C217S045000">
<sctitle>Sectional:</sctitle>
<parent ref = "C217S043000" doc = "Class217.sgm">subclass 43</parent>
<scdesc>Knockdown crates formed by assembling a number of sections,
each section being itself a receptacle.</scdesc>
<srchin>
<srecord><subnum ref = "C217S013000" doc = "Class217.sgm">13</subnum>
<descript><para>for sectional, knockdown boxes.</para></descript></srecord></srchin>
<srchout>
<crecord><classnum ref = "C220S000000" doc = "Class220.sgm">220</classnum>
<subref><clstitle>Receptacles</clstitle>
<pretext></pretext>
<subnum range = "p" ref = "C220S00410" doc = "Class220.sgm">4.01</subnum></subref>
<descript><para> for other sections receptacles.</para></descript></crecord></srchout></subclass>
<subclass subnum = "46" id = "C217S046000">
<sctitle>Horizontal and vertical pivot:</sctitle>
<parent ref = "C217S000000" doc = "Class217.sgm">the unnumbered
subclass, Knockdown</parent>
<scdesc>Knockdown crates whose walls have a hinged connection with
each other to permit folding without complete disengagement.  In
this subclass each crate has one or more sides hinged to the base by
a pivot whose axis is horizontal.  To these are hinged the remaining
sides on vertical pivots.</scdesc>
<srchin>
<srecord><subnum ref = "C217S014000" doc = "Class217.sgm">14</subnum>
<descript><para>for similarly pivoted boxes.</para></descript></srecord></srchin>
<srchout>
<crecord><classnum ref = "C220S000000" doc = "Class220.sgm">220</classnum>
<subref><clstitle>Receptacles</clstitle>
<pretext></pretext>
<subnum range = "p" ref = "C220S006000" doc = "Class220.sgm">6</subnum></subref>
<descript><para> for other folding sectional receptacles.</para></descript></crecord></srchout></subclass>
<subclass subnum = "47" id = "C217S047000">
<sctitle>Horizontal pivot:</sctitle>
<parent ref = "C217S000000" doc = "Class217.sgm">the unnumbered
subclass, Knockdown</parent>
<scdesc>Knockdown crates in which the sides are connected with the base
only by horizontal hinges and have no hinged connection with each
other.</scdesc>
<srchin>
<srecord><subnum ref = "C217S015000" doc = "Class217.sgm">15</subnum>
<descript><para>for similarly hinged folding boxes.</para></descript></srecord></srchin>
<srchout>
<crecord><classnum ref = "C220S000000" doc = "Class220.sgm">220</classnum>
<subref><clstitle>Receptacles</clstitle>
<pretext></pretext>
<subnum range = "s" ref = "C220S006000" doc = "Class220.sgm">6</subnum></subref>
<descript><para> for other folding sectional receptacles.</para></descript></crecord></srchout></subclass>
<subclass subnum = "48" id = "C217S048000">
<sctitle>Vertical pivot:</sctitle>
<parent ref = "C217S000000" doc = "Class217.sgm">the unnumbered
subclass, Knockdown</parent>
<scdesc>Knockdown crates in which the sides are connected with each
other only by vertical hinges and have no hinged connection with
the base.</scdesc>
<srchin>
<srecord><subnum ref = "C217S016000" doc = "Class217.sgm">16</subnum>
<descript><para>for similarly hinged folding boxes.</para></descript></srecord></srchin></subclass>
<subclass subnum = "49" id = "C217S049000">
<sctitle>Cylindrical:</sctitle>
<parent ref = "C217S036000" doc = "Class217.sgm">subclass 36</parent>
<scdesc>Crates which are cylindrical in form.</scdesc></subclass>
<subclass subnum = "51" id = "C217S051000">
<sctitle>Wired slats:</sctitle>
<parent ref = "C217S036000" doc = "Class217.sgm">subclass 36</parent>
<scdesc>Crates in which sides are made of slats interwoven with
wire.</scdesc></subclass>
<subclass subnum = "52" id = "C217S052000">
<sctitle>Cushioned:</sctitle>
<parent ref = "C217S036000" doc = "Class217.sgm">subclass 36</parent>
<scdesc>Crates having various cushioning means to prevent injury
to the contents.</scdesc>
<srchin>
<srecord><subnum ref = "C217S127000" doc = "Class217.sgm">127</subnum>
<descript><para>for similar boxes.</para></descript></srecord></srchin></subclass>
<subclass subnum = "53" id = "C217S053000">
<sctitle>Padded:</sctitle>
<parent ref = "C217S052000" doc = "Class217.sgm">subclass 52</parent>
<scdesc>Cushioned crates in which the cushioning is effected by
padding the interior of the crate in various ways.</scdesc></subclass>
<subclass subnum = "54" id = "C217S054000">
<sctitle>Spring:</sctitle>
<parent ref = "C217S052000" doc = "Class217.sgm">subclass 52</parent>
<scdesc>Crates cushioned by means of springs of various kinds.</scdesc></subclass>
<subclass subnum = "55" id = "C217S055000">
<sctitle>Spiral:</sctitle>
<parent ref = "C217S054000" doc = "Class217.sgm">subclass 54</parent>
<scdesc>Crates cushioned by means of spiral springs.</scdesc></subclass>
<subclass subnum = "56" id = "C217S056000">
<sctitle>Closures:</sctitle>
<parent ref = "C217S005000" doc = "Class217.sgm">subclass 5</parent>
<scdesc>Subject matter comprising closures of various forms for
wooden boxes and crates.</scdesc>
<srchin>
<srecord><subnum ref = "C217S070000" doc = "Class217.sgm">70</subnum>
<descript><para>and 71, for closure fastening devices which are
driven into place.</para></descript></srecord></srchin>
<srchout>
<crecord><classnum ref = "C292S000000" doc = "Class292.sgm">292</classnum>
<subref><clstitle>Closure Fasteners</clstitle>
<pretext></pretext>
<subnum range = "r" ref = "C292S137000" doc = "Class292.sgm">137</subnum></subref>
<descript><para> and 194 for fastening devices for such closures.</para></descript></crecord></srchout></subclass>
<subclass subnum = "57" id = "C217S057000">
<sctitle>Hinged:</sctitle>
<parent ref = "C217S056000" doc = "Class217.sgm">subclass 56</parent>
<scdesc>Closures for boxes having hinged connection thereto and
mechanism for operating such closures for opening and closing.</scdesc>
<srchout>
<crecord><classnum ref = "C004S000000" doc = "Class004.sgm">4</classnum>
<subref><clstitle>Baths, Closets, Sinks, and Spittoons</clstitle>
<pretext></pretext>
<subnum range = "p" ref = "C004S267000" doc = "Class004.sgm">267</subnum></subref>
<descript><para> for similar closures for spittoons.</para></descript></crecord></srchout></subclass>
<subclass subnum = "58" id = "C217S058000">
<sctitle>Display:</sctitle>
<parent ref = "C217S057000" doc = "Class217.sgm">subclass 57</parent>
<scdesc>Hinged closures having means for displaying the contents
of the box or a sample thereof.</scdesc></subclass>
<subclass subnum = "59" id = "C217S059000">
<sctitle>Sliding:</sctitle>
<parent ref = "C217S057000" doc = "Class217.sgm">subclass 57</parent>
<scdesc>Hinged closures having also a sliding motion in opening
or closing the box.</scdesc></subclass>
<subclass subnum = "60" id = "C217S060000">
<sctitle>Supports:</sctitle>
<parent ref = "C217S057000" doc = "Class217.sgm">subclass 57</parent>
<scdesc>Devices forming no part of the hinge for holding open a
hinged closure.</scdesc>
<srchout>
<crecord><classnum ref = "C200S000000" doc = "Class200.sgm">200</classnum>
<subref><clstitle>Electricity:  Circuit Makers and Breakers</clstitle>
<pretext></pretext>
<subnum range = "s" ref = "C200S061620" doc = "Class200.sgm">61.62</subnum></subref>
<descript><para> for closure supports of the type associated with an
electric circuit-controller which is responsive to the opening and
closing movements of the closure.</para></descript></crecord></srchout></subclass>
<subclass subnum = "61" id = "C217S061000">
<sctitle>Detachable:</sctitle>
<parent ref = "C217S060000" doc = "Class217.sgm">subclass 60</parent>
<scdesc>Supports having no permanent connection with the box and
being readily detachable, so as to be used on other than the original
box.</scdesc>
<srchout>
<crecord><classnum ref = "C040S000000" doc = "Class040.sgm">40</classnum>
<subref><clstitle>Card, Picture, or Sign Exhibiting</clstitle>
<pretext></pretext>
<subnum range = "s" ref = "C040S313000" doc = "Class040.sgm">313</subnum></subref>
<descript><para> for box supports having indicia or means to mount
indicia thereon.</para></descript></crecord></srchout></subclass>
<subclass subnum = "62" id = "C217S062000">
<sctitle>Sliding:</sctitle>
<parent ref = "C217S056000" doc = "Class217.sgm">subclass 56</parent>
<scdesc>Closures which are opened or closed by a sliding movement.</scdesc></subclass>
<subclass subnum = "63" id = "C217S063000">
<sctitle>Display:</sctitle>
<parent ref = "C217S062000" doc = "Class217.sgm">subclass 62</parent>
<scdesc>Sliding closures having means for displaying the contents
of the box or a sample thereof.</scdesc></subclass>
<subclass subnum = "64" id = "C217S064000">
<sctitle>Followers:</sctitle>
<parent ref = "C217S005000" doc = "Class217.sgm">subclass 5</parent>
<scdesc>Devices in the nature of movable partitions, usually with
means for fastening the same against the contents of a partly-filled
box to prevent displacement of such contents.</scdesc>
<srchin>
<srecord><subnum ref = "C217S086000" doc = "Class217.sgm">86</subnum>
<descript><para>for similar followers for barrels.</para></descript></srecord></srchin>
<srchout>
<crecord><classnum ref = "C190S000000" doc = "Class190.sgm">190</classnum>
<subref><clstitle>Trunks and Hand-Carried Luggage</clstitle>
<pretext></pretext>
<subnum range = "s" ref = "C190S036000" doc = "Class190.sgm">36</subnum></subref>
<descript><para> for similar followers in trunks.</para></descript></crecord></srchout></subclass>
<subclass subnum = "65" id = "C217S065000">
<sctitle>Joints:</sctitle>
<parent ref = "C217S005000" doc = "Class217.sgm">subclass 5</parent>
<scdesc>Receptacles in which the meeting edges of all the walls,
including top and bottom, are modified in various ways or provided
with fastening means to secure a firm joint.</scdesc>
<srchout>
<crecord><classnum ref = "C403S000000" doc = "Class403.sgm">403</classnum>
<subref><clstitle>Joints and Connections</clstitle>
<pretext></pretext></subref>
<descript><para>appropriate subclasses for joints in general.</para></descript></crecord></srchout></subclass>
<subclass subnum = "66" id = "C217S066000">
<sctitle>Straps:</sctitle>
<parent ref = "C217S005000" doc = "Class217.sgm">subclass 5</parent>
<scdesc>Subject matter comprising straps of wood or metal for binding
the sides of the box firmly together.</scdesc></subclass>
<subclass subnum = "67" id = "C217S067000">
<sctitle>Corrugated:</sctitle>
<parent ref = "C217S066000" doc = "Class217.sgm">subclass 66</parent>
<scdesc>Straps having strengthening corrugations, flutings, etc.</scdesc></subclass>
<subclass subnum = "68" id = "C217S068000">
<sctitle>Wire:</sctitle>
<parent ref = "C217S066000" doc = "Class217.sgm">subclass 66</parent>
<scdesc>Straps formed of a single wire or a number of wires twisted
or woven together.</scdesc></subclass>
<subclass subnum = "69" id = "C217S069000">
<sctitle>Stays:</sctitle>
<parent ref = "C217S005000" doc = "Class217.sgm">subclass 5</parent>
<scdesc>Devices for bracing, strengthening, or protecting the corners
and edges of boxes, crates, etc.</scdesc>
<srchout>
<crecord><classnum ref = "C403S000000" doc = "Class403.sgm">403</classnum>
<subref><clstitle>Joints and Connections</clstitle>
<pretext></pretext></subref>
<descript><para>appropriate subclasses for joints in general.</para></descript></crecord></srchout></subclass>
<subclass subnum = "70" id = "C217S070000">
<sctitle>Driving:</sctitle>
<parent ref = "C217S069000" doc = "Class217.sgm">subclass 69</parent>
<scdesc>Stays and fastening devices which are fastened in place
by driving, having nails, tacks, integral prongs, etc., for that
purpose.</scdesc>
<srchout>
<crecord><classnum ref = "C292S000000" doc = "Class292.sgm">292</classnum>
<subref><clstitle>Closure Fasteners</clstitle>
<pretext></pretext>
<subnum range = "r" ref = "C292S137000" doc = "Class292.sgm">137</subnum></subref>
<descript><para> and 194, for fastenings in the nature of latches
which lock and unlock.</para></descript></crecord></srchout></subclass>
<subclass subnum = "71" id = "C217S071000">
<sctitle>Wire:</sctitle>
<parent ref = "C217S070000" doc = "Class217.sgm">subclass 70</parent>
<scdesc>Driven stays and fastenings made of wire.</scdesc></subclass>
<subclass subnum = "72" id = "C217S072000">
<sctitle>BARRELS:</sctitle>
<parent ref = "C217S000000" doc = "Class217.sgm">the class definition</parent>
<scdesc>Subject matter comprising bilge or staved vessels, including
buckets, tubs, etc.</scdesc></subclass>
<subclass subnum = "73" id = "C217S073000">
<sctitle>Cases:</sctitle>
<parent ref = "C217S072000" doc = "Class217.sgm">subclass 72</parent>
<scdesc>Barrels having outside casings for protecting or strengthening
purposes.</scdesc>
<srchout>
<crecord><classnum ref = "C220S000000" doc = "Class220.sgm">220</classnum>
<subref><clstitle>Receptacles</clstitle>
<pretext></pretext>
<subnum range = "r" ref = "C220S023910" doc = "Class220.sgm">23.91</subnum></subref>
<descript><para> and 62.11&plus;, for similar receptacles having spaced
walls or jackets.</para></descript></crecord></srchout></subclass>
<subclass subnum = "74" id = "C217S074000">
<sctitle>Ventilated:</sctitle>
<parent ref = "C217S072000" doc = "Class217.sgm">subclass 72</parent>
<scdesc>Barrels having means by which ventilation of the interior
and contents is effected.</scdesc></subclass>
<subclass subnum = "75" id = "C217S075000">
<sctitle>Compartment:</sctitle>
<parent ref = "C217S072000" doc = "Class217.sgm">subclass 72</parent>
<scdesc>Barrels having compartments of various kinds.</scdesc></subclass>
<subclass subnum = "76" id = "C217S076000">
<sctitle>Closures:</sctitle>
<parent ref = "C217S072000" doc = "Class217.sgm">subclass 72</parent>
<scdesc>Subject matter comprising closures for barrels.</scdesc></subclass>
<subclass subnum = "77" id = "C217S077000">
<sctitle>Braced:</sctitle>
<parent ref = "C217S076000" doc = "Class217.sgm">subclass 76</parent>
<scdesc>Barrel-closures having a rod extending from head to head
to brace the same.</scdesc></subclass>
<subclass subnum = "78" id = "C217S078000">
<sctitle>Expanding:</sctitle>
<parent ref = "C217S076000" doc = "Class217.sgm">subclass 76</parent>
<scdesc>Closures held in position by expanding part or parts of
the head.</scdesc>
<srchin>
<srecord><subnum ref = "C217S108000" doc = "Class217.sgm">108</subnum>
<descript><para>and 109, for expanding bungs.</para></descript></srecord></srchin>
<srchout>
<crecord><classnum ref = "C215S000000" doc = "Class215.sgm">215</classnum>
<subref><clstitle>Bottles and Jars</clstitle>
<pretext></pretext>
<subnum range = "p" ref = "C215S358000" doc = "Class215.sgm">358</subnum></subref>
<descript><para> for expanding stoppers.</para></descript></crecord>
<crecord><classnum ref = "C220S000000" doc = "Class220.sgm">220</classnum>
<subref><clstitle>Receptacles</clstitle>
<pretext></pretext>
<subnum range = "p" ref = "C220S233000" doc = "Class220.sgm">233</subnum></subref>
<descript><para> for expansible plugs.</para></descript></crecord></srchout></subclass>
<subclass subnum = "79" id = "C217S079000">
<sctitle>Wedge:</sctitle>
<parent ref = "C217S078000" doc = "Class217.sgm">subclass 78</parent>
<scdesc>Closures expanded by means of a wedge which usually forms
part of the closure itself.</scdesc></subclass>
<subclass subnum = "80" id = "C217S080000">
<sctitle>Croze and chamfer:</sctitle>
<parent ref = "C217S076000" doc = "Class217.sgm">subclass 76</parent>
<scdesc>Subject matter relating to modifications in the croze of
the stave and chamfer of the head.</scdesc></subclass>
<subclass subnum = "81" id = "C217S081000">
<sctitle>Covers:</sctitle>
<parent ref = "C217S076000" doc = "Class217.sgm">subclass 76</parent>
<scdesc>Subject matter comprising temporary closures for use after
removal of the original head or closure.</scdesc></subclass>
<subclass subnum = "82" id = "C217S082000">
<sctitle>Compartment:</sctitle>
<parent ref = "C217S081000" doc = "Class217.sgm">subclass 81</parent>
<scdesc>Covers having a compartment for holding and displaying a
sample of the contents of the barrel.</scdesc></subclass>
<subclass subnum = "83" id = "C217S083000">
<sctitle>Hinged:</sctitle>
<parent ref = "C217S081000" doc = "Class217.sgm">subclass 81</parent>
<scdesc>Covers hinged to the chime or having two parts hinged together,
one being secured to the chime.</scdesc></subclass>
<subclass subnum = "84" id = "C217S084000">
<sctitle>Sliding:</sctitle>
<parent ref = "C217S081000" doc = "Class217.sgm">subclass 81</parent>
<scdesc>Covers having a sliding or rotary connection with the barrel
or having a sliding or rotating part to disclose the interior of
the barrel.</scdesc></subclass>
<subclass subnum = "85" id = "C217S085000">
<sctitle>Wire:</sctitle>
<parent ref = "C217S081000" doc = "Class217.sgm">subclass 81</parent>
<scdesc>Covers made of woven wire, usually without fastening means.</scdesc></subclass>
<subclass subnum = "86" id = "C217S086000">
<sctitle>Followers:</sctitle>
<parent ref = "C217S072000" doc = "Class217.sgm">subclass 72</parent>
<scdesc>Subject matter comprising partitions parallel to the head
and adjustable to keep the solid contents of the barrel from shifting.</scdesc></subclass>
<subclass subnum = "87" id = "C217S087000">
<sctitle>Gates:</sctitle>
<parent ref = "C217S076000" doc = "Class217.sgm">subclass 76</parent>
<scdesc>Removable closures for small openings in the head, whereby
the contents may be reached without removing the entire head.</scdesc></subclass>
<subclass subnum = "88" id = "C217S088000">
<sctitle>Staves:</sctitle>
<parent ref = "C217S072000" doc = "Class217.sgm">subclass 72</parent>
<scdesc>Subject matter relating to the stave alone as distinguished
from the barrel as a whole or any other of its parts.</scdesc></subclass>
<subclass subnum = "89" id = "C217S089000">
<sctitle>Fasteners:</sctitle>
<parent ref = "C217S076000" doc = "Class217.sgm">subclass 76</parent>
<scdesc>Devices for securing a chamfered head in the croze, usually
of spring metal.</scdesc>
<srchout>
<crecord><classnum ref = "C292S000000" doc = "Class292.sgm">292</classnum>
<subref><clstitle>Closure Fasteners</clstitle>
<pretext></pretext>
<subnum range = "r" ref = "C292S137000" doc = "Class292.sgm">137</subnum></subref>
<descript><para> and 194 for other devices for fastening barrel-closures
in place.</para></descript></crecord></srchout></subclass>
<subclass subnum = "90" id = "C217S090000">
<sctitle>Hoop sockets:</sctitle>
<parent ref = "C217S072000" doc = "Class217.sgm">subclass 72</parent>
<scdesc>Barrels and other hooped vessels having the hoops wholly
or partially embedded in the walls.</scdesc></subclass>
<subclass subnum = "91" id = "C217S091000">
<sctitle>Hoops:</sctitle>
<parent ref = "C217S072000" doc = "Class217.sgm">subclass 72</parent>
<scdesc>Subject matter relating to hoops structure.</scdesc>
<srchout>
<crecord><classnum ref = "C024S000000" doc = "Class024.sgm">24</classnum>
<subref><clstitle>Buckles, Buttons, Clasps</clstitle>
<pretext>etc., </pretext>
<subnum range = "p" ref = "C024S016000" doc = "Class024.sgm">16</subnum></subref>
<descript><para> for hoops consisting of a strip, with means for
securing the ends together, except for tightening the hoop.</para></descript></crecord></srchout></subclass>
<subclass subnum = "92" id = "C217S092000">
<sctitle>Elastic:</sctitle>
<parent ref = "C217S091000" doc = "Class217.sgm">subclass 91</parent>
<scdesc>Subject matter comprising yielding and contracting hoops
to allow expansion and contraction of the vessel.</scdesc></subclass>
<subclass subnum = "93" id = "C217S093000">
<sctitle>Retainers:</sctitle>
<parent ref = "C217S091000" doc = "Class217.sgm">subclass 91</parent>
<scdesc>Devices for retaining the hoop in position and hoops with
such devices forming a part thereof.</scdesc></subclass>
<subclass subnum = "94" id = "C217S094000">
<sctitle>Tighteners:</sctitle>
<parent ref = "C217S091000" doc = "Class217.sgm">subclass 91</parent>
<scdesc>Devices forming a permanent part of the hoop itself for
tightening the same.</scdesc>
<srchout>
<crecord><classnum ref = "C024S000000" doc = "Class024.sgm">24</classnum>
<subref><clstitle>Buckles, Buttons, Clasps</clstitle>
<pretext>etc., </pretext>
<subnum range = "s" ref = "C024S019000" doc = "Class024.sgm">19</subnum></subref>
<descript><para> for analogous structure.</para></descript></crecord>
<crecord><classnum ref = "C140S000000" doc = "Class140.sgm">140</classnum>
<subref><clstitle>Wireworking</clstitle>
<pretext></pretext>
<subnum range = "p" ref = "C140S093200" doc = "Class140.sgm">93.2</subnum></subref>
<descript><para> for apparatus for tensioning an article encircling
band and securing spaced portions, the apparatus being supported
manually or on the work.</para></descript></crecord>
<crecord><classnum ref = "C301S000000" doc = "Class301.sgm">301</classnum>
<subref><clstitle>Land Vehicles:  Wheels and Axles</clstitle>
<pretext></pretext>
<subnum range = "p" ref = "C301S086000" doc = "Class301.sgm">86</subnum></subref>
<descript><para> for analogous structure.</para></descript></crecord></srchout></subclass>
<subclass subnum = "95" id = "C217S095000">
<sctitle>Screw:</sctitle>
<parent ref = "C217S094000" doc = "Class217.sgm">subclass 94</parent>
<scdesc>Tighteners consisting of a screw mechanism between the ends
of the hoop, the tightening being effected by turning a nut or screwbolt.</scdesc></subclass>
<subclass subnum = "96" id = "C217S096000">
<sctitle>Joints:</sctitle>
<parent ref = "C217S072000" doc = "Class217.sgm">subclass 72</parent>
<scdesc>Barrels and other staved vessels having the meeting edges
of the staves tongued and grooved or otherwise modified.</scdesc></subclass>
<subclass subnum = "97" id = "C217S097000">
<sctitle>Moisteners:</sctitle>
<parent ref = "C217S072000" doc = "Class217.sgm">subclass 72</parent>
<scdesc>Subject matter comprising means for keeping the vessel moist
to prevent shrinkage by drying and consequent falling apart of the
staves.</scdesc></subclass>
<subclass subnum = "98" id = "C217S098000">
<sctitle>Bungs:</sctitle>
<parent ref = "C217S072000" doc = "Class217.sgm">subclass 72</parent>
<scdesc>Subject matter comprising miscellaneous bung hole closures.</scdesc>
<srchout>
<crecord><classnum ref = "C137S000000" doc = "Class137.sgm">137</classnum>
<subref><clstitle>Fluid Handling</clstitle>
<pretext></pretext>
<subnum range = "p" ref = "C137S317000" doc = "Class137.sgm">317</subnum></subref>
<descript><para> for fluid handling apparatus including means for
gaining access to a barrel or other closed container by means of
a connectable device or tap.</para></descript></crecord></srchout></subclass>
<subclass subnum = "99" id = "C217S099000">
<sctitle>Valved:</sctitle>
<parent ref = "C217S098000" doc = "Class217.sgm">subclass 98</parent>
<scdesc>Bungs having valves therein.</scdesc>
<srchout>
<crecord><classnum ref = "C137S000000" doc = "Class137.sgm">137</classnum>
<subref><clstitle>Fluid Handling</clstitle>
<pretext></pretext>
<subnum range = "p" ref = "C137S320000" doc = "Class137.sgm">320</subnum></subref>
<descript><para> for fluid handling apparatus including means for
gaining access to a barrel or other closed container by means of
a valved closure.</para></descript></crecord></srchout></subclass>
<subclass subnum = "100" id = "C217S100000">
<sctitle>Automatic:</sctitle>
<parent ref = "C217S099000" doc = "Class217.sgm">subclass 99</parent>
<scdesc>Valved bungs in which the valves operate automatically.</scdesc></subclass>
<subclass subnum = "101" id = "C217S101000">
<sctitle>Safety:</sctitle>
<parent ref = "C217S100000" doc = "Class217.sgm">subclass 100</parent>
<scdesc>Subject matter comprising valves for relieving excessive
pressure within the barrel.</scdesc>
<srchout>
<crecord><classnum ref = "C137S000000" doc = "Class137.sgm">137</classnum>
<subref><clstitle>Fluid Handling</clstitle>
<pretext></pretext>
<subnum range = "p" ref = "C137S455000" doc = "Class137.sgm">455</subnum></subref>
<descript><para> for pressure relieving valves of general utility.</para></descript></crecord>
<crecord><classnum ref = "C435S000000" doc = "Class435.sgm">435</classnum>
<subref><clstitle>Chemistry: Molecular Biology and Microbiology</clstitle>
<pretext></pretext>
<subnum range = "p" ref = "C435S286600" doc = "Class435.sgm">286.6</subnum></subref>
<descript><para> for safety devices which maintain a uniform pressure
in a system of connected barrels.</para></descript></crecord></srchout></subclass>
<subclass subnum = "102" id = "C217S102000">
<sctitle>Controllers:</sctitle>
<parent ref = "C217S100000" doc = "Class217.sgm">subclass 100</parent>
<scdesc>Subject matter in which the action of the valve becomes
automatic after the manipulation of a controlling part.</scdesc></subclass>
<subclass subnum = "103" id = "C217S103000">
<sctitle>Collapsible:</sctitle>
<parent ref = "C217S100000" doc = "Class217.sgm">subclass 100</parent>
<scdesc>Subject matter in which the valve consists of a collapsible
tube normally closed.</scdesc>
<srchout>
<crecord><classnum ref = "C137S000000" doc = "Class137.sgm">137</classnum>
<subref><clstitle>Fluid Handling</clstitle>
<pretext></pretext>
<subnum range = "p" ref = "C137S844000" doc = "Class137.sgm">844</subnum></subref>
<descript><para> for collapsible valves, per se.</para></descript></crecord></srchout></subclass>
<subclass subnum = "104" id = "C217S104000">
<sctitle>Flexible diaphragm:</sctitle>
<parent ref = "C217S100000" doc = "Class217.sgm">subclass 100</parent>
<scdesc>Subject matter in which the valve consists, essentially,
of a flexible diaphragm of rubber or other material placed over
an opening which communicates with the interior of the barrel.  When
the pressure within falls below atmospheric pressure, the diaphragm
is raised or distended, exposing the opening, through which air
is admitted into the barrel, thus restoring the equilibrium and
permitting the liquid contents to be freely drawn.</scdesc>
<srchout>
<crecord><classnum ref = "C137S000000" doc = "Class137.sgm">137</classnum>
<subref><clstitle>Fluid Handling</clstitle>
<pretext></pretext>
<subnum range = "p" ref = "C137S843000" doc = "Class137.sgm">843</subnum></subref>
<descript><para> for diaphragm valves, per se.</para></descript></crecord></srchout></subclass>
<subclass subnum = "105" id = "C217S105000">
<sctitle>Liquid seal:</sctitle>
<parent ref = "C217S100000" doc = "Class217.sgm">subclass 100</parent>
<scdesc>Subject matter comprising valves of various forms sealed
by a liquid.</scdesc></subclass>
<subclass subnum = "106" id = "C217S106000">
<sctitle>Locking:</sctitle>
<parent ref = "C217S098000" doc = "Class217.sgm">subclass 98</parent>
<scdesc>Miscellaneous bungs having means for positively securing
the bung in position.</scdesc>
<srchout>
<crecord><classnum ref = "C070S000000" doc = "Class070.sgm">70</classnum>
<subref><clstitle>Locks</clstitle>
<pretext></pretext>
<subnum range = "s" ref = "C070S371000" doc = "Class070.sgm">371</subnum></subref>
<descript><para> for portable locks wherein a cylinder lock constitutes
a detachable or removable locking unit in the form of a plug.</para></descript></crecord></srchout></subclass>
<subclass subnum = "107" id = "C217S107000">
<sctitle>Bayonet and screw:</sctitle>
<parent ref = "C217S106000" doc = "Class217.sgm">subclass 106</parent>
<scdesc>Locking means consisting of screw-threaded or bayonet fastenings
of some form.</scdesc></subclass>
<subclass subnum = "108" id = "C217S108000">
<sctitle>Expanding:</sctitle>
<parent ref = "C217S106000" doc = "Class217.sgm">subclass 106</parent>
<scdesc>Locking-bungs in which parts expand into frictional or interlocking
engagement with the walls of the hole.</scdesc>
<srchin>
<srecord><subnum ref = "C217S078000" doc = "Class217.sgm">78</subnum>
<descript><para>for expanding barrel closures, and see the notes
thereunder.</para></descript></srecord></srchin></subclass>
<subclass subnum = "109" id = "C217S109000">
<sctitle>Gasket:</sctitle>
<parent ref = "C217S108000" doc = "Class217.sgm">subclass 108</parent>
<scdesc>Expanding bungs in which a flexible gasket is expanded against
the walls of the hole to hold the bung in position or secure a tight
joint, or both.</scdesc></subclass>
<subclass subnum = "110" id = "C217S110000">
<sctitle>Plugs:</sctitle>
<parent ref = "C217S098000" doc = "Class217.sgm">subclass 98</parent>
<scdesc>Subject matter comprising simple plug-like stoppers held
in position by frictional contact.</scdesc></subclass>
<subclass subnum = "111" id = "C217S111000">
<sctitle>Frangible diaphragm:</sctitle>
<parent ref = "C217S110000" doc = "Class217.sgm">subclass 110</parent>
<scdesc>Plugs having a portion to be broken out for venting the
barrel, inserting a spigot, etc.</scdesc></subclass>
<subclass subnum = "113" id = "C217S113000">
<sctitle>Bushings:</sctitle>
<parent ref = "C217S098000" doc = "Class217.sgm">subclass 98</parent>
<scdesc>Subject matter comprising bushings for bung holes.</scdesc>
<srchout>
<crecord><classnum ref = "C016S000000" doc = "Class016.sgm">16</classnum>
<subref><clstitle>Miscellaneous Hardware</clstitle>
<pretext></pretext>
<subnum range = "p" ref = "C016S002300" doc = "Class016.sgm">2.3</subnum></subref>
<descript><para> for analogous structure.</para></descript></crecord></srchout></subclass>
<subclass subnum = "114" id = "C217S114000">
<sctitle>Protectors and cancelers:</sctitle>
<parent ref = "C217S098000" doc = "Class217.sgm">subclass 98</parent>
<scdesc>Devices for protecting or canceling a revenue stamp or other
label placed over the bung.</scdesc></subclass>
<subclass subnum = "122" id = "C217S122000">
<sctitle>BASKETS:</sctitle>
<parent ref = "C217S000000" doc = "Class217.sgm">the class definition</parent>
<scdesc>Subject matter comprising miscellaneous wooden basket structures
and parts.</scdesc></subclass>
<subclass subnum = "123" id = "C217S123000">
<sctitle>Bottoms:</sctitle>
<parent ref = "C217S122000" doc = "Class217.sgm">subclass 122</parent>
<scdesc>Subject matter comprising the bottom closure of the basket
body.</scdesc></subclass>
<subclass subnum = "124" id = "C217S124000">
<sctitle>Closures:</sctitle>
<parent ref = "C217S122000" doc = "Class217.sgm">subclass 122</parent>
<scdesc>Subject matter comprising closures for baskets and means
for fastening the same in place.</scdesc>
<notes><note1 notenum = "(1)">
<para>Note.  Driven fasteners are classified in subclass 70 this
class, and latches in Class 292, Closure Fasteners, subclasses 137
and 194.</para></note1></notes></subclass>
<subclass subnum = "125" id = "C217S125000">
<sctitle>Handles:</sctitle>
<parent ref = "C217S122000" doc = "Class217.sgm">subclass 122</parent>
<scdesc>Subject matter comprising the handle or means for securing
it to the body of the basket.</scdesc></subclass>
<subclass subnum = "126" id = "C217S126000">
<sctitle>BUCKET EARS:</sctitle>
<parent ref = "C217S000000" doc = "Class217.sgm">the class definition</parent>
<scdesc>Subject matter comprising bucket-ears peculiarly adapted
for attachment to a wooden bucket.</scdesc></subclass>
<subclass subnum = "127" id = "C217S127000">
<sctitle>Bottle mailing cases:</sctitle>
<parent ref = "C217S005000" doc = "Class217.sgm">subclass 5</parent>
<scdesc>Boxes, for packaging bottles for transmission in the mails.</scdesc></subclass>
<subclass subnum = "128" id = "C217S128000">
<sctitle>Temperature-barrier wall structure:</sctitle>
<parent ref = "C217S005000" doc = "Class217.sgm">subclass 5</parent>
<scdesc>Boxes made from wall structure comprising mutually conforming
inner and outer wall elements entirely spaced from one another to inhibit
transfer of a temperature condition there past into the contents
space.</scdesc>
<notes><note1 notenum = "(1)">
<para>Note.  The temperature barrier space may be void or may be
packed with insulation material or panels.  Thus, the requirement
for this subclass is met by structure consisting of outer wall elements,
an intervening lining, and an innermost wall or lining construction.</para></note1>
<note1 notenum = "(2)">
<para>Note.  The inner wall structure may be removable as a unit,
in which case it is distinguishable from mere removable receptacle
structure by the requirement that the removal involves an act of
disconnecting some element; as opposed to mere lifting from the
box, involving nothing more than the possible displacement of a
closure.</para></note1></notes>
<srchin>
<srecord><subnum ref = "C217S004000" doc = "Class217.sgm">4</subnum>
<descript><para>for a tank comprising walls defining an insulating
space for the contents of the tank.</para></descript></srecord></srchin>
<srchout>
<crecord><classnum ref = "C220S000000" doc = "Class220.sgm">220</classnum>
<subref><clstitle>Receptacles</clstitle>
<pretext></pretext>
<subnum range = "p" ref = "C220S560120" doc = "Class220.sgm">560.12</subnum></subref>
<descript><para>, 592.09&plus;, 592.2&plus; for a receptacle
having a thermally insulated wall.</para></descript></crecord>
<crecord><classnum ref = "C312S000000" doc = "Class312.sgm">312</classnum>
<subref><clstitle>Supports:  Cabinet Structure</clstitle>
<pretext></pretext>
<subnum range = "s" ref = "C312S214000" doc = "Class312.sgm">214</subnum></subref>
<descript><para> for a cabinet including spaced or insulating wall
structure.</para></descript></crecord></srchout></subclass>
<subclass subnum = "129" id = "C217S129000">
<sctitle>Enclosing refrigerant-accommodating space:</sctitle>
<parent ref = "C217S128000" doc = "Class217.sgm">subclass 128</parent>
<scdesc>Boxes including means dividing the contents space into separated
spaces for the reception of a refrigerant (e.g., ice, water) and
refrigeratable contents, respectively.</scdesc>
<srchout>
<crecord><classnum ref = "C312S000000" doc = "Class312.sgm">312</classnum>
<subref><clstitle>Supports:  Cabinet Structure</clstitle>
<pretext></pretext>
<subnum range = "s" ref = "C312S236000" doc = "Class312.sgm">236</subnum></subref>
<descript><para> for a cabinet including a space for an insertable
refrigerant (e.g., ice, water).</para></descript></crecord></srchout></subclass>
<subclass subnum = "130" id = "C217S130000">
<sctitle>Enclosing refrigerant-surrounded contents:</sctitle>
<parent ref = "C217S005000" doc = "Class217.sgm">subclass 5</parent>
<scdesc>Box for the reception of a container for refrigeratable
contents and for a refrigerant, the box and the container being
so related that substantially no container wall structure capable
of direct contact with its contents is further capable of contact
with wall or bottom structure of the box.</scdesc></subclass>
<subclass subnum = "131" id = "C217S131000">
<sctitle>TEMPERATURE BARRIER WALL STRUCTURE:</sctitle>
<parent ref = "C217S000000" doc = "Class217.sgm">the class definition</parent>
<scdesc>Boxes made from wall structure comprising mutually conforming
inner and outer wall elements entirely spaced from one another to inhibit
transfer of a temperature condition therepast into the contents
space.</scdesc>
<srchin>
<srecord><subnum ref = "C217S004000" doc = "Class217.sgm">4</subnum>
<descript><para>or 28&plus;, for a tank or a box, respectively,
comprising spaced walls defining a temperature barrier to the contents;
and see the search notes in the latter locus.</para></descript></srecord>
<srecord><subnum ref = "C217S130000" doc = "Class217.sgm">130</subnum>
<descript><para>for a box accommodating a refrigerant and a container
for refrigeratable contents, the container being supported spaced
from the box walls and bottom to avoid the influence of temperature conditions
outside the box.</para></descript></srecord></srchin></subclass></sclasses>
</class>
