<?xml version="1.0" encoding="UTF-8"?>
<!DOCTYPE class PUBLIC "-//USPTO//DTD Classification Definitions//EN" "xclassdef.dtd" [

<!-- Begin Document Specific Declarations -->

<!-- End Document Specific Declarations -->

]>
<?xml-stylesheet href="classdef.xsl" type="text/XSL"?>

<class classnum = "26" id = "C026S000000"><title>TEXTILES: CLOTH
FINISHING</title>
<sections><descsect>
<para>This is the generic class for the treatment of textile fabrics
subsequent to the fabrication thereof for putting them in better
marketable condition.</para>
<para>Due to the similarity of the shearing of fur in the finishing
of a fur skin to the shearing of the surface fibers or threads of
cloth, particularly that of pile fabric, and the finishing of fur
by shearing is included in this class.</para>
</descsect>
<linesect>
<para>Due to the similarity of apparatus for the stretching of plastic
film to apparatus for the stretching of fabric, the former has been
placed in this class (26), along with the latter (see subclass References
to the current Class, below).  However, process for the stretching
of plastic film is not in this class:  rather it is in Class 264,
Plastic and Nonmetallic Article Shaping or Treating:  Processes,
subclass 288.4 (see particularly subclass 290.2).</para>
</linesect>
<stcssect>
<srchin>
<srecord><subnum range = "p" ref = "C026S015000" doc = "Class026.sgm">15</subnum>
<descript><para>for finishing of fiber by shearing.</para></descript></srecord>
<srecord><subnum range = "p" ref = "C026S071000" doc = "Class026.sgm">71</subnum>
<descript><para>for apparatus for stretching plastic film or fabric.</para></descript></srecord></srchin>
</stcssect>
<scsect>
<srchout>
<crecord><classnum ref = "C008S000000" doc = "Class008.sgm">8</classnum>
<subref><clstitle>Bleaching and Dyeing; Fluid Treatment and Chemical
Modification of Textiles and Fibers</clstitle>
<pretext></pretext></subref>
<descript><para>for processes of bleaching, dyeing, laundering, and
chemical treatment of fibers and fabrics.  for apparatus for fluid
treatment of fibers and fabrics.</para></descript></crecord>
<crecord><classnum ref = "C028S000000" doc = "Class028.sgm">28</classnum>
<subref><clstitle>Textiles: Manufacturing</clstitle>
<pretext></pretext></subref>
<descript><para>for miscellaneous operations relative to the production
of textiles.</para></descript></crecord>
<crecord><classnum ref = "C034S000000" doc = "Class034.sgm">34</classnum>
<subref><clstitle>Drying and Gas or Vapor Contact With Solids</clstitle>
<pretext></pretext></subref>
<descript><para>for the drying of cloth as a distinct step and when
not carried out in connection with some other treatment.</para></descript></crecord>
<crecord><classnum ref = "C038S000000" doc = "Class038.sgm">38</classnum>
<subref><clstitle>Textiles:  Ironing or Smoothing</clstitle>
<pretext></pretext></subref>
<descript><para>for the finishing of cloth by ironing or smoothing
and methods and means auxiliary thereto.</para></descript></crecord>
<crecord><classnum ref = "C066S000000" doc = "Class066.sgm">66</classnum>
<subref><clstitle>Textiles:  Knitting</clstitle>
<pretext></pretext></subref>
<descript><para>87, Textiles:  Braiding, Netting, and Lace Making;
for finishing operations carried on in connection with the fabrication
of the cloth.</para></descript></crecord>
<crecord><classnum ref = "C068S000000" doc = "Class068.sgm">68</classnum>
<subref><clstitle>Textiles:  Fluid Treating Apparatus</clstitle>
<pretext></pretext></subref>
<descript><para>for apparatus for fluid treatment of fibers and
fabrics and for the finishing of cloth by fluid treatment or by
combined fluid treatment and manipulation or working not provided
for in this class.</para></descript></crecord>
<crecord><classnum ref = "C101S000000" doc = "Class101.sgm">101</classnum>
<subref><clstitle>Printing</clstitle>
<pretext></pretext></subref>
<descript><para>for printing on cloth.</para></descript></crecord>
<crecord><classnum ref = "C112S000000" doc = "Class112.sgm">112</classnum>
<subref><clstitle>Sewing</clstitle>
<pretext></pretext></subref>
<descript><para>for the sewing of cloth.</para></descript></crecord>
<crecord><classnum ref = "C139S000000" doc = "Class139.sgm">139</classnum>
<subref><clstitle>Textiles: Weaving</clstitle>
<pretext></pretext></subref>
<descript><para>for finishing operations carried on in connection
with the fabrication of the cloth.</para></descript></crecord>
<crecord><classnum ref = "C223S000000" doc = "Class223.sgm">223</classnum>
<subref><clstitle>Apparel Apparatus</clstitle>
<pretext></pretext></subref>
<descript><para>for miscellaneous apparel apparatus.</para></descript></crecord>
<crecord><classnum ref = "C226S000000" doc = "Class226.sgm">226</classnum>
<subref><clstitle>Advancing Material of Indeterminate Length</clstitle>
<pretext></pretext></subref>
<descript><para>appropriate subclasses for methods of, and apparatus
for, feeding material without utilizing the leading or trailing
ends to effect movement of the material.</para></descript></crecord>
<crecord><classnum ref = "C242S000000" doc = "Class242.sgm">242</classnum>
<subref><clstitle>Winding, Tensioning, or Guiding</clstitle>
<pretext></pretext></subref>
<descript><para>appropriate subclasses for a winding, unwinding,
or reeling device that may be used for handling material associated
with a cloth finishing means.</para></descript></crecord>
<crecord><classnum ref = "C270S000000" doc = "Class270.sgm">270</classnum>
<subref><clstitle>Sheet-Material Associating</clstitle>
<pretext></pretext></subref>
<descript><para>for pertinent subclass(es) as determined by schedule
review.</para></descript></crecord>
<crecord><classnum ref = "C427S000000" doc = "Class427.sgm">427</classnum>
<subref><clstitle>Coating Processes</clstitle>
<pretext></pretext></subref>
<descript><para>for processes of  coating or impregnating in general.</para></descript></crecord></srchout>
</scsect></sections>
<sclasses>
<subclass subnum = "1" id = "C026S001000">
<sctitle>MISCELLANEOUS:</sctitle>
<parent ref = "C026S000000" doc = "Class026.sgm">the class definition</parent>
<scdesc>Inventions falling within this class and not otherwise provided
for.</scdesc></subclass>
<subclass subnum = "2" id = "C026S002000">
<sctitle>PILE FABRICS:</sctitle>
<parent ref = "C026S000000" doc = "Class026.sgm">the class definition</parent>
<scdesc>Inventions peculiar to the finishing of a fabric having
a surface consisting of a plurality of upstanding thread ends or
loops.</scdesc>
<srchin>
<srecord><subnum ref = "C026S008000" doc = "Class026.sgm">8</subnum>
<descript><para>see this class.</para></descript></srecord>
<srecord><subnum range = "p" ref = "C026S029000" doc = "Class026.sgm">29</subnum>
<descript><para>for comparison with napping mechanisms in this class.</para></descript></srecord>
<srecord><subnum ref = "C026S069000" doc = "Class026.sgm">69</subnum>
<descript><para>for pile fabric finishing with ornamentation.</para></descript></srecord></srchin></subclass>
<subclass subnum = "3" id = "C026S003000">
<sctitle>SINGEING:</sctitle>
<parent ref = "C026S000000" doc = "Class026.sgm">the class definition</parent>
<scdesc>Burning or scorching the projecting fibers or threads of
cloth.</scdesc>
<srchout>
<crecord><classnum ref = "C028S000000" doc = "Class028.sgm">28</classnum>
<subref><clstitle>Textiles:  Manufacturing</clstitle>
<pretext></pretext>
<subnum range = "s" ref = "C028S174000" doc = "Class028.sgm">174</subnum></subref>
<descript><para> for clearing sheets of warp-threads by singeing,
and subclass 239 for the clearing of an individual thread by singeing.</para></descript></crecord>
<crecord><classnum ref = "C219S000000" doc = "Class219.sgm">219</classnum>
<subref><clstitle>Electric Heating</clstitle>
<pretext></pretext></subref>
<descript><para>appropriate subclasses for electric heater structure, per
se.</para></descript></crecord>
<crecord><classnum ref = "C431S000000" doc = "Class431.sgm">431</classnum>
<subref><clstitle>Combustion</clstitle>
<pretext></pretext></subref>
<descript><para>appropriate subclass for burner structure, per se.</para></descript></crecord></srchout></subclass>
<subclass subnum = "4" id = "C026S004000">
<sctitle>Articles:</sctitle>
<parent ref = "C026S003000" doc = "Class026.sgm">subclass 3</parent>
<scdesc>Singeing cloth in other than continuous-strip form.</scdesc></subclass>
<subclass subnum = "5" id = "C026S005000">
<sctitle>On attached form:</sctitle>
<parent ref = "C026S004000" doc = "Class026.sgm">subclass 4</parent>
<scdesc>The support on which the article is placed is connected
to the machine during the operation.</scdesc></subclass>
<subclass subnum = "6" id = "C026S006000">
<sctitle>Heated contact element:</sctitle>
<parent ref = "C026S003000" doc = "Class026.sgm">subclass 3</parent>
<scdesc>The touching of a hot member, such as a plate or wire, accomplishes
the singeing.</scdesc></subclass>
<subclass subnum = "7" id = "C026S007000">
<sctitle>CUTTING:</sctitle>
<parent ref = "C026S000000" doc = "Class026.sgm">the class definition</parent>
<scdesc>Severing the projecting threads or fibers of cloth by an
edged instrument.</scdesc>
<srchout>
<crecord><classnum ref = "C030S000000" doc = "Class030.sgm">30</classnum>
<subref><clstitle>Cutlery</clstitle>
<pretext></pretext></subref>
<descript><para>appropriate subclasses for the general structure
of cutting devices.</para></descript></crecord>
<crecord><classnum ref = "C083S000000" doc = "Class083.sgm">83</classnum>
<subref><clstitle>Cutting</clstitle>
<pretext></pretext></subref>
<descript><para>appropriate subclasses for devices which cut through
the base or foundation of the cloth.</para></descript></crecord>
<crecord><classnum ref = "C223S000000" doc = "Class223.sgm">223</classnum>
<subref><clstitle>Apparel Apparatus</clstitle>
<pretext></pretext></subref>
<descript><para>appropriate subclasses for devices peculiarly adapted to
operate on hat bodies.</para></descript></crecord></srchout></subclass>
<subclass subnum = "8" id = "C026S008000">
<sctitle>Pile loops:</sctitle>
<parent ref = "C026S007000" doc = "Class026.sgm">subclass 7</parent>
<scdesc>Peculiar to the cutting of the looped threads on the surface
of a fabric to produce a plurality of upstanding thread ends.</scdesc>
<srchin>
<srecord><subnum ref = "C026S015000" doc = "Class026.sgm">15</subnum>
<descript><para>for devices which are capable of, but not limited
to, the cutting of pile loops.</para></descript></srecord></srchin>
<srchout>
<crecord><classnum ref = "C112S000000" doc = "Class112.sgm">112</classnum>
<subref><clstitle>Sewing</clstitle>
<pretext></pretext>
<subnum range = "p" ref = "C112S080550" doc = "Class112.sgm">80.55</subnum></subref>
<descript><para> for an embroidering, tufting device including a
loop catcher with loop cutting means.</para></descript></crecord>
<crecord><classnum ref = "C139S000000" doc = "Class139.sgm">139</classnum>
<subref><clstitle>Textiles:  Weaving</clstitle>
<pretext></pretext>
<subnum range = "r" ref = "C139S043000" doc = "Class139.sgm">43</subnum></subref>
<descript><para>, 46&plus;, 116.5&plus; and 291 for similar devices
operating as part of the loom mechanism.</para></descript></crecord></srchout></subclass>
<subclass subnum = "9" id = "C026S009000">
<sctitle>With simultaneous feeding:</sctitle>
<parent ref = "C026S008000" doc = "Class026.sgm">subclass 8</parent>
<scdesc>Includes means for advancing the fabric during the cutting.</scdesc></subclass>
<subclass subnum = "10" id = "C026S010000">
<sctitle>With stopping:</sctitle>
<parent ref = "C026S009000" doc = "Class026.sgm">subclass 9</parent>
<scdesc>Includes means peculiarly adapted to stop pile cutting machines.</scdesc>
<srchout>
<crecord><classnum ref = "C192S000000" doc = "Class192.sgm">192</classnum>
<subref><clstitle>Clutches and Power-Stop Control</clstitle>
<pretext></pretext>
<subnum range = "s" ref = "C192S116500" doc = "Class192.sgm">116.5</subnum></subref>
<descript><para> and the search notes contained in the definitions
thereof.</para></descript></crecord></srchout></subclass>
<subclass subnum = "10.4" id = "C026S010400">
<sctitle>Weft end or selvage float loop removal:</sctitle>
<parent ref = "C026S007000" doc = "Class026.sgm">subclass 7</parent>
<scdesc>Processes and apparatus for the removal of projecting weft
ends from the edge of fabric, or for the removal of loops connecting
nonadjacent wefts and floating along the edge of the fabric.</scdesc>
<notes><note1 notenum = "(1)">
<para>Note.  Selvage float loops often are formed in weaving on
looms equipped with multiple shuttle boxes, one or more of which
boxes (at any stage of weaving) contain inactive filling packages
each of which is still connected by an integral length of weft yarn
to the last pick of filling laid from that package and which, upon
re-entry into active filling laying, operates to extend such length
of weft adjacent to but outside of the fabric selvage in the form
of a loop or external float thread.</para></note1></notes>
<srchin>
<srecord><subnum ref = "C026S011000" doc = "Class026.sgm">11</subnum>
<descript><para>for inventions related to the cutting of threads
floating along the surface of a fabric.</para></descript></srecord></srchin>
<srchout>
<crecord><classnum ref = "C139S000000" doc = "Class139.sgm">139</classnum>
<subref><clstitle>Textiles:  Weaving</clstitle>
<pretext></pretext>
<subnum range = "s" ref = "C139S170300" doc = "Class139.sgm">170.3</subnum></subref>
<descript><para> for means effective to prevent the fouling of inactive
filling threads in multiple-shuttle-box looms, noting particularly
subclass 170.4 for such apparatus combined with a cutter; and subclass
302 for loom-mounted selvage trimmers.</para></descript></crecord></srchout></subclass>
<subclass subnum = "11" id = "C026S011000">
<sctitle>Float threads:</sctitle>
<parent ref = "C026S007000" doc = "Class026.sgm">subclass 7</parent>
<scdesc>Peculiar to cutting threads other than pile loops and which
have a portion spanning some part of the surface of the cloth.</scdesc>
<srchin>
<srecord><subnum ref = "C026S010400" doc = "Class026.sgm">10.4</subnum>
<descript><para>for inventions related to the severing of threads
floating along the edge, but not over the surface, of woven fabrics (selvage
loops).</para></descript></srecord></srchin></subclass>
<subclass subnum = "11.4" id = "C026S011400">
<sctitle>Venetian blind tapes:</sctitle>
<parent ref = "C026S011000" doc = "Class026.sgm">subclass 11</parent>
<scdesc>Processes and apparatus for severing the connecting or unwoven
warp threads (float or cross threads) in Venetian blind ladder tapes.</scdesc></subclass>
<subclass subnum = "12" id = "C026S012000">
<sctitle>With feeding:</sctitle>
<parent ref = "C026S011000" doc = "Class026.sgm">subclass 11</parent>
<scdesc>Includes means for advancing the fabric.</scdesc></subclass>
<subclass subnum = "13" id = "C026S013000">
<sctitle>Double pile fabric:</sctitle>
<parent ref = "C026S007000" doc = "Class026.sgm">subclass 7</parent>
<scdesc>Cutting the connecting threads of two-ply fabric to produce
two-pile fabrics.</scdesc></subclass>
<subclass subnum = "14" id = "C026S014000">
<sctitle>Loom type:</sctitle>
<parent ref = "C026S013000" doc = "Class026.sgm">subclass 13</parent>
<scdesc>Devices for cutting double-pile fabric which are adapted
for mounting on the frame of the loom, but not necessarily a part
of the loom combination.</scdesc></subclass>
<subclass subnum = "15" id = "C026S015000">
<sctitle>Shearing:</sctitle>
<parent ref = "C026S007000" doc = "Class026.sgm">subclass 7</parent>
<scdesc>Cutting the surface fibers or threads of cloth.</scdesc>
<notes><note1 notenum = "(1)">
<para>Note.  The shearing of fur in the finishing of fur is included
in this subclass.</para></note1></notes>
<srchout>
<crecord><classnum ref = "C069S000000" doc = "Class069.sgm">69</classnum>
<subref><clstitle>Leather Manufactures</clstitle>
<pretext></pretext>
<subnum range = "s" ref = "C069S025000" doc = "Class069.sgm">25</subnum></subref>
<descript><para> for the removal of the coarse or &ldquo;water&rdquo; hairs
from furs by clipping or shearing.</para></descript></crecord></srchout></subclass>
<subclass subnum = "16" id = "C026S016000">
<sctitle>Ornamental:</sctitle>
<parent ref = "C026S015000" doc = "Class026.sgm">subclass 15</parent>
<scdesc>Includes nonuniform shearing.</scdesc></subclass>
<subclass subnum = "17" id = "C026S017000">
<sctitle>With seam detector:</sctitle>
<parent ref = "C026S015000" doc = "Class026.sgm">subclass 15</parent>
<scdesc>Includes means actuated upon the approach of a seam to provided
therefor.</scdesc></subclass>
<subclass subnum = "18" id = "C026S018000">
<sctitle>Automatic extension rests:</sctitle>
<parent ref = "C026S015000" doc = "Class026.sgm">subclass 15</parent>
<scdesc>Devices for holding a fabric strip adjacent the cutting
means and whose lengths are controlled by the position of the strip.</scdesc></subclass>
<subclass subnum = "18.5" id = "C026S018500">
<sctitle>SHRINKING:</sctitle>
<parent ref = "C026S000000" doc = "Class026.sgm">the class definition</parent>
<scdesc>Apparatus and processes for working a fabric to increase
its compactness.</scdesc>
<srchin>
<srecord><subnum ref = "C026S018600" doc = "Class026.sgm">18.6</subnum>
<descript><para>for regular shifting of the warp or weft threads.</para></descript></srecord>
<srecord><subnum ref = "C026S019000" doc = "Class026.sgm">19</subnum>
<descript><para>for fulling operations.</para></descript></srecord></srchin>
<srchout>
<crecord><classnum ref = "C008S000000" doc = "Class008.sgm">8</classnum>
<subref><clstitle>Bleaching and Dyeing; Fluid Treatment and Chemical
Modification of Textiles and Fibers</clstitle>
<pretext></pretext>
<subnum range = "p" ref = "C008S114000" doc = "Class008.sgm">114</subnum></subref>
<descript><para> and  115.51&plus; for chemical processes of
shrinking.</para></descript></crecord></srchout></subclass>
<subclass subnum = "18.6" id = "C026S018600">
<sctitle>Thread compacting:</sctitle>
<parent ref = "C026S018500" doc = "Class026.sgm">subclass 18.5</parent>
<scdesc>Apparatus and processes in which the compactness of the
fabric is increased by crowding together the warp threads or the
weft treads.</scdesc>
<srchout>
<crecord><classnum ref = "C162S000000" doc = "Class162.sgm">162</classnum>
<subref><clstitle>Paper Making and Fiber Liberation</clstitle>
<pretext></pretext>
<subnum range = "r" ref = "C162S205000" doc = "Class162.sgm">205</subnum></subref>
<descript><para>, 206 and 361 for related structure.</para></descript></crecord></srchout></subclass>
<subclass subnum = "19" id = "C026S019000">
<sctitle>Fulling:</sctitle>
<parent ref = "C026S018500" doc = "Class026.sgm">subclass 18.5</parent>
<scdesc>Apparatus and processes for working a feltable fabric in
wet condition.</scdesc>
<srchout>
<crecord><classnum ref = "C028S000000" doc = "Class028.sgm">28</classnum>
<subref><clstitle>Textiles:  Manufacturing</clstitle>
<pretext></pretext></subref>
<descript><para>appropriate subclasses for analogous devices used in
the formation of a felt fabric.</para></descript></crecord>
<crecord><classnum ref = "C068S000000" doc = "Class068.sgm">68</classnum>
<subref><clstitle>Textiles:  Fluid Treating Apparatus</clstitle>
<pretext>appropriate subclasses</pretext></subref>
<descript><para> for analogous devices for fluid treatment of textiles where
the textile is not fulled.</para></descript></crecord>
<crecord><classnum ref = "C118S000000" doc = "Class118.sgm">118</classnum>
<subref><clstitle>Coating Apparatus</clstitle>
<pretext></pretext></subref>
<descript><para>appropriate subclasses for apparatus for the treatment of
fabrics with coating or impregnating materials.</para></descript></crecord>
<crecord><classnum ref = "C252S000000" doc = "Class252.sgm">252</classnum>
<subref><clstitle>Compositions</clstitle>
<pretext></pretext>
<subnum range = "s" ref = "C252S367100" doc = "Class252.sgm">367.1</subnum></subref>
<descript><para> for soap compositions not adapted for use as detergents
and subclass 8.61 for fulling compositions.</para></descript></crecord>
<crecord><classnum ref = "C427S000000" doc = "Class427.sgm">427</classnum>
<subref><clstitle>Coating Processes</clstitle>
<pretext></pretext></subref>
<descript><para>appropriate subclasses for processes of coating
or impregnating in general.</para></descript></crecord>
<crecord><classnum ref = "C510S000000" doc = "Class510.sgm">510</classnum>
<subref><clstitle>Cleaning Compositions for Solid Surfaces, Auxiliary
Compositions Therefor, or Processes of Preparing the Compositions</clstitle>
<pretext></pretext></subref>
<descript><para>appropriate subclasses for detergents and other
compositions used for cleaning solid substrates.</para></descript></crecord></srchout></subclass>
<subclass subnum = "20" id = "C026S020000">
<sctitle>Continuous web machines:</sctitle>
<parent ref = "C026S019000" doc = "Class026.sgm">subclass 19</parent>
<scdesc>Apparatus and processes wherein the fabric is fed constantly
through the machine.</scdesc></subclass>
<subclass subnum = "21" id = "C026S021000">
<sctitle>Pleating type:</sctitle>
<parent ref = "C026S020000" doc = "Class026.sgm">subclass 20</parent>
<scdesc>Apparatus and processes wherein the fabric is bent into
short transverse folds for the purpose of carrying on the fulling
thereof, usually by being forced through a constricted passage.</scdesc></subclass>
<subclass subnum = "22" id = "C026S022000">
<sctitle>Beater type:</sctitle>
<parent ref = "C026S019000" doc = "Class026.sgm">subclass 19</parent>
<scdesc>Apparatus and processes wherein the cloth is struck by a
hammer.</scdesc></subclass>
<subclass subnum = "23" id = "C026S023000">
<sctitle>Gravity stroke:</sctitle>
<parent ref = "C026S022000" doc = "Class026.sgm">subclass 22</parent>
<scdesc>Apparatus and processes in which the hammer is actuated
in one direction by gravity.</scdesc></subclass>
<subclass subnum = "24" id = "C026S024000">
<sctitle>Stopping:</sctitle>
<parent ref = "C026S019000" doc = "Class026.sgm">subclass 19</parent>
<scdesc>Apparatus wherein means is provided for stopping the operation
of the apparatus.</scdesc>
<srchout>
<crecord><classnum ref = "C192S000000" doc = "Class192.sgm">192</classnum>
<subref><clstitle>Clutches and Power-Stop Control</clstitle>
<pretext></pretext>
<subnum range = "s" ref = "C192S116500" doc = "Class192.sgm">116.5</subnum></subref>
<descript><para> and the search notes contained in the definitions
thereof.</para></descript></crecord></srchout></subclass>
<subclass subnum = "25" id = "C026S025000">
<sctitle>BEATING:</sctitle>
<parent ref = "C026S000000" doc = "Class026.sgm">the class definition</parent>
<scdesc>Striking the fabric for purposes other than fulling.</scdesc></subclass>
<subclass subnum = "26" id = "C026S026000">
<sctitle>Beetling:</sctitle>
<parent ref = "C026S025000" doc = "Class026.sgm">subclass 25</parent>
<scdesc>Striking the fabric with a hammer to produce an ironing
finish.</scdesc></subclass>
<subclass subnum = "27" id = "C026S027000">
<sctitle>RUBBING:</sctitle>
<parent ref = "C026S000000" doc = "Class026.sgm">the class definition</parent>
<scdesc>Treating the cloth by friction other than by pressing surface.</scdesc>
<srchout>
<crecord><classnum ref = "C038S000000" doc = "Class038.sgm">38</classnum>
<subref><clstitle>Textiles:  Ironing or Smoothing</clstitle>
<pretext></pretext></subref>
<descript><para>appropriate subclasses for rubbing by smooth surfaces
to iron or smooth a textile fabric or article.</para></descript></crecord>
<crecord><classnum ref = "C492S000000" doc = "Class492.sgm">492</classnum>
<subref><clstitle>Roll or Roller</clstitle>
<pretext></pretext></subref>
<descript><para>appropriate subclasses for a roll, per se, not elsewhere
provided for, and see the notes thereunder.</para></descript></crecord></srchout></subclass>
<subclass subnum = "28" id = "C026S028000">
<sctitle>Abrasive:</sctitle>
<parent ref = "C026S027000" doc = "Class026.sgm">subclass 27</parent>
<scdesc>The rubbing is done by a sandpaperlike surface.</scdesc>
<srchout>
<crecord><classnum ref = "C451S000000" doc = "Class451.sgm">451</classnum>
<subref><clstitle>Abrading</clstitle>
<pretext>appropriate subclasses for abrading not limited to the
treatment of the cloth itself, especially </pretext>
<subnum range = "p" ref = "C451S466000" doc = "Class451.sgm">466</subnum></subref>
<descript><para> for a rotary cylinder having flexible abradant
flaps extending from the periphery thereof.</para></descript></crecord></srchout></subclass>
<subclass subnum = "29" id = "C026S029000">
<sctitle>NAPPING:</sctitle>
<parent ref = "C026S000000" doc = "Class026.sgm">the class definition</parent>
<scdesc>Raising the fibers of cloth to produce a pilelike surface.</scdesc>
<srchin>
<srecord><subnum ref = "C026S028000" doc = "Class026.sgm">28</subnum>
<descript><para>for the mere application of a sandpaperlike surface
to the cloth.</para></descript></srecord></srchin>
<srchout>
<crecord><classnum ref = "C223S000000" doc = "Class223.sgm">223</classnum>
<subref><clstitle>Apparel Apparatus</clstitle>
<pretext></pretext></subref>
<descript><para>appropriate subclasses for machines peculiarly adapted
to operate upon hat bodies.</para></descript></crecord></srchout></subclass>
<subclass subnum = "30" id = "C026S030000">
<sctitle>Ornamental:</sctitle>
<parent ref = "C026S029000" doc = "Class026.sgm">subclass 29</parent>
<scdesc>Included nonuniform napping.</scdesc></subclass>
<subclass subnum = "31" id = "C026S031000">
<sctitle>Napping surface feature:</sctitle>
<parent ref = "C026S029000" doc = "Class026.sgm">subclass 29</parent>
<scdesc>There is some novelty in the teazlelike element or in the
method of attaching it to a base.</scdesc>
<srchout>
<crecord><classnum ref = "C015S000000" doc = "Class015.sgm">15</classnum>
<subref><clstitle>Brushing, Scrubbing, and General Cleaning</clstitle>
<pretext></pretext></subref>
<descript><para>appropriate subclasses for brushes, per se.</para></descript></crecord>
<crecord><classnum ref = "C019S000000" doc = "Class019.sgm">19</classnum>
<subref><clstitle>Textiles:  Fiber Preparation</clstitle>
<pretext></pretext>
<subnum range = "s" ref = "C019S114000" doc = "Class019.sgm">114</subnum></subref>
<descript><para> for the structure of card clothing which is not
peculiar to napping.</para></descript></crecord></srchout></subclass>
<subclass subnum = "32" id = "C026S032000">
<sctitle>Machines:</sctitle>
<parent ref = "C026S031000" doc = "Class026.sgm">subclass 31</parent>
<scdesc>Machines coming for raising the fiber of the cloth.</scdesc></subclass>
<subclass subnum = "33" id = "C026S033000">
<sctitle>Planetary:</sctitle>
<parent ref = "C026S029000" doc = "Class026.sgm">subclass 29</parent>
<scdesc>Rotating napping rolls are carried on the periphery of a
rotating drum.</scdesc></subclass>
<subclass subnum = "34" id = "C026S034000">
<sctitle>Including drive feature:</sctitle>
<parent ref = "C026S033000" doc = "Class026.sgm">subclass 33</parent>
<scdesc>Includes novelty in the means for driving either the drum
or the individual napping rolls.</scdesc></subclass>
<subclass subnum = "35" id = "C026S035000">
<sctitle>Drives:</sctitle>
<parent ref = "C026S034000" doc = "Class026.sgm">subclass 34</parent>
<scdesc>Limited to the means for driving the drum or the napping
rolls carried thereby.</scdesc></subclass>
<subclass subnum = "36" id = "C026S036000">
<sctitle>Reciprocating napping element:</sctitle>
<parent ref = "C026S029000" doc = "Class026.sgm">subclass 29</parent>
<scdesc>The member which produces the napping has a to-and-fro motion.</scdesc></subclass>
<subclass subnum = "37" id = "C026S037000">
<sctitle>Single fixed-position napping roll:</sctitle>
<parent ref = "C026S029000" doc = "Class026.sgm">subclass 29</parent>
<scdesc>Devices which have only one napping cylinder which has no
motion other than that of rotation.</scdesc></subclass>
<subclass subnum = "51" id = "C026S051000">
<sctitle>STRETCHING OR SPREADING AND WORKING:</sctitle>
<parent ref = "C026S000000" doc = "Class026.sgm">the class definition</parent>
<scdesc>Applying tension and distorting strains to the cloth while
it is spread out in sheet form.</scdesc>
<srchin>
<srecord><subnum range = "p" ref = "C026S071000" doc = "Class026.sgm">71</subnum>
<descript><para>for an apparatus for expanding a running web of
cloth.</para></descript></srecord></srchin>
<srchout>
<crecord><classnum ref = "C118S000000" doc = "Class118.sgm">118</classnum>
<subref><clstitle>Coating Apparatus</clstitle>
<pretext></pretext>
<subnum range = "s" ref = "C118S033000" doc = "Class118.sgm">33</subnum></subref>
<descript><para> for coating apparatus combined with means to stretch
the work.</para></descript></crecord></srchout></subclass>
<subclass subnum = "51.3" id = "C026S051300">
<sctitle>Weft angle adjusting:</sctitle>
<parent ref = "C026S051000" doc = "Class026.sgm">subclass 51</parent>
<scdesc>Devices wherein the fabric working means comprises means
for changing the angle of weft threads relative to warp threads
in a traveling woven fabric.</scdesc>
<notes><note1 notenum = "(1)">
<para>Note.  These devices are usually intended for correcting weft
bow or skew in woven fabrics, but may be used for positively skewing
or biasing weft threads.</para></note1></notes>
<srchin>
<srecord><subnum ref = "C026S018600" doc = "Class026.sgm">18.6</subnum>
<descript><para>for working of woven fabrics by crowding together
the parallel threads of warp and weft without necessarily changing
the angular relationship between warp threads, on the one hand,
and weft threads on the other.</para></descript></srecord></srchin></subclass>
<subclass subnum = "51.4" id = "C026S051400">
<sctitle>Automatically controlled:</sctitle>
<parent ref = "C026S051300" doc = "Class026.sgm">subclass 51.3</parent>
<scdesc>Devices having means, responsive to improper weft position,
to correct or introduce skew or bow.</scdesc>
<srchout>
<crecord><classnum ref = "C226S000000" doc = "Class226.sgm">226</classnum>
<subref><clstitle>Advancing Material of Indeterminate Length</clstitle>
<pretext></pretext></subref>
<descript><para>appropriate subclasses for control means for regulating
the advance of web or stand material.</para></descript></crecord></srchout></subclass>
<subclass subnum = "51.5" id = "C026S051500">
<sctitle>With photoelectric scanning or detecting means:</sctitle>
<parent ref = "C026S051400" doc = "Class026.sgm">subclass 51.4</parent>
<scdesc>Devices wherein the weft position responsive means comprises
photo-electric scanners, and wherein the operation of the weft position changing
means is initiated by the detection of improper weft positioning
by such scanning means.</scdesc>
<srchout>
<crecord><classnum ref = "C250S000000" doc = "Class250.sgm">250</classnum>
<subref><clstitle>Radiant Energy</clstitle>
<pretext></pretext>
<subnum range = "s" ref = "C250S200000" doc = "Class250.sgm">200</subnum></subref>
<descript><para> for photoelectric cells, circuits, and associated
apparatus.</para></descript></crecord></srchout></subclass>
<subclass subnum = "52" id = "C026S052000">
<sctitle>Traveling clamp or hook type:</sctitle>
<parent ref = "C026S051000" doc = "Class026.sgm">subclass 51</parent>
<scdesc>The cloth is gripped by clamps, hooks, or pins which travel
along with the cloth.</scdesc>
<srchin>
<srecord><subnum range = "p" ref = "C026S071000" doc = "Class026.sgm">71</subnum>
<descript><para>for an apparatus for expanding a running web of
cloth.</para></descript></srecord></srchin></subclass>
<subclass subnum = "53" id = "C026S053000">
<sctitle>Reciprocating frames:</sctitle>
<parent ref = "C026S052000" doc = "Class026.sgm">subclass 52</parent>
<scdesc>The members which carry the means for propelling the clamps,
hooks, or pins have a to-and-fro motion.</scdesc></subclass>
<subclass subnum = "69" id = "C026S069000">
<sctitle>ORNAMENTAL:</sctitle>
<parent ref = "C026S000000" doc = "Class026.sgm">the class definition</parent>
<scdesc>The production of nonuniform effects on cloth, by mere operation
on the material thereof, not otherwise provided for.</scdesc>
<srchin>
<srecord><subnum range = "r" ref = "C026S016000" doc = "Class026.sgm">16</subnum>
<descript><para>and 30, for ornamentation produced solely by shearing
or napping.</para></descript></srecord></srchin>
<srchout>
<crecord><classnum ref = "C008S000000" doc = "Class008.sgm">8</classnum>
<subref><clstitle>Bleaching and Dyeing; Fluid Treatment and Chemical
Modification of Textiles and Fibers</clstitle>
<pretext></pretext>
<subnum range = "p" ref = "C008S478000" doc = "Class008.sgm">478</subnum></subref>
<descript><para> for special ornamental colored effects, and subclass
114 for ornamental effects obtained by chemical modification of
textile fibers and fabrics.</para></descript></crecord></srchout></subclass>
<subclass subnum = "70" id = "C026S070000">
<sctitle>INSPECTING:</sctitle>
<parent ref = "C026S000000" doc = "Class026.sgm">the class definition</parent>
<scdesc>Devices for facilitating the inspection and examination
of cloth.</scdesc>
<srchout>
<crecord><classnum ref = "C073S000000" doc = "Class073.sgm">73</classnum>
<subref><clstitle>Measuring and Testing</clstitle>
<pretext></pretext>
<subnum range = "s" ref = "C073S159000" doc = "Class073.sgm">159</subnum></subref>
<descript><para> for fabric testing other than mere inspection or
visual examination.</para></descript></crecord>
<crecord><classnum ref = "C269S000000" doc = "Class269.sgm">269</classnum>
<subref><clstitle>Work Holders</clstitle>
<pretext></pretext></subref>
<descript><para>appropriate subclasses. Class 269 is the residual
locus for patents to a device for clamping, supporting and&sol;or
holding an article (or articles) in position to be operated on or
treated.  See notes thereunder for other related loci.</para></descript></crecord></srchout></subclass>
<subclass subnum = "71" id = "C026S071000">
<sctitle>EXPANDING DEVICE FOR TEXTILE WEBS:</sctitle>
<parent ref = "C026S000000" doc = "Class026.sgm">the class definition</parent>
<scdesc>Structure for expanding a running web of cloth; i.e., to
increase a dimension thereof or to apply tension thereto to inhibit
shrinkage or to remove wrinkles, creases, or folds.</scdesc>
<srchin>
<srecord><subnum range = "p" ref = "C026S051000" doc = "Class026.sgm">51</subnum>
<descript><para>for apparatus for performing diverse operations
on running length increments of a cloth web including a cloth expanding
operation. (Note, moreover, the superior subclasses of this class
(26) for apparatus for respective specified operations in which
cloth expanding structure may also be provided).</para></descript></srecord>
<srecord><subnum ref = "C026S069000" doc = "Class026.sgm">69</subnum>
<descript><para>for a device for imparting an ornamental stretch
to a localized zone only of running length web increments.</para></descript></srecord></srchin>
<srchout>
<crecord><classnum ref = "C069S000000" doc = "Class069.sgm">69</classnum>
<subref><clstitle>Leather Manufactures</clstitle>
<pretext></pretext>
<subnum range = "s" ref = "C069S001500" doc = "Class069.sgm">1.5</subnum></subref>
<descript><para> for a belt stretching machine, and in which running
strip increments are stretched.</para></descript></crecord>
<crecord><classnum ref = "C083S000000" doc = "Class083.sgm">83</classnum>
<subref><clstitle>Cutting</clstitle>
<pretext></pretext>
<subnum range = "s" ref = "C083S018000" doc = "Class083.sgm">18</subnum></subref>
<descript><para> for the method, and subclass 175 for apparatus
for cutting and stretching work.</para></descript></crecord>
<crecord><classnum ref = "C139S000000" doc = "Class139.sgm">139</classnum>
<subref><clstitle>Textiles:  Weaving</clstitle>
<pretext></pretext>
<subnum range = "p" ref = "C139S291000" doc = "Class139.sgm">291</subnum></subref>
<descript><para> for fabric manipulating structure for a textile
weaving machine, which manipulation may include expanding the cloth.</para></descript></crecord>
<crecord><classnum ref = "C140S000000" doc = "Class140.sgm">140</classnum>
<subref><clstitle>Wireworking</clstitle>
<pretext></pretext>
<subnum range = "s" ref = "C140S108000" doc = "Class140.sgm">108</subnum></subref>
<descript><para> for a device for stretching wire cloth.</para></descript></crecord>
<crecord><classnum ref = "C156S000000" doc = "Class156.sgm">156</classnum>
<subref><clstitle>Adhesive Bonding and Miscellaneous Chemical Manufacture</clstitle>
<pretext></pretext>
<subnum range = "p" ref = "C156S494000" doc = "Class156.sgm">494</subnum></subref>
<descript><para> for a stretching device combined with laminating
apparatus.</para></descript></crecord>
<crecord><classnum ref = "C264S000000" doc = "Class264.sgm">264</classnum>
<subref><clstitle>Plastic and Nonmetallic Article Shaping or Treating:
 Processes</clstitle>
<pretext></pretext>
<subnum range = "p" ref = "C264S288400" doc = "Class264.sgm">288.4</subnum></subref>
<descript><para> for the method of stretching a running length of
plastic; e.g., subclass 290.2 for the biaxial stretching thereof,
etc.</para></descript></crecord>
<crecord><classnum ref = "C427S000000" doc = "Class427.sgm">427</classnum>
<subref><clstitle>Coating Processes</clstitle>
<pretext></pretext>
<subnum range = "p" ref = "C427S171000" doc = "Class427.sgm">171</subnum></subref>
<descript><para> for a method of coating which includes the expanding
(e.g., the stretching, spreading, or tensioning against shrinkage)
of a running length web of cloth.</para></descript></crecord></srchout></subclass>
<subclass subnum = "72" id = "C026S072000">
<sctitle>Biaxial expansion:</sctitle>
<parent ref = "C026S071000" doc = "Class026.sgm">subclass 71</parent>
<scdesc>Structure for expanding cloth in both the longitudinal and
lateral (or spreading) directions; i.e., coaxially and transversely
of the running length direction.</scdesc></subclass>
<subclass subnum = "73" id = "C026S073000">
<sctitle>By successively accelerating spreader members of traveling
set:</sctitle>
<parent ref = "C026S072000" doc = "Class026.sgm">subclass 72</parent>
<scdesc>Structure in which the cloth expanding means is constituted
by the series of cloth edge retaining and accompanying spreader
members defined in subclass 89; and in which means is further provided
progressively forwardly to increase the spacing between adjacent
members whereby simultaneous longitudinal expansion of the cloth
is also accomplished.</scdesc>
<srchout>
<crecord><classnum ref = "C264S000000" doc = "Class264.sgm">264</classnum>
<subref><clstitle>Plastic and Nonmetallic Article Shaping or Treating:
 Processes</clstitle>
<pretext></pretext>
<subnum range = "r" ref = "C264S235800" doc = "Class264.sgm">235.8</subnum></subref>
<descript><para> and 290.2, for the method of biaxially stretching
a running web of plastic fabric.</para></descript></crecord></srchout></subclass>
<subclass subnum = "74" id = "C026S074000">
<sctitle>Web-condition-responsive operation control:</sctitle>
<parent ref = "C026S071000" doc = "Class026.sgm">subclass 71</parent>
<scdesc>Cloth expanding structure including means responsive to
a particular condition of the running length of cloth to control
a cloth expanding operation; i.e., to modify, stop, or start the operation
or to prevent or correct improper operation.</scdesc>
<notes><note1 notenum = "(1)">
<para>Note.  Cloth pull to drive an element (even such a spreader
element as specified in the the roller of subclasses 97 or 99&plus;)
in itself does not constitute operation control for these subclasses
(74&plus;).  Compare, however, with subclass 77 indented hereunder
(74&plus;), in which cloth pull not only drives the spreader
but, further, controls and adjusts the angle of the roller and thereby
of the selvage position responsive to the selvage location.</para></note1></notes>
<srchout>
<crecord><classnum ref = "C226S000000" doc = "Class226.sgm">226</classnum>
<subref><clstitle>Advancing Material of Indeterminate Length</clstitle>
<pretext></pretext>
<subnum range = "p" ref = "C226S010000" doc = "Class226.sgm">10</subnum></subref>
<descript><para> for web-condition-responsive means to control the web
advancing mechanism, particularly, subclasses 15&plus; for detection responsive
control of the location of an edge of the web.</para></descript></crecord></srchout></subclass>
<subclass subnum = "75" id = "C026S075000">
<sctitle>Responsive to edge location to control spreader:</sctitle>
<parent ref = "C026S074000" doc = "Class026.sgm">subclass 74</parent>
<scdesc>Spreader in which the condition and the control is that
of the lateral position of a selvage of the running length of cloth.</scdesc>
<notes><note1 notenum = "(1)">
<para>Note.  The &ldquo;spreader&rdquo;, of the title of these
subclasses (75&plus;) is defined in subclass 87.</para></note1>
<note1 notenum = "(2)">
<para>Note.  The terms &ldquo;edge&rdquo; and &ldquo;selvage&rdquo; are
used interchangeably and are completely synonymous with one another.</para></note1></notes></subclass>
<subclass subnum = "76" id = "C026S076000">
<sctitle>To adjust tenter frame:</sctitle>
<parent ref = "C026S075000" doc = "Class026.sgm">subclass 75</parent>
<scdesc>Spreader in which selvage detection means controls mechanism
for adjusting the lateral position of the guide or support for the
traveling series of spreader members which successively retain the
selvage increments of the traveling web to accompany the web for
the spreading operation.  Generally, the angle with the running
web axis or the distance from the axis is controlled.</scdesc>
<srchin>
<srecord><subnum ref = "C026S091000" doc = "Class026.sgm">91</subnum>
<descript><para>for the structure of the guide or support for traveling
series of cloth-edge retaining and accompanying spreaders. This
subclass (91) further includes means for manually and volitionally
adjusting said guide or support structure.</para></descript></srecord></srchin></subclass>
<subclass subnum = "77" id = "C026S077000">
<sctitle>To adjust angle of selvage-engaging roller spreader:</sctitle>
<parent ref = "C026S075000" doc = "Class026.sgm">subclass 75</parent>
<scdesc>Spreader in which the condition responsive means controls
the (acute, forward) angular position of the axis of the selvage-engaging roller
spreader relative to the longitudinal axis of the running length
of cloth.</scdesc>
<srchin>
<srecord><subnum ref = "C026S097000" doc = "Class026.sgm">97</subnum>
<descript><para>for the structure of selvage-engaging roller spreader.</para></descript></srecord></srchin></subclass>
<subclass subnum = "78" id = "C026S078000">
<sctitle>Roller spreader pair nip control:</sctitle>
<parent ref = "C026S075000" doc = "Class026.sgm">subclass 75</parent>
<scdesc>Spreader in which the condition responsive means controls
adjustment of one of the rollers of roller-pair spreader means toward
or away from cloth-directing engagement with the other.</scdesc>
<srchin>
<srecord><subnum ref = "C026S097000" doc = "Class026.sgm">97</subnum>
<descript><para>for the structure of a selvage-engaging spreader
of roller-pair construction.</para></descript></srecord>
<srecord><subnum range = "p" ref = "C026S099000" doc = "Class026.sgm">99</subnum>
<descript><para>for the structure of the roller spreader pair which
completely traverses the successive increments of the running length
of cloth.</para></descript></srecord></srchin>
<srchout>
<crecord><classnum ref = "C226S000000" doc = "Class226.sgm">226</classnum>
<subref><clstitle>Advancing Material of Indeterminate Length</clstitle>
<pretext></pretext>
<subnum range = "s" ref = "C226S035000" doc = "Class226.sgm">35</subnum></subref>
<descript><para> for nip control means responsive to the condition
of a web in web advancing apparatus.</para></descript></crecord></srchout></subclass>
<subclass subnum = "79" id = "C026S079000">
<sctitle>To activate traveling spreader member responsive to removal
from feeler:</sctitle>
<parent ref = "C026S075000" doc = "Class026.sgm">subclass 75</parent>
<scdesc>Spreader in which the condition is the inward movement of
the (selvage, or) edge from the gripped position between the jaw
members of the traveling series of spreaders of the clamp type;
and in which, responsive thereto, a second, inward companion, traveling
spreader is conditioned to retain that edge at a position closer
to the longitudiinal axis of the traveling web.</scdesc>
<srchin>
<srecord><subnum range = "p" ref = "C026S093000" doc = "Class026.sgm">93</subnum>
<descript><para>for the structure of the traveling series of selvage-retaining
spreaders, which subclass may further disclose the (unclaimed) inboard-outboard
companion pair of grippers and means responsive thereto for activating
the companion inboard spreaders.</para></descript></srecord>
<srecord><subnum ref = "C026S095000" doc = "Class026.sgm">95</subnum>
<descript><para>for spreader structure which includes the series
of accompanying series of clamp-type spreaders and also a companion
series of the edge-penetrating, pin type.</para></descript></srecord></srchin></subclass>
<subclass subnum = "80" id = "C026S080000">
<sctitle>Tubular-fabric-enclosed spreader:</sctitle>
<parent ref = "C026S071000" doc = "Class026.sgm">subclass 71</parent>
<scdesc>Spreader including a member positioned to be enveloped by
continuous tubular cloth web increments and dimensioned engagingly
to force the cloth increments outwardly in a plane transverse to
the running direction of the web.</scdesc>
<srchin>
<srecord><subnum range = "p" ref = "C026S018500" doc = "Class026.sgm">18.5</subnum>
<descript><para>for the combination of shrinking and spreading tubular
fabric.</para></descript></srecord></srchin></subclass>
<subclass subnum = "81" id = "C026S081000">
<sctitle>Including heater or dryer:</sctitle>
<parent ref = "C026S080000" doc = "Class026.sgm">subclass 80</parent>
<scdesc>Spreader in which (a) the enveloped member is heated for
transfer of heat to the cloth web or (b) means is provided for impinging
gaseous heating or drying fluid against the cloth.</scdesc>
<srchin>
<srecord><subnum ref = "C026S018500" doc = "Class026.sgm">18.5</subnum>
<descript><para>for the combination of shrinking, including fluid-treating
and drying, with spreading tubular fabric; e.g., expanding the fabric
widthwise to cause it to shrink lengthwise.</para></descript></srecord></srchin></subclass>
<subclass subnum = "82" id = "C026S082000">
<sctitle>With slitter, for opening up:</sctitle>
<parent ref = "C026S080000" doc = "Class026.sgm">subclass 80</parent>
<scdesc>Spreader further including cutting means parting adjacent
portions of the tubular cloth web from one another along a line
coinciding with the web advance direction, whereby the cloth is made
available for single width use.</scdesc>
<srchout>
<crecord><classnum ref = "C083S000000" doc = "Class083.sgm">83</classnum>
<subref><clstitle>Cutting</clstitle>
<pretext></pretext>
<subnum range = "s" ref = "C083S018000" doc = "Class083.sgm">18</subnum></subref>
<descript><para> for the method, and subclass 175 for apparatus
for cutting and stretching work, where the work could be a tubular
fabric web and the stretcher could be a web-enclosed spreader. 
Where details of the spreader are at all involved, however, the
original document is placed in this instant Class 26, subclass (82).</para></descript></crecord></srchout></subclass>
<subclass subnum = "83" id = "C026S083000">
<sctitle>With rotary feeder or bearing at spreader ends:</sctitle>
<parent ref = "C026S080000" doc = "Class026.sgm">subclass 80</parent>
<scdesc>Spreader including rotatable means (e.g., rollers, endless
belts) engaging the cloth increments at the spreading plane extremities
to drive or to facilitate movement of the cloth increments therepast.</scdesc>
<srchin>
<srecord><subnum range = "p" ref = "C026S029000" doc = "Class026.sgm">29</subnum>
<descript><para>for the combination of napping and spreading tubular
cloth about an enclosed tube.</para></descript></srecord></srchin></subclass>
<subclass subnum = "84" id = "C026S084000">
<sctitle>Driven:</sctitle>
<parent ref = "C026S083000" doc = "Class026.sgm">subclass 83</parent>
<scdesc>Spreader including motor or transmission means to rotate
the rotatable means at the spreading plane extremities for driving
the cloth increments.</scdesc>
<notes><note1 notenum = "(1)">
<para>Note.  The driven web-feeding rollers may be at the ends of
at least one pair of opposed, enclosed spreader arms or they may
be feed roller contacting the spreader arm extremities from the
outside, with opposed web increments passing between the rollers
and the spreader arm extremities.  It is possible, for indented
subclass 85 for an enclosed driven cylinder to constitute the web drive
means for this locus, with diametrically opposed peripheral points
thereof constituting the driven extremities.</para></note1></notes></subclass>
<subclass subnum = "85" id = "C026S085000">
<sctitle>Multi-dimensional spreader (e.g., tube or spider):</sctitle>
<parent ref = "C026S084000" doc = "Class026.sgm">subclass 84</parent>
<scdesc>Spreader in which the enveloped spreader member is of a
width, in at least two intersecting dimensions transverse to the
running length direction of the web, to spread the cloth along corresponding
intersecting planes.</scdesc>
<notes><note1 notenum = "(1)">
<para>Note.  See (1) Note in parent subclass 84, particularly the
last sentence. Note, moreover, driven rollers across any of the
plurality (or infinite number) of transverse spreading planes is
adequate to satisfy the requirement(s) of this subclass.</para></note1></notes></subclass>
<subclass subnum = "86" id = "C026S086000">
<sctitle>Overfeed arrangement; or rotary pinner for traveling pin
spreader set:</sctitle>
<parent ref = "C026S071000" doc = "Class026.sgm">subclass 71</parent>
<scdesc>Structure either (a) in an arrangement, or further including
means repetitively to bunch successive increments of the running
web of cloth; or (b) spreader structure including series of cloth
edge penetrating and accompanying members and rotary disc means
positioned to engage and force cloth edge increments through the
members.</scdesc>
<notes><note1 notenum = "(1)">
<para>Note.  A rotary pinner is so common for overfeed that it is
classified therewith whether or not used or useful, as disclosed,
toward that purpose (e.g., even when they are idlers, etc.).</para></note1></notes>
<srchin>
<srecord><subnum ref = "C026S018500" doc = "Class026.sgm">18.5</subnum>
<descript><para>for an overfeed arrangement to effect shrinking.</para></descript></srecord>
<srecord><subnum range = "p" ref = "C026S080000" doc = "Class026.sgm">80</subnum>
<descript><para>for an overfeed arrangement comprising means about
which tubular fabric is bunched; see, particularly, subclass 85
thereunder.</para></descript></srecord>
<srecord><subnum ref = "C026S096000" doc = "Class026.sgm">96</subnum>
<descript><para>for the structure of series of edge penetrating
and accompanying spreaders.</para></descript></srecord></srchin></subclass>
<subclass subnum = "87" id = "C026S087000">
<sctitle>Spreader:</sctitle>
<parent ref = "C026S071000" doc = "Class026.sgm">subclass 71</parent>
<scdesc>Structure including means to extend the running length increments
of the cloth web in an outward direction (usually, both opposite directions)
i.e., transverse to the running length direction.</scdesc>
<srchin>
<srecord><subnum ref = "C026S072000" doc = "Class026.sgm">72</subnum>
<descript><para>for structure to extend the cloth web in both the
running length direction and transversely thereto.</para></descript></srecord>
<srecord><subnum range = "p" ref = "C026S075000" doc = "Class026.sgm">75</subnum>
<descript><para>for a spreader including means responsive to a cloth
web condition (commonly, the location of the edge) to control the
cloth expanding operation.</para></descript></srecord>
<srecord><subnum range = "p" ref = "C026S080000" doc = "Class026.sgm">80</subnum>
<descript><para>for a spreader for entering and spreading (i.e.,
transversely extending) tubular fabric.</para></descript></srecord></srchin>
<srchout>
<crecord><classnum ref = "C019S000000" doc = "Class019.sgm">19</classnum>
<subref><clstitle>Textiles:  Fiber Preparation</clstitle>
<pretext></pretext>
<subnum range = "p" ref = "C019S065000" doc = "Class019.sgm">65</subnum></subref>
<descript><para> for apparatus which may include means for spreading
the discrete fibers constituting a web in which the fibers are free
enough to be shifted relative to one another.</para></descript></crecord>
<crecord><classnum ref = "C038S000000" doc = "Class038.sgm">38</classnum>
<subref><clstitle>Textiles:  Ironing or Smoothing</clstitle>
<pretext></pretext>
<subnum range = "s" ref = "C038S143000" doc = "Class038.sgm">143</subnum></subref>
<descript><para> for a spreader combined with structure peculiar
to ironers; e.g., an entrance end and means to feed cloth therethrough,
etc.</para></descript></crecord>
<crecord><classnum ref = "C156S000000" doc = "Class156.sgm">156</classnum>
<subref><clstitle>Adhesive Bonding and Miscellaneous Chemical Manufacture</clstitle>
<pretext></pretext>
<subnum range = "s" ref = "C156S496000" doc = "Class156.sgm">496</subnum></subref>
<descript><para> for a spreader which is part of laminating apparatus.</para></descript></crecord>
<crecord><classnum ref = "C427S000000" doc = "Class427.sgm">427</classnum>
<subref><clstitle>Coating Processes</clstitle>
<pretext></pretext>
<subnum range = "s" ref = "C427S173000" doc = "Class427.sgm">173</subnum></subref>
<descript><para> for the method of coating and spreading running
length work.</para></descript></crecord></srchout></subclass>
<subclass subnum = "88" id = "C026S088000">
<sctitle>Acting on fabric edge only:</sctitle>
<parent ref = "C026S087000" doc = "Class026.sgm">subclass 87</parent>
<scdesc>Spreader positioned and dimensioned to act upon edge increments
only of the running length of the fabric web; usually, a spaced
pair of spreader elements, one for each edge.</scdesc>
<notes><note1 notenum = "(1)">
<para>Note.  The terms &ldquo;edge&rdquo; and &ldquo;selvage&rdquo; are
used interchangeably and are completely synonymous with one another.</para></note1></notes>
<srchin>
<srecord><subnum ref = "C026S018600" doc = "Class026.sgm">18.6</subnum>
<descript><para>for the shrinking of a cloth web of warp and weft
construction including advancing it through the apparatus in a direction
opposite to that which would cause spreading.  Where the invention
is to apparatus selectively to perform one or the other operation, the
original will be found in that subclass (18.6) and a cross only
in the instant subclass (88).</para></descript></srecord>
<srecord><subnum ref = "C026S087000" doc = "Class026.sgm">87</subnum>
<descript><para>the parent subclass for spreader structure positioned
and dimensioned to act upon the cloth web increments inward of the
selvages.</para></descript></srecord></srchin></subclass>
<subclass subnum = "89" id = "C026S089000">
<sctitle>Edge-retaining traveler set (i.e., tenter):</sctitle>
<parent ref = "C026S088000" doc = "Class026.sgm">subclass 88</parent>
<scdesc>Spreader constituted by a (usually paired) series of discrete
edge-retaining members which become affixed to and which thereby accompany
successive edge increments of the running length (usually, again,
both edges by each accompanying pair).</scdesc>
<srchin>
<srecord><subnum ref = "C026S088000" doc = "Class026.sgm">88</subnum>
<descript><para>for edge-entraining belt means (usually a pair of
belts), for continuous and uninterrupted retentive contact with
the fabric edge(s), rather than the successive contacts by the discrete member
of the (usually paired) series of this subclass (89).</para></descript></srecord></srchin></subclass>
<subclass subnum = "90" id = "C026S090000">
<sctitle>Edge-entraining wheel:</sctitle>
<parent ref = "C026S089000" doc = "Class026.sgm">subclass 89</parent>
<scdesc>Spreader in which the series of edge-retaining members is
(are) spaced connected about the periphery of a rotating annular
member (usually paired) series about spaced peripheries of the member
or about peripheries of spaced accompanying (disc) members) to retain
the running length edge(s) of a fabric web to effect spreading during
movement of the edge(s) about the peripheries.</scdesc>
<srchin>
<srecord><subnum ref = "C026S088000" doc = "Class026.sgm">88</subnum>
<descript><para>for edge-entraining-wheel spreader structure in
which the selvage is continuously and uniterruptedly clamped for
travel rather than at intervals by the traveling series of this
subclass (90).</para></descript></srecord>
<srecord><subnum range = "p" ref = "C026S093000" doc = "Class026.sgm">93</subnum>
<descript><para>and 96, for tenter chains of the clamp or hook series
type, respectively, in which the course of the chain(s) may bring
the series about the periphery of a sprocket or drum whereat fabric-edge
spreading could possibly be effected. The chain of clamps or hooks
are guided, but not connected about the rotating annulus, as in
the instant subclass (90).</para></descript></srecord></srchin></subclass>
<subclass subnum = "91" id = "C026S091000">
<sctitle>Laterally adjustable tenter frame:</sctitle>
<parent ref = "C026S089000" doc = "Class026.sgm">subclass 89</parent>
<scdesc>Spreader including means to support or guide the series
of edge retaining and accompanying spreader members at the appropriate
spacing or (forward, acute) angle relative to the running length
axis (or, more commonly, relative to the companion support or guide
for the opposite edge series); and further including means to adjust
the guide or support to said appropriate spacing or angle.</scdesc>
<srchin>
<srecord><subnum ref = "C026S076000" doc = "Class026.sgm">76</subnum>
<descript><para>for tenter frame structure the adjustment of which
is responsive to the detection of the selvage position of the running
length of cloth web.</para></descript></srecord></srchin></subclass>
<subclass subnum = "92" id = "C026S092000">
<sctitle>With heater or dryer:</sctitle>
<parent ref = "C026S089000" doc = "Class026.sgm">subclass 89</parent>
<scdesc>Spreader further including either (a) a heated member engageable
with the running length of cloth; or (b) means to apply drying or
heating gaseous fluid to the cloth.</scdesc>
<srchin>
<srecord><subnum ref = "C026S081000" doc = "Class026.sgm">81</subnum>
<descript><para>for heating or drying structure for a tubular fabric
spreader.</para></descript></srecord>
<srecord><subnum ref = "C026S106000" doc = "Class026.sgm">106</subnum>
<descript><para>for heating or drying means for structure which
expands cloth longitudinally of the running length; which subclass
(106) further serves for the cross-reference collection of heating or
drying means used with spreader structure of general character (i.e., other
than of instant subclass 92 or of subclass 81).</para></descript></srecord></srchin>
<srchout>
<crecord><classnum ref = "C034S000000" doc = "Class034.sgm">34</classnum>
<subref><clstitle>Drying and Gas or Vapor Contact With Solids</clstitle>
<pretext>appropriate subclasses for the drying of web material,
generally, including tenter means to advance the material to or
through the dryer.</pretext></subref>
<descript><para> See, for example, subclass(es): 4 - 41, for methods
of drying (the last being residual for the drying of webs); 43&plus;,
for the inclusion of web-condition-responsive dryer control; 115,
for the conveying of the web over or around drying drums; 158, dryer-and-tenter-structure
residually.  This class (34) will take the combination of dryer
structure for cloth with a tenter which is merely broadly claimed.</para></descript></crecord></srchout></subclass>
<subclass subnum = "93" id = "C026S093000">
<sctitle>Set is series of traveling clamps:</sctitle>
<parent ref = "C026S089000" doc = "Class026.sgm">subclass 89</parent>
<scdesc>Spreader in which each of the elements of the series is
constituted by a pair of jaw members movable relative to one another
to converge upon and grip opposite sides of successive cloth edge(s)
increments and to diverge to release the edge(s).</scdesc></subclass>
<subclass subnum = "94" id = "C026S094000">
<sctitle>Including clamp manipulator:</sctitle>
<parent ref = "C026S093000" doc = "Class026.sgm">subclass 93</parent>
<scdesc>Spreader, further including wayside means successively engaging
the traveling edge-retaining elements in their series at a part thereof,
or connected thereto, to effect or control said convergent or divergent
jaw movement.</scdesc>
<notes><note1 notenum = "(1)">
<para>Note.  Mere reference to the clamp manipulation in the disclosure
of the tentering operation, without even illustration of the manipulator,
will not serve for placement by disclosure alone of an original
patent into this subclass rather than parent subclass 93.</para></note1></notes></subclass>
<subclass subnum = "95" id = "C026S095000">
<sctitle>And mating pin series set:</sctitle>
<parent ref = "C026S093000" doc = "Class026.sgm">subclass 93</parent>
<scdesc>Apparatus in which the series includes a further series
of accompanying companion elements constructed to penetrate the
cloth at the edge(s).</scdesc>
<srchin>
<srecord><subnum ref = "C026S079000" doc = "Class026.sgm">79</subnum>
<descript><para>for a feeler resembling the clamp defined in this
subclass and further including means activating the pin members
of the series for cloth-edge penetration responsive to displacement
of that edge from the clamp-like feeler member of the series.</para></descript></srecord></srchin></subclass>
<subclass subnum = "96" id = "C026S096000">
<sctitle>Set is traveling pin series:</sctitle>
<parent ref = "C026S089000" doc = "Class026.sgm">subclass 89</parent>
<scdesc>Spreader in which the spreader members of the series penetrate
the running length edge increments.</scdesc>
<srchin>
<srecord><subnum ref = "C026S079000" doc = "Class026.sgm">79</subnum>
<descript><para>for a feeler resembling (temporary) clamp and matching
inboard pins, each of which latter is activated responsive to displacement
of the cloth edge increment from the former.</para></descript></srecord>
<srecord><subnum ref = "C026S095000" doc = "Class026.sgm">95</subnum>
<descript><para>for redundant series of clamp and companion pin
travelers which are volitionally selectively activatable.</para></descript></srecord></srchin></subclass>
<subclass subnum = "97" id = "C026S097000">
<sctitle>Roller spreader:</sctitle>
<parent ref = "C026S088000" doc = "Class026.sgm">subclass 88</parent>
<scdesc>Spreader including rotatable means dimensioned and positioned
to engage the traveling web increment at the selvage area only and effecting
outward spreading of the selvage by either (a) being mounted for
rotation about an axis parallel to the face of the web and at an acute
forward angle in the direction of the web travel or (b) mounted
for rotation about said parallel axis and being of such surface
configuration as to direct said selvage outwardly.</scdesc></subclass>
<subclass subnum = "98" id = "C026S098000">
<sctitle>Edge straightener; e.g., uncurler:</sctitle>
<parent ref = "C026S088000" doc = "Class026.sgm">subclass 88</parent>
<scdesc>Spreader which deflects the selvage area increments outwardly
to eliminate folds or wrinkles; e.g., forwardly and outwardly directed
air blast means, etc.</scdesc>
<srchin>
<srecord><subnum ref = "C026S097000" doc = "Class026.sgm">97</subnum>
<descript><para>immediately preceding, for an uncurler or dewrinkler
which is a selvage engaging roller spreader.</para></descript></srecord></srchin></subclass>
<subclass subnum = "99" id = "C026S099000">
<sctitle>Roller spreader:</sctitle>
<parent ref = "C026S087000" doc = "Class026.sgm">subclass 87</parent>
<scdesc>Spreader comprising a rotatable cylinder extending substantially
continuously thwart the entire width of the running length of cloth
and constructed to compel successive running half-width increments
oppositely outwardly from the common center.</scdesc>
<srchin>
<srecord><subnum ref = "C026S097000" doc = "Class026.sgm">97</subnum>
<descript><para>for roller spreader structure consisting of a pair
of roller members for the opposite edges.</para></descript></srecord>
<srecord><subnum range = "p" ref = "C026S099000" doc = "Class026.sgm">99</subnum>
<descript><para>for spreader roll structure extending across the
entire width of the running cloth web; see, for example subclass 100
or 102&plus; for spreader roll structure made of a plurality
of contiguous members extending clear across the width of the running
web; which members may include one which is central and merely passively
rolling with the cloth and outside ones acting to spread opposite
outside half increments.</para></descript></srecord></srchin>
<srchout>
<crecord><classnum ref = "C492S000000" doc = "Class492.sgm">492</classnum>
<subref><clstitle>Roll or Roller</clstitle>
<pretext></pretext></subref>
<descript><para>appropriate subclasses for a roll, per se, not elsewhere
provided for, and see the notes thereunder.</para></descript></crecord></srchout></subclass>
<subclass subnum = "100" id = "C026S100000">
<sctitle>Axially slidable sections:</sctitle>
<parent ref = "C026S099000" doc = "Class026.sgm">subclass 99</parent>
<scdesc>Spreader in which the rotatable cylinder includes members
which are coaxially shiftable relative to one another to provide
for (mutually opposite) outward displacement of the members correspondingly
to spread the cloth (half-width) increments.</scdesc>
<srchin>
<srecord><subnum ref = "C026S099000" doc = "Class026.sgm">99</subnum>
<descript><para>the principal subclass, for a roller spreader which
is stretchable to direct lateral half-width portion(s) outwardly
to spread the engaged cloth increments.</para></descript></srecord></srchin></subclass>
<subclass subnum = "101" id = "C026S101000">
<sctitle>Bowed:</sctitle>
<parent ref = "C026S099000" doc = "Class026.sgm">subclass 99</parent>
<scdesc>Spreader of a configuration increasingly to diverge from
the axis extending between its end supports, whereby the oppositely
outward spreading of the half-width increments of the running web
occurs by being: (a) wedge over the resulting intermediate bulged
configuration; or (b) directed outwardly by contact with a respective
one of resulting pair of oppositely forwardly angled members or
portions.</scdesc>
<srchin>
<srecord><subnum ref = "C026S097000" doc = "Class026.sgm">97</subnum>
<descript><para>for spreader structure in which each one of a pair
of forwardly obliquely angled members are located at respective
opposite selvages only (rather than substantially coextensively athwart
the entire width of the running length of the web.)</para></descript></srecord></srchin></subclass>
<subclass subnum = "102" id = "C026S102000">
<sctitle>Plural member roller:</sctitle>
<parent ref = "C026S101000" doc = "Class026.sgm">subclass 101</parent>
<scdesc>Spreader in which separate, coextensively contiguous members
constitute the forwardly obliquely angled spreader pair.</scdesc>
<notes><note1 notenum = "(1)">
<para>Note.  The separate members may, or may not, abut or be joined
at the common center by a separate third (idler) member.</para></note1></notes>
<srchin>
<srecord><subnum ref = "C026S097000" doc = "Class026.sgm">97</subnum>
<descript><para>for short, noncontiguous roller spreaders for engagement
with the selvage area(s) only of the traveling web.</para></descript></srecord>
<srecord><subnum ref = "C026S100000" doc = "Class026.sgm">100</subnum>
<descript><para>for separate coextensively contiguous members which
are axially aligned and therefore slidable relative to each other
along a common axis.</para></descript></srecord></srchin></subclass>
<subclass subnum = "103" id = "C026S103000">
<sctitle>Multi-spindle:</sctitle>
<parent ref = "C026S102000" doc = "Class026.sgm">subclass 102</parent>
<scdesc>Spreader in which the separate coextensively contiguous
members constitute a multiplicity; i.e., a plurality between each
opposite end to the common center, each member being self-adjustably
movable relative to the rest to permit rotation thereof notwithstanding
the overall bowed configuration.</scdesc>
<srchout>
<crecord><classnum ref = "C492S000000" doc = "Class492.sgm">492</classnum>
<subref><clstitle>Roll or Roller</clstitle>
<pretext></pretext>
<subnum range = "p" ref = "C492S016000" doc = "Class492.sgm">16</subnum></subref>
<descript><para> for a roll, per se, rotatable relative to its supporting
shaft, not elsewhere provided for.</para></descript></crecord></srchout></subclass>
<subclass subnum = "104" id = "C026S104000">
<sctitle>Covered:</sctitle>
<parent ref = "C026S103000" doc = "Class026.sgm">subclass 103</parent>
<scdesc>Spreader further including a flexible sheath enveloping
the multiplicity of rotating members.</scdesc></subclass>
<subclass subnum = "105" id = "C026S105000">
<sctitle>Bi-helical:</sctitle>
<parent ref = "C026S099000" doc = "Class026.sgm">subclass 99</parent>
<scdesc>Spreader in which the opposite outward spreading of the
running half-width increments is effected by contact with a respective
one of a pair of helical configurations about the periphery of the
roller, each winding oppositely outwardly from their common center.</scdesc>
<srchout>
<crecord><classnum ref = "C492S000000" doc = "Class492.sgm">492</classnum>
<subref><clstitle>Roll or Roller</clstitle>
<pretext></pretext>
<subnum range = "s" ref = "C492S035000" doc = "Class492.sgm">35</subnum></subref>
<descript><para> for a roll, per se, having helically aligned surface
projections, indentations, or slits, not elsewhere provided for.</para></descript></crecord></srchout></subclass>
<subclass subnum = "106" id = "C026S106000">
<sctitle>Including heater or dryer:</sctitle>
<parent ref = "C026S071000" doc = "Class026.sgm">subclass 71</parent>
<scdesc>Structure further provided with means to apply heat to the
fabric web, or to subject the web to a gaseous (i.e., steam) treatment;
e.g., to dry the fabric, etc.</scdesc>
<notes><note1 notenum = "(1)">
<para>Note.  By its position at the foot of this schedule (the last
coordinate under subclass 71), this subclass can accept as an original
the combination with a heater or dryer of cloth expanding structures which
are not spreaders.  This subclass is available, however, for the
cross-referencing of the combination of a heater or dryer with spreaders
of general construction; i.e., other than those of subclasses 81
and 92.</para></note1></notes>
<srchout>
<crecord><classnum ref = "C038S000000" doc = "Class038.sgm">38</classnum>
<subref><clstitle>Textiles:  Ironing or Smoothing</clstitle>
<pretext></pretext>
<subnum range = "s" ref = "C038S143000" doc = "Class038.sgm">143</subnum></subref>
<descript><para> for the combination of a stretcher and structure
peculiar to an ironer; e.g., means to manipulate the cloth through
the entrance end of the ironer, etc.</para></descript></crecord></srchout></subclass></sclasses>
</class>
