<?xml version="1.0" encoding="UTF-8"?>
<!DOCTYPE class PUBLIC "-//USPTO//DTD Classification Definitions//EN" "xclassdef.dtd" [

<!-- Begin Document Specific Declarations -->

<!-- End Document Specific Declarations -->

]>
<?xml-stylesheet href="classdef.xsl" type="text/XSL"?>

<class classnum = "147" id = "C147S000000"><title>COOPERING</title>
<sections><descsect>
<para>Includes machines which are used exclusively in the manufacture
of wooden barrels, fruit-boxes, baskets, or crates.  Coopering does
not include machines for sawing, bending, or planing staves or machines
for sawing, splitting, cutting, or coiling hoops, except such as
separate the hoops from a scored rod by racking or abruptly bending
the rod or which combine two or more operations in the production
of hoops, as planing and bending or planing and lapping or pointing.</para>
</descsect>
<scsect>
<srchout>
<crecord><classnum ref = "C029S000000" doc = "Class029.sgm">29</classnum>
<subref><clstitle>Metal Working</clstitle>
<pretext></pretext>
<subnum range = "r" ref = "C029S592000" doc = "Class029.sgm">592</subnum>
<endnum ref = "C029S559000" doc = "Class029.sgm">559</endnum></subref>
<descript><para> for a method of, and subclasses 700-283.5 for a machine
for, assembling articles, as those indicated in the note to Class
227 below, not elsewhere classified.</para></descript></crecord>
<crecord><classnum ref = "C083S000000" doc = "Class083.sgm">83</classnum>
<subref><clstitle>Cutting</clstitle>
<pretext></pretext></subref>
<descript><para>appropriate subclasses for stave-cutting devices.</para></descript></crecord>
<crecord><classnum ref = "C144S000000" doc = "Class144.sgm">144</classnum>
<subref><clstitle>Woodworking</clstitle>
<pretext></pretext>
<subnum range = "r" ref = "C144S114100" doc = "Class144.sgm">114.1</subnum>
<endnum ref = "C144S130200" doc = "Class144.sgm">130.2</endnum></subref>
<descript><para> for a machine for planing staves, subclasses 182-184
for a machine for skiving or splitting hoops, and subclasses 256.1-258
for a machines for bending staves.</para></descript></crecord>
<crecord><classnum ref = "C227S000000" doc = "Class227.sgm">227</classnum>
<subref><clstitle>Elongated-Member-Driving Apparatus</clstitle>
<pretext></pretext></subref>
<descript><para>appropriate subclasses for apparatus for assembling
a basket or barrel combined with means to apply a member, e.g.,
nail, etc., thereto.</para></descript></crecord></srchout>
</scsect></sections>
<sclasses>
<subclass subnum = "1" id = "C147S001000">
<sctitle>BARREL-MAKING MACHINES:</sctitle>
<parent ref = "C030S000000" doc = "Class030.sgm">the class definition</parent>
<scdesc>Machines which perform some operation not specifically classified
and those which do more than merely set up and truss a barrel. They
usually croze, howel, and head the barrel and sometimes plane it
off.</scdesc></subclass>
<subclass subnum = "2" id = "C147S002000">
<sctitle>SETTING-UP MACHINES:</sctitle>
<parent ref = "C030S000000" doc = "Class030.sgm">the class definition</parent>
<scdesc>Two circularly grooved end plates into which the staves
are fed until the grooves are filled.  Most of them shape the barrel,
and the staves are secured by truss-hoops.</scdesc></subclass>
<subclass subnum = "3" id = "C147S003000">
<sctitle>SETTING-UP FORMERS:</sctitle>
<parent ref = "C030S000000" doc = "Class030.sgm">the class definition</parent>
<scdesc>Frames within or around which the staves are arranged on
end and then confined by truss-hoops.</scdesc></subclass>
<subclass subnum = "4" id = "C147S004000">
<sctitle>BARREL-COMPRESSING MACHINES:</sctitle>
<parent ref = "C030S000000" doc = "Class030.sgm">the class definition</parent>
<scdesc>Machines for compressing the staves of barrels to receive
the truss-hoops.</scdesc></subclass>
<subclass subnum = "5" id = "C147S005000">
<sctitle>Cone:</sctitle>
<parent ref = "CD09S004000" doc = "ClassD09.sgm">subclass 4</parent>
<scdesc>Machines for compressing the staves of a barrel by means
of conical formers forced upon the ends of the barrel.  In some
instances, hoops are driven by the conical formers.</scdesc></subclass>
<subclass subnum = "6" id = "C147S006000">
<sctitle>HEADING MACHINES:</sctitle>
<parent ref = "C030S000000" doc = "Class030.sgm">the class definition</parent>
<scdesc>Machines which place the heads in the barrel and in some
instances form the barrel and insert the head.</scdesc>
<srchout>
<crecord><classnum ref = "C100S000000" doc = "Class100.sgm">100</classnum>
<subref><clstitle>Presses</clstitle>
<pretext></pretext>
<subnum range = "r" ref = "C100S054000" doc = "Class100.sgm">54</subnum>
<endnum ref = "C100S064000" doc = "Class100.sgm">64</endnum></subref>
<descript><para> for portable receptacle lid applying presses not
elsewhere provided for.</para></descript></crecord></srchout></subclass>
<subclass subnum = "7" id = "C147S007000">
<sctitle>Miscellaneous:</sctitle>
<parent ref = "C030S000000" doc = "Class030.sgm">the unnumbered
subclass, HOOP DRIVERS</parent>
<scdesc>Machines or implements which force hoops upon barrels by
mechanism, not otherwise specifically classified.</scdesc>
<srchout>
<crecord><classnum ref = "C100S000000" doc = "Class100.sgm">100</classnum>
<subref><clstitle>Presses</clstitle>
<pretext></pretext></subref>
<descript><para>appropriate subclasses for presses not elsewhere
provided for.</para></descript></crecord></srchout></subclass>
<subclass subnum = "8" id = "C147S008000">
<sctitle>Cam-operated:</sctitle>
<parent ref = "C030S000000" doc = "Class030.sgm">the unnumbered
subclass, HOOP DRIVERS</parent>
<scdesc>Machines which force the hoops upon barrels by means of
cam-gearing presses.</scdesc>
<srchout>
<crecord><classnum ref = "C100S000000" doc = "Class100.sgm">100</classnum>
<subref><clstitle>Presses</clstitle>
<pretext></pretext>
<subnum range = "r" ref = "C100S291000" doc = "Class100.sgm">291</subnum>
<endnum ref = "C100S292000" doc = "Class100.sgm">292</endnum></subref>
<descript><para> for reciprocating platen presses, not elsewhere
provided for, and in which a cam acts directly to actuate a platen.</para></descript></crecord></srchout></subclass>
<subclass subnum = "9" id = "C147S009000">
<sctitle>Hydraulic and steam:</sctitle>
<parent ref = "C030S000000" doc = "Class030.sgm">the unnumbered
subclass, HOOP DRIVERS</parent>
<scdesc>Machines which comprise hydraulic or steam presses for forcing
hoops upon the barrel.</scdesc>
<srchout>
<crecord><classnum ref = "C100S000000" doc = "Class100.sgm">100</classnum>
<subref><clstitle>Presses</clstitle>
<pretext></pretext>
<subnum range = "r" ref = "C100S26910" doc = "Class100.sgm">269.01</subnum>
<endnum ref = "C100S269210" doc = "Class100.sgm">269.21</endnum></subref>
<descript><para>for fluid actuated reciprocating platen presses,
not elsewhere provided for.</para></descript></crecord></srchout></subclass>
<subclass subnum = "10" id = "C147S010000">
<sctitle>Lever-operated:</sctitle>
<parent ref = "C030S000000" doc = "Class030.sgm">the unnumbered
subclass, HOOP DRIVERS</parent>
<scdesc>Machines which force hoops upon barrels by lever or crank
gearing.</scdesc>
<srchout>
<crecord><classnum ref = "C100S000000" doc = "Class100.sgm">100</classnum>
<subref><clstitle>Presses</clstitle>
<pretext></pretext>
<subnum range = "s" ref = "C100S293000" doc = "Class100.sgm">293</subnum></subref>
<descript><para> for reciprocating platen presses, not elsewhere
provided for, in which a lever acts directly upon a platen to actuate
it.</para></descript></crecord></srchout></subclass>
<subclass subnum = "11" id = "C147S011000">
<sctitle>Screw-operated:</sctitle>
<parent ref = "C030S000000" doc = "Class030.sgm">the unnumbered
subclass, HOOP DRIVERS</parent>
<scdesc>Machines which force hoops upon barrels by screw-gearing
presses.</scdesc>
<srchout>
<crecord><classnum ref = "C100S000000" doc = "Class100.sgm">100</classnum>
<subref><clstitle>Presses</clstitle>
<pretext></pretext>
<subnum range = "r" ref = "C100S289000" doc = "Class100.sgm">289</subnum>
<endnum ref = "C100S290000" doc = "Class100.sgm">290</endnum></subref>
<descript><para> for reciprocating platen presses having a screw
and a nut actuator and not elsewhere provided for.</para></descript></crecord></srchout></subclass>
<subclass subnum = "12" id = "C147S012000">
<sctitle>Weight:</sctitle>
<parent ref = "C030S000000" doc = "Class030.sgm">the unnumbered
subclass, HOOP DRIVERS</parent>
<scdesc>Machines in which the hoops are forced upon barrels by the
impact of a falling weight.</scdesc>
<srchout>
<crecord><classnum ref = "C100S000000" doc = "Class100.sgm">100</classnum>
<subref><clstitle>Presses</clstitle>
<pretext></pretext>
<subnum range = "r" ref = "C100S265000" doc = "Class100.sgm">265</subnum>
<endnum ref = "C100S268000" doc = "Class100.sgm">268</endnum></subref>
<descript><para> for reciprocating platen presses, not elsewhere
provided for, having a spring or weight actuator.</para></descript></crecord></srchout></subclass>
<subclass subnum = "13" id = "C147S013000">
<sctitle>Rotary cutter head:</sctitle>
<parent ref = "C030S000000" doc = "Class030.sgm">the unnumbered
subclass, Clamped barrel</parent>
<scdesc>The barrel is clamped in a nonrotating clamp, and a rotary cutter-head
carried by a frame which rotates on an axis concentric with the
axis of the barrel cuts the croze, howel, or chamfer.</scdesc></subclass>
<subclass subnum = "14" id = "C147S014000">
<sctitle>Expansible cutter head:</sctitle>
<parent ref = "C030S000000" doc = "Class030.sgm">the unnumbered
subclass, Rotating barrel</parent>
<scdesc>Machines in which the barrel is rotated on its axis and
while rotating cutting-tools are projected radially from a fixed
head to croze, howel, or chamfer the staves.</scdesc></subclass>
<subclass subnum = "15" id = "C147S015000">
<sctitle>Rotary cutter head:</sctitle>
<parent ref = "C030S000000" doc = "Class030.sgm">the unnumbered
subclass, Rotating barrel</parent>
<scdesc>Machines in which the staves of the rotating barrel are
successively brought into engagement with a rotary cutter-head for
cutting the croze, howel, or chamfer.</scdesc></subclass>
<subclass subnum = "16" id = "C147S016000">
<sctitle>Sliding tool:</sctitle>
<parent ref = "C030S000000" doc = "Class030.sgm">the unnumbered
subclass, Rotating barrel</parent>
<scdesc>Machines in which the cutter is carried upon a slide or
rest and which is projected into the rotating barrel for cutting
the croze, howel, or chamfer.</scdesc>
<srchin>
<srecord><subnum ref = "C147S014000" doc = "Class147.sgm">14</subnum>
<descript><para>for expansible cutter head.</para></descript></srecord></srchin></subclass>
<subclass subnum = "17" id = "C147S017000">
<sctitle>Swinging tool:</sctitle>
<parent ref = "C030S000000" doc = "Class030.sgm">the unnumbered
subclass, Rotating barrel</parent>
<scdesc>Machines in which a tool carried by a swinging rest is brought
into engagement with the staves of the barrel as it is rotated on
its axis for cutting the croze, howel, or chamfer.</scdesc></subclass>
<subclass subnum = "18" id = "C147S018000">
<sctitle>Miscellaneous:</sctitle>
<parent ref = "C030S000000" doc = "Class030.sgm">the unnumbered
subclass, CROZING STAVES</parent>
<scdesc>Machines which are designed for cutting the croze, howel,
or chamfer of staves before the barrel is formed and which are not
otherwise specifically classified.</scdesc></subclass>
<subclass subnum = "19" id = "C147S019000">
<sctitle>Endless stave carriage:</sctitle>
<parent ref = "C030S000000" doc = "Class030.sgm">the unnumbered
subclass, Rotary cutter</parent>
<scdesc>Machines having an endless feeding device for feeding the staves
against a rotary cutter journaled in fixed bearings.</scdesc></subclass>
<subclass subnum = "20" id = "C147S020000">
<sctitle>Sliding stave carriage:</sctitle>
<parent ref = "C030S000000" doc = "Class030.sgm">the unnumbered
subclass, Rotary cutter</parent>
<scdesc>Machines in which the stave is carried upon a sliding support
into engagement with a rotary cutter.</scdesc></subclass>
<subclass subnum = "21" id = "C147S021000">
<sctitle>Swinging stave carriage:</sctitle>
<parent ref = "C030S000000" doc = "Class030.sgm">the unnumbered
subclass, Rotary cutter</parent>
<scdesc>Machines in which the stave is carried into engagement with a
rotary cutter by means of a swinging stave-supporting frame.</scdesc></subclass>
<subclass subnum = "22" id = "C147S022000">
<sctitle>Swinging:</sctitle>
<parent ref = "C030S000000" doc = "Class030.sgm">the unnumbered
subclass, Rotary cutter</parent>
<scdesc>Machines in which the crozing, howeling, or chamfering cutter
is journaled in a swinging support.</scdesc></subclass>
<subclass subnum = "23" id = "C147S023000">
<sctitle>Sliding knife:</sctitle>
<parent ref = "C030S000000" doc = "Class030.sgm">the unnumbered
subclass, CROZING STAVES</parent>
<scdesc>Machines for crozing staves in which the stave is immovably
supported and the croze, howel, or chamfer is cut by a knife carried
in a reciprocating carrier.</scdesc></subclass>
<subclass subnum = "24" id = "C147S024000">
<sctitle>Hand crozes:</sctitle>
<parent ref = "C030S000000" doc = "Class030.sgm">the unnumbered
subclass, CROZING AND CHAMFERING BARRELS</parent>
<scdesc>Short curved places constructed to cut the croze, chamfer,
or howel in trussed barrels.</scdesc></subclass>
<subclass subnum = "25" id = "C147S025000">
<sctitle>Miscellaneous:</sctitle>
<parent ref = "C030S000000" doc = "Class030.sgm">the unnumbered
subclass, JOINTING STAVES</parent>
<scdesc>Machines for beveling and tapering the adjoining edges of
barrel-staves by jointing-machines not otherwise designated.</scdesc></subclass>
<subclass subnum = "26" id = "C147S026000">
<sctitle>Vertically movable bed:</sctitle>
<parent ref = "C030S000000" doc = "Class030.sgm">the unnumbered
subclass, Inclined molding heads</parent>
<scdesc>Machines for beveling and tapering the adjoining edges of
staves by mechanism which lowers and raises the work-carrying platform
as it passes between inclined or tapered revolving cutters.</scdesc></subclass>
<subclass subnum = "27" id = "C147S027000">
<sctitle>Pattern feed:</sctitle>
<parent ref = "C030S000000" doc = "Class030.sgm">the unnumbered
subclass, Rotary cutter</parent>
<scdesc>Machines for beveling and tapering the adjoining edges of barrel-staves
by means of rotary cutters mounted in movable bearings controlled
by reciprocating patterns or rotating cams.</scdesc></subclass>
<subclass subnum = "28" id = "C147S028000">
<sctitle>Converging saws:</sctitle>
<parent ref = "C030S000000" doc = "Class030.sgm">the unnumbered
subclass, JOINTING STAVES</parent>
<scdesc>Machines for beveling and tapering the adjoining edges of
barrel-staves by means of saws placed at an inclination to each
other.</scdesc></subclass>
<subclass subnum = "29" id = "C147S029000">
<sctitle>Disk cutter head:</sctitle>
<parent ref = "C030S000000" doc = "Class030.sgm">the unnumbered
subclass, JOINTING STAVES</parent>
<scdesc>Machines for beveling and tapering the adjoining edges of
barrel-staves by means of large rotating disks provided with knives
in their faces.</scdesc></subclass>
<subclass subnum = "30" id = "C147S030000">
<sctitle>Sliding carriage:</sctitle>
<parent ref = "C030S000000" doc = "Class030.sgm">the unnumbered
subclass, Single saw</parent>
<scdesc>Machines for beveling and tapering the adjoining edges of
barrel-staves in which the stock is supported by a movable carriage
controlled in movement past a single saw by a guiding-track.</scdesc>
<notes><note1 notenum = "(1)">
<para>Note.  Stave-jointing machines in which the stock slides past
a single saw and in contact with an adjustable guide are included
in this subclass.</para></note1></notes></subclass>
<subclass subnum = "31" id = "C147S031000">
<sctitle>Tilting carriage:</sctitle>
<parent ref = "C030S000000" doc = "Class030.sgm">the unnumbered
subclass, Single saw</parent>
<scdesc>Machines for beveling and tapering the adjoining edges of
barrel-staves in which the stock is supported by a longitudinally-movable
carriage capable of being tilted on trunnions which are located
in the extended plane of the saw.</scdesc></subclass>
<subclass subnum = "32" id = "C147S032000">
<sctitle>Slicing knife:</sctitle>
<parent ref = "C030S000000" doc = "Class030.sgm">the unnumbered
subclass, JOINTING STAVES</parent>
<scdesc>Machines for beveling and tapering the adjoining edges of
barrel-staves by means of a suitable guiding-support and a reciprocating slicing-knife.</scdesc>
<srchout>
<crecord><classnum ref = "C144S000000" doc = "Class144.sgm">144</classnum>
<subref><clstitle>Woodworking</clstitle>
<pretext></pretext>
<subnum range = "r" ref = "C144S162100" doc = "Class144.sgm">162.1</subnum>
<endnum ref = "C144S181300" doc = "Class144.sgm">181.3</endnum></subref>
<descript><para> for a wood slicer, generally.</para></descript></crecord></srchout></subclass>
<subclass subnum = "33" id = "C147S033000">
<sctitle>Sliding plane:</sctitle>
<parent ref = "C030S000000" doc = "Class030.sgm">the unnumbered
subclass, JOINTING STAVES</parent>
<scdesc>Machines for beveling and tapering the adjoining edges of
barrel-staves by means of reciprocating planes or shaving-tools
which are made to follow the contour of a templet or pattern.</scdesc></subclass>
<subclass subnum = "34" id = "C147S034000">
<sctitle>Curved guide:</sctitle>
<parent ref = "C030S000000" doc = "Class030.sgm">the unnumbered
subclass, Traveling saw</parent>
<scdesc>Machines for beveling and tapering the adjoining edges of barrel-staves
by means of a saw journaled in a movable frame controlled in its
movement by a curved guide.  The stock is clamped to a stationary
support while being operated upon.</scdesc></subclass>
<subclass subnum = "35" id = "C147S035000">
<sctitle>Longitudinal cutter cylinder:</sctitle>
<parent ref = "C030S000000" doc = "Class030.sgm">the unnumbered
subclass, JOINTING STAVES</parent>
<scdesc>Machines for beveling and tapering the adjacent edges of
laterally fed barrel-staves by knives placed longitudinally in the
periphery of a rotating cylinder.</scdesc></subclass>
<subclass subnum = "35.5" id = "C147S035500">
<sctitle>SHAPING STAVES:</sctitle>
<parent ref = "C030S000000" doc = "Class030.sgm">the class definition</parent>
<scdesc>Machines for finishing staves with convex outer and concave
inner surfaces; also, machines for reducing the thickness of staves between
their ends, so that they may be more readily bent to give the proper
bulge to the barrel.</scdesc></subclass>
<subclass subnum = "36" id = "C147S036000">
<sctitle>Miscellaneous:</sctitle>
<parent ref = "C030S000000" doc = "Class030.sgm">the unnumbered
subclass, BARREL HEAD-MAKING</parent>
<scdesc>Machines for cutting out barrel-heads and shaping the edge
thereof to fit the barrel-croze.  A few of these machines also plane
the heads or bore the joints for dowel-pins.</scdesc>
<notes><note1 notenum = "(1)">
<para>Note.  This subclass comprises machines for forming barrel-heads
which are not otherwise specifically classified.</para></note1></notes></subclass>
<subclass subnum = "37" id = "C147S037000">
<sctitle>Rotary scribing tool:</sctitle>
<parent ref = "C030S000000" doc = "Class030.sgm">the unnumbered
subclass, Fixed chuck</parent>
<scdesc>Machines for holding barrel-head stock concentric with a knife
or cutting-tool carried on a rotary arm.</scdesc>
<srchout>
<crecord><classnum ref = "C144S000000" doc = "Class144.sgm">144</classnum>
<subref><clstitle>Woodworking</clstitle>
<pretext></pretext>
<subnum range = "s" ref = "C144S150000" doc = "Class144.sgm">150</subnum></subref>
<descript><para> for woodworking by a rotary disk cutter of the
end thrust type.</para></descript></crecord></srchout></subclass>
<subclass subnum = "38" id = "C147S038000">
<sctitle>Rotary saw:</sctitle>
<parent ref = "C030S000000" doc = "Class030.sgm">the unnumbered
subclass, BARREL HEAD-MAKING</parent>
<scdesc>Machines in which the stock is carried by a rotating chuck
into engagement with a rotary saw (plane or dished).</scdesc></subclass>
<subclass subnum = "39" id = "C147S039000">
<sctitle>Chisel cutter:</sctitle>
<parent ref = "C030S000000" doc = "Class030.sgm">the unnumbered
subclass, Rotary chuck</parent>
<scdesc>Lathe-like machines exclusively adapted for forming barrel-heads.</scdesc></subclass>
<subclass subnum = "40" id = "C147S040000">
<sctitle>Double molding cutter:</sctitle>
<parent ref = "C030S000000" doc = "Class030.sgm">the unnumbered
subclass, Rotary chuck</parent>
<scdesc>Machines in which the stock is carried by a rotary chuck
and is operated upon by rotating molding-cutters.</scdesc></subclass>
<subclass subnum = "41" id = "C147S041000">
<sctitle>Hand scribers:</sctitle>
<parent ref = "C030S000000" doc = "Class030.sgm">the unnumbered
subclass, BARREL HEAD-MAKING</parent>
<scdesc>Cutting-tools comprising a radial arm carrying at one end
a centering-pin and near its outer end a cutting-tool to be operated
by hand.</scdesc></subclass>
<subclass subnum = "42" id = "C147S042000">
<sctitle>CHAMFERING TOOLS:</sctitle>
<parent ref = "C030S000000" doc = "Class030.sgm">the class definition</parent>
<scdesc>Tools for chamfering the staves when set up in barrel form.</scdesc></subclass>
<subclass subnum = "43" id = "C147S043000">
<sctitle>Miscellaneous:</sctitle>
<parent ref = "C030S000000" doc = "Class030.sgm">the unnumbered
subclass, HOOP MACHINES</parent>
<scdesc>Machines which perform two or more consecutive operations
peculiar to the production of hoops, such as planing and bending,
planing and lapping, or planing and pointing, etc.</scdesc>
<srchout>
<crecord><classnum ref = "C144S000000" doc = "Class144.sgm">144</classnum>
<subref><clstitle>Woodworking</clstitle>
<pretext></pretext>
<subnum range = "s" ref = "C144S041000" doc = "Class144.sgm">41</subnum></subref>
<descript><para> for a machine for sawing and planing of wood, generally.</para></descript></crecord></srchout></subclass>
<subclass subnum = "44" id = "C147S044000">
<sctitle>Racking:</sctitle>
<parent ref = "C030S000000" doc = "Class030.sgm">the unnumbered
subclass, HOOP MACHINES</parent>
<scdesc>Machines in which bars of wood, checked or split at one
end, are separated into hoops by abruptly bending the bars progressively
from the checked ends toward the opposite ends.</scdesc></subclass>
<subclass subnum = "45" id = "C147S045000">
<sctitle>Lapping and pointing:</sctitle>
<parent ref = "C030S000000" doc = "Class030.sgm">the unnumbered
subclass, HOOP MACHINES</parent>
<scdesc>Machines which cut the bevels and point the ends of hoops.</scdesc>
<srchin>
<srecord><subnum ref = "C147S046000" doc = "Class147.sgm">46</subnum>
<descript><para>for lock-cutting machines.</para></descript></srecord></srchin>
<srchout>
<crecord><classnum ref = "C144S000000" doc = "Class144.sgm">144</classnum>
<subref><clstitle>Woodworking</clstitle>
<pretext></pretext>
<subnum range = "s" ref = "C144S147000" doc = "Class144.sgm">147</subnum></subref>
<descript><para> for woodworking shaper machine which uses a reciprocating
knife.</para></descript></crecord></srchout></subclass>
<subclass subnum = "46" id = "C147S046000">
<sctitle>Lock-cutting:</sctitle>
<parent ref = "C030S000000" doc = "Class030.sgm">the unnumbered
subclass, HOOP MACHINES</parent>
<scdesc>Machines which cut the notches near the ends of hoops, whereby
the ends may be interlocked.</scdesc>
<srchin>
<srecord><subnum ref = "C147S045000" doc = "Class147.sgm">45</subnum>
<descript><para>for lapping and pointing machines.</para></descript></srecord></srchin>
<srchout>
<crecord><classnum ref = "C144S000000" doc = "Class144.sgm">144</classnum>
<subref><clstitle>Woodworking</clstitle>
<pretext></pretext>
<subnum range = "r" ref = "C144S075000" doc = "Class144.sgm">75</subnum>
<endnum ref = "C144S076000" doc = "Class144.sgm">76</endnum></subref>
<descript><para> for a woodworking mortising machine having a chisel,
and subclasses 147 for a woodworking shaping machine having a reciprocating knife.</para></descript></crecord></srchout></subclass>
<subclass subnum = "48" id = "C147S048000">
<sctitle>BASKET-FORMING:</sctitle>
<parent ref = "C030S000000" doc = "Class030.sgm">the class definition</parent>
<scdesc>Forms, male and female, for shaping baskets.  Formers for
shaping fruit-boxes and crates are also included.</scdesc></subclass>
<subclass subnum = "49" id = "C147S049000">
<sctitle>TRUSS HOOPS:</sctitle>
<parent ref = "C030S000000" doc = "Class030.sgm">the class definition</parent>
<scdesc>Temporary hoops forced upon the barrel to secure the staves
in barrel form until they become permanently bent and seasoned or dried.</scdesc></subclass></sclasses>
</class>
