<?xml version="1.0" encoding="UTF-8"?>
<!DOCTYPE class PUBLIC "-//USPTO//DTD Classification Definitions//EN" "xclassdef.dtd" [

<!-- Begin Document Specific Declarations -->

<!-- End Document Specific Declarations -->

]>
<?xml-stylesheet href="classdef.xsl" type="text/XSL"?>

<class classnum = "261" id = "C261S000000"><title>GAS AND LIQUID
CONTACT APPARATUS</title>
<sections><descsect>
<para>Apparatus specially adapted to produce an intimate contact
between gases and liquids to exchange properties or mutually modify
conditions.</para>
<notes><note1 notenum = "(1)">
<para>Note.  This class includes devices generally known as air
and gas washers, air-moisteners, carbonators, carburetors, jet-condensers,
coolers, heaters, and the like, operating by direct contact of the
two fluids.</para></note1></notes>
</descsect>
<linesect>
<para>Processes for gas separation by contacting a gaseous fluid
mixture with a liquid and processes of degasifying a liquid by stripping
with a gas are classified elsewhere, even if gas and liquid contact
apparatus is also claimed, which apparatus, if claimed alone, would
be classifiable in Class 261. See References to Other Classes, below.</para>
</linesect>
<scsect>
<srchout>
<crecord><classnum ref = "C043S000000" doc = "Class043.sgm">43</classnum>
<subref><clstitle>Fishing, Trapping, and Vermin Destroying</clstitle>
<pretext></pretext></subref>
<descript><para>appropriate subclasses for aerators permanently
associated with minnow buckets or in combination with significant
minnow bucket structure.</para></descript></crecord>
<crecord><classnum ref = "C062S000000" doc = "Class062.sgm">62</classnum>
<subref><clstitle>Refrigeration</clstitle>
<pretext></pretext>
<subnum range = "s" ref = "C062S121000" doc = "Class062.sgm">121</subnum></subref>
<descript><para> for processes specialized to cooling a material
involving gas-liquid contact, and subclasses 304&plus; for apparatus specialized
to cooling a material out of contact with the fluids undergoing
gas and liquid contact.</para></descript></crecord>
<crecord><classnum ref = "C095S000000" doc = "Class095.sgm">95</classnum>
<subref><clstitle>Gas Separation:  Processes</clstitle>
<pretext>see Lines With Other Classes. Processes for gas separation
by contacting a gaseous fluid mixture with a liquid and processes
of degasifying a liquid by stripping with a gas are classified elsewhere
in Class 95, Gas Separation: Processes, </pretext>
<subnum range = "p" ref = "C095S149000" doc = "Class095.sgm">149</subnum></subref>
<descript><para> and 241&plus;, respectively, even though gas
and liquid contact apparatus is also claimed, which apparatus, if
claimed alone, would be classifiable in Class 261.</para></descript></crecord>
<crecord><classnum ref = "C096S000000" doc = "Class096.sgm">96</classnum>
<subref><clstitle>Gas Separation:  Apparatus</clstitle>
<pretext></pretext></subref>
<descript><para>appropriate subclasses for apparatus used in separation
of a gas from a fluid mixture comprising (i) a gas and solid or
liquid particles entrained therein, (ii) a liquid and gas entrained
therein, or (iii) a plurality of gases are classified in Class 96,
Gas Separation:  Apparatus.  Class 261 will take apparatus for degasifying
liquid (e.g., deaerating feed water heater, etc.) wherein the liquid
is merely contacted with a gas in a chamber or space for deaeration
thereof; for apparatus wherein a gaseous fluid mixture is contacted with
a liquid spray, sheet, stream, or bath to precipitate dust or to
sorb a constituent from the gaseous fluid mixture; for apparatus
comprising a nonabsorbent element on which a gaseous fluid mixture
is contacted with a liquid if the element is continuously supplied
with a liquid or is continuously moved into and out of a liquid
bath or supply; and for apparatus comprising an absorbent porous
sheet or mass on which a gaseous fluid mixture is contacted with a
liquid if the sheet or mass is: (a) continuously supplied with liquid,
(b) cyclically or periodically moved through a liquid reservoir,
(c) maintained wet by liquid applying means, or (d) moistened by
maintaining some part of a continuous  wick type member immersed
in liquid, by following the law of the machine, or during normal
operation of a gas contacting function.</para>
<list><item>Note that under the provisions of (a) and (b) there
must be no affirmative means to dry the sheet or mass, nor means to
assure a dry condition of the sheet or mass before gas flow is resumed
or the sheet or mass is returned to the gas contacting position.
If apparatus for degasifying liquid by contact with a gas has other means
to cause gas separation of the liquid with gas entrained therein,
of the separated gas, or of the separated liquid, then the apparatus
is classified in Class 96.  If apparatus in which a gaseous fluid
mixture is contacted with a liquid to precipitate dust or to sorb
a constituent from the gaseous fluid mixture has other means to cause
gas separation or has means to treat the contact liquid, then the
apparatus is classified in Class 96.</item></list></descript>
<notes><note1 notenum = "(1)">
<para>Note. Apparatus for separating ammonia (NH<subscrpt>3</subscrpt>)
or acid anhydrides (CO<subscrpt>2</subscrpt>, SO<subscrpt>2</subscrpt>,
etc.) from a gas by mere contact with a liquid is classified in
Class 261.</para></note1></notes></crecord>
<crecord><classnum ref = "C110S000000" doc = "Class110.sgm">110</classnum>
<subref><clstitle>Furnaces</clstitle>
<pretext>appropriate subclasses for gas and liquid contact apparatus
in combination with significant furnace structure; particularly </pretext>
<subnum range = "r" ref = "C110S124000" doc = "Class110.sgm">124</subnum></subref>
<descript><para>, 127 and 128.</para></descript></crecord>
<crecord><classnum ref = "C122S000000" doc = "Class122.sgm">122</classnum>
<subref><clstitle>Liquid Heaters and Vaporizers</clstitle>
<pretext></pretext>
<subnum range = "r" ref = "C122S459000" doc = "Class122.sgm"> 459,</subnum></subref>
<descript><para> 479.1 and 487 for processes of desuperheating steam
by gas and liquid contact with or without claimed contact apparatus
which, per se, is classifiable in Class 261.</para></descript></crecord>
<crecord><classnum ref = "C202S000000" doc = "Class202.sgm">202</classnum>
<subref><clstitle>Distillation:  Apparatus</clstitle>
<pretext></pretext>
<subnum range = "p" ref = "C202S182000" doc = "Class202.sgm">182</subnum></subref>
<descript><para> for distilling apparatus combined with apparatus for
absorbing a gas in a liquid.</para></descript></crecord>
<crecord><classnum ref = "C222S000000" doc = "Class222.sgm">222</classnum>
<subref><clstitle>Dispensing</clstitle>
<pretext>appropriate subclasses, particularly </pretext>
<subnum range = "p" ref = "C222S394000" doc = "Class222.sgm">394</subnum></subref>
<descript><para> for apparatus which, in some cases, is disclosed
as gas and liquid contact apparatus but claims dispensing structure to
the exclusion of any arrangement to assist a contact operation.
 For a statement of the line, see Lines With Other Classes, Gas
or Vapor Dispensers, of the class definition of Class 222.</para></descript></crecord>
<crecord><classnum ref = "C239S000000" doc = "Class239.sgm">239</classnum>
<subref><clstitle>Fluid Sprinkling, Spraying, and Diffusing</clstitle>
<pretext></pretext>
<subnum range = "p" ref = "C239S034000" doc = "Class239.sgm">34</subnum></subref>
<descript><para> for liquid saturated absorbent masses for slowly
diffusing the liquid into a gas atmosphere, and see the class definition
of Class 239, Lines With Other Classes and Within This Class, Slow
Diffusers, for a statement of the lines between Classes 55, 239,
and 261.</para></descript></crecord>
<crecord><classnum ref = "C399S000000" doc = "Class399.sgm">399</classnum>
<subref><clstitle>Electrophotography</clstitle>
<pretext></pretext>
<subnum range = "s" ref = "C399S250000" doc = "Class399.sgm">250</subnum></subref>
<descript><para> for liquid carrier condensation of liquid developer
material within an electrophotographic device.</para></descript></crecord>
<crecord><classnum ref = "C435S000000" doc = "Class435.sgm">435</classnum>
<subref><clstitle>Chemistry:  Molecular Biology and Microbiology</clstitle>
<pretext></pretext></subref>
<descript><para>appropriate subclasses for processes of contacting
gases with liquids in operations that include fermentations or for
apparatus for use in such processes.</para></descript></crecord></srchout>
</scsect></sections>
<sclasses>
<subclass subnum = "1" id = "C261S001000">
<sctitle>MISCELLANEOUS:</sctitle>
<parent ref = "C261S000000" doc = "Class261.sgm">the class definition</parent>
<scdesc>Contact apparatus not specifically provided for below.</scdesc></subclass>
<subclass subnum = "2" id = "C261S002000">
<sctitle>WITH LIQUID SEPARATIONS:</sctitle>
<parent ref = "C261S000000" doc = "Class261.sgm">the class definition</parent>
<scdesc>Including means for separating liquids or solids from the
contact liquid.</scdesc>
<srchout>
<crecord><classnum ref = "C210S000000" doc = "Class210.sgm">210</classnum>
<subref><clstitle>Liquid Purification or Separation</clstitle>
<pretext>appropriate subclasses for means of general utility for
separating liquids from solids, particularly </pretext>
<subnum range = "p" ref = "C210S198100" doc = "Class210.sgm">198.1</subnum></subref>
<descript><para>, for means to add treating material.</para></descript></crecord></srchout></subclass>
<subclass subnum = "3" id = "C261S003000">
<sctitle>In circuit:</sctitle>
<parent ref = "C261S002000" doc = "Class261.sgm">subclass 2</parent>
<scdesc>The liquid-separating means interposed in a circuit between
the liquid-outlet and the liquid-inlet.</scdesc></subclass>
<subclass subnum = "4" id = "C261S004000">
<sctitle>On inlet:</sctitle>
<parent ref = "C261S002000" doc = "Class261.sgm">subclass 2</parent>
<scdesc>The liquid-separating means operating on incoming liquids.</scdesc></subclass>
<subclass subnum = "5" id = "C261S005000">
<sctitle>Filtering:</sctitle>
<parent ref = "C261S002000" doc = "Class261.sgm">subclass 2</parent>
<scdesc>The separator on the outlet including a filter.</scdesc>
<srchout>
<crecord><classnum ref = "C210S000000" doc = "Class210.sgm">210</classnum>
<subref><clstitle>Liquid Purification or Separation</clstitle>
<pretext></pretext>
<subnum range = "p" ref = "C210S348000" doc = "Class210.sgm">348</subnum></subref>
<descript><para> for filters of general utility.</para></descript></crecord></srchout></subclass>
<subclass subnum = "6" id = "C261S006000">
<sctitle>Unitary structure:</sctitle>
<parent ref = "C261S005000" doc = "Class261.sgm">subclass 5</parent>
<scdesc>The filter having structural relations with the contact
apparatus other than pipe connections.</scdesc></subclass>
<subclass subnum = "7" id = "C261S007000">
<sctitle>Decanting:</sctitle>
<parent ref = "C261S002000" doc = "Class261.sgm">subclass 2</parent>
<scdesc>The separator on the outlet comprising a decanter.</scdesc>
<srchout>
<crecord><classnum ref = "C210S000000" doc = "Class210.sgm">210</classnum>
<subref><clstitle>Liquid Purification or Separation</clstitle>
<pretext></pretext>
<subnum range = "p" ref = "C210S513000" doc = "Class210.sgm">513</subnum></subref>
<descript><para> for gravitational separators of general utility.</para></descript></crecord></srchout></subclass>
<subclass subnum = "8" id = "C261S008000">
<sctitle>Unitary structure:</sctitle>
<parent ref = "C261S007000" doc = "Class261.sgm">subclass 7</parent>
<scdesc>The decanter having structural relations with the contact
apparatus other than pipe connections.</scdesc></subclass>
<subclass subnum = "16" id = "C261S016000">
<sctitle>MULTIPLE GAS:</sctitle>
<parent ref = "C261S000000" doc = "Class261.sgm">the class definition</parent>
<scdesc>Two or more gases utilized differing from each other in
some essential quality.</scdesc></subclass>
<subclass subnum = "17" id = "C261S017000">
<sctitle>Furnace-gas type:</sctitle>
<parent ref = "C261S016000" doc = "Class261.sgm">subclass 16</parent>
<scdesc>At least one of the gases comprising products of combustion.</scdesc></subclass>
<subclass subnum = "18.1" id = "C261S018100">
<sctitle>MULTIPLE DIVERSE LIQUIDS:</sctitle>
<parent ref = "C261S000000" doc = "Class261.sgm">the class definition</parent>
<scdesc>Apparatus providing means for handling plural different
liquids.</scdesc></subclass>
<subclass subnum = "18.2" id = "C261S018200">
<sctitle>Water added to charge:</sctitle>
<parent ref = "C261S018100" doc = "Class261.sgm">subclass 18.1</parent>
<scdesc>Apparatus having means to add water to a charge.</scdesc></subclass>
<subclass subnum = "18.3" id = "C261S018300">
<sctitle>Multiple fuels:</sctitle>
<parent ref = "C261S018100" doc = "Class261.sgm">subclass 18.1</parent>
<scdesc>Apparatus providing means for handling plural liquid fuels.</scdesc></subclass>
<subclass subnum = "18.4" id = "C261S018400">
<sctitle>Antidetonant:</sctitle>
<parent ref = "C261S018100" doc = "Class261.sgm">subclass 18.1</parent>
<scdesc>Apparatus having means to add an antidetonant fluid.</scdesc></subclass>
<subclass subnum = "19" id = "C261S019000">
<sctitle>FLUID DISTRIBUTION:</sctitle>
<parent ref = "C261S000000" doc = "Class261.sgm">the class definition</parent>
<scdesc>Gas and liquid contact apparatus comprising special fluid-distributing
means, such as pumps, valves, pipes and receptacles.</scdesc>
<srchout>
<crecord><classnum ref = "C137S000000" doc = "Class137.sgm">137</classnum>
<subref><clstitle>Fluid Handling</clstitle>
<pretext></pretext></subref>
<descript><para>for fluid distribution and handling in general.</para></descript></crecord></srchout></subclass>
<subclass subnum = "20" id = "C261S020000">
<sctitle>Systems:</sctitle>
<parent ref = "C261S019000" doc = "Class261.sgm">subclass 19</parent>
<scdesc>A plurality of gas and liquid contact apparatuses connected
for conjoint operation.</scdesc></subclass>
<subclass subnum = "21" id = "C261S021000">
<sctitle>Series:</sctitle>
<parent ref = "C261S020000" doc = "Class261.sgm">subclass 20</parent>
<scdesc>With connections permitting gases and liquids to pass successively
from one contact apparatus to another.</scdesc></subclass>
<subclass subnum = "22" id = "C261S021000">
<sctitle>Gas connections:</sctitle>
<parent ref = "C261S020000" doc = "Class261.sgm">subclass 21</parent>
<scdesc>With connections permitting gases only to pass successively
from one contact apparatus to another.</scdesc></subclass>
<subclass subnum = "23.1" id = "C261S023100">
<sctitle>Parallel:</sctitle>
<parent ref = "C261S020000" doc = "Class261.sgm">subclass 20</parent>
<scdesc>Apparatus with connections permitting the fluids to pass
through contact apparatuses in parallel.</scdesc></subclass>
<subclass subnum = "23.2" id = "C261S023200">
<sctitle>Carburetors:</sctitle>
<parent ref = "C261S023100" doc = "Class261.sgm">subclass 23.1</parent>
<scdesc>Apparatus adapted to mix fuel and air.</scdesc></subclass>
<subclass subnum = "23.3" id = "C261S023300">
<sctitle>Stratified charge:</sctitle>
<parent ref = "C261S023200" doc = "Class261.sgm">subclass 23.2</parent>
<scdesc>Apparatus adapted to form both a rich mixture and a lean
mixture to be supplied to different portions of an engine cylinder.</scdesc></subclass>
<subclass subnum = "23.4" id = "C261S023400">
<sctitle>Rotary engine:</sctitle>
<parent ref = "C261S023200" doc = "Class261.sgm">subclass 23.2</parent>
<scdesc>Apparatus adapted to supply fuel to different portions of
a rotary engine cylinder.</scdesc></subclass>
<subclass subnum = "24" id = "C261S024000">
<sctitle>Pumping:</sctitle>
<parent ref = "C261S019000" doc = "Class261.sgm">subclass 19</parent>
<scdesc>Including use of pumps.</scdesc></subclass>
<subclass subnum = "25" id = "C261S025000">
<sctitle>Liquid operated:</sctitle>
<parent ref = "C261S024000" doc = "Class261.sgm">subclass 24</parent>
<scdesc>With gas-pumps operated by energy derived from the contact
liquids.</scdesc></subclass>
<subclass subnum = "26" id = "C261S026000">
<sctitle>Automatic control:</sctitle>
<parent ref = "C261S024000" doc = "Class261.sgm">subclass 24</parent>
<scdesc>Operation of pumps automatically controlled.</scdesc></subclass>
<subclass subnum = "27" id = "C261S027000">
<sctitle>Liquid inlet:</sctitle>
<parent ref = "C261S026000" doc = "Class261.sgm">subclass 26</parent>
<scdesc>Pump on the liquid-inlet.</scdesc></subclass>
<subclass subnum = "28" id = "C261S028000">
<sctitle>Gas and liquid:</sctitle>
<parent ref = "C261S024000" doc = "Class261.sgm">subclass 24</parent>
<scdesc>Including pumps for both liquids and gases.</scdesc></subclass>
<subclass subnum = "29" id = "C261S029000">
<sctitle>Liquid circuit:</sctitle>
<parent ref = "C261S028000" doc = "Class261.sgm">subclass 28</parent>
<scdesc>Including a circuit between the liquid outlet and inlet.</scdesc></subclass>
<subclass subnum = "30" id = "C261S030000">
<sctitle>Gas inlet:</sctitle>
<parent ref = "C261S024000" doc = "Class261.sgm">subclass 24</parent>
<scdesc>Utilizing a pump on the gas-inlet only.</scdesc></subclass>
<subclass subnum = "31" id = "C261S031000">
<sctitle>Churn type:</sctitle>
<parent ref = "C261S030000" doc = "Class261.sgm">subclass 30</parent>
<scdesc>Specially adapted for churning.</scdesc>
<srchout>
<crecord><classnum ref = "C366S000000" doc = "Class366.sgm">366</classnum>
<subref><clstitle>Agitating</clstitle>
<pretext></pretext>
<subnum range = "p" ref = "C366S164100" doc = "Class366.sgm">164.1</subnum></subref>
<descript><para> for an agitator in which air may be drawn in by
a suction produced by a stirrer.</para></descript></crecord></srchout></subclass>
<subclass subnum = "32" id = "C261S032000">
<sctitle>Rotary dasher:</sctitle>
<parent ref = "C261S031000" doc = "Class261.sgm">subclass 31</parent>
<scdesc>Including a rotary dasher.</scdesc></subclass>
<subclass subnum = "33" id = "C261S033000">
<sctitle>Reciprocating dasher:</sctitle>
<parent ref = "C261S031000" doc = "Class261.sgm">subclass 31</parent>
<scdesc>Including a reciprocating dasher.</scdesc></subclass>
<subclass subnum = "34.1" id = "C261S034100">
<sctitle>Liquid:</sctitle>
<parent ref = "C261S024000" doc = "Class261.sgm">subclass 24</parent>
<scdesc>Apparatus comprising a liquid pump.</scdesc></subclass>
<subclass subnum = "34.2" id = "C261S034200">
<sctitle>Accelerator pump:</sctitle>
<parent ref = "C261S034100" doc = "Class261.sgm">subclass 34.1</parent>
<scdesc>Apparatus adapted to pump fuel in response to operation
of accelerator linkage.</scdesc></subclass>
<subclass subnum = "34.3" id = "C261S034300">
<sctitle>With thermostatic control:</sctitle>
<parent ref = "C261S034200" doc = "Class261.sgm">subclass 34.2</parent>
<scdesc>Apparatus having means to control the quantity of liquid
pumped dependent on temperature.</scdesc></subclass>
<subclass subnum = "35" id = "C261S035000">
<sctitle>Gas operated:</sctitle>
<parent ref = "C261S034100" doc = "Class261.sgm">subclass 34.1</parent>
<scdesc>Pump operated by energy derived from contact-gases.</scdesc>
<srchin>
<srecord><subnum ref = "C261S025000" doc = "Class261.sgm">25</subnum>
<descript><para></para></descript></srecord></srchin></subclass>
<subclass subnum = "36.1" id = "C261S036100">
<sctitle>In circuit:</sctitle>
<parent ref = "C261S034100" doc = "Class261.sgm">subclass 34.1</parent>
<scdesc>Apparatus having a pathway (circuit) between the liquid
outlet and inlet.</scdesc></subclass>
<subclass subnum = "36.2" id = "C261S036200">
<sctitle>Carburetor:</sctitle>
<parent ref = "C261S036100" doc = "Class261.sgm">subclass 36.1</parent>
<scdesc>Apparatus wherein a carburetor is provided in the circuit.</scdesc></subclass>
<subclass subnum = "37" id = "C261S037000">
<sctitle>Inlet:</sctitle>
<parent ref = "C261S034100" doc = "Class261.sgm">subclass 34.1</parent>
<scdesc>Including a pump on liquid-inlet.</scdesc>
<srchin>
<srecord><subnum ref = "C261S027000" doc = "Class261.sgm">27</subnum>
<descript><para></para></descript></srecord></srchin></subclass>
<subclass subnum = "38" id = "C261S038000">
<sctitle>Valved:</sctitle>
<parent ref = "C261S038000" doc = "Class261.sgm">subclass 38</parent>
<scdesc>Including use of valves.</scdesc></subclass>
<subclass subnum = "39.1" id = "C261S039100">
<sctitle>Thermostatic:</sctitle>
<parent ref = "C261S038000" doc = "Class261.sgm">subclass 38</parent>
<scdesc>Apparatus including thermostatic control of valves.</scdesc>
<srchout>
<crecord><classnum ref = "C236S000000" doc = "Class236.sgm">236</classnum>
<subref><clstitle>Automatic Temperature and Humidity Regulation</clstitle>
<pretext></pretext></subref>
<descript><para>appropriate subclasses for valve elements.</para></descript></crecord></srchout></subclass>
<subclass subnum = "39.2" id = "C261S039200">
<sctitle>With carburetor expansible fluid actuating means:</sctitle>
<parent ref = "C261S039100" doc = "Class261.sgm">subclass 39.1</parent>
<scdesc>Apparatus wherein the thermostatic actuating means comprises
means (e.g., chamber, etc.) filled with an expansible fluid in a
carburetor.</scdesc></subclass>
<subclass subnum = "39.3" id = "C261S039300">
<sctitle>With carburetor bimetallic actuating means:</sctitle>
<parent ref = "C261S039100" doc = "Class261.sgm">subclass 39.1</parent>
<scdesc>Apparatus wherein a carburetor thermostatic actuating means
is bimetallic.</scdesc></subclass>
<subclass subnum = "39.4" id = "C261S039400">
<sctitle>Carburetor spring linkage with temperature element:</sctitle>
<parent ref = "C261S039100" doc = "Class261.sgm">subclass 39.1</parent>
<scdesc>Apparatus having spring means linkage between the thermostatic
actuating means and a carburetor valve.</scdesc></subclass>
<subclass subnum = "39.5" id = "C261S039500">
<sctitle>Without carburetor choke means:</sctitle>
<parent ref = "C261S039100" doc = "Class261.sgm">subclass 39.1</parent>
<scdesc>Apparatus wherein the thermostatic actuating means controls
a carburetor valve other than, or in addition to, a choke valve
on the inlet.</scdesc></subclass>
<subclass subnum = "39.6" id = "C261S039600">
<sctitle>With carburetor electrical heater:</sctitle>
<parent ref = "C261S039100" doc = "Class261.sgm">subclass 39.1</parent>
<scdesc>Apparatus involving a carburetor including electrical heating
means for supplying heat to the thermostatic actuating means.</scdesc></subclass>
<subclass subnum = "40" id = "C261S040000">
<sctitle>Multiple jet:</sctitle>
<parent ref = "C261S038000" doc = "Class261.sgm">subclass 38</parent>
<scdesc>Adapted for controlling contact apparatus including a plurality
of liquid-jets.</scdesc></subclass>
<subclass subnum = "41.1" id = "C261S041100">
<sctitle>Progressive:</sctitle>
<parent ref = "C261S040000" doc = "Class261.sgm">subclass 40</parent>
<scdesc>Apparatus wherein the jets are operated successively.</scdesc></subclass>
<subclass subnum = "41.2" id = "C261S041200">
<sctitle>With parallel carbureting passages:</sctitle>
<parent ref = "C261S041100" doc = "Class261.sgm">subclass 41.1</parent>
<scdesc>Apparatus with connectors permitting fluids to pass through
contact apparatuses in parallel passages.</scdesc></subclass>
<subclass subnum = "41.3" id = "C261S041300">
<sctitle>With control of plural passages:</sctitle>
<parent ref = "C261S041200" doc = "Class261.sgm">subclass 41.2</parent>
<scdesc>Apparatus with control of gas or mixture flow through at
least two of the carbureting passages (e.g., includes carburetors
with linkage connecting throttle valves in two or more barrels for
progressive operation, etc.).</scdesc></subclass>
<subclass subnum = "41.4" id = "C261S041400">
<sctitle>Multiple jet manual control:</sctitle>
<parent ref = "C261S041100" doc = "Class261.sgm">subclass 41.1</parent>
<scdesc>Apparatus with manual control of liquid flow through at
least one of the jets.</scdesc></subclass>
<subclass subnum = "41.5" id = "C261S041500">
<sctitle>By-pass opening beyond throttle:</sctitle>
<parent ref = "C261S041100" doc = "Class261.sgm">subclass 41.1</parent>
<scdesc>Apparatus wherein flow from at least one liquid jet discharges
into gas or mixture flow downstream of a gas or mixture throttle
valve (e.g., includes carburetor idle systems, etc.).</scdesc></subclass>
<subclass subnum = "42" id = "C261S042000">
<sctitle>Multiple valves:</sctitle>
<parent ref = "C261S038000" doc = "Class261.sgm">subclass 38</parent>
<scdesc>Comprising a plurality of valves controlling the fluids
at different points, such as the gas inlet and outlet, the liquid
inlet and outlet, gas and liquid by-pass, and at the place of contact.</scdesc>
<notes><note1 notenum = "(1)">
<para>Note.  Gas and liquid contact apparatus having a plurality
of valves at one point are not included.</para></note1></notes></subclass>
<subclass subnum = "43" id = "C261S043000">
<sctitle>Connected:</sctitle>
<parent ref = "C261S042000" doc = "Class261.sgm">subclass 42</parent>
<scdesc>The two or more valves connected for simultaneous operation.</scdesc></subclass>
<subclass subnum = "44.1" id = "C261S044100">
<sctitle>Contact space:</sctitle>
<parent ref = "C261S043000" doc = "Class261.sgm">subclass 43</parent>
<scdesc>Apparatus including a valve at the place of connected with
gas by-pass, gas-inlet, gas-outlet, or liquid-inlet valve.</scdesc>
<srchin>
<srecord><subnum ref = "C261S044200" doc = "Class261.sgm">44.2</subnum>
<descript><para>through 44.8, for carburetor gas-liquid contact
apparatus.</para></descript></srecord></srchin></subclass>
<subclass subnum = "44.2" id = "C261S044200">
<sctitle>Contact valve with hollow shaft supplying liquid:</sctitle>
<parent ref = "C261S044100" doc = "Class261.sgm">subclass 44.1</parent>
<scdesc>Apparatus which includes a valve at the place of gas-liquid
contact having a hollow shaft through which the liquid is supplied.</scdesc></subclass>
<subclass subnum = "44.3" id = "C261S044300">
<sctitle>Transversely reciprocating air or mixture valve:</sctitle>
<parent ref = "C261S044100" doc = "Class261.sgm">subclass 44.1</parent>
<scdesc>Apparatus which includes an air or mixture valve that reciprocates
transversely to the direction of the air or mixture flow.</scdesc></subclass>
<subclass subnum = "44.4" id = "C261S044400">
<sctitle>Suction operated:</sctitle>
<parent ref = "C261S044300" doc = "Class261.sgm">subclass 44.3</parent>
<scdesc>Apparatus wherein the air or mixture valve is moved by suction
usually engine, e.g., variable venturi type carburetor, etc.</scdesc></subclass>
<subclass subnum = "44.5" id = "C261S044500">
<sctitle>Longitudinally movable air or mixture valve:</sctitle>
<parent ref = "C261S044100" doc = "Class261.sgm">subclass 44.1</parent>
<scdesc>Apparatus having an air or mixture valve that moves in a
direction substantially parallel to the direction of mixture or
air flow.</scdesc></subclass>
<subclass subnum = "44.6" id = "C261S044600">
<sctitle>Rotating air or mixture valve:</sctitle>
<parent ref = "C261S044100" doc = "Class261.sgm">subclass 44.1</parent>
<scdesc>Apparatus having air or mixture valve movable in a rotatable
motion.</scdesc></subclass>
<subclass subnum = "44.7" id = "C261S044700">
<sctitle>Off-center pivoted:</sctitle>
<parent ref = "C261S044600" doc = "Class261.sgm">subclass 44.6</parent>
<scdesc>Apparatus wherein the air or mixture valve is pivoted off-center.</scdesc></subclass>
<subclass subnum = "44.8" id = "C261S044800">
<sctitle>Cylinder or plug-valve type:</sctitle>
<parent ref = "C261S044600" doc = "Class261.sgm">subclass 44.6</parent>
<scdesc>Apparatus wherein the air or mixture valve is either of
the plug valve type or forms part of a cylinder.</scdesc></subclass>
<subclass subnum = "44.9" id = "C261S044900">
<sctitle>Variable-shape passage:</sctitle>
<parent ref = "C261S044100" doc = "Class261.sgm">subclass 44.1</parent>
<scdesc>Apparatus having means capable of changing the shape of
the air intake conduit.</scdesc></subclass>
<subclass subnum = "45" id = "C261S045000">
<sctitle>Gas by-pass:</sctitle>
<parent ref = "C261S043000" doc = "Class261.sgm">subclass 43</parent>
<scdesc>Including a gas by-pass valve connected with gas-inlet,
gas-outlet, or liquid-inlet valve.</scdesc></subclass>
<subclass subnum = "46" id = "C261S046000">
<sctitle>With gas inlet:</sctitle>
<parent ref = "C261S045000" doc = "Class261.sgm">subclass 45</parent>
<scdesc>Including a gas by-pass connected with gas-inlet valve.</scdesc></subclass>
<subclass subnum = "47" id = "C261S047000">
<sctitle>With gas outlet:</sctitle>
<parent ref = "C261S045000" doc = "Class261.sgm">subclass 45</parent>
<scdesc>Including a gas by-pass connected with gas-outlet valve.</scdesc></subclass>
<subclass subnum = "48" id = "C261S048000">
<sctitle>With liquid inlet:</sctitle>
<parent ref = "C261S045000" doc = "Class261.sgm">subclass 45</parent>
<scdesc>Including a gas by-pass connected with liquid-inlet valve.</scdesc></subclass>
<subclass subnum = "49" id = "C261S049000">
<sctitle>Liquid inlet:</sctitle>
<parent ref = "C261S043000" doc = "Class261.sgm">subclass 43</parent>
<scdesc>Including a liquid-inlet valve connected with gas-inlet
or gas-outlet valve.</scdesc>
<srchin>
<srecord><subnum ref = "C261S048000" doc = "Class261.sgm">48</subnum>
<descript><para></para></descript></srecord></srchin></subclass>
<subclass subnum = "50.1" id = "C261S050100">
<sctitle>With gas inlet:</sctitle>
<parent ref = "C261S049000" doc = "Class261.sgm">subclass 49</parent>
<scdesc>Apparatus with gas inlet valve means connected with the
liquid inlet valve.</scdesc></subclass>
<subclass subnum = "50.2" id = "C261S050200">
<sctitle>Suction operated gas inlet valve:</sctitle>
<parent ref = "C261S050100" doc = "Class261.sgm">subclass 50.1</parent>
<scdesc>Apparatus wherein the gas inlet valve is suction operated.</scdesc></subclass>
<subclass subnum = "50.3" id = "C261S050300">
<sctitle>Noncarburetor:</sctitle>
<parent ref = "C261S050100" doc = "Class261.sgm">subclass 50.1</parent>
<scdesc>Apparatus not disclosed for mixing fuel and air.</scdesc></subclass>
<subclass subnum = "51" id = "C261S051000">
<sctitle>With gas outlet:</sctitle>
<parent ref = "C261S049000" doc = "Class261.sgm">subclass 49</parent>
<scdesc>Including a liquid-inlet connected with gas-outlet valve.</scdesc></subclass>
<subclass subnum = "52" id = "C261S052000">
<sctitle>Gas inlet and outlet:</sctitle>
<parent ref = "C261S043000" doc = "Class261.sgm">subclass 43</parent>
<scdesc>Including gas inlet and outlet valves.</scdesc></subclass>
<subclass subnum = "53" id = "C261S053000">
<sctitle>Contact space:</sctitle>
<parent ref = "C261S042000" doc = "Class261.sgm">subclass 42</parent>
<scdesc>Including a valve at the place of contact with gas by-pass,
gas-inlet, gas-outlet, or liquid-inlet valve.</scdesc>
<srchin>
<srecord><subnum ref = "C261S044100" doc = "Class261.sgm">44.1</subnum>
<descript><para></para></descript></srecord></srchin></subclass>
<subclass subnum = "54" id = "C261S054000">
<sctitle>Gas by-pass:</sctitle>
<parent ref = "C261S042000" doc = "Class261.sgm">subclass 42</parent>
<scdesc>Including a gas by-pass valve with gas-inlet, gas-outlet,
or liquid-inlet valve.</scdesc>
<srchin>
<srecord><subnum ref = "C261S045000" doc = "Class261.sgm">45</subnum>
<descript><para></para></descript></srecord></srchin></subclass>
<subclass subnum = "55" id = "C261S055000">
<sctitle>With gas inlet:</sctitle>
<parent ref = "C261S054000" doc = "Class261.sgm">subclass 54</parent>
<scdesc>Including a gas by-pass and gas-inlet valve.</scdesc>
<srchin>
<srecord><subnum ref = "C261S046000" doc = "Class261.sgm">46</subnum>
<descript><para></para></descript></srecord></srchin></subclass>
<subclass subnum = "56" id = "C261S056000">
<sctitle>With gas outlet:</sctitle>
<parent ref = "C261S054000" doc = "Class261.sgm">subclass 54</parent>
<scdesc>Including a gas by-pass and gas-outlet valve.</scdesc>
<srchin>
<srecord><subnum ref = "C261S047000" doc = "Class261.sgm">47</subnum>
<descript><para></para></descript></srecord></srchin></subclass>
<subclass subnum = "57" id = "C261S057000">
<sctitle>With liquid inlet:</sctitle>
<parent ref = "C261S054000" doc = "Class261.sgm">subclass 54</parent>
<scdesc>Including a gas by-pass and liquid-inlet valve.</scdesc>
<srchin>
<srecord><subnum ref = "C261S048000" doc = "Class261.sgm">48</subnum>
<descript><para></para></descript></srecord></srchin></subclass>
<subclass subnum = "58" id = "C261S058000">
<sctitle>Liquid inlet:</sctitle>
<parent ref = "C261S042000" doc = "Class261.sgm">subclass 42</parent>
<scdesc>Including a liquid-inlet valve and gas inlet or outlet valves.</scdesc>
<srchin>
<srecord><subnum ref = "C261S049000" doc = "Class261.sgm">49</subnum>
<descript><para>and 57.</para></descript></srecord></srchin></subclass>
<subclass subnum = "59" id = "C261S059000">
<sctitle>With gas inlet:</sctitle>
<parent ref = "C261S058000" doc = "Class261.sgm">subclass 58</parent>
<scdesc>Including a liquid-inlet and gas-inlet valve.</scdesc>
<srchin>
<srecord><subnum ref = "C261S050000" doc = "Class261.sgm">50</subnum>
<descript><para></para></descript></srecord></srchin></subclass>
<subclass subnum = "60" id = "C261S060000">
<sctitle>With gas outlet:</sctitle>
<parent ref = "C261S058000" doc = "Class261.sgm">subclass 58</parent>
<scdesc>Including a liquid-inlet and gas-outlet valve.</scdesc>
<srchin>
<srecord><subnum ref = "C261S051000" doc = "Class261.sgm">51</subnum>
<descript><para></para></descript></srecord></srchin></subclass>
<subclass subnum = "61" id = "C261S061000">
<sctitle>Gas inlet and outlet:</sctitle>
<parent ref = "C261S042000" doc = "Class261.sgm">subclass 42</parent>
<scdesc>Including gas inlet and outlet valves.</scdesc>
<srchin>
<srecord><subnum ref = "C261S052000" doc = "Class261.sgm">52</subnum>
<descript><para></para></descript></srecord></srchin></subclass>
<subclass subnum = "62" id = "C261S062000">
<sctitle>Contact space:</sctitle>
<parent ref = "C261S038000" doc = "Class261.sgm">subclass 38</parent>
<scdesc>Including a valve at the place of contact.</scdesc>
<srchin>
<srecord><subnum ref = "C261S044100" doc = "Class261.sgm">44.1</subnum>
<descript><para>and 53.</para></descript></srecord></srchin></subclass>
<subclass subnum = "63" id = "C261S063000">
<sctitle>Gas by-pass:</sctitle>
<parent ref = "C261S038000" doc = "Class261.sgm">subclass 38</parent>
<scdesc>Including a gas by-pass valve.</scdesc>
<srchin>
<srecord><subnum ref = "C261S045000" doc = "Class261.sgm">45</subnum>
<descript><para>46, 47,48, 54, 55, 56, and 57.</para></descript></srecord></srchin></subclass>
<subclass subnum = "64.1" id = "C261S064100">
<sctitle>Gas inlet:</sctitle>
<parent ref = "C261S038000" doc = "Class261.sgm">subclass 38</parent>
<scdesc>Apparatus including an inlet valve for gas.</scdesc></subclass>
<subclass subnum = "64.2" id = "C261S064200">
<sctitle>Anterior throttle:</sctitle>
<parent ref = "C261S064100" doc = "Class261.sgm">subclass 64.1</parent>
<scdesc>Apparatus wherein the gas inlet valve is an anterior throttle.</scdesc></subclass>
<subclass subnum = "64.3" id = "C261S064300">
<sctitle>Pressure control:</sctitle>
<parent ref = "C261S064100" doc = "Class261.sgm">subclass 64.1</parent>
<scdesc>Apparatus wherein the gas inlet valve is controlled by pressure
responsive means.</scdesc></subclass>
<subclass subnum = "64.4" id = "C261S064400">
<sctitle>Suction operated:</sctitle>
<parent ref = "C261S064100" doc = "Class261.sgm">subclass 64.1</parent>
<scdesc>Apparatus wherein the inlet valve is operated by suction
means.</scdesc></subclass>
<subclass subnum = "64.5" id = "C261S064500">
<sctitle>Float control:</sctitle>
<parent ref = "C261S064100" doc = "Class261.sgm">subclass 64.1</parent>
<scdesc>Apparatus wherein the gas inlet valve is controlled by float
means.</scdesc></subclass>
<subclass subnum = "64.6" id = "C261S064600">
<sctitle>Starting choke:</sctitle>
<parent ref = "C261S064100" doc = "Class261.sgm">subclass 64.1</parent>
<scdesc>Apparatus wherein the gas inlet valve comprised choke means
for starting.</scdesc></subclass>
<subclass subnum = "65" id = "C261S065000">
<sctitle>Gas outlet:</sctitle>
<parent ref = "C261S038000" doc = "Class261.sgm">subclass 38</parent>
<scdesc>Including a gas-outlet valve.</scdesc>
<srchin>
<srecord><subnum ref = "C261S047000" doc = "Class261.sgm">47</subnum>
<descript><para>51, 52, 56, 60, and 61.</para></descript></srecord></srchin></subclass>
<subclass subnum = "66" id = "C261S066000">
<sctitle>Liquid inlet:</sctitle>
<parent ref = "C261S038000" doc = "Class261.sgm">subclass 38</parent>
<scdesc>Including a liquid-inlet valve.</scdesc>
<srchin>
<srecord><subnum ref = "C261S048000" doc = "Class261.sgm">48</subnum>
<descript><para>49, 50,51, 53, 57, 58, 59, and 60.</para></descript></srecord></srchin></subclass>
<subclass subnum = "67" id = "C261S067000">
<sctitle>Plural:</sctitle>
<parent ref = "C261S066000" doc = "Class261.sgm">subclass 66</parent>
<scdesc>Including a plurality of valves on the liquid-inlet.</scdesc></subclass>
<subclass subnum = "68" id = "C261S068000">
<sctitle>Float and manual:</sctitle>
<parent ref = "C261S067000" doc = "Class261.sgm">subclass 67</parent>
<scdesc>Including both float and manually controlled valves.</scdesc></subclass>
<subclass subnum = "69.1" id = "C261S069100">
<sctitle>Gas pressure controlled:</sctitle>
<parent ref = "C261S066000" doc = "Class261.sgm">subclass 66</parent>
<scdesc>Apparatus which is regulated by pressure of the contact
gas.</scdesc></subclass>
<subclass subnum = "69.2" id = "C261S069200">
<sctitle>Wet diaphragm:</sctitle>
<parent ref = "C261S069100" doc = "Class261.sgm">subclass 69.1</parent>
<scdesc>Apparatus wherein a diaphragm motor is utilized having liquid
contacting one side of the diaphragm.</scdesc></subclass>
<subclass subnum = "70" id = "C261S070000">
<sctitle>Float controlled:</sctitle>
<parent ref = "C261S066000" doc = "Class261.sgm">subclass 66</parent>
<scdesc>Valve controlled by variations in liquid-level by means
of a float.</scdesc></subclass>
<subclass subnum = "71" id = "C261S071000">
<sctitle>Manual:</sctitle>
<parent ref = "C261S066000" doc = "Class261.sgm">subclass 66</parent>
<scdesc>Valve manually operated.</scdesc></subclass>
<subclass subnum = "72.1" id = "C261S072100">
<sctitle>Liquid supply tank:</sctitle>
<parent ref = "C261S019000" doc = "Class261.sgm">subclass 19</parent>
<scdesc>Device having a tank for holding a supply of liquid.</scdesc></subclass>
<subclass subnum = "72.2" id = "C261S072200">
<sctitle>Aviation carburetor:</sctitle>
<parent ref = "C261S072100" doc = "Class261.sgm">subclass 72.1</parent>
<scdesc>Device wherein the tank comprises a fuel bowl of a carburetor
supply fuel to an airplane engine.</scdesc></subclass>
<subclass subnum = "73" id = "C261S073000">
<sctitle>Barometric:</sctitle>
<parent ref = "C261S072100" doc = "Class261.sgm">subclass 72.1</parent>
<scdesc>Liquid-flow controlled by gas pressures.</scdesc></subclass>
<subclass subnum = "74" id = "C261S074000">
<sctitle>Contact receptacle:</sctitle>
<parent ref = "C261S019000" doc = "Class261.sgm">subclass 19</parent>
<scdesc>Receptacles specially adapted for gas and liquid contact
apparatus.</scdesc></subclass>
<subclass subnum = "75" id = "C261S075000">
<sctitle>CONTACT DEVICES:</sctitle>
<parent ref = "C261S000000" doc = "Class261.sgm">the class definition</parent>
<scdesc>Devices specially adapted to produce an intimate contact
between gases and liquids.</scdesc>
<srchout>
<crecord><classnum ref = "C516S000000" doc = "Class516.sgm">516</classnum>
<subref><clstitle>Colloid Systems and Wetting Agents; Subcombinations
Thereof; Processes of Making, Stabilizing, Breaking, or Inhibiting</clstitle>
<pretext></pretext>
<subnum range = "p" ref = "C516S001000" doc = "Class516.sgm">1</subnum></subref>
<descript><para> for continuous gas or vapor phase colloid system (e.g.,
smoke, fog, aerosol, cloud, mist, etc.) or agents for such systems
or making or stabilizing such systems or agents, when generically
claimed or when there is no hierarchically superior provision in
the USPC for the specifically claimed art.</para></descript></crecord></srchout></subclass>
<subclass subnum = "76" id = "C261S076000">
<sctitle>Injector type:</sctitle>
<parent ref = "C261S075000" doc = "Class261.sgm">subclass 75</parent>
<scdesc>Including an injector or two fluid concentric jet nozzle
for the contact fluids, with baffles, screens, or other mingling
or agitating devices.</scdesc>
<notes><note1 notenum = "(1)">
<para>Note.  See the class definition of Class 239, Fluid Sprinkling,
Spraying, and Diffusing, Lines With Other Classes, Lather Makers
and Slow Diffusers,  for the line between the two classes.</para></note1></notes>
<srchout>
<crecord><classnum ref = "C239S000000" doc = "Class239.sgm">239</classnum>
<subref><clstitle>Fluid Sprinkling, Spraying, and Diffusing</clstitle>
<pretext></pretext>
<subnum range = "r" ref = "C239S338000" doc = "Class239.sgm">338</subnum></subref>
<descript><para>, 340&plus; and 398&plus; for similar concentric
jet nozzles for mixing a plurality of fluids (one of which may be
a gas, the other a liquid) combined with a terminal element to spray
the mixture.</para></descript></crecord>
<crecord><classnum ref = "C417S000000" doc = "Class417.sgm">417</classnum>
<subref><clstitle>Pumps</clstitle>
<pretext></pretext>
<subnum range = "p" ref = "C417S151000" doc = "Class417.sgm">151</subnum></subref>
<descript><para>, for jet pumps.</para></descript></crecord></srchout></subclass>
<subclass subnum = "77" id = "C261S077000">
<sctitle>Submerged blast:</sctitle>
<parent ref = "C261S076000" doc = "Class261.sgm">subclass 76</parent>
<scdesc>The injector located in a tank through which the contact
liquid is circulated by the injector.</scdesc></subclass>
<subclass subnum = "78.1" id = "C261S078100">
<sctitle>Atomizer type:</sctitle>
<parent ref = "C261S075000" doc = "Class261.sgm">subclass 75</parent>
<scdesc>Devices including an atomizer or two-fluid intersecting
jet nozzle with baffles, screens, or other mingling or agitating
devices.</scdesc>
<srchout>
<crecord><classnum ref = "C239S000000" doc = "Class239.sgm">239</classnum>
<subref><clstitle>Fluid Sprinkling, Spraying, and Diffusing</clstitle>
<pretext></pretext>
<subnum range = "r" ref = "C239S338000" doc = "Class239.sgm">338</subnum></subref>
<descript><para>, 340&plus; and 398&plus; for similar intersecting
jet nozzles combined with a means to project the mixture.  See Class
239 definition, Lines With Other Classes, Lather Makers and Slow
Diffusers, for line between the subject matter of the subclasses.</para></descript></crecord>
<crecord><classnum ref = "C516S000000" doc = "Class516.sgm">516</classnum>
<subref><clstitle>Colloid Systems and Wetting Agents; Subcombinations
Thereof; Processes of Making, Stabilizing, Breaking, or Inhibiting</clstitle>
<pretext></pretext>
<subnum range = "p" ref = "C516S001000" doc = "Class516.sgm">1</subnum></subref>
<descript><para> for continuous gas or vapor phase colloid system (e.g.,
smoke, fog, aerosol, cloud, mist, etc.) or agents for such systems
or making or stabilizing such systems or agents, when generically
claimed or when there is no hierarchically superior provision in
the USPC for the specifically claimed art.</para></descript></crecord></srchout></subclass>
<subclass subnum = "78.2" id = "C261S078200">
<sctitle>Noncarburetor:</sctitle>
<parent ref = "C261S078100" doc = "Class261.sgm">subclass 78.1</parent>
<scdesc>Devices which are not carburetors for mixing fuel and air.</scdesc>
<srchout>
<crecord><classnum ref = "C516S000000" doc = "Class516.sgm">516</classnum>
<subref><clstitle>Colloid Systems and Wetting Agents; Subcombinations
Thereof; Processes of Making, Stabilizing, Breaking, or Inhibiting</clstitle>
<pretext></pretext>
<subnum range = "p" ref = "C516S001000" doc = "Class516.sgm">1</subnum></subref>
<descript><para> for continuous gas or vapor phase colloid system (e.g.,
smoke, fog, aerosol, cloud, mist, etc.) or agents for such systems
or making or stabilizing such systems or agents, when generically
claimed or when there is no hierarchically superior provision in
the USPC for the specifically claimed art.</para></descript></crecord></srchout></subclass>
<subclass subnum = "79.1" id = "C261S079100">
<sctitle>Rotating gases:</sctitle>
<parent ref = "C261S075000" doc = "Class261.sgm">subclass 75</parent>
<scdesc>Apparatus wherein gases are rotated or deflected into a
vortex during contact.</scdesc>
<srchout>
<crecord><classnum ref = "C239S000000" doc = "Class239.sgm">239</classnum>
<subref><clstitle>Fluid Sprinkling, Spraying, and Diffusing</clstitle>
<pretext>appropriate subclasses following </pretext>
<subnum range = "s" ref = "C239S461000" doc = "Class239.sgm">461</subnum></subref>
<descript><para> for whirler structures applicable in gas conduits.</para></descript></crecord></srchout></subclass>
<subclass subnum = "79.2" id = "C261S079200">
<sctitle>Noncarburetor:</sctitle>
<parent ref = "C261S079100" doc = "Class261.sgm">subclass 79.1</parent>
<scdesc>Apparatus other than a carburetor for mixing fuel and air.</scdesc></subclass>
<subclass subnum = "80" id = "C261S080000">
<sctitle>Traveling strip:</sctitle>
<parent ref = "C261S075000" doc = "Class261.sgm">subclass 75</parent>
<scdesc>Strips of flexible material or endless webs movable in contact
with gases and liquids.</scdesc>
<srchout>
<crecord><classnum ref = "C226S000000" doc = "Class226.sgm">226</classnum>
<subref><clstitle>Advancing Material of Indeterminate Length</clstitle>
<pretext></pretext>
<subnum range = "p" ref = "C226S097100" doc = "Class226.sgm">97.1</subnum></subref>
<descript><para> for fluid means to advance material of indeterminate
length.</para></descript></crecord>
<crecord><classnum ref = "C242S000000" doc = "Class242.sgm">242</classnum>
<subref><clstitle>Winding, Tensioning, or Guiding</clstitle>
<pretext>appropriate subclasses for more than a nominal supply or
take-up coil structure (e.g., a support for such a coil, a cooperative
relationship between a tension or exhaust detector, and reel driving
or reel stopping means, etc.), and </pretext>
<subnum range = "p" ref = "C242S615110" doc = "Class242.sgm">615.11</subnum></subref>
<descript><para> for a residual locus for a material fluid suspension guide
or guard.</para></descript></crecord></srchout></subclass>
<subclass subnum = "81" id = "C261S081000">
<sctitle>Reciprocating:</sctitle>
<parent ref = "C261S075000" doc = "Class261.sgm">subclass 75</parent>
<scdesc>Contact devices having a to-and-fro movement.</scdesc>
<srchin>
<srecord><subnum ref = "C261S033000" doc = "Class261.sgm">33</subnum>
<descript><para></para></descript></srecord></srchin></subclass>
<subclass subnum = "82" id = "C261S082000">
<sctitle>Piston:</sctitle>
<parent ref = "C261S081000" doc = "Class261.sgm">subclass 81</parent>
<scdesc>Including a reciprocating piston impelling the gases and
liquids into contact with baffles, screens or other mingling or
agitating devices.</scdesc></subclass>
<subclass subnum = "83" id = "C261S083000">
<sctitle>Rotating:</sctitle>
<parent ref = "C261S075000" doc = "Class261.sgm">subclass 75</parent>
<scdesc>Contact devices having a rotary movement. Including rotatable
contact receptacles.</scdesc>
<srchout>
<crecord><classnum ref = "C366S000000" doc = "Class366.sgm">366</classnum>
<subref><clstitle>Agitating</clstitle>
<pretext></pretext>
<subnum range = "p" ref = "C366S219000" doc = "Class366.sgm">219</subnum></subref>
<descript><para> for movable mixing chambers.</para></descript></crecord></srchout></subclass>
<subclass subnum = "84" id = "C261S084000">
<sctitle>Impeller:</sctitle>
<parent ref = "C261S083000" doc = "Class261.sgm">subclass 83</parent>
<scdesc>Contact devices comprising rotary impellers in a fixed receptacle.</scdesc>
<srchin>
<srecord><subnum ref = "C261S032000" doc = "Class261.sgm">32</subnum>
<descript><para></para></descript></srecord></srchin></subclass>
<subclass subnum = "85" id = "C261S085000">
<sctitle>Hollow shaft:</sctitle>
<parent ref = "C261S084000" doc = "Class261.sgm">subclass 84</parent>
<scdesc>The impeller-shaft adapted to conduct fluids.</scdesc></subclass>
<subclass subnum = "86" id = "C261S086000">
<sctitle>Gas trapping:</sctitle>
<parent ref = "C261S085000" doc = "Class261.sgm">subclass 85</parent>
<scdesc>The hollow shaft discharging gases from the receptacle,
the gases being trapped by the impellers.</scdesc></subclass>
<subclass subnum = "87" id = "C261S087000">
<sctitle>Gas delivering:</sctitle>
<parent ref = "C261S085000" doc = "Class261.sgm">subclass 85</parent>
<scdesc>The hollow shaft delivering gases to the receptacle.</scdesc></subclass>
<subclass subnum = "88" id = "C261S088000">
<sctitle>Liquid spraying:</sctitle>
<parent ref = "C261S085000" doc = "Class261.sgm">subclass 85</parent>
<scdesc>The hollow shaft delivering liquid to the impellers.</scdesc></subclass>
<subclass subnum = "89" id = "C261S089000">
<sctitle>Sprayed:</sctitle>
<parent ref = "C261S084000" doc = "Class261.sgm">subclass 84</parent>
<scdesc>Liquid delivered in the form of spray upon the impellers.</scdesc></subclass>
<subclass subnum = "90" id = "C261S090000">
<sctitle>Horizontal axis:</sctitle>
<parent ref = "C261S089000" doc = "Class261.sgm">subclass 89</parent>
<scdesc>The impellers rotating on a horizontal axis.</scdesc></subclass>
<subclass subnum = "91" id = "C261S091000">
<sctitle>Dipping:</sctitle>
<parent ref = "C261S084000" doc = "Class261.sgm">subclass 84</parent>
<scdesc>The impellers arranged to dip in a body of liquid in the
receptacle.</scdesc></subclass>
<subclass subnum = "92" id = "C261S092000">
<sctitle>Horizontal axis:</sctitle>
<parent ref = "C261S091000" doc = "Class261.sgm">subclass 91</parent>
<scdesc>The impellers rotating on a horizontal axis.</scdesc></subclass>
<subclass subnum = "93" id = "C261S093000">
<sctitle>Submerged blast:</sctitle>
<parent ref = "C261S084000" doc = "Class261.sgm">subclass 84</parent>
<scdesc>The impellers arranged to agitate a body of liquid into
which gases are discharged below the surface.</scdesc></subclass>
<subclass subnum = "94" id = "C261S094000">
<sctitle>Porous mass:</sctitle>
<parent ref = "C261S075000" doc = "Class261.sgm">subclass 75</parent>
<scdesc>Including a stationary porous mass of material (not a sheet)
in contact with liquids and gases.</scdesc>
<srchout>
<crecord><classnum ref = "C239S000000" doc = "Class239.sgm">239</classnum>
<subref><clstitle>Fluid Sprinkling, Spraying, and Diffusing</clstitle>
<pretext></pretext>
<subnum range = "p" ref = "C239S034000" doc = "Class239.sgm">34</subnum></subref>
<descript><para> for slow diffusers, per se.</para></descript></crecord>
<crecord><classnum ref = "C312S000000" doc = "Class312.sgm">312</classnum>
<subref><clstitle>Supports:  Cabinet Structure</clstitle>
<pretext></pretext>
<subnum range = "p" ref = "C312S031000" doc = "Class312.sgm">31</subnum></subref>
<descript><para>, particularly subclass 31.04.</para></descript></crecord></srchout></subclass>
<subclass subnum = "95" id = "C261S095000">
<sctitle>Surface contact:</sctitle>
<parent ref = "C261S094000" doc = "Class261.sgm">subclass 94</parent>
<scdesc>The gases flowing only in contact with the surface of the
mass.</scdesc></subclass>
<subclass subnum = "96" id = "C261S096000">
<sctitle>Gas-flow control:</sctitle>
<parent ref = "C261S094000" doc = "Class261.sgm">subclass 94</parent>
<scdesc>Including auxiliary devices for directing the flow of gases.</scdesc></subclass>
<subclass subnum = "97" id = "C261S097000">
<sctitle>Liquid-flow control:</sctitle>
<parent ref = "C261S094000" doc = "Class261.sgm">subclass 94</parent>
<scdesc>Including auxiliary devices for directing the flow of liquids.</scdesc></subclass>
<subclass subnum = "98" id = "C261S098000">
<sctitle>Spray:</sctitle>
<parent ref = "C261S097000" doc = "Class261.sgm">subclass 97</parent>
<scdesc>The liquids sprayed on the porous mass.</scdesc></subclass>
<subclass subnum = "99" id = "C261S099000">
<sctitle>Capillary feed:</sctitle>
<parent ref = "C261S097000" doc = "Class261.sgm">subclass 97</parent>
<scdesc>Liquids fed to porous mass by capillary attraction.</scdesc></subclass>
<subclass subnum = "100" id = "C261S100000">
<sctitle>Porous sheet:</sctitle>
<parent ref = "C261S075000" doc = "Class261.sgm">subclass 75</parent>
<scdesc>Including a stationary sheet of porous material moistened
with liquids in contact with gases.</scdesc>
<srchin>
<srecord><subnum ref = "C261S080000" doc = "Class261.sgm">80</subnum>
<descript><para></para></descript></srecord></srchin>
<srchout>
<crecord><classnum ref = "C239S000000" doc = "Class239.sgm">239</classnum>
<subref><clstitle>Fluid Sprinkling, Spraying, and Diffusing</clstitle>
<pretext></pretext>
<subnum range = "p" ref = "C239S034000" doc = "Class239.sgm">34</subnum></subref>
<descript><para> for slow diffusers, per se.</para></descript></crecord>
<crecord><classnum ref = "C312S000000" doc = "Class312.sgm">312</classnum>
<subref><clstitle>Supports:  Cabinet Structure</clstitle>
<pretext></pretext>
<subnum range = "p" ref = "C312S031000" doc = "Class312.sgm">31</subnum></subref>
<descript><para>, particularly subclasses 31.05&plus;.</para></descript></crecord></srchout></subclass>
<subclass subnum = "101" id = "C261S101000">
<sctitle>Surface contact:</sctitle>
<parent ref = "C261S100000" doc = "Class261.sgm">subclass 100</parent>
<scdesc>The gas coming only in contact with the sheet surface, i.e.,
does not necessarily pass through the same.</scdesc></subclass>
<subclass subnum = "102" id = "C261S102000">
<sctitle>Gas-flow control:</sctitle>
<parent ref = "C261S101000" doc = "Class261.sgm">subclass 101</parent>
<scdesc>Including auxiliary devices for directing the flow of gases.</scdesc></subclass>
<subclass subnum = "103" id = "C261S103000">
<sctitle>Liquid downflow:</sctitle>
<parent ref = "C261S101000" doc = "Class261.sgm">subclass 101</parent>
<scdesc>Including auxiliary devices for directing liquids downward
to the porous sheet.</scdesc>
<srchout>
<crecord><classnum ref = "C312S000000" doc = "Class312.sgm">312</classnum>
<subref><clstitle>Supports:  Cabinet Structure</clstitle>
<pretext></pretext>
<subnum range = "r" ref = "C312S03150" doc = "Class312.sgm">31.05</subnum>
<endnum ref = "C312S03106" doc = "Class312">31.06</endnum></subref>
<descript><para> for liquid downflow porous sheet devices which
form a material holding chamber and which are associated with significant
chamber structure, such as shelves, racks, or doors.</para></descript></crecord></srchout></subclass>
<subclass subnum = "104" id = "C261S104000">
<sctitle>Capillary feed:</sctitle>
<parent ref = "C261S101000" doc = "Class261.sgm">subclass 101</parent>
<scdesc>Liquids fed upward to porous sheets by capillary attraction.</scdesc>
<srchout>
<crecord><classnum ref = "C312S000000" doc = "Class312.sgm">312</classnum>
<subref><clstitle>Supports:  Cabinet Structure</clstitle>
<pretext></pretext>
<subnum range = "s" ref = "C312S03150" doc = "Class312.sgm">31.05</subnum></subref>
<descript><para> for capillary upfeed porous sheet devices which
form a material holding chamber and which are associated with significant
chamber structure, such as shelves, racks, or doors.</para></descript></crecord></srchout></subclass>
<subclass subnum = "105" id = "C261S105000">
<sctitle>Gas-flow control:</sctitle>
<parent ref = "C261S100000" doc = "Class261.sgm">subclass 100</parent>
<scdesc>Including auxiliary devices for directing the flow of gases.</scdesc>
<srchin>
<srecord><subnum ref = "C261S102000" doc = "Class261.sgm">102</subnum>
<descript><para></para></descript></srecord></srchin></subclass>
<subclass subnum = "106" id = "C261S106000">
<sctitle>Liquid downflow:</sctitle>
<parent ref = "C261S100000" doc = "Class261.sgm">subclass 100</parent>
<scdesc>Including auxiliary devices for directing liquids downward
to the porous sheet.</scdesc>
<srchin>
<srecord><subnum ref = "C261S103000" doc = "Class261.sgm">103</subnum>
<descript><para>and see the note thereunder.</para></descript></srecord></srchin></subclass>
<subclass subnum = "107" id = "C261S107000">
<sctitle>Capillary feed:</sctitle>
<parent ref = "C261S100000" doc = "Class261.sgm">subclass 100</parent>
<scdesc>Liquids fed upward to porous sheets by capillary attraction.</scdesc>
<srchin>
<srecord><subnum ref = "C261S104000" doc = "Class261.sgm">104</subnum>
<descript><para>and see the note thereunder.</para></descript></srecord></srchin></subclass>
<subclass subnum = "108" id = "C261S108000">
<sctitle>Wet baffle:</sctitle>
<parent ref = "C261S075000" doc = "Class261.sgm">subclass 75</parent>
<scdesc>Including stationary baffles over which the liquids flow
in contact with gases.</scdesc>
<srchin>
<srecord><subnum ref = "C261S095000" doc = "Class261.sgm">95</subnum>
<descript><para>101, 102,103, and 104.</para></descript></srecord></srchin></subclass>
<subclass subnum = "109" id = "C261S109000">
<sctitle>Gas-flow control:</sctitle>
<parent ref = "C261S108000" doc = "Class261.sgm">subclass 108</parent>
<scdesc>Including auxiliary devices for directing the flow of gases.</scdesc></subclass>
<subclass subnum = "110" id = "C261S110000">
<sctitle>Liquid-flow control:</sctitle>
<parent ref = "C261S108000" doc = "Class261.sgm">subclass 108</parent>
<scdesc>Including auxiliary devices for directing the flow of liquids.</scdesc></subclass>
<subclass subnum = "111" id = "C261S111000">
<sctitle>Spray:</sctitle>
<parent ref = "C261S110000" doc = "Class261.sgm">subclass 110</parent>
<scdesc>Liquids sprayed upon the baffles.</scdesc></subclass>
<subclass subnum = "112.1" id = "C261S112100">
<sctitle>Film:</sctitle>
<parent ref = "C261S110000" doc = "Class261.sgm">subclass 110</parent>
<scdesc>Apparatus wherein liquids are directed over baffles in a
thin layer or film.</scdesc></subclass>
<subclass subnum = "112.2" id = "C261S112200">
<sctitle>Corrugated plates:</sctitle>
<parent ref = "C261S112100" doc = "Class261.sgm">subclass 112.1</parent>
<scdesc>Apparatus having corrugated plates.</scdesc></subclass>
<subclass subnum = "113" id = "C261S113000">
<sctitle>Perforated baffles:</sctitle>
<parent ref = "C261S108000" doc = "Class261.sgm">subclass 108</parent>
<scdesc>The baffles perforated to permit flow of liquids from one
to another.</scdesc></subclass>
<subclass subnum = "114.1" id = "C261S114100">
<sctitle>Overflow baffles:</sctitle>
<parent ref = "C261S108000" doc = "Class261.sgm">subclass 108</parent>
<scdesc>Apparatus wherein the baffles allow the liquid to overflow
from one baffle to another.</scdesc></subclass>
<subclass subnum = "114.2" id = "C261S114200">
<sctitle>Bubble caps:</sctitle>
<parent ref = "C261S114100" doc = "Class261.sgm">subclass 114.1</parent>
<scdesc>Apparatus utilizing bubble caps.</scdesc></subclass>
<subclass subnum = "114.3" id = "C261S114300">
<sctitle>Jet plates:</sctitle>
<parent ref = "C261S114100" doc = "Class261.sgm">subclass 114.1</parent>
<scdesc>Apparatus utilizing jet plates (e.g., having inclined gas
flow passage through through the plates, etc.).</scdesc></subclass>
<subclass subnum = "114.4" id = "C261S114400">
<sctitle>Valve tray:</sctitle>
<parent ref = "C261S114100" doc = "Class261.sgm">subclass 114.1</parent>
<scdesc>Apparatus utilizing trays having gas flow control valves.</scdesc></subclass>
<subclass subnum = "114.5" id = "C261S114500">
<sctitle>Tray construction:</sctitle>
<parent ref = "C261S114100" doc = "Class261.sgm">subclass 114.1</parent>
<scdesc>Apparatus having special tray construction or mounting features.</scdesc></subclass>
<subclass subnum = "115" id = "C261S115000">
<sctitle>Liquid spray:</sctitle>
<parent ref = "C261S075000" doc = "Class261.sgm">subclass 75</parent>
<scdesc>Liquids sprayed in a conduit or casing in contact with gases.</scdesc></subclass>
<subclass subnum = "116" id = "C261S116000">
<sctitle>Aspirating: </sctitle>
<parent ref = "C261S115000" doc = "Class261.sgm">subclass 115</parent>
<scdesc>The spray directed in the same direction as the flow of
gases.</scdesc></subclass>
<subclass subnum = "117" id = "C261S117000">
<sctitle>Opposed:</sctitle>
<parent ref = "C261S115000" doc = "Class261.sgm">subclass 115</parent>
<scdesc>The spray directed against the flow of gases.</scdesc></subclass>
<subclass subnum = "118" id = "C261S118000">
<sctitle>Transverse:</sctitle>
<parent ref = "C261S115000" doc = "Class261.sgm">subclass 115</parent>
<scdesc>The spray directed across the flow of gases.</scdesc></subclass>
<subclass subnum = "119.1" id = "C261S119100">
<sctitle>Liquid tank:</sctitle>
<parent ref = "C261S075000" doc = "Class261.sgm">subclass 75</parent>
<scdesc>Apparatus having liquid contained in a receptacle.</scdesc></subclass>
<subclass subnum = "119.2" id = "C261S119200">
<sctitle>Carburetor:</sctitle>
<parent ref = "C261S119100" doc = "Class261.sgm">subclass 119.1</parent>
<scdesc>Apparatus adapted to mix fuel and air.</scdesc></subclass>
<subclass subnum = "120" id = "C261S120000">
<sctitle>Floating distributor:</sctitle>
<parent ref = "C261S119100" doc = "Class261.sgm">subclass 119.1</parent>
<scdesc>Gases distributed in contact with liquids through a floating
distributor.</scdesc></subclass>
<subclass subnum = "121.1" id = "C261S121100">
<sctitle>Submerged blast:</sctitle>
<parent ref = "C261S119100" doc = "Class261.sgm">subclass 119.1</parent>
<scdesc>Apparatus having means to discharge gas beneath the surface
of the liquid.</scdesc></subclass>
<subclass subnum = "121.2" id = "C261S121200">
<sctitle>Minnow bucket:</sctitle>
<parent ref = "C261S121100" doc = "Class261.sgm">subclass 121.1</parent>
<scdesc>Apparatus adapted to aerate minnows in holding container.</scdesc></subclass>
<subclass subnum = "121.3" id = "C261S121300">
<sctitle>Carburetor vented nozzle:</sctitle>
<parent ref = "C261S121100" doc = "Class261.sgm">subclass 121.1</parent>
<scdesc>Apparatus adapted to supply mixing air to fuel in carburetor
nozzle, wells, or fuel passages.</scdesc></subclass>
<subclass subnum = "121.4" id = "C261S121400">
<sctitle>Air inlet valve:</sctitle>
<parent ref = "C261S121300" doc = "Class261.sgm">subclass 121.3</parent>
<scdesc>Apparatus including valve means controlling flow of the
mixing air.</scdesc></subclass>
<subclass subnum = "122.1" id = "C261S122100">
<sctitle>Submerged screen:</sctitle>
<parent ref = "C261S121100" doc = "Class261.sgm">subclass 121.1</parent>
<scdesc>Apparatus including a screen through which gases pass and
wherein the screen is positioned such that all of or a portion of
the screen is below the surface of the liquid.</scdesc></subclass>
<subclass subnum = "122.2" id = "C261S122200">
<sctitle>With closable apertures:</sctitle>
<parent ref = "C261S121100" doc = "Class261.sgm">subclass 121.1</parent>
<scdesc>Apparatus wherein the screen has an aperture which closes
when gas flow stops, so that liquid flow through the aperture is
prevented or retarded.</scdesc></subclass>
<subclass subnum = "123" id = "C261S123000">
<sctitle>Submerged baffle:</sctitle>
<parent ref = "C261S121100" doc = "Class261.sgm">subclass 121.1</parent>
<scdesc>Including submerged baffles which deflect the liquids.</scdesc></subclass>
<subclass subnum = "124" id = "C261S124000">
<sctitle>Multiple jet:</sctitle>
<parent ref = "C261S121100" doc = "Class261.sgm">subclass 121.1</parent>
<scdesc>The submerged gas-delivery pipe provided with a plurality
of openings.</scdesc></subclass>
<subclass subnum = "125" id = "C261S125000">
<sctitle>Multiple receptacle:</sctitle>
<parent ref = "C261S119100" doc = "Class261.sgm">subclass 119.1</parent>
<scdesc>Including a tank containing a plurality of liquid receptacles
and means to direct gases over the liquid surface.</scdesc></subclass>
<subclass subnum = "126" id = "C261S126000">
<sctitle>Upflowing gases:</sctitle>
<parent ref = "C261S119100" doc = "Class261.sgm">subclass 119.1</parent>
<scdesc>The gases adapted to flow in and out in an upward direction.</scdesc></subclass>
<subclass subnum = "127" id = "C261S127000">
<sctitle>WITH EXTERNAL SUPPLY OR REMOVAL OF HEAT:</sctitle>
<parent ref = "C261S000000" doc = "Class261.sgm">the class definition</parent>
<scdesc>Subject matter wherein the contact fluids have heat supplied
to or removed from them before, after or during contact by a fluid
or means other than the unreacted contact fluids themselves.</scdesc>
<srchout>
<crecord><classnum ref = "C048S000000" doc = "Class048.sgm">48</classnum>
<subref><clstitle>Gas:  Heating and Illuminating</clstitle>
<pretext></pretext>
<subnum range = "s" ref = "C048S107000" doc = "Class048.sgm">107</subnum></subref>
<descript><para> for apparatus preparing heating or illuminating
gas from fuel oil involving a chemical reaction or for apparatus
in which oil is completely vaporized and subsequently mixed with
air.</para></descript></crecord>
<crecord><classnum ref = "C062S000000" doc = "Class062.sgm">62</classnum>
<subref><clstitle>Refrigeration</clstitle>
<pretext></pretext>
<subnum range = "p" ref = "C062S304000" doc = "Class062.sgm">304</subnum></subref>
<descript><para> for apparatus specialized to cooling a material
out of contact with the fluids undergoing gas and liquid contact
and for gas and liquid contact devices specialized by structure
to refrigeration.</para></descript></crecord>
<crecord><classnum ref = "C165S000000" doc = "Class165.sgm">165</classnum>
<subref><clstitle>Heat Exchange</clstitle>
<pretext></pretext>
<subnum range = "s" ref = "C165S060000" doc = "Class165.sgm">60</subnum></subref>
<descript><para> for a combined heating and cooling arrangement
having a gas-liquid contact device as an element; and subclass 110
for heat exchange structure in which gas and liquid are in contact having
heat  exchange elements additional to those perfecting the gas liquid
contact operation.</para></descript></crecord>
<crecord><classnum ref = "C237S000000" doc = "Class237.sgm">237</classnum>
<subref><clstitle>Heating Systems</clstitle>
<pretext></pretext>
<subnum range = "s" ref = "C237S078000" doc = "Class237.sgm">78</subnum></subref>
<descript><para> for a radiator of a heating system with a humidifying
means.</para></descript></crecord>
<crecord><classnum ref = "C422S000000" doc = "Class422.sgm">422</classnum>
<subref><clstitle>Chemical Apparatus and Process Disinfecting, Deodorizing,
Preserving, or Sterilizing</clstitle>
<pretext></pretext></subref>
<descript><para>appropriate subclasses for means for generating
fumes.</para></descript></crecord></srchout></subclass>
<subclass subnum = "128" id = "C261S128000">
<sctitle>Processes:</sctitle>
<parent ref = "C261S127000" doc = "Class261.sgm">subclass 127</parent>
<scdesc>Processes.</scdesc>
<srchout>
<crecord><classnum ref = "C048S000000" doc = "Class048.sgm">48</classnum>
<subref><clstitle>Gas:  Heating and Illuminating</clstitle>
<pretext></pretext>
<subnum range = "p" ref = "C048S211000" doc = "Class048.sgm">211</subnum></subref>
<descript><para> for processes of preparing heating or illuminating
gas including heating and mixing oil and air.</para></descript></crecord>
<crecord><classnum ref = "C062S000000" doc = "Class062.sgm">62</classnum>
<subref><clstitle>Refrigeration</clstitle>
<pretext></pretext>
<subnum range = "p" ref = "C062S091000" doc = "Class062.sgm">91</subnum></subref>
<descript><para> for processes in which moisture is added to air
coiled by a refrigeration producer, and subclass 121 for processes
of cooling by gas and liquid contact.</para></descript></crecord>
<crecord><classnum ref = "C095S000000" doc = "Class095.sgm">95</classnum>
<subref><clstitle>Gas Separation:  Processes</clstitle>
<pretext></pretext></subref>
<descript><para>for processes of gas separation involving gas and
liquid contact.  See Lines With Other Classes in the Class 261 class definition
for an amplification of the line.</para></descript></crecord>
<crecord><classnum ref = "C165S000000" doc = "Class165.sgm">165</classnum>
<subref><clstitle>Heat Exchange</clstitle>
<pretext></pretext>
<subnum range = "p" ref = "C165S222000" doc = "Class165.sgm">222</subnum></subref>
<descript><para> for a heating and cooling process with humidity
control.</para></descript></crecord></srchout></subclass>
<subclass subnum = "129" id = "C261S129000">
<sctitle>Temperature or humidity sensor:</sctitle>
<parent ref = "C261S127000" doc = "Class261.sgm">subclass 127</parent>
<scdesc>Apparatus including a temperature or humidity sensing means.</scdesc>
<srchout>
<crecord><classnum ref = "C165S000000" doc = "Class165.sgm">165</classnum>
<subref><clstitle>Heat Exchange</clstitle>
<pretext></pretext>
<subnum range = "s" ref = "C165S226000" doc = "Class165.sgm">226</subnum></subref>
<descript><para> for an automatically controlled heating and cooling
device with a gas liquid contractor.</para></descript></crecord>
<crecord><classnum ref = "C236S000000" doc = "Class236.sgm">236</classnum>
<subref><clstitle>Automatic Temperature and Humidity Regulation</clstitle>
<pretext></pretext></subref>
<descript><para>appropriate subclasses, for automatically operating
temperature or humidity controlling mechanisms of more general utility.</para></descript></crecord></srchout></subclass>
<subclass subnum = "130" id = "C261S130000">
<sctitle>Heat supply or removal control:</sctitle>
<parent ref = "C261S129000" doc = "Class261.sgm">subclass 129</parent>
<scdesc>Apparatus wherein the sensor exerts a control on a heat
supply or removal means.</scdesc></subclass>
<subclass subnum = "131" id = "C261S131000">
<sctitle>Automatic control of heat supply or heat effect:</sctitle>
<parent ref = "C261S127000" doc = "Class261.sgm">subclass 127</parent>
<scdesc>Apparatus wherein a control is exerted or a heat supply
or removal means or on a condition directly resulting from the operation
of such means in response to a means sensing an operating condition
or a change of operating condition.</scdesc></subclass>
<subclass subnum = "133" id = "C261S133000">
<sctitle>With mixer for supplementary gas and gaseous contactor
product:</sctitle>
<parent ref = "C261S127000" doc = "Class261.sgm">subclass 127</parent>
<scdesc>Apparatus including structure downstream of a contactor
by which additional gas is mingled with gaseous material from the
contactor.</scdesc></subclass>
<subclass subnum = "134" id = "C261S134000">
<sctitle>Pressure responsive supplementary gas supply means:</sctitle>
<parent ref = "C261S133000" doc = "Class261.sgm">subclass 133</parent>
<scdesc>Apparatus in which the admittance of the additional gas
is controlled by pressure.</scdesc></subclass>
<subclass subnum = "135" id = "C261S135000">
<sctitle>With indicator or tester:</sctitle>
<parent ref = "C261S127000" doc = "Class261.sgm">subclass 127</parent>
<scdesc>Apparatus provided with an indicating or testing means.</scdesc></subclass>
<subclass subnum = "136" id = "C261S136000">
<sctitle>Combined:</sctitle>
<parent ref = "C261S127000" doc = "Class261.sgm">subclass 127</parent>
<scdesc>Apparatus comprising a device in addition to a gas-liquid
contactor and its heating or cooling means having a function other
than heat exchanging or contacting, or serving to perfect such apparatus
for its intended primary purpose.</scdesc></subclass>
<subclass subnum = "137" id = "C261S137000">
<sctitle>Interconnected heat supply and contact fluid flow controllers:</sctitle>
<parent ref = "C261S127000" doc = "Class261.sgm">subclass 127</parent>
<scdesc>Apparatus wherein there is a means by which a movement of
a fluid flow controller actuates a heat supply or removal controller
or vice versa.</scdesc></subclass>
<subclass subnum = "138" id = "C261S138000">
<sctitle>Diverse heat supply or removal means:</sctitle>
<parent ref = "C261S127000" doc = "Class261.sgm">subclass 127</parent>
<scdesc>Apparatus wherein provision is made for at least two different
kinds of heat transferences.</scdesc></subclass>
<subclass subnum = "139" id = "C261S139000">
<sctitle>Electric heater:</sctitle>
<parent ref = "C261S138000" doc = "Class261.sgm">subclass 138</parent>
<scdesc>Apparatus including an electric heating means.</scdesc></subclass>
<subclass subnum = "140.1" id = "C261S140100">
<sctitle>Refrigeration producer:</sctitle>
<parent ref = "C261S127000" doc = "Class261.sgm">subclass 127</parent>
<scdesc>Apparatus wherein the heat removal means includes apparatus
to cause a cooling effect by producing a change in condition of
a material, e.g., change of phase, etc.</scdesc>
<srchout>
<crecord><classnum ref = "C062S000000" doc = "Class062.sgm">62</classnum>
<subref><clstitle>Refrigeration</clstitle>
<pretext></pretext>
<subnum range = "p" ref = "C062S304000" doc = "Class062.sgm">304</subnum></subref>
<descript><para> for a conventional gas-liquid contactor combined
with specific refrigerant handling means or having features peculiar
to the manufacture of a congealed product.</para></descript></crecord></srchout></subclass>
<subclass subnum = "140.2" id = "C261S140200">
<sctitle>Absorption means:</sctitle>
<parent ref = "C261S140100" doc = "Class261.sgm">subclass 140.1</parent>
<scdesc>Apparatus having structure for providing refrigeration utilizing
the principle of absorption.</scdesc>
<srchout>
<crecord><classnum ref = "C062S000000" doc = "Class062.sgm">62</classnum>
<subref><clstitle>Refrigeration</clstitle>
<pretext></pretext>
<subnum range = "s" ref = "C062S271000" doc = "Class062.sgm">271</subnum></subref>
<descript><para> for dehumidification of a gas with refrigeration.</para></descript></crecord></srchout></subclass>
<subclass subnum = "141" id = "C261S141000">
<sctitle>Heat producer:</sctitle>
<parent ref = "C261S127000" doc = "Class261.sgm">subclass 127</parent>
<scdesc>Apparatus including a device by which the external heat
is produced by transformation of energy.</scdesc>
<srchout>
<crecord><classnum ref = "C048S000000" doc = "Class048.sgm">48</classnum>
<subref><clstitle>Gas:  Heating and Illuminating</clstitle>
<pretext></pretext>
<subnum range = "s" ref = "C048S107000" doc = "Class048.sgm">107</subnum></subref>
<descript><para> for a heated oil retort into which air is injected.</para></descript></crecord></srchout></subclass>
<subclass subnum = "142" id = "C261S142000">
<sctitle>Electric heater:</sctitle>
<parent ref = "C261S141000" doc = "Class261.sgm">subclass 141</parent>
<scdesc>Apparatus wherein the device is an electric heater.</scdesc>
<srchout>
<crecord><classnum ref = "C219S000000" doc = "Class219.sgm">219</classnum>
<subref><clstitle>Electric Heating</clstitle>
<pretext></pretext>
<subnum range = "p" ref = "C219S280000" doc = "Class219.sgm">280</subnum></subref>
<descript><para> for electric heaters for fluids.</para></descript></crecord></srchout></subclass>
<subclass subnum = "143" id = "C261S143000">
<sctitle>Means burning contact product:</sctitle>
<parent ref = "C261S141000" doc = "Class261.sgm">subclass 141</parent>
<scdesc>Apparatus wherein the heat supply device is a combustion
means connected to receive its fuel from the contactor.</scdesc></subclass>
<subclass subnum = "144" id = "C261S144000">
<sctitle>Internal combustion engine:</sctitle>
<parent ref = "C261S143000" doc = "Class261.sgm">subclass 143</parent>
<scdesc>Apparatus wherein the combustion device is an internal combustion
engine.</scdesc>
<srchout>
<crecord><classnum ref = "C123S000000" doc = "Class123.sgm">123</classnum>
<subref><clstitle>Internal-Combustion Engines</clstitle>
<pretext></pretext>
<subnum range = "p" ref = "C123S434000" doc = "Class123.sgm">434</subnum></subref>
<descript><para> for charge forming devices designed and adapted
only for use in connection with an internal combustion engine.</para></descript></crecord></srchout></subclass>
<subclass subnum = "145" id = "C261S145000">
<sctitle>Engine fuel supply means heated by exhaust manifold:</sctitle>
<parent ref = "C261S144000" doc = "Class261.sgm">subclass 144</parent>
<scdesc>Apparatus wherein the means preparing a gas-liquid mixture
for burning in the engine is in heat exchanging relationship with
the manifold that collects the products of combustion from the engine
cylinders.</scdesc></subclass>
<subclass subnum = "146" id = "C261S146000">
<sctitle>Plural distinct contact zones:</sctitle>
<parent ref = "C261S127000" doc = "Class261.sgm">subclass 127</parent>
<scdesc>Apparatus including two or more spaced interconnected zones
where gas and liquid are brought into contact.</scdesc></subclass>
<subclass subnum = "147" id = "C261S147000">
<sctitle>Serially arranged in flow path:</sctitle>
<parent ref = "C261S146000" doc = "Class261.sgm">subclass 146</parent>
<scdesc>Apparatus in which one of the distinct contact zones is
downstream of another.</scdesc></subclass>
<subclass subnum = "148" id = "C261S148000">
<sctitle>Counter flowing gas and liquid (e.g., absorption or rectification
column):</sctitle>
<parent ref = "C261S147000" doc = "Class261.sgm">subclass 147</parent>
<scdesc>Apparatus wherein spaced serially connected contact zones
are arranged so that gas flows through them successively in one
direction and liquid successively in the other direction.</scdesc>
<srchout>
<crecord><classnum ref = "C062S000000" doc = "Class062.sgm">62</classnum>
<subref><clstitle>Refrigeration</clstitle>
<pretext></pretext>
<subnum range = "s" ref = "C062S638000" doc = "Class062.sgm">638</subnum></subref>
<descript><para> and 641 for a gas separation rectification process
in which heat is supplied to or removed from the intermediate sections
of the column.</para></descript></crecord></srchout></subclass>
<subclass subnum = "149" id = "C261S149000">
<sctitle>Heat exchanger in flow path spaced from contact zones:</sctitle>
<parent ref = "C261S147000" doc = "Class261.sgm">subclass 147</parent>
<scdesc>Apparatus wherein there is a heat exchanger in the flow
path spaced from the contact devices.</scdesc></subclass>
<subclass subnum = "150" id = "C261S150000">
<sctitle>Heat exchange means in one of plural liquid feed paths:</sctitle>
<parent ref = "C261S127000" doc = "Class261.sgm">subclass 127</parent>
<scdesc>Apparatus wherein liquid is fed into gas through converging
paths one of which includes a heat exchanger.</scdesc></subclass>
<subclass subnum = "151" id = "C261S151000">
<sctitle>Recirculating fluid:</sctitle>
<parent ref = "C261S127000" doc = "Class261.sgm">subclass 127</parent>
<scdesc>Apparatus wherein a heat exchanger is located within a recirculatory
circuit of one of the contact fluids.</scdesc></subclass>
<subclass subnum = "152" id = "C261S152000">
<sctitle>Heat exchange means at or downstream of contact zone:</sctitle>
<parent ref = "C261S127000" doc = "Class261.sgm">subclass 127</parent>
<scdesc>Apparatus including a heat exchanger means by which the
contact fluids are heated or cooled during or after contact.</scdesc></subclass>
<subclass subnum = "153" id = "C261S153000">
<sctitle>Gas exposed liquid body or sheet contacting heat exchanger:</sctitle>
<parent ref = "C261S152000" doc = "Class261.sgm">subclass 152</parent>
<scdesc>Apparatus including means exposing a mass or sheet of liquid
to gas and to a heat exchanger.</scdesc>
<srchout>
<crecord><classnum ref = "C237S000000" doc = "Class237.sgm">237</classnum>
<subref><clstitle>Heating Systems</clstitle>
<pretext></pretext>
<subnum range = "s" ref = "C237S078000" doc = "Class237.sgm">78</subnum></subref>
<descript><para> for radiators combined with means for moistening
the air.</para></descript></crecord></srchout></subclass>
<subclass subnum = "154" id = "C261S154000">
<sctitle>Porous type gas-liquid contactor exposed to heat exchanger:</sctitle>
<parent ref = "C261S152000" doc = "Class261.sgm">subclass 152</parent>
<scdesc>Apparatus including a porous body holding liquid by capillary
action exposed to gas and to heat exchange.</scdesc></subclass>
<subclass subnum = "155" id = "C261S155000">
<sctitle>Contact fluid passage surrounds external fluid flow passage:</sctitle>
<parent ref = "C261S152000" doc = "Class261.sgm">subclass 152</parent>
<scdesc>Apparatus wherein a passage of the heat exchanger forming
a flow path for external fluid is within a chamber forming a part
of the contact fluid flow path.</scdesc></subclass>
<subclass subnum = "156" id = "C261S156000">
<sctitle>Fins or deflectors in contact fluid passage of heat exchanger:</sctitle>
<parent ref = "C261S152000" doc = "Class261.sgm">subclass 152</parent>
<scdesc>Apparatus wherein the contact fluid passage of the heat
exchanger has flow directing structure such as fins or deflectors.</scdesc></subclass>
<subclass subnum = "157" id = "C261S157000">
<sctitle>With heat exchange means for feed fluid:</sctitle>
<parent ref = "C261S152000" doc = "Class261.sgm">subclass 152</parent>
<scdesc>Apparatus combined with a heat exchanger upstream of the
contactor.</scdesc></subclass>
<subclass subnum = "158" id = "C261S158000">
<sctitle>INDIRECT INTERCHANGE OR HEAT BETWEEN CONTACT FLUIDS:</sctitle>
<parent ref = "C261S000000" doc = "Class261.sgm">the class definition</parent>
<scdesc>Subject matter wherein heat is interchanged between contact
fluids out of contact before, after or during contact.</scdesc></subclass>
<subclass subnum = "159" id = "C261S159000">
<sctitle>Incoming fluid exchanges heat:</sctitle>
<parent ref = "C261S158000" doc = "Class261.sgm">subclass 158</parent>
<scdesc>Subject matter in which one of the contact fluids exchanges
heat prior to contact.</scdesc></subclass>
<subclass subnum = "160" id = "C261S160000">
<sctitle>With fluid at or downstream of contact zone:</sctitle>
<parent ref = "C261S159000" doc = "Class261.sgm">subclass 159</parent>
<scdesc>Subject matter wherein the exchange is between a contact
zone feed fluid and a fluid in or flowing from such zone.</scdesc></subclass>
<subclass subnum = "161" id = "C261S161000">
<sctitle>Incoming exchanging fluid is feed gas:</sctitle>
<parent ref = "C261S160000" doc = "Class261.sgm">subclass 160</parent>
<scdesc>Subject matter wherein the feed fluid is a gas.</scdesc></subclass></sclasses>
</class>
