<?xml version="1.0" encoding="UTF-8"?>
<!DOCTYPE class PUBLIC "-//USPTO//DTD Classification Definitions//EN" "xclassdef.dtd" [

<!-- Begin Document Specific Declarations -->

<!-- End Document Specific Declarations -->

]>
<?xml-stylesheet href="classdef.xsl" type="text/XSL"?>

<class classnum = "169" id = "C169S000000"><title>FIRE EXTINGUISHERS</title>
<sections><descsect>
<para>This class includes patents for apparatus and methods designed
specifically for extinguishing fire and elements of such apparatus
not classifiable in border existing classes; also apparatus capable
of performing this function if designed to prevent fire by operating
in anticipation of fire conditions.</para>
</descsect>
<linesect>
<para>Devices whose sole function is the extinguishing of fire by
smothering are included in this class (169); but devices for smothering
fire by closing doors, windows, shutters, and the like are excluded.
For the latter see Class 49, Movable or Removable Closures, and
Class 160, Flexible or Portable Closure, Partition, or Panel, especially
subclass 1 and indented subclasses. Where the smothering and extinguishing
actions are combined, the patent is classified in the appropriate
subclass of this class (169).</para>
<para>Apparatus for the general purpose of distributing fluids is
found in Class 137, Fluid Handling.</para>
<para>See Class 239, Fluid Sprinkling, Spraying, and Diffusing,
appropriate subclasses for apparatus used for sprinkling and spraying
of fluids.</para>
</linesect>
<scsect>
<srchout>
<crecord><classnum ref = "C102S000000" doc = "Class102.sgm">102</classnum>
<subref><clstitle>Ammunition and Explosives</clstitle>
<pretext></pretext>
<subnum range = "s" ref = "C102S370000" doc = "Class102.sgm">370</subnum></subref>
<descript><para> for projectiles carrying fire extinguishing gases.</para></descript></crecord>
<crecord><classnum ref = "C131S000000" doc = "Class131.sgm">131</classnum>
<subref><clstitle>Tobacco</clstitle>
<pretext></pretext>
<subnum range = "p" ref = "C131S235100" doc = "Class131.sgm">235.1</subnum></subref>
<descript><para>, 236, 237, and 256 for cigar and cigarette extinguishers.</para></descript></crecord>
<crecord><classnum ref = "C252S000000" doc = "Class252.sgm">252</classnum>
<subref><clstitle>Compositions</clstitle>
<pretext></pretext></subref>
<descript><para>for compositions for use in extinguishing fires.</para></descript></crecord></srchout>
</scsect></sections>
<sclasses>
<subclass subnum = "5" id = "C169S005000">
<sctitle>FLUID SYSTEMS:</sctitle>
<parent ref = "C169S000000" doc = "Class169.sgm">the class definition</parent>
<scdesc>The general type of complete extinguishing apparatus under
the ...  involving a source of extinguishing fluid, distributing-pipes
for conveying the fluid, to distant points of application, discharge
outlets for delivering the fluid, and means for causing the propulsion
of the fluid through the system when desired, the latter means including
the force of gravity.</scdesc>
<notes><note1 notenum = "(1)">
<para>Note. This subclass includes systems in which the distributing-pipes
have combined functions, such as serving for both extinguishing
and heating or ventilating.</para></note1></notes></subclass>
<subclass subnum = "6" id = "C169S006000">
<sctitle>Chemical pressure generating:</sctitle>
<parent ref = "C169S005000" doc = "Class169.sgm">subclass 5</parent>
<scdesc>Systems, in which a liquid is discharged from its supply-tank
by pressure generated by the reaction of chemicals mixed at the
time discharge is to occur.</scdesc></subclass>
<subclass subnum = "7" id = "C169S007000">
<sctitle>Automatic:</sctitle>
<parent ref = "C169S006000" doc = "Class169.sgm">subclass 6</parent>
<scdesc>Systems, in which the operation occurs automatically in
response to fire conditions, such as an abnormal increase of temperature
in the region to be protected.</scdesc></subclass>
<subclass subnum = "8" id = "C169S008000">
<sctitle>Pressure controlled:</sctitle>
<parent ref = "C169S007000" doc = "Class169.sgm">subclass 7</parent>
<scdesc>Systems, wherein the operation occurs automatically in direct
response to a variation of pressure of the fluid which normally
fills the distributing-pipes. This pressure change usually results
from the opening of a thermally-controlled sprinkler-head, permitting
flow of gas or liquid from the pipes.</scdesc></subclass>
<subclass subnum = "9" id = "C169S009000">
<sctitle>Gas-pressure discharge:</sctitle>
<parent ref = "C169S005000" doc = "Class169.sgm">subclass 5</parent>
<scdesc>Fluid systems, in which an agent is discharged from its
container by the pressure of a gas normally confined in the same
or in a separate container.</scdesc></subclass>
<subclass subnum = "10" id = "C169S010000">
<sctitle>Gravity:</sctitle>
<parent ref = "C169S005000" doc = "Class169.sgm">subclass 5</parent>
<scdesc>Systems, wherein the source is essentially a liquid-tank
not under pressure, but elevated above the distributing-pipes so
that discharge will occur by gravity.</scdesc></subclass>
<subclass subnum = "11" id = "C169S011000">
<sctitle>Gas:</sctitle>
<parent ref = "C169S005000" doc = "Class169.sgm">subclass 5</parent>
<scdesc>Systems, wherein extinguishing agent is gaseous or is delivered
in the form of a gas and by its own energy or by mechanical blowers.</scdesc>
<srchout>
<crecord><classnum ref = "C062S000000" doc = "Class062.sgm">62</classnum>
<subref><clstitle>Refrigeration</clstitle>
<pretext></pretext>
<subnum range = "p" ref = "C062S045100" doc = "Class062.sgm">45.1</subnum></subref>
<descript><para> for process and apparatus for handling solidified
or liquefied gas (e.g., CO<supscrpt>2</supscrpt>) as a commodity
requiring steps or means special to liquefied gas and more than
required for other liquids.</para></descript></crecord></srchout></subclass>
<subclass subnum = "12" id = "C169S012000">
<sctitle>Combustion products:</sctitle>
<parent ref = "C169S011000" doc = "Class169.sgm">subclass 11</parent>
<scdesc>The extinguishing agent consisting of flue or furnace gases
or like products of combustion and is forced into the fire area
usually after being cooled and purified.</scdesc></subclass>
<subclass subnum = "13" id = "C169S013000">
<sctitle>Pump supply:</sctitle>
<parent ref = "C169S005000" doc = "Class169.sgm">subclass 5</parent>
<scdesc>Systems, in which a pump is the essential element for propelling
a liquid agent from a low-pressure or pressureless source to the
point of application.</scdesc></subclass>
<subclass subnum = "14" id = "C169S014000">
<sctitle>Plural source, mixing in transit:</sctitle>
<parent ref = "C169S005000" doc = "Class169.sgm">subclass 5</parent>
<scdesc>Systems, wherein two or more substances, one or more in
liquid form, are caused to unite or mix in passing from their sources
to a common discharge-point.</scdesc>
<notes><note1 notenum = "(1)">
<para>Note. This group includes those &ldquo;foam&rdquo; systems
in which two liquids are mixed near the discharge point to form
a fire-extinguishing foam.</para></note1></notes></subclass>
<subclass subnum = "15" id = "C169S015000">
<sctitle>Stream impregnating:</sctitle>
<parent ref = "C169S014000" doc = "Class169.sgm">subclass 14</parent>
<scdesc>Systems, in which a main liquid stream in passing to the
discharge point is modified by adding or injecting another substance,
such as a gas, dissolved solid, or solid matter in suspension.</scdesc>
<srchout>
<crecord><classnum ref = "C137S000000" doc = "Class137.sgm">137</classnum>
<subref><clstitle>Fluid Handling</clstitle>
<pretext></pretext>
<subnum range = "p" ref = "C137S08710" doc = "Class137.sgm">87.01</subnum></subref>
<descript><para> for self proportioning or correlating systems,
especially subclasses 111&plus; for plural inflows, and subclass
268 for a fluid handling system with a holder for solid material
to be entrained in a flow. See the search notes thereunder.</para></descript></crecord></srchout></subclass>
<subclass subnum = "16" id = "C169S016000">
<sctitle>Distributing systems:</sctitle>
<parent ref = "C169S005000" doc = "Class169.sgm">subclass 5</parent>
<scdesc>Patents, relating to the control of the distribution of
fluid through the pipes or branches of the system to the discharge-points
and the arrangement of the pipes or outlets.</scdesc></subclass>
<subclass subnum = "17" id = "C169S017000">
<sctitle>Dry pipe:</sctitle>
<parent ref = "C169S016000" doc = "Class169.sgm">subclass 16</parent>
<scdesc>Systems, in which the pipes are normally closed and filled
with gas, which is displaced by extinguishing liquid when the system
is active. Operation results from the pressure change following
the opening of a thermally controlled outlet.</scdesc></subclass>
<subclass subnum = "18" id = "C169S018000">
<sctitle>Hand controls:</sctitle>
<parent ref = "C169S016000" doc = "Class169.sgm">subclass 16</parent>
<scdesc>Hand-operated means for operating valves which control the
flow through the pipes, usually arranged to permit control from
a distant point.</scdesc></subclass>
<subclass subnum = "19" id = "C169S019000">
<sctitle>AUTOMATIC VALVES:</sctitle>
<parent ref = "C169S000000" doc = "Class169.sgm">the class definition</parent>
<scdesc>Valves for normally restraining flow through a fluid system
and opening automatically to permit flow upon the occurrence of
fire conditions. Usually an increase of temperature in the protected
area is the ultimate condition which governs the operation of the
valve.</scdesc>
<srchout>
<crecord><classnum ref = "C137S000000" doc = "Class137.sgm">137</classnum>
<subref><clstitle>Fluid Handling</clstitle>
<pretext></pretext>
<subnum range = "p" ref = "C137S065000" doc = "Class137.sgm">65</subnum></subref>
<descript><para>, 72&plus;, 79&plus;, 457, and 468 for other
valve actuation responsive to increased temperature.</para></descript></crecord></srchout></subclass>
<subclass subnum = "20" id = "C169S020000">
<sctitle>Pressure controlled:</sctitle>
<parent ref = "C169S019000" doc = "Class169.sgm">subclass 19</parent>
<scdesc>Valves, which operate as a direct result of a pressure change
in the fluid normally filling the distributing pipes or an auxiliary
system of pipes extended into the area to be protected. These valves
are used principally in dry pipe distributing systems and usually
include a &ldquo;water-valve&rdquo;, which is held closed
against the pressure of the source by force transmitted from an &ldquo;air-valve&rdquo; exposed
to the pressure of the fluid normally filling the distributing-pipes.</scdesc></subclass>
<subclass subnum = "21" id = "C169S021000">
<sctitle>Lever system:</sctitle>
<parent ref = "C169S020000" doc = "Class169.sgm">subclass 20</parent>
<scdesc>Apparatus, wherein the pressure on the air-valve is transmitted
to the water-valve through a system of levers or like mechanical
elements and usually in increased amount.</scdesc></subclass>
<subclass subnum = "22" id = "C169S022000">
<sctitle>Differential area:</sctitle>
<parent ref = "C169S020000" doc = "Class169.sgm">subclass 20</parent>
<scdesc>Apparatus, wherein the pressure of the fluid in the distributing-pipes
is transmitted directly from the air-valve to the water-valve to
maintain the latter closed, the effective area of the air-valve
being greater than that of the water-valve. The air-valve may be
integral with the water-valve or may have a bearing upon it without
the interposition of levers, toggles, or the like.</scdesc></subclass>
<subclass subnum = "23" id = "C169S023000">
<sctitle>ALARMS:</sctitle>
<parent ref = "C169S000000" doc = "Class169.sgm">the class definition</parent>
<scdesc>Alarm or signal devices peculiarly adapted for use in connection
with extinguishing systems for signaling the abnormal position of
a valve or abnormal flow through the pipes.</scdesc>
<srchout>
<crecord><classnum ref = "C116S000000" doc = "Class116.sgm">116</classnum>
<subref><clstitle>Signals and Indicators</clstitle>
<pretext></pretext>
<subnum range = "s" ref = "C116S227000" doc = "Class116.sgm">227</subnum></subref>
<descript><para>.</para></descript></crecord>
<crecord><classnum ref = "C340S000000" doc = "Class340.sgm">340</classnum>
<subref><clstitle>Communications: Electrical</clstitle>
<pretext></pretext>
<subnum range = "r" ref = "C340S577000" doc = "Class340.sgm">577</subnum>
<endnum ref = "C340S599000" doc = "Class340.sgm">599</endnum></subref>
<descript><para> for electric fire alarm systems which are automatically
responsive to fire or temperature. See the class definition of Class 340
for the line between Classes 169 and 340.</para></descript></crecord></srchout></subclass>
<subclass subnum = "24" id = "C169S024000">
<sctitle>Fire engines:</sctitle>
<parent ref = "C169S052000" doc = "Class169.sgm">subclass 52</parent>
<scdesc>Apparatus, of the type used by city fire companies which
includes the combination of pumping apparatus with a vehicle and
is especially adapted for extinguishing fire.</scdesc>
<notes><note1 notenum = "(1)">
<para>Note. Inventions in the pump or power plant, per se, are excluded.</para></note1></notes></subclass>
<subclass subnum = "25" id = "C169S025000">
<sctitle>Water towers:</sctitle>
<parent ref = "C169S052000" doc = "Class169.sgm">subclass 52</parent>
<scdesc>Extinguishing apparatus, involving a portable discharge
pipe or structure having an inlet connection and a discharge-nozzle
and means for elevating the nozzle and controlling the direction
of the discharge.</scdesc>
<srchout>
<crecord><classnum ref = "C182S000000" doc = "Class182.sgm">182</classnum>
<subref><clstitle>Fire Escape, Ladder, or Scaffold</clstitle>
<pretext></pretext>
<subnum range = "p" ref = "C182S051000" doc = "Class182.sgm">51</subnum></subref>
<descript><para> for similar structure wherein the hose or nozzle
support is a vehicle mounted ladder or scaffold.</para></descript></crecord>
<crecord><classnum ref = "C239S000000" doc = "Class239.sgm">239</classnum>
<subref><clstitle>Fluid Sprinkling, Spraying</clstitle>
<pretext>and Diffusing </pretext>
<subnum range = "p" ref = "C239S146000" doc = "Class239.sgm">146</subnum></subref>
<descript><para> for mobile spray systems.</para></descript></crecord></srchout></subclass>
<subclass subnum = "26" id = "C169S026000">
<sctitle>AUTOMATIC RECEPTACLES:</sctitle>
<parent ref = "C169S000000" doc = "Class169.sgm">the class definition</parent>
<scdesc>Fire extinguishing devices which includes a container for
an extinguishing agent adapted to be placed in the space to be protected
and means automatic in operation for causing the agent to be discharged
into the space around the container.</scdesc>
<srchin>
<srecord><subnum ref = "C169S030000" doc = "Class169.sgm">30</subnum>
<descript><para>and indented subclasses, for portable vessels.</para></descript></srecord></srchin>
<srchout>
<crecord><classnum ref = "C206S000000" doc = "Class206.sgm">206</classnum>
<subref><clstitle>Special Receptacle or Package</clstitle>
<pretext></pretext>
<subnum range = "p" ref = "C206S219000" doc = "Class206.sgm">219</subnum></subref>
<descript><para> for a container with plural distinct contents which
contents can be mixed by rupture, manipulation or agitation of the
container or container portions.</para></descript></crecord></srchout></subclass>
<subclass subnum = "27" id = "C169S027000">
<sctitle>Chemical mixing:</sctitle>
<parent ref = "C169S026000" doc = "Class169.sgm">subclass 26</parent>
<scdesc>Devices, wherein the discharge of the extinguishing agent
is due to pressure generated by the reaction of normally separated
chemicals, which are mixed at the time of operation.</scdesc>
<srchin>
<srecord><subnum ref = "C169S032000" doc = "Class169.sgm">32</subnum>
<descript><para></para></descript></srecord></srchin></subclass>
<subclass subnum = "28" id = "C169S028000">
<sctitle>Explosive:</sctitle>
<parent ref = "C169S026000" doc = "Class169.sgm">subclass 26</parent>
<scdesc>Devices, in which an explosive substance is provided which
upon detonation bursts the container and scatters the contents.</scdesc>
<srchin>
<srecord><subnum ref = "C169S035000" doc = "Class169.sgm">35</subnum>
<descript><para>36.</para></descript></srecord></srchin></subclass>
<subclass subnum = "29" id = "C169S029000">
<sctitle>Mechanical discharge:</sctitle>
<parent ref = "C169S026000" doc = "Class169.sgm">subclass 26</parent>
<scdesc>Devices, in which the contents of the container are discharged
or scattered by mechanical means, such as a spring-motor or electric motor.</scdesc></subclass>
<subclass subnum = "30" id = "C169S030000">
<sctitle>PORTABLE VESSELS:</sctitle>
<parent ref = "C169S000000" doc = "Class169.sgm">the class definition</parent>
<scdesc>Fire extinguishing devices adapted to be carried or transported
by an operator to the fire area, comprising a container for an extinguishing
agent and means for causing the discharge of the agent at the will
of the operator.</scdesc>
<srchout>
<crecord><classnum ref = "C116S000000" doc = "Class116.sgm">116</classnum>
<subref><clstitle>Signals and Indicators</clstitle>
<pretext></pretext>
<subnum range = "s" ref = "C116S215000" doc = "Class116.sgm">215</subnum></subref>
<descript><para> for indicators to show a fire extinguisher has
been used.</para></descript></crecord>
<crecord><classnum ref = "C206S000000" doc = "Class206.sgm">206</classnum>
<subref><clstitle>Special Receptacle or Package</clstitle>
<pretext></pretext>
<subnum range = "p" ref = "C206S219000" doc = "Class206.sgm">219</subnum></subref>
<descript><para> for a container with plural distinct contents which
contents can be mixed by rupture, manipulation or agitation of the
container or container portions.</para></descript></crecord></srchout></subclass>
<subclass subnum = "33" id = "C169S033000">
<sctitle>Piston discharge:</sctitle>
<parent ref = "C169S030000" doc = "Class169.sgm">subclass 30</parent>
<scdesc>Devices wherein the discharge is caused by a pump or a mechanically
operated piston acting on the contents.</scdesc>
<notes><note1 notenum = "(1)">
<para>Note. This group includes vessels provided with rotary or
rectilinear pumps operated by hand or motor, and extinguishers of
the piston syringe type.</para></note1></notes>
<srchout>
<crecord><classnum ref = "C222S000000" doc = "Class222.sgm">222</classnum>
<subref><clstitle>Dispensing</clstitle>
<pretext></pretext>
<subnum range = "p" ref = "C222S372000" doc = "Class222.sgm">372</subnum></subref>
<descript><para> for dispensing containers with pumps, subclasses
386&plus; for follower type dispensers.</para></descript></crecord>
<crecord><classnum ref = "C239S000000" doc = "Class239.sgm">239</classnum>
<subref><clstitle>Fluid Sprinkling, Spraying, and Diffusing</clstitle>
<pretext></pretext>
<subnum range = "p" ref = "C239S320000" doc = "Class239.sgm">320</subnum></subref>
<descript><para> and 329&plus; for pump or follower type discharge
for projecting material from the receptacle.</para></descript></crecord></srchout></subclass>
<subclass subnum = "34" id = "C169S034000">
<sctitle>Buckets:</sctitle>
<parent ref = "C169S030000" doc = "Class169.sgm">subclass 30</parent>
<scdesc>Containers of the bucket adapted to store a quantity of
extinguishing agent which is to be directly dashed or thrown upon
a fire.</scdesc></subclass>
<subclass subnum = "35" id = "C169S035000">
<sctitle>Tubes:</sctitle>
<parent ref = "C169S030000" doc = "Class169.sgm">subclass 30</parent>
<scdesc>Vessels for containing an extinguishing agent, usually a
powder, which is discharged from one end of the vessel either by
so shaking it as to throw the contents on the fire or by means of small
explosive charges buried in the contents.</scdesc>
<srchin>
<srecord><subnum ref = "C169S028000" doc = "Class169.sgm">28</subnum>
<descript><para>for devices of the latter type designed for both
automatic operation and hand use.</para></descript></srecord></srchin></subclass>
<subclass subnum = "36" id = "C169S036000">
<sctitle>Grenades:</sctitle>
<parent ref = "C169S030000" doc = "Class169.sgm">subclass 30</parent>
<scdesc>Vessels comprising a fragile container filled with an extinguishing
agent, which is discharged by throwing the container into the fire area,
so as to break it and liberate the contents.</scdesc>
<srchout>
<crecord><classnum ref = "C206S000000" doc = "Class206.sgm">206</classnum>
<subref><clstitle>Special Receptacle or Package</clstitle>
<pretext></pretext>
<subnum range = "p" ref = "C206S219000" doc = "Class206.sgm">219</subnum></subref>
<descript><para> for a container with plural distinct contents which
contents can be mixed by rupture, manipulation or agitation of the
container or container portions.</para></descript></crecord></srchout></subclass>
<subclass subnum = "37" id = "C169S037000">
<sctitle>SPRINKLER HEADS:    </sctitle>
<parent ref = "C169S000000" doc = "Class169.sgm">the class definition</parent>
<scdesc>Thermally-controlled discharge elements or outlets  for
extinguishing fluid, comprising a nozzle, a valve or closure member therefor,
and means for normally holding the valve in closing position and
automatically releasing or opening it upon an increase of temperature.</scdesc>
<srchout>
<crecord><classnum ref = "C239S000000" doc = "Class239.sgm">239</classnum>
<subref><clstitle>Fluid Sprinkling, Spraying, and Diffusing</clstitle>
<pretext></pretext></subref>
<descript><para>especially in the deflector subclasses (498, etc.),
for spray nozzle or discharge members not automatically controlled<emphasis
    emph = "b">.  </emphasis>The patents in Class 239 may disclose
but do not claim the fusible link.</para></descript></crecord></srchout></subclass>
<subclass subnum = "38" id = "C169S038000">
<sctitle>Collapsible strut:</sctitle>
<parent ref = "C169S037000" doc = "Class169.sgm">subclass 37</parent>
<scdesc>The valve is supported by means of a strut or compression
device arranged between the valve and a part of the frame, the strut
being designed to fall or collapse upon an increase of its temperature.
This includes struts consisting of a single or simple element which
falls by fusion, combustion, or bursting.</scdesc></subclass>
<subclass subnum = "39" id = "C169S039000">
<sctitle>Compound:</sctitle>
<parent ref = "C169S038000" doc = "Class169.sgm">subclass 38</parent>
<scdesc>The strut, comprises a plurality of articulated elements
whose holding relationship is destroyed on the failure of the strut.
The elements of the strut may include levers or other mechanical
forms, but the strut as a whole is a compression resisting device.</scdesc></subclass>
<subclass subnum = "40" id = "C169S040000">
<sctitle>Lever:</sctitle>
<parent ref = "C169S037000" doc = "Class169.sgm">subclass 37</parent>
<scdesc>The valve, is supported by a lever or system of levers which
communicate the thrust of the valve to the frame at two or more
separated points.</scdesc></subclass>
<subclass subnum = "41" id = "C169S041000">
<sctitle>Direct support:</sctitle>
<parent ref = "C169S037000" doc = "Class169.sgm">subclass 37</parent>
<scdesc> , the valve or a member connected to and moving with the
valve is supported by a fusible connection directly with the frame.</scdesc></subclass>
<subclass subnum = "42" id = "C169S042000">
<sctitle>FUSIBLE CONNECTIONS:</sctitle>
<parent ref = "C169S000000" doc = "Class169.sgm">the class definition</parent>
<scdesc>Thermally-controlled devices adapted for use in fire-extinguishing
apparatus for resisting tension and comprising a plurality of interengaging
elements held in normal position by a fusible substance and adapted
to release or fail upon an increase of temperature.</scdesc>
<srchout>
<crecord><classnum ref = "C049S000000" doc = "Class049.sgm">49</classnum>
<subref><clstitle>Movable or Removable Closures</clstitle>
<pretext></pretext>
<subnum range = "p" ref = "C049S001000" doc = "Class049.sgm">1</subnum></subref>
<descript><para>.</para></descript></crecord>
<crecord><classnum ref = "C126S000000" doc = "Class126.sgm">126</classnum>
<subref><clstitle>Stoves and Furnaces</clstitle>
<pretext></pretext>
<subnum range = "s" ref = "C126S287500" doc = "Class126.sgm">287.5</subnum></subref>
<descript><para>, and </para></descript></crecord>
<crecord><classnum ref = "C428S000000" doc = "Class428.sgm">428</classnum>
<subref><clstitle>Stock Material or Miscellaneous Articles</clstitle>
<pretext></pretext>
<subnum range = "s" ref = "C428S608000" doc = "Class428.sgm">608</subnum></subref>
<descript><para> for a metallic composite embodying interengaged
fibers.</para></descript></crecord></srchout></subclass>
<subclass subnum = "43" id = "C169S043000">
<sctitle>PROCESSES:</sctitle>
<parent ref = "C169S000000" doc = "Class169.sgm">the class definition</parent>
<scdesc>Methods practiced to prevent or extinguish fires.</scdesc></subclass>
<subclass subnum = "44" id = "C169S044000">
<sctitle>With mixing of extinguishing compounds:</sctitle>
<parent ref = "C169S043000" doc = "Class169.sgm">subclass 43</parent>
<scdesc>Method, wherein a plurality of components are mixed on site
to produce a fire extinguishing or fire preventing compound, said
compound being formed upstream or downstream of the discharge element,
or by separately applying the components.</scdesc>
<srchin>
<srecord><subnum range = "p" ref = "C169S014000" doc = "Class169.sgm">14</subnum>
<descript><para>for apparatus for mixing extinguishing compounds.</para></descript></srecord></srchin>
<srchout>
<crecord><classnum ref = "C516S000000" doc = "Class516.sgm">516</classnum>
<subref><clstitle>Colloid Systems and Wetting Agents; Subcombinations
Thereof; Processes of Making, Stabilizing, Breaking, or Inhibiting</clstitle>
<pretext></pretext>
<subnum range = "p" ref = "C516S001000" doc = "Class516.sgm">1</subnum></subref>
<descript><para> for continuous gas or vapor phase colloid system (e.g.,
smoke, fog, aerosol, cloud, mist) or agents for such systems or
making or stabilizing such systems or agents, subclasses 10&plus; for
foam colloid systems or agents for such systems or making or stabilizing
such systems or agents; in each instance, when generically claimed
or when there is no hierarchically superior provision in the USPC
for the specifically claimed art.</para></descript></crecord></srchout></subclass>
<subclass subnum = "45" id = "C169S045000">
<sctitle>Of preventing fire:</sctitle>
<parent ref = "C169S043000" doc = "Class169.sgm">subclass 43</parent>
<scdesc>Methods, practiced to prevent a flammable object from burning
as a consequence of being in the vicinity of an existing fire, or
to prevent the initial outbreak of fire.</scdesc></subclass>
<subclass subnum = "46" id = "C169S046000">
<sctitle>Of extinguishing fire:</sctitle>
<parent ref = "C169S043000" doc = "Class169.sgm">subclass 43</parent>
<scdesc>Methods for putting out a fire which has already started.</scdesc>
<notes><note1 notenum = "(1)">
<para>Note. This subclass takes a process where the extinguishant
is introduced to the area surrounding the fire or a subsurface of
the matter on fire after which the extinguishant seeks out the seat
of the fire.</para></note1>
<note1 notenum = "(2)">
<para>Note. This subclass takes a process where the extinguishing
material is present at the fire but in not active until it is acted
upon by fire.</para></note1></notes></subclass>
<subclass subnum = "47" id = "C169S047000">
<sctitle>By projecting extinguishant directly onto seat of fire:</sctitle>
<parent ref = "C169S046000" doc = "Class169.sgm">subclass 46</parent>
<scdesc>Method, involving the projection of a fire extinguishing
material directly from its discharge element onto the seat of the
fire.</scdesc>
<notes><note1 notenum = "(1)">
<para>Note. The extinguishing material must be of a nature to extinguish
a fire by itself.</para></note1></notes>
<srchout>
<crecord><classnum ref = "C239S000000" doc = "Class239.sgm">239</classnum>
<subref><clstitle>Fluid Sprinkling, Spraying, and Diffusing</clstitle>
<pretext></pretext>
<subnum range = "p" ref = "C239S001000" doc = "Class239.sgm">1</subnum></subref>
<descript><para> for methods of spraying a fluid.</para></descript></crecord></srchout></subclass>
<subclass subnum = "48" id = "C169S048000">
<sctitle>APPARATUS WHICH ISOLATES FLAMES FROM NON-BURNING AREA:</sctitle>
<parent ref = "C169S000000" doc = "Class169.sgm">the class definition</parent>
<scdesc>Apparatus comprising apparatus designed to separate a burning
area or a portion of a burning area from a second burnable area to
prevent burning interaction between the two areas.</scdesc>
<notes><note1 notenum = "(1)">
<para>Note. The second area may include a person or article to be
protected, or it may simply be an extension of the area which is
on fire.</para></note1>
<note1 notenum = "(2)">
<para>Note. Apparatus included herein is in the form of a solid
or fluid cover or shield, e.g., nonfluid or gas.</para></note1></notes></subclass>
<subclass subnum = "49" id = "C169S049000">
<sctitle>With means to isolate fire from atmosphere and extinguish:</sctitle>
<parent ref = "C169S048000" doc = "Class169.sgm">subclass 48</parent>
<scdesc>Apparatus, which separates a fire area from the atmosphere.</scdesc>
<notes><note1 notenum = "(1)">
<para>Note. Apparatus placed in this subclass has the capability
of extinguishing the separated fire by smothering, however a means
may be included with the apparatus to discharge an extinguishant
onto the fire.</para></note1></notes></subclass>
<subclass subnum = "50" id = "C169S050000">
<sctitle>Acted upon by operator in use:</sctitle>
<parent ref = "C169S049000" doc = "Class169.sgm">subclass 49</parent>
<scdesc>Apparatus, which separates the fire from the atmosphere
upon manipulation of the means by an operator to accomplish the
isolation.</scdesc>
<notes><note1 notenum = "(1)">
<para>Note. The manipulation includes rolling, dragging, wrapping,
or beating.</para></note1>
<note1 notenum = "(2)">
<para>Note. This subclass includes extinguishers of the blanket
type which conform to the shape of the object to be treated.</para></note1></notes></subclass>
<subclass subnum = "51" id = "C169S051000">
<sctitle>MOUNT, CABINET OR GUARD:</sctitle>
<parent ref = "C169S000000" doc = "Class169.sgm">the class definition</parent>
<scdesc>Apparatus comprising means to support or protect an extinguishant
source and&sol;or an outlet therefor.</scdesc></subclass>
<subclass subnum = "52" id = "C169S052000">
<sctitle>Movable relative to fire:</sctitle>
<parent ref = "C169S051000" doc = "Class169.sgm">subclass 51</parent>
<scdesc>Apparatus, comprising fire extinguishing or preventing means
mounted on a structure designed to provide movement of the means relative
to the fire.</scdesc>
<notes><note1 notenum = "(1)">
<para>Note. Apparatus herein includes (1) a mounting means which
is movable to a fire, or (2) a mounting means which imparts movement
to an extinguisher thereon during use thereof.</para></note1></notes>
<srchin>
<srecord><subnum range = "p" ref = "C169S030000" doc = "Class169.sgm">30</subnum>
<descript><para>for portable vessels.</para></descript></srecord>
<srecord><subnum range = "p" ref = "C169S048000" doc = "Class169.sgm">48</subnum>
<descript><para>for portable fire shields and fire  fighter&quot;s
apparel.</para></descript></srecord></srchin></subclass>
<subclass subnum = "53" id = "C169S053000">
<sctitle>On air-borne vehicle:</sctitle>
<parent ref = "C169S052000" doc = "Class169.sgm">subclass 52</parent>
<scdesc>Apparatus, mounted on an aeronautical vehicle, e.g., a helicopter.</scdesc>
<srchout>
<crecord><classnum ref = "C244S000000" doc = "Class244.sgm">244</classnum>
<subref><clstitle>Aeronautics and Astronautics</clstitle>
<pretext></pretext>
<subnum range = "s" ref = "C244S136000" doc = "Class244.sgm">136</subnum></subref>
<descript><para> for aerial fire fighting apparatus in combination
with aircraft structure.</para></descript></crecord></srchout></subclass>
<subclass subnum = "54" id = "C169S054000">
<sctitle>SPECIAL APPLICATIONS:</sctitle>
<parent ref = "C169S000000" doc = "Class169.sgm">the class definition</parent>
<scdesc>Subject matter comprising means for preventing or minimizing
damage due to fire in or about a structure or device by treating
the fire condition, said means being particularly adapted for use
with that specifically named structure or device.</scdesc>
<notes><note1 notenum = "(1)">
<para>Note. Fire extinguishers claimed in combination with structure
or apparatus classifiable elsewhere is found in the class accepting
that apparatus.</para></note1></notes></subclass>
<subclass subnum = "55" id = "C169S055000">
<sctitle>For railway car heaters:</sctitle>
<parent ref = "C169S054000" doc = "Class169.sgm">subclass 54</parent>
<scdesc>Apparatus, especially adapted for extinguishing fire in
or about a stove on a railway car.</scdesc>
<notes><note1 notenum = "(1)">
<para>Note. These extinguishers are usually set in operation by
an abnormal movement of the car, as by collision, derailment, or overturning.</para></note1></notes></subclass>
<subclass subnum = "56" id = "C169S056000">
<sctitle>Condition responsive control:</sctitle>
<parent ref = "C169S054000" doc = "Class169.sgm">subclass 54</parent>
<scdesc>Apparatus, having a device which operates in response to
a sensed condition relative to a fire in or about the particular
structure with which it is to be associated to control a means which may
extinguish a fire or prevent the spreading thereof in or about said
particular structure.</scdesc>
<notes><note1 notenum = "(1)">
<para>Note. Conditions which may be sensed relative to a fire may
include heat, pressure, light, smoke, impact, deceleration, etc.</para></note1></notes>
<srchin>
<srecord><subnum ref = "C169S019000" doc = "Class169.sgm">19</subnum>
<descript><para>for valve which control the flow of fire extinguishing
fluid in a fire extinguishing system not associated with a specific
structure and wherein said valve is responsive to a sensed condition.</para></descript></srecord>
<srecord><subnum range = "p" ref = "C169S026000" doc = "Class169.sgm">26</subnum>
<descript><para>for containers having an extinguishant therein which
are for general use and which will discharge the contents thereof
in response to a predetermined condition.</para></descript></srecord></srchin>
<srchout>
<crecord><classnum ref = "C052S000000" doc = "Class052.sgm">52</classnum>
<subref><clstitle>Static Structures (e.g., Buildings)</clstitle>
<pretext>appropriate subclass, for condition responsive components
not claimed with fire extinguishing systems or for the purpose of
fire extinguishing. Note particularly </pretext>
<subnum range = "r" ref = "C052S001000" doc = "Class052.sgm">1</subnum></subref>
<descript><para>, 98, 168, and 232.</para></descript></crecord></srchout></subclass>
<subclass subnum = "57" id = "C169S057000">
<sctitle>Having fusible plug, support, or holder:</sctitle>
<parent ref = "C169S054000" doc = "Class169.sgm">subclass 54</parent>
<scdesc>Apparatus in which a fire extinguishing material is directly
restrained against discharge by a plug, support or other device
which is in contact with said material until said device is fused,
melted or deformed when a predetermined condition is sensed, or
in which such a plug, support, etc., operates similarly in another
cooperative relation with the extinguishing means.</scdesc>
<srchout>
<crecord><classnum ref = "C052S000000" doc = "Class052.sgm">52</classnum>
<subref><clstitle>Static Structures (e.g., Buildings)</clstitle>
<pretext></pretext>
<subnum range = "s" ref = "C052S232000" doc = "Class052.sgm">232</subnum></subref>
<descript><para> for thermally responsive ceiling structure not
claimed as cooperating with a fire extinguishing system.</para></descript></crecord></srchout></subclass>
<subclass subnum = "58" id = "C169S058000">
<sctitle>Having frangible extinguishant holder:</sctitle>
<parent ref = "C169S056000" doc = "Class169.sgm">subclass 56</parent>
<scdesc>Apparatus wherein a fire extinguishing material is directly
restrained against discharge by a device in contact with said material
which fractures or breaks when a predetermined fire condition is
sensed.</scdesc>
<srchin>
<srecord><subnum range = "p" ref = "C169S026000" doc = "Class169.sgm">26</subnum>
<descript><para>and 28, for a frangible container for fire extinguishing
material in a receptacle for general use.</para></descript></srecord></srchin>
<srchout>
<crecord><classnum ref = "C052S000000" doc = "Class052.sgm">52</classnum>
<subref><clstitle>Static Structures (e.g., Buildings)</clstitle>
<pretext></pretext>
<subnum range = "s" ref = "C052S098000" doc = "Class052.sgm">98</subnum></subref>
<descript><para> for frangible components not claimed as being for
fire extinguishing.</para></descript></crecord></srchout></subclass>
<subclass subnum = "59" id = "C169S059000">
<sctitle>Fusible cable:</sctitle>
<parent ref = "C169S056000" doc = "Class169.sgm">subclass 56</parent>
<scdesc>Apparatus having a flexible elongated means extending into
the area to be protected, a sensing means in said elongated means
which senses the fire and releases the elongated means, causing
a fire extinguishing system to actuate.</scdesc>
<srchin>
<srecord><subnum ref = "C169S042000" doc = "Class169.sgm">42</subnum>
<descript><para>for fusible links, per se.</para></descript></srecord></srchin>
<srchout>
<crecord><classnum ref = "C340S000000" doc = "Class340.sgm">340</classnum>
<subref><clstitle>Communications: Electrical</clstitle>
<pretext></pretext>
<subnum range = "s" ref = "C340S596000" doc = "Class340.sgm">596</subnum></subref>
<descript><para> for electric alarm systems having cable sensors.</para></descript></crecord></srchout></subclass>
<subclass subnum = "60" id = "C169S060000">
<sctitle>Sensor, control and actuator:</sctitle>
<parent ref = "C169S056000" doc = "Class169.sgm">subclass 56</parent>
<scdesc>Apparatus having (1) means to sense a fire condition, (2)
means to transmit a signal from the sensing means in response to
a fire sensed by said sensing means and (3) means receiving said
transmission and responding to release material to extinguish the
sensed fire.</scdesc></subclass>
<subclass subnum = "61" id = "C169S061000">
<sctitle>Electrical control:</sctitle>
<parent ref = "C169S060000" doc = "Class169.sgm">subclass 60</parent>
<scdesc>Apparatus, where the signal transmitting means is an electrical
circuit.</scdesc>
<notes><note1 notenum = "(1)">
<para>Note. The line between this class and Class 340, Communications:
Electrical, is that Class 169, requires that the sensor act directly
upon the extinguishing systems; systems wherein the sensor acts first
on an alarm and then on a fire extinguishing system are found in
Class 340.</para></note1></notes>
<srchout>
<crecord><classnum ref = "C340S000000" doc = "Class340.sgm">340</classnum>
<subref><clstitle>Communication: Electrical</clstitle>
<pretext></pretext>
<subnum range = "p" ref = "C340S577000" doc = "Class340.sgm">577</subnum></subref>
<descript><para> for electrical flame alarms; subclasses 584&plus; for
electrical temperature alarms; and subclasses 628&plus; for
electrical smoke alarms.</para></descript></crecord></srchout></subclass>
<subclass subnum = "62" id = "C169S062000">
<sctitle>For vehicles:</sctitle>
<parent ref = "C169S054000" doc = "Class169.sgm">subclass 54</parent>
<scdesc>Apparatus, for extinguishing fires on or inside a conveyance
for people and&sol;or articles; e.g., airplanes, ships, automobiles
etc.</scdesc></subclass>
<subclass subnum = "63" id = "C169S063000">
<sctitle>For motion picture apparatus:</sctitle>
<parent ref = "C169S054000" doc = "Class169.sgm">subclass 54</parent>
<scdesc>Apparatus for extinguishing fires in or about devices which
manipulate moving picture film.</scdesc>
<notes><note1 notenum = "(1)">
<para>Note. This subclass includes the combination of nominally
recited film handling means with a fire extinguishing apparatus.</para></note1></notes>
<srchout>
<crecord><classnum ref = "C352S000000" doc = "Class352.sgm">352</classnum>
<subref><clstitle>Optics: Motion Pictures</clstitle>
<pretext></pretext></subref>
<descript><para>for fire prevention and isolation structure for film
strips in combination with motion picture apparatus structure.</para></descript></crecord></srchout></subclass>
<subclass subnum = "64" id = "C169S064000">
<sctitle>For mine:</sctitle>
<parent ref = "C169S054000" doc = "Class169.sgm">subclass 54</parent>
<scdesc>Apparatus, designed for use in extinguishing or in the prevention
of fires in a subterranean environment of solid natural material.</scdesc>
<notes><note1 notenum = "(1)">
<para>Note. This subclass includes apparatus for dusting the walls
of mines as a preventive measure.</para></note1></notes>
<srchin>
<srecord><subnum ref = "C169S045000" doc = "Class169.sgm">45</subnum>
<descript><para>for methods of preventing mine fires and explosions.</para></descript></srecord></srchin>
<srchout>
<crecord><classnum ref = "C299S000000" doc = "Class299.sgm">299</classnum>
<subref><clstitle>Mining or In Situ Disintegration of Hard Material</clstitle>
<pretext></pretext>
<subnum range = "s" ref = "C299S00150" doc = "Class299.sgm">1.05</subnum></subref>
<descript><para> for signaling or indicating means for fire conditions
as part of mine structure and subclass 12 for mine safety methods.</para></descript></crecord></srchout></subclass>
<subclass subnum = "65" id = "C169S065000">
<sctitle>For cooking installation:</sctitle>
<parent ref = "C169S054000" doc = "Class169.sgm">subclass 54</parent>
<scdesc>Apparatus for extinguishing or preventing fires in stoves
or ovens used in food preparation, and the area surrounding said
stoves or ovens.</scdesc></subclass>
<subclass subnum = "66" id = "C169S066000">
<sctitle>For storage tank:</sctitle>
<parent ref = "C169S054000" doc = "Class169.sgm">subclass 54</parent>
<scdesc>Apparatus for extinguishing or preventing fires in a surface-mounted
receptacle which may contain a supply of inflammable fluid.</scdesc>
<srchin>
<srecord><subnum ref = "C169S062000" doc = "Class169.sgm">62</subnum>
<descript><para>for extinguisher protecting fuel tank of vehicle.</para></descript></srecord></srchin>
<srchout>
<crecord><classnum ref = "C220S000000" doc = "Class220.sgm">220</classnum>
<subref><clstitle>Receptacles</clstitle>
<pretext></pretext>
<subnum range = "r" ref = "C220S088100" doc = "Class220.sgm">88.1</subnum>
<endnum ref = "C220S089400" doc = "Class220.sgm">89.4</endnum></subref>
<descript><para> for the prevention of fire in oil tanks involving
only tank structure without treating the contents. </para></descript></crecord>
<crecord><classnum ref = "C222S000000" doc = "Class222.sgm">222</classnum>
<subref><clstitle>Dispensing</clstitle>
<pretext></pretext>
<subnum range = "r" ref = "C222S053000" doc = "Class222.sgm">53</subnum></subref>
<descript><para>, 54, 152 for fire prevention and extinguishing means
combined with oil dispensers.</para></descript></crecord>
<crecord><classnum ref = "C422S000000" doc = "Class422.sgm">422</classnum>
<subref><clstitle>Chemical Apparatus and Process Disinfecting, Deodorizing,
Preserving, or Sterilizing</clstitle>
<pretext></pretext>
<subnum range = "p" ref = "C422S022000" doc = "Class422.sgm">22</subnum></subref>
<descript><para> for use of a fluid blanket as preservative means other
than fire protection purposes.</para></descript></crecord></srchout></subclass>
<subclass subnum = "67" id = "C169S067000">
<sctitle>Extinguisher having transport or erection means:</sctitle>
<parent ref = "C169S066000" doc = "Class169.sgm">subclass 66</parent>
<scdesc>Apparatus, wherein the fire extinguishing means is designed
for movement to and&sol;or assembly at the receptacle.</scdesc>
<notes><note1 notenum = "(1)">
<para>Note. Apparatus classified here is external of a storage receptacle
tank, and is structurally independent of the receptacle but it is
designed especially for use with a receptacle.</para></note1></notes>
<srchin>
<srecord><subnum range = "p" ref = "C169S052000" doc = "Class169.sgm">52</subnum>
<descript><para>for mobile extinguishers designed for general utility.</para></descript></srecord></srchin></subclass>
<subclass subnum = "68" id = "C169S068000">
<sctitle>With specific extinguishant applying means:</sctitle>
<parent ref = "C169S066000" doc = "Class169.sgm">subclass 66</parent>
<scdesc>Apparatus, having means to particularly distribute the extinguishing
material within the receptacle.</scdesc></subclass>
<subclass subnum = "69" id = "C169S069000">
<sctitle>For oil or gas well:</sctitle>
<parent ref = "C169S054000" doc = "Class169.sgm">subclass 54</parent>
<scdesc>Apparatus for extinguishing or preventing fires at the outlet
of a subterranean source of an inflammable fluid.</scdesc>
<srchout>
<crecord><classnum ref = "C166S000000" doc = "Class166.sgm">166</classnum>
<subref><clstitle>Wells</clstitle>
<pretext></pretext>
<subnum range = "p" ref = "C166S075110" doc = "Class166.sgm">75.11</subnum></subref>
<descript><para> especially subclasses 79.1 and 90.1 for well apparatus
combined with fire extinguishers where the fire extinguishing feature
goes no further than a mere cap or head, means for diverting flow from
the well or means for inserting a fluid into the well, or where
more of the well is claimed than cooperates with the fire extinguishing
means.</para></descript></crecord></srchout></subclass>
<subclass subnum = "70" id = "C169S070000">
<sctitle>With specific extinguishant applying means, or means for
providing access to fire:</sctitle>
<parent ref = "C169S054000" doc = "Class169.sgm">subclass 54</parent>
<scdesc>Apparatus, having means to particularly distribute the extinguishing
material with respect to the fire to be extinguished and the structure to
be protected, or means enabling the extinguisher to surpass obstacles
encountered in reaching the fire.</scdesc></subclass>
<subclass subnum = "71" id = "C169S071000">
<sctitle>Gas pressure:</sctitle>
<parent ref = "C169S030000" doc = "Class169.sgm">subclass 30</parent>
<scdesc>Apparatus, wherein a pressurized gas means is provided and
means whereby the pressurized gas may be applied to said agent to
expel the same from a container so that said agent may be applied
to a fire.</scdesc>
<notes><note1 notenum = "(1)">
<para>Note. The pressurized gas may be stored ready for use or it
may be developed by a pump or other means.</para></note1>
<note1 notenum = "(2)">
<para>Note. The pressurized gas may be stored with the agent, or
it may be stored separately.</para></note1></notes>
<srchout>
<crecord><classnum ref = "C222S000000" doc = "Class222.sgm">222</classnum>
<subref><clstitle>Dispensing</clstitle>
<pretext></pretext>
<subnum range = "p" ref = "C222S394000" doc = "Class222.sgm">394</subnum></subref>
<descript><para> for dispensers using fluid pressure to cause discharge.</para></descript></crecord>
<crecord><classnum ref = "C239S000000" doc = "Class239.sgm">239</classnum>
<subref><clstitle>Fluid Sprinkling, Spraying, and Diffusing</clstitle>
<pretext></pretext>
<subnum range = "r" ref = "C239S307000" doc = "Class239.sgm">307</subnum></subref>
<descript><para>, 308 and 337&plus; for sprayers having supply
holders and in which the materials are discharged therefrom by the
pressure of a gas.</para></descript></crecord></srchout></subclass>
<subclass subnum = "72" id = "C169S072000">
<sctitle>With means facilitating total discharge:</sctitle>
<parent ref = "C169S071000" doc = "Class169.sgm">subclass 71</parent>
<scdesc>Apparatus, wherein said container is provided with specific
means designed to insure that the agent will discharge from the
container in its entirety, regardless of the orientation of the vessel
when in use.</scdesc></subclass>
<subclass subnum = "73" id = "C169S073000">
<sctitle>By collapsing chamber holding agent:</sctitle>
<parent ref = "C169S072000" doc = "Class169.sgm">subclass 72</parent>
<scdesc>Apparatus, having variable volume means provided to store
agent within said container whereby the volumetric capacity of the
variable volume means may be reduced substantially to zero and thus
insure discharge of the agent in its entirety.</scdesc>
<notes><note1 notenum = "(1)">
<para>Note. The variable volume means may be a cylinder with a piston
movable therein or a collapsible wall chamber.</para></note1></notes></subclass>
<subclass subnum = "74" id = "C169S074000">
<sctitle>With particular outlet structure:</sctitle>
<parent ref = "C169S071000" doc = "Class169.sgm">subclass 71</parent>
<scdesc>Apparatus, further comprising an outlet from the vessel
or a terminal discharge element for said agent which imparts thereto
particular characteristics.</scdesc>
<notes><note1 notenum = "(1)">
<para>Note. This subclass includes extinguishers whose outlet is
modified by the operator in order to release the extinguishant.</para></note1></notes></subclass>
<subclass subnum = "75" id = "C169S075000">
<sctitle>With means preventing accidental discharge, relieving pressure,
or indicating condition within vessel:</sctitle>
<parent ref = "C169S071000" doc = "Class169.sgm">subclass 71</parent>
<scdesc>Apparatus further comprising means to avoid accidental discharge
of the agent from the container or excessive pressure build up in
said container, or means to indicate any abnormal condition therein.</scdesc></subclass>
<subclass subnum = "76" id = "C169S076000">
<sctitle>With means permitting repeated discharge:</sctitle>
<parent ref = "C169S071000" doc = "Class169.sgm">subclass 71</parent>
<scdesc>Apparatus having means, such as an on-off valve or plural
agent sources, which allows the operator to discharge agent at will,
more than once with an extinguisher.</scdesc></subclass>
<subclass subnum = "77" id = "C169S077000">
<sctitle>Power extinguishant:</sctitle>
<parent ref = "C169S071000" doc = "Class169.sgm">subclass 71</parent>
<scdesc>Apparatus for containing and discharging a dry chemical
agent.</scdesc></subclass>
<subclass subnum = "78" id = "C169S078000">
<sctitle>Produced by chemical mixing:</sctitle>
<parent ref = "C169S071000" doc = "Class169.sgm">subclass 71</parent>
<scdesc>Apparatus, having a plurality of separately housed substances,
which may be caused to be mixed when desired, and thus caused to
react chemically to produce a gas with sufficient pressure to expel
the agent from the container.</scdesc></subclass>
<subclass subnum = "79" id = "C169S079000">
<sctitle>Upon inversion of internal container:</sctitle>
<parent ref = "C169S078000" doc = "Class169.sgm">subclass 78</parent>
<scdesc>Apparatus, wherein at least one of the reactant housings
is turned over relative to a second reactant, thus releasing said
reactant for mixing with a second reactant in the container.</scdesc></subclass>
<subclass subnum = "80" id = "C169S080000">
<sctitle>Upon inversion of vessel:</sctitle>
<parent ref = "C169S078000" doc = "Class169.sgm">subclass 78</parent>
<scdesc>Apparatus wherein the mixing is initiated by turning the
container end for end.</scdesc></subclass>
<subclass subnum = "81" id = "C169S081000">
<sctitle>Breaks reactant container:</sctitle>
<parent ref = "C169S080000" doc = "Class169.sgm">subclass 80</parent>
<scdesc>Apparatus comprising an actuator which upon inversion of
the container destroys a means by which the substances had been
prevented from mixing, so that the substances may mix and produce
the pressurized gas necessary to expel the agent from the container.</scdesc></subclass>
<subclass subnum = "82" id = "C169S082000">
<sctitle>Reactant container closure released by gravity:</sctitle>
<parent ref = "C169S080000" doc = "Class169.sgm">subclass 80</parent>
<scdesc>Apparatus wherein the housing for at least one of the substances
to be mixed is provided with a closure therefor which will be removed
therefrom by gravitational force upon inversion of said housing
whereby the substances may be mixed to produce the necessary gas
pressure to expel the agent from the container.</scdesc></subclass>
<subclass subnum = "83" id = "C169S083000">
<sctitle>Upon breaking internal container:</sctitle>
<parent ref = "C169S078000" doc = "Class169.sgm">subclass 78</parent>
<scdesc>Apparatus, wherein a reactant is stored in a container which
must be fractured to release said reactant to mix with a second
reactant to produce a fire extinguishant.</scdesc>
<srchin>
<srecord><subnum ref = "C169S081000" doc = "Class169.sgm">81</subnum>
<descript><para>for vessels having therein a reactant container
which is broken upon inversion of the vessel.</para></descript></srecord></srchin></subclass>
<subclass subnum = "84" id = "C169S084000">
<sctitle>Produced by combustion:</sctitle>
<parent ref = "C169S071000" doc = "Class169.sgm">subclass 71</parent>
<scdesc>Apparatus having a charge of combustible material contained
therein which produces the gas pressure when ignited and means available to
the operator for igniting the charge.</scdesc></subclass>
<subclass subnum = "85" id = "C169S085000">
<sctitle>Pressurizing agent stored apart from agent:</sctitle>
<parent ref = "C169S071000" doc = "Class169.sgm">subclass 71</parent>
<scdesc>Apparatus wherein the pressurizing gas used to expel the
fire extinguishing agent is stored in a container which is separate
from that in which the agent is stored.</scdesc></subclass>
<subclass subnum = "86" id = "C169S086000">
<sctitle>With means to prevent freezing of expanding gas:</sctitle>
<parent ref = "C169S085000" doc = "Class169.sgm">subclass 85</parent>
<scdesc>Apparatus having heat exchange or other means to prevent
the temperature of the gas, due to expansion as it passes through
an orifice or the like, from decreasing to the point where gas passing
therethrough will solidify.</scdesc></subclass>
<subclass subnum = "87" id = "C169S087000">
<sctitle>Vessel inverted to release gas:</sctitle>
<parent ref = "C169S085000" doc = "Class169.sgm">subclass 85</parent>
<scdesc>Apparatus having means whereby when the vessel is turned
over the pressurized gas may be released to expel the agent from
the vessel.</scdesc>
<notes><note1 notenum = "(1)">
<para>Note. The means releasing said pressurized gas may do so by
puncturing the pressurized gas container because of the inversion
thereof, or upon inversion thereof and the application of a force upon
said releasing means.</para></note1></notes></subclass>
<subclass subnum = "88" id = "C169S088000">
<sctitle>Lever or trigger operated to release gas:</sctitle>
<parent ref = "C169S085000" doc = "Class169.sgm">subclass 85</parent>
<scdesc>Apparatus wherein the means for releasing the pressurizing
gas has a scissors grip, pistol-grip, or other squeeze type actuator,
or a lever-type actuator.</scdesc>
<srchin>
<srecord><subnum ref = "C169S089000" doc = "Class169.sgm">89</subnum>
<descript><para>for a discharge head on a container for agent stored
under pressure.</para></descript></srecord></srchin></subclass>
<subclass subnum = "89" id = "C169S089000">
<sctitle>Discharge head:</sctitle>
<parent ref = "C169S071000" doc = "Class169.sgm">subclass 71</parent>
<scdesc>Apparatus comprising a means on the container for the agent
which has both a valve for releasing the pressurized material and
an outlet communicating therewith for dispensing the released material
from the container.</scdesc></subclass>
<subclass subnum = "90" id = "C169S090000">
<sctitle>Shut off valve:</sctitle>
<parent ref = "C169S037000" doc = "Class169.sgm">subclass 37</parent>
<scdesc>Apparatus further comprising a means for selectively terminating
discharge from the sprinkler head.</scdesc></subclass>
<subclass subnum = "91" id = "C169S091000">
<sctitle>MISCELLANEOUS: E.G., BLOWERS:</sctitle>
<parent ref = "C169S000000" doc = "Class169.sgm">the class definition</parent>
<scdesc>Apparatus not herein before provided for.</scdesc></subclass></sclasses>
</class>
