<?xml version="1.0" encoding="UTF-8"?>
<!DOCTYPE class PUBLIC "-//USPTO//DTD Classification Definitions//EN" "xclassdef.dtd" [

<!-- Begin Document Specific Declarations -->

<!-- End Document Specific Declarations -->

]>
<?xml-stylesheet href="classdef.xsl" type="text/XSL"?>

<class classnum = "213" id = "C213S000000"><title>RAILWAY DRAFT
APPLIANCES</title>
<sections><descsect>
<para>This class contains patents involving means for connecting
together the various elements of a railway train.  It also contains
patents involving means for resiliently absorbing the shocks and
blows incident to the movement of the train and to give cushioning
effect to starting and stopping thereof.  Devices relating to this
purpose may be formed as a part of the coupling devices or may be
separate devices secured to or built into the car construction,
either to cooperate with the coupling device or to engage and cooperate
with similar structure on another car.</para>
</descsect>
<linesect>
<notes><note1 notenum = "(1)">
<para>Note.  Elements of a car, which are also elements of the subject
matter of this class, but are modified in structure for use in combination
with other elements of the car, the problem involved being more
that of car construction than relating to the subject matter of
this class, will be found in Class 105, Railway Rolling Stock. Copies
of the patents in Class 105 which might be of value as references
in this class have been placed in the class as cross references.</para></note1>
<note1 notenum = "(2)">
<para>Note. Patents claiming combinations between car couplers and
devices for other purposes incident to the use and operation of
the car will be found in the classes in which such other devices
are classified.  The combination of a car coupler and means for
coupling train-pipe service for air or steam forms an exception
to the rule above noted and will be found in this Class 213, subclass
76.  However, where such train line is secured to a coupler or drawbar and
its operation is the same as though hung to any other part of the
car the combination will be found in Class 285, Pipe Joints or Couplings,
subclasses 24&plus; and 62&plus;.  The combination of a
car coupler and connecting means for electric circuits forms another
exception to the above rule and will be found in this Class 213,
subclasses 1.3&plus;.  Where the combination is between a coupler
and a brake see Class 188, Brakes.  Where the combination is between
a car coupler and means for unloading or loading a car, see Class
414, Material or Article Handling.</para></note1>
<note1 notenum = "(3)">
<para>Note.  Devices adapted to attach draft animals to cars will
be found in Class 278, Land Vehicles: Animal Draft Appliances.</para></note1>
<note1 notenum = "(4)">
<para>Note.  For coupling and draft devices for trains of vehicles
other than track vehicles see Class 180, Motor Vehicles, subclasses 14.1&plus;,
and Class 280, Land Vehicles, subclasses 400&plus;.</para></note1></notes>
</linesect></sections>
<sclasses>
<subclass subnum = "1" id = "C213S001000">
<sctitle>MISCELLANEOUS:</sctitle>
<parent ref = "C213S000000" doc = "Class213.sgm">the class definition</parent>
<scdesc>Devices not falling specifically within the definitions
of the following subclasses.</scdesc></subclass>
<subclass subnum = "1.3" id = "C213S001300">
<sctitle>COMBINED COUPLER AND ELECTRIC CONNECTOR:</sctitle>
<parent ref = "C213S000000" doc = "Class213.sgm">the class definition</parent>
<scdesc>Combinations of railway draft couplers with electrical connecting
means.</scdesc>
<srchout>
<crecord><classnum ref = "C280S000000" doc = "Class280.sgm">280</classnum>
<subref><clstitle>Land Vehicles</clstitle>
<pretext></pretext>
<subnum range = "s" ref = "C280S422000" doc = "Class280.sgm">422</subnum></subref>
<descript><para> for electric service connections in land vehicle
trains.</para></descript></crecord>
<crecord><classnum ref = "C439S000000" doc = "Class439.sgm">439</classnum>
<subref><clstitle>Electrical Connectors</clstitle>
<pretext>for electric connectors, per se, especially </pretext>
<subnum range = "p" ref = "C439S034000" doc = "Class439.sgm">34</subnum></subref>
<descript><para> for combinations of electric connectors with vehicle
structures other than draft couplers. </para></descript></crecord></srchout></subclass>
<subclass subnum = "1.6" id = "C213S001600">
<sctitle>With additional circuit-making or breaking means:</sctitle>
<parent ref = "C213S001300" doc = "Class213.sgm">subclass 1.3</parent>
<scdesc>Combinations having an electric switch or other means for
opening or controlling a circuit through the connector contacts
without separating said contacts.</scdesc>
<notes><note1 notenum = "(1)">
<para>Note.  The switch or other circuit opening or control means
is usually, but not necessarily, located at a point remote from
the car coupler and electric connector, and may be interlocked therewith
so as to require operation of the switch before the connector contacts
or car-couplers can be separated.</para></note1></notes>
<srchout>
<crecord><classnum ref = "C307S000000" doc = "Class307.sgm">307</classnum>
<subref><clstitle>Electrical Transmission or Interconnection Systems</clstitle>
<pretext>for miscellaneous electrical systems in general especially </pretext>
<subnum range = "p" ref = "C307S009100" doc = "Class307.sgm">9.1</subnum></subref>
<descript><para> for vehicle mounted systems.</para></descript></crecord></srchout></subclass>
<subclass subnum = "2" id = "C213S002000">
<sctitle>LOCOMOTIVE AND TENDER:</sctitle>
<parent ref = "C213S000000" doc = "Class213.sgm">the class definition</parent>
<scdesc>Draft devices for connecting together a locomotive and tender,
the forward end of the locomotive or the rear end of a tender to
the other cars of a train.</scdesc></subclass>
<subclass subnum = "3" id = "C213S003000">
<sctitle>Locomotive to tender:</sctitle>
<parent ref = "C213S002000" doc = "Class213.sgm">subclass 2</parent>
<scdesc>Devices where the connecting means is between the locomotive
and tender.</scdesc></subclass>
<subclass subnum = "4" id = "C213S004000">
<sctitle>Movable to inoperative position:</sctitle>
<parent ref = "C213S002000" doc = "Class213.sgm">subclass 2</parent>
<scdesc>Draft device which is capable of being moved to an inoperative
or out-of-the-way position when not in use.</scdesc></subclass>
<subclass subnum = "5" id = "C213S005000">
<sctitle>With drawbar-lifting means:</sctitle>
<parent ref = "C213S004000" doc = "Class213.sgm">subclass 4</parent>
<scdesc>Devices having in combination therewith means for raising
the draft device in a vertical direction.</scdesc></subclass>
<subclass subnum = "6" id = "C213S006000">
<sctitle>Pocket type:</sctitle>
<parent ref = "C213S002000" doc = "Class213.sgm">subclass 2</parent>
<scdesc>Devices made in the form of a pocket secured to an end portion
(usually the rear end of a tender) for holding a coupling device.</scdesc></subclass>
<subclass subnum = "7" id = "C213S007000">
<sctitle>CUSHIONED:</sctitle>
<parent ref = "C213S000000" doc = "Class213.sgm">the class definition</parent>
<scdesc>Patents providing means for cushioning the movement of the
draft device.</scdesc>
<srchout>
<crecord><classnum ref = "C267S000000" doc = "Class267.sgm">267</classnum>
<subref><clstitle>Spring Devices</clstitle>
<pretext></pretext>
<subnum range = "s" ref = "C267S120000" doc = "Class267.sgm">120</subnum></subref>
<descript><para> for a spring device of the expansible-chamber fluid
spring type, for cushioning a rail vehicle body on its undercarriage.</para></descript></crecord></srchout></subclass>
<subclass subnum = "8" id = "C213S008000">
<sctitle>Continuous:</sctitle>
<parent ref = "C213S007000" doc = "Class213.sgm">subclass 7</parent>
<scdesc>The draft device is continuous from one end of the car to
the other.</scdesc></subclass>
<subclass subnum = "9" id = "C213S009000">
<sctitle>Combined with car end buffer:</sctitle>
<parent ref = "C213S007000" doc = "Class213.sgm">subclass 7</parent>
<scdesc>Means wherein a cushioned draft device is operatively connected
to a car end buffer and functions therewith for any purpose.</scdesc>
<notes><note1 notenum = "(1)">
<para>Note.  See search note below for definition of a car end buffer.</para></note1></notes>
<srchin>
<srecord><subnum ref = "C213S220000" doc = "Class213.sgm">220</subnum>
<descript><para>for definition of a car end buffer.</para></descript></srecord></srchin></subclass>
<subclass subnum = "10" id = "C213S010000">
<sctitle>Single center sill:</sctitle>
<parent ref = "C213S007000" doc = "Class213.sgm">subclass 7</parent>
<scdesc>Devices where the car is of the type having a single center
sill.</scdesc></subclass>
<subclass subnum = "11" id = "C213S011000">
<sctitle>Bolster-positioned:</sctitle>
<parent ref = "C213S007000" doc = "Class213.sgm">subclass 7</parent>
<scdesc>Devices where the cushioning means extends into or through
the bolster of the car and the bolster is modified to cooperate
therewith.</scdesc></subclass>
<subclass subnum = "12" id = "C213S012000">
<sctitle>Radially movable:</sctitle>
<parent ref = "C213S007000" doc = "Class213.sgm">subclass 7</parent>
<scdesc>Wherein the draft device is movable angularly in any direction.</scdesc>
<notes><note1 notenum = "(1)">
<para>Note.  Patents showing looseness of parts which permits angular
movement do not fall in this subclass unless the structure is specially
designed to take advantage of such looseness to give angular movement.</para></note1></notes></subclass>
<subclass subnum = "13" id = "C213S013000">
<sctitle>Vertically:</sctitle>
<parent ref = "C213S012000" doc = "Class213.sgm">subclass 12</parent>
<scdesc>Means wherein the movement of the draft device is in a vertical
direction.</scdesc></subclass>
<subclass subnum = "14" id = "C213S014000">
<sctitle>Combined horizontally:</sctitle>
<parent ref = "C213S013000" doc = "Class213.sgm">subclass 13</parent>
<scdesc>Structure under subclass wherein vertical movement of the
draft device is combined with a horizontal movement.</scdesc></subclass>
<subclass subnum = "15" id = "C213S015000">
<sctitle>Truck-controlled:</sctitle>
<parent ref = "C213S012000" doc = "Class213.sgm">subclass 12</parent>
<scdesc>Structure wherein the movement of the draft device is controlled
by the movement of the car truck.</scdesc></subclass>
<subclass subnum = "16" id = "C213S016000">
<sctitle>Hand-controlling devices:</sctitle>
<parent ref = "C213S012000" doc = "Class213.sgm">subclass 12</parent>
<scdesc>Devices wherein means are provided to move by hand the draft
device to bring the coupling part to a position to facilitate coupling.</scdesc></subclass>
<subclass subnum = "17" id = "C213S017000">
<sctitle>Combined uncoupling levers:</sctitle>
<parent ref = "C213S016000" doc = "Class213.sgm">subclass 16</parent>
<scdesc>Devices wherein the hand-controlling means also operates
as means for unlocking or uncoupling the coupler.</scdesc></subclass>
<subclass subnum = "18" id = "C213S018000">
<sctitle>Swing head:</sctitle>
<parent ref = "C213S012000" doc = "Class213.sgm">subclass 12</parent>
<scdesc>Means wherein the center of radial movement of the draft
device is on a pivot connecting the coupler head to the drawbar.</scdesc></subclass>
<subclass subnum = "19" id = "C213S019000">
<sctitle>Centering devices:</sctitle>
<parent ref = "C213S018000" doc = "Class213.sgm">subclass 18</parent>
<scdesc>Devices wherein self-acting means are employed to return
the head and drawbar into alignment.</scdesc></subclass>
<subclass subnum = "20" id = "C213S020000">
<sctitle>Centering devices:</sctitle>
<parent ref = "C213S018000" doc = "Class213.sgm">subclass 18</parent>
<scdesc>Devices wherein self-acting means are employed to move the
draft devices into alignment with the center line of the car.</scdesc></subclass>
<subclass subnum = "21" id = "C213S021000">
<sctitle>Drawbar carriers:</sctitle>
<parent ref = "C213S020000" doc = "Class213.sgm">subclass 20</parent>
<scdesc>Structure wherein the centering means for the draft device
is carried by or formed as part of the drawbar carrier.</scdesc></subclass>
<subclass subnum = "22" id = "C213S022000">
<sctitle>Combined spring and friction:</sctitle>
<parent ref = "C213S007000" doc = "Class213.sgm">subclass 7</parent>
<scdesc>Devices using the combined action of springs and friction
as means for cushioning movement of the draft devices.</scdesc>
<srchout>
<crecord><classnum ref = "C267S000000" doc = "Class267.sgm">267</classnum>
<subref><clstitle>Spring Devices</clstitle>
<pretext></pretext>
<subnum range = "p" ref = "C267S196000" doc = "Class267.sgm">196</subnum></subref>
<descript><para> for spring and friction retarder devices specifically
disclosed as having utility other than as a railway draft appliance and
in which no claim sets forth a spring device limited to use as railway draft
appliance.</para></descript></crecord></srchout></subclass>
<subclass subnum = "23" id = "C213S023000">
<sctitle>Preliminary spring:</sctitle>
<parent ref = "C213S022000" doc = "Class213.sgm">subclass 22</parent>
<scdesc>Devices wherein the cushioning action is against the action
of a spring preliminary to the combined action of spring and friction.</scdesc></subclass>
<subclass subnum = "24" id = "C213S024000">
<sctitle>Shoes and wedges with casings:</sctitle>
<parent ref = "C213S023000" doc = "Class213.sgm">subclass 23</parent>
<scdesc>Cushioning devices is of a type comprising a casing with
friction shoes engaging the casing and wedges to force the shoes
into engagement therewith.</scdesc></subclass>
<subclass subnum = "25" id = "C213S025000">
<sctitle>Springs only on draft:</sctitle>
<parent ref = "C213S022000" doc = "Class213.sgm">subclass 22</parent>
<scdesc>Means wherein spring action only cushions a draft movement
of the device, with combined spring and friction on buffing movement.</scdesc></subclass>
<subclass subnum = "26" id = "C213S026000">
<sctitle>Differential spring compression:</sctitle>
<parent ref = "C213S022000" doc = "Class213.sgm">subclass 22</parent>
<scdesc>Combined spring and friction devices in which compression
of the springs is greater or less than the movement of the draft
device.</scdesc></subclass>
<subclass subnum = "27" id = "C213S027000">
<sctitle>Rotating friction elements:</sctitle>
<parent ref = "C213S026000" doc = "Class213.sgm">subclass 26</parent>
<scdesc>Devices wherein the friction is generated by rotative movement
of friction elements.</scdesc></subclass>
<subclass subnum = "28" id = "C213S028000">
<sctitle>Rotating friction elements:</sctitle>
<parent ref = "C213S022000" doc = "Class213.sgm">subclass 22</parent>
<scdesc>Devices wherein the friction is generated by the rotative
movement of friction elements.</scdesc></subclass>
<subclass subnum = "29" id = "C213S029000">
<sctitle>Interengaging friction springs:</sctitle>
<parent ref = "C213S022000" doc = "Class213.sgm">subclass 22</parent>
<scdesc>Devices wherein interengaging springs generate the frictional
resistance by movement upon each other.</scdesc></subclass>
<subclass subnum = "30" id = "C213S030000">
<sctitle>Plate springs:</sctitle>
<parent ref = "C213S029000" doc = "Class213.sgm">subclass 29</parent>
<scdesc>Devices wherein the springs are plate springs.</scdesc></subclass>
<subclass subnum = "31" id = "C213S031000">
<sctitle>Friction casings:</sctitle>
<parent ref = "C213S022000" doc = "Class213.sgm">subclass 22</parent>
<scdesc>Devices wherein one of the friction elements of the device
is a casing.</scdesc></subclass>
<subclass subnum = "32" id = "C213S032000">
<sctitle>Shoes and wedges:</sctitle>
<parent ref = "C213S031000" doc = "Class213.sgm">subclass 31</parent>
<scdesc>Devices wherein the friction is generated by wedging of
shoes outwardly against the inner walls of the casing.</scdesc></subclass>
<subclass subnum = "33" id = "C213S033000">
<sctitle>Interleaved friction plates:</sctitle>
<parent ref = "C213S032000" doc = "Class213.sgm">subclass 32</parent>
<scdesc>Devices wherein there are also provided interleaved friction
plates, some being movable relative to others.</scdesc></subclass>
<subclass subnum = "34" id = "C213S034000">
<sctitle>Compound wedges:</sctitle>
<parent ref = "C213S033000" doc = "Class213.sgm">subclass 33</parent>
<scdesc>Devices wherein the wedges are formed of a plurality of
parts.</scdesc></subclass>
<subclass subnum = "35" id = "C213S035000">
<sctitle>Central friction post:</sctitle>
<parent ref = "C213S022000" doc = "Class213.sgm">subclass 22</parent>
<scdesc>Devices wherein one of the friction elements is in the form
of a post centrally disposed.</scdesc></subclass>
<subclass subnum = "36" id = "C213S036000">
<sctitle>Shoes and wedges:</sctitle>
<parent ref = "C213S035000" doc = "Class213.sgm">subclass 35</parent>
<scdesc>Devices wherein the wedges are employed to force shoes into
engagement with the friction post.</scdesc></subclass>
<subclass subnum = "37" id = "C213S037000">
<sctitle>Transversely movable friction element:</sctitle>
<parent ref = "C213S022000" doc = "Class213.sgm">subclass 22</parent>
<scdesc>Devices wherein the friction is generated by movement of
friction devices transversely thereof.</scdesc></subclass>
<subclass subnum = "38" id = "C213S038000">
<sctitle>Transverse springs:</sctitle>
<parent ref = "C213S037000" doc = "Class213.sgm">subclass 37</parent>
<scdesc>Devices wherein spring resistance is disposed transversely
thereof.</scdesc></subclass>
<subclass subnum = "39" id = "C213S039000">
<sctitle>Inwardly movable:</sctitle>
<parent ref = "C213S038000" doc = "Class213.sgm">subclass 38</parent>
<scdesc>Devices wherein the movement of the friction element is
in an inward direction.</scdesc></subclass>
<subclass subnum = "40" id = "C213S040000">
<sctitle>Springs:</sctitle>
<parent ref = "C213S007000" doc = "Class213.sgm">subclass 7</parent>
<scdesc>The cushioning device for the draft is in the form of a
spring.</scdesc>
<srchout>
<crecord><classnum ref = "C267S000000" doc = "Class267.sgm">267</classnum>
<subref><clstitle>Spring Devices</clstitle>
<pretext></pretext></subref>
<descript><para>for spring devices specifically disclosed as having
utility other than as a railway draft appliance and in which no
claim sets forth a spring device limited to use as a railway draft
appliance.</para></descript></crecord></srchout></subclass>
<subclass subnum = "41" id = "C213S041000">
<sctitle>Varying resistance:</sctitle>
<parent ref = "C213S040000" doc = "Class213.sgm">subclass 40</parent>
<scdesc>Devices wherein the spring resistance is increased to give
greater resistance to movement of the draft device per unit of travel according
to the amount of travel of the draft device or to provide a greater
resistance to impact shock than to pulling strains.</scdesc></subclass>
<subclass subnum = "42" id = "C213S042000">
<sctitle>Tension:</sctitle>
<parent ref = "C213S040000" doc = "Class213.sgm">subclass 40</parent>
<scdesc>Devices wherein the springs are tension springs.</scdesc></subclass>
<subclass subnum = "43" id = "C213S043000">
<sctitle>Fluid:</sctitle>
<parent ref = "C213S040000" doc = "Class213.sgm">subclass 40</parent>
<scdesc>Wherein devices of the class indicated the spring is the
compression of a pneumatic fluid or dashpot action of a liquid fluid.</scdesc></subclass>
<subclass subnum = "44" id = "C213S044000">
<sctitle>Multiple:</sctitle>
<parent ref = "C213S040000" doc = "Class213.sgm">subclass 40</parent>
<scdesc>Wherein devices of the class indicated a plurality of springs
are employed in the device.</scdesc></subclass>
<subclass subnum = "45" id = "C213S045000">
<sctitle>Tandem arrangement:</sctitle>
<parent ref = "C213S044000" doc = "Class213.sgm">subclass 44</parent>
<scdesc>Wherein devices of the class indicated the springs are arranged
in tandem relation.</scdesc></subclass>
<subclass subnum = "46" id = "C213S046000">
<sctitle>Separate springs for buff and draft:</sctitle>
<parent ref = "C213S045000" doc = "Class213.sgm">subclass 45</parent>
<scdesc>Wherein devices of the class indicated one spring or set
of springs are used for draft strains and another spring or set
of springs are used for buffing shocks, the springs or sets of springs having
tandem relation.</scdesc></subclass>
<subclass subnum = "47" id = "C213S047000">
<sctitle>With yokes:</sctitle>
<parent ref = "C213S045000" doc = "Class213.sgm">subclass 45</parent>
<scdesc>Wherein a tandem-spring device a U-shaped member surrounds
the springs and is engaged to the drawbar by the legs of the member.</scdesc></subclass>
<subclass subnum = "48" id = "C213S048000">
<sctitle>Opposed overlying plungers:</sctitle>
<parent ref = "C213S047000" doc = "Class213.sgm">subclass 47</parent>
<scdesc>Wherein devices of the class indicated overlapping plungers
adapted for movement in opposite directions are employed as means
for compressing the springs.</scdesc></subclass>
<subclass subnum = "49" id = "C213S049000">
<sctitle>Parallel arrangement:</sctitle>
<parent ref = "C213S044000" doc = "Class213.sgm">subclass 44</parent>
<scdesc>Wherein devices of the class indicated springs are arranged
so that lines through their axes of compression are parallel to
each other.</scdesc>
<notes><note1 notenum = "(1)">
<para>Note.  This does not include a plurality of springs where
this line is common to all the springs.</para></note1></notes></subclass>
<subclass subnum = "50" id = "C213S050000">
<sctitle>Cooperating parts fixed to car:</sctitle>
<parent ref = "C213S007000" doc = "Class213.sgm">subclass 7</parent>
<scdesc>That part of the car construction or separate means fixed
thereto which cooperates with the draft devices.</scdesc></subclass>
<subclass subnum = "50.5" id = "C213S050500">
<sctitle>Draft key retainers:</sctitle>
<parent ref = "C213S050000" doc = "Class213.sgm">subclass 50</parent>
<scdesc>Devices in which parts of the car construction or separate
means attached thereto prevent unintentional displacement of the
draft key which couples the draft means to the cushioning means.</scdesc>
<srchin>
<srecord><subnum ref = "C213S069000" doc = "Class213.sgm">69</subnum>
<descript><para>for draft key retainers in cushioned draft connections
which do not include parts fixed to the car.</para></descript></srecord></srchin>
<srchout>
<crecord><classnum ref = "C411S000000" doc = "Class411.sgm">411</classnum>
<subref><clstitle>Expanded, Threaded, Driven, Headed, Tool-Deformed,
or Locked-Threaded Fastener</clstitle>
<pretext></pretext>
<subnum range = "s" ref = "C411S351000" doc = "Class411.sgm">351</subnum></subref>
<descript><para> for a draft key fastener, per se.</para></descript></crecord></srchout></subclass>
<subclass subnum = "51" id = "C213S051000">
<sctitle>Draft sills:</sctitle>
<parent ref = "C213S050000" doc = "Class213.sgm">subclass 50</parent>
<scdesc>That part of the car through which the force of pull or
buff on the draft devices is transferred to the car.</scdesc>
<notes><note1 notenum = "(1)">
<para>Note.  Only the construction of the draft sills which directly
cooperates with the draft device will be found in this class.</para></note1></notes>
<srchout>
<crecord><classnum ref = "C105S000000" doc = "Class105.sgm">105</classnum>
<subref><clstitle>Railway Rolling Stock</clstitle>
<pretext></pretext>
<subnum range = "s" ref = "C105S413000" doc = "Class105.sgm">413</subnum></subref>
<descript><para> and indented subclasses.</para></descript></crecord></srchout></subclass>
<subclass subnum = "52" id = "C213S052000">
<sctitle>Parallel-spring arrangement:</sctitle>
<parent ref = "C213S051000" doc = "Class213.sgm">subclass 51</parent>
<scdesc>Devices of the class indicated adapted for use with parallel-arranged
type of draft gear.</scdesc></subclass>
<subclass subnum = "53" id = "C213S053000">
<sctitle>Tandem-spring arrangement:</sctitle>
<parent ref = "C213S051000" doc = "Class213.sgm">subclass 51</parent>
<scdesc>Devices of the class indicated adapted for use with tandem-arranged
type of draft gear.</scdesc></subclass>
<subclass subnum = "54" id = "C213S054000">
<sctitle>Cheek plates:</sctitle>
<parent ref = "C213S050000" doc = "Class213.sgm">subclass 50</parent>
<scdesc>Plates adapted to be secured to the faces of car sills to
provide means whereby the force of buff or draft is transferred
to the car through the sills.</scdesc></subclass>
<subclass subnum = "55" id = "C213S055000">
<sctitle>Tandem-spring arrangement:</sctitle>
<parent ref = "C213S054000" doc = "Class213.sgm">subclass 54</parent>
<scdesc>Devices of the class indicated adapted for use with tandem-arranged
type of draft gear.</scdesc></subclass>
<subclass subnum = "56" id = "C213S056000">
<sctitle>Individual-follower stops:</sctitle>
<parent ref = "C213S050000" doc = "Class213.sgm">subclass 50</parent>
<scdesc>Devices secured to the car in the form of a single means
for acting as a stop for an individual follower element of a draft
device.</scdesc></subclass>
<subclass subnum = "57" id = "C213S057000">
<sctitle>Combined bolster casting:</sctitle>
<parent ref = "C213S056000" doc = "Class213.sgm">subclass 56</parent>
<scdesc>Where the stops of the class indicated also form an element
of the bolster of the car.</scdesc></subclass>
<subclass subnum = "58" id = "C213S058000">
<sctitle>Striking block:</sctitle>
<parent ref = "C213S050000" doc = "Class213.sgm">subclass 50</parent>
<scdesc>Means secured to the end of a car and adapted to receive
and limit the inward movement of the draft device.</scdesc>
<notes><note1 notenum = "(1)">
<para>Note.  The coupler is provided with an upwardly-projecting
part (called the coupler horn) which engages the striking block
at the end of its inward movement.</para></note1></notes></subclass>
<subclass subnum = "59" id = "C213S059000">
<sctitle>Resilient:</sctitle>
<parent ref = "C213S058000" doc = "Class213.sgm">subclass 58</parent>
<scdesc>Where the striking block is resiliently supported to cushion
the inward movement of the coupler.</scdesc></subclass>
<subclass subnum = "60" id = "C213S060000">
<sctitle>Combined drawbar carrier:</sctitle>
<parent ref = "C213S058000" doc = "Class213.sgm">subclass 58</parent>
<scdesc>Where the striking block also acts as drawbar carrier.</scdesc></subclass>
<subclass subnum = "61" id = "C213S061000">
<sctitle>Drawbar carrier:</sctitle>
<parent ref = "C213S050000" doc = "Class213.sgm">subclass 50</parent>
<scdesc>Means for supporting the drawbar in a horizontal position.</scdesc></subclass>
<subclass subnum = "62" id = "C213S062000">
<sctitle>Drawbars:</sctitle>
<parent ref = "C213S007000" doc = "Class213.sgm">subclass 7</parent>
<scdesc>That part of a draft device to which the coupler head and
the cushioning element are secured.</scdesc></subclass>
<subclass subnum = "63" id = "C213S063000">
<sctitle>Extensions:</sctitle>
<parent ref = "C213S062000" doc = "Class213.sgm">subclass 62</parent>
<scdesc>Means secured to the rear end of the drawbar and adapted
to lengthen it.</scdesc></subclass>
<subclass subnum = "64" id = "C213S064000">
<sctitle>Connections to cushion:</sctitle>
<parent ref = "C213S062000" doc = "Class213.sgm">subclass 62</parent>
<scdesc>Means for connecting the rear end of the drawbar or drawbar
extension to the cushion.</scdesc></subclass>
<subclass subnum = "65" id = "C213S065000">
<sctitle>Friction casings:</sctitle>
<parent ref = "C213S064000" doc = "Class213.sgm">subclass 64</parent>
<scdesc>Wherein devices of the class indicated the cushion consists
in part of a friction case and special means are employed to connect
the drawbar to the casing.</scdesc>
<notes><note1 notenum = "(1)">
<para>Note.  Types of means for this purpose that are capable of
use with other types of cushion will be found in other subclasses
of this class.</para></note1></notes></subclass>
<subclass subnum = "66" id = "C213S066000">
<sctitle>Links:</sctitle>
<parent ref = "C213S064000" doc = "Class213.sgm">subclass 64</parent>
<scdesc>Wherein devices of the class indicated the connecting means
are in form of links.</scdesc></subclass>
<subclass subnum = "67" id = "C213S067000">
<sctitle>Yokes:</sctitle>
<parent ref = "C213S064000" doc = "Class213.sgm">subclass 64</parent>
<scdesc>Wherein devices of the class indicated the connecting means
are U-shaped, surround the cushion, and are connected to the drawbar
at the ends of the legs of the U.</scdesc></subclass>
<subclass subnum = "68" id = "C213S068000">
<sctitle>Longitudinally divided:</sctitle>
<parent ref = "C213S067000" doc = "Class213.sgm">subclass 67</parent>
<scdesc>Wherein devices of the class indicated the yoke is longitudinally
divided into separate parts.</scdesc></subclass>
<subclass subnum = "69" id = "C213S069000">
<sctitle>Drawbar connections:</sctitle>
<parent ref = "C213S067000" doc = "Class213.sgm">subclass 67</parent>
<scdesc>Devices of the class indicated where the novelty lies in
the manner of connecting the drawbar to the yoke.</scdesc></subclass>
<subclass subnum = "70" id = "C213S070000">
<sctitle>Hooded:</sctitle>
<parent ref = "C213S069000" doc = "Class213.sgm">subclass 69</parent>
<scdesc>Wherein devices of the class indicated the yoke is provided
with a hooded end.</scdesc></subclass>
<subclass subnum = "71" id = "C213S071000">
<sctitle>Pivotal:</sctitle>
<parent ref = "C213S070000" doc = "Class213.sgm">subclass 70</parent>
<scdesc>Wherein devices of the class indicated the connection is
such as to pivot the yoke to the drawbar.</scdesc></subclass>
<subclass subnum = "72" id = "C213S072000">
<sctitle>Pivotal:</sctitle>
<parent ref = "C213S069000" doc = "Class213.sgm">subclass 69</parent>
<scdesc>Wherein devices of the class indicated the connection is
such as to pivot the yoke to the drawbar.</scdesc></subclass>
<subclass subnum = "73" id = "C213S073000">
<sctitle>CONTINUOUS:</sctitle>
<parent ref = "C213S000000" doc = "Class213.sgm">the class definition</parent>
<scdesc>Where the draft device extends continuously the length of
the car and is not of such character that it falls in any subclass
noted above.</scdesc></subclass>
<subclass subnum = "74" id = "C213S074000">
<sctitle>RADIALLY MOVABLE:</sctitle>
<parent ref = "C213S000000" doc = "Class213.sgm">the class definition</parent>
<scdesc>Where the draft device is radially movable and is not of
such character that it falls in any subclass noted above.</scdesc></subclass>
<subclass subnum = "75" id = "C213S075000">
<sctitle>COUPLINGS:</sctitle>
<parent ref = "C213S000000" doc = "Class213.sgm">the class definition</parent>
<scdesc>The element of a draft device by which cars are coupled
together.</scdesc>
<srchout>
<crecord><classnum ref = "C403S000000" doc = "Class403.sgm">403</classnum>
<subref><clstitle>Joints and Connections</clstitle>
<pretext></pretext></subref>
<descript><para>appropriate subclasses for connections between two
members in general.</para></descript></crecord></srchout></subclass>
<subclass subnum = "76" id = "C213S076000">
<sctitle>Combined car and air train line:</sctitle>
<parent ref = "C213S075000" doc = "Class213.sgm">subclass 75</parent>
<scdesc>Couplings that are adapted for securing together cars and
when coupled or during the coupling operation also coupling the
train service pipe for air or steam.</scdesc>
<notes><note1 notenum = "(1)">
<para>Note.  Couplings to which are secured automatic devices for
coupling air or steam pipes and in which the coupling thereof is
independent of the coupling action of the car coupler will be found elsewhere.
See the Search Class note below. </para></note1></notes>
<srchin>
<srecord><subnum range = "p" ref = "C213S001300" doc = "Class213.sgm">1.3</subnum>
<descript><para>for couplings of the type provided for herein (subclass
76) when claimed in combination with electrical connecting means.</para></descript></srecord></srchin>
<srchout>
<crecord><classnum ref = "C137S000000" doc = "Class137.sgm">137</classnum>
<subref><clstitle>Fluid Handling</clstitle>
<pretext></pretext>
<subnum range = "p" ref = "C137S347000" doc = "Class137.sgm">347</subnum></subref>
<descript><para> for valved couplings on railway car structure and
subclasses 614&plus; for pipe couplings having plural serial
valves.</para></descript></crecord>
<crecord><classnum ref = "C251S000000" doc = "Class251.sgm">251</classnum>
<subref><clstitle>Valves and Valve Actuation</clstitle>
<pretext></pretext>
<subnum range = "p" ref = "C251S148000" doc = "Class251.sgm">148</subnum></subref>
<descript><para> for a valved pipe coupling.</para></descript></crecord>
<crecord><classnum ref = "C285S000000" doc = "Class285.sgm">285</classnum>
<subref><clstitle>Pipe Joints or Couplings</clstitle>
<pretext></pretext>
<subnum range = "p" ref = "C285S024000" doc = "Class285.sgm">24</subnum></subref>
<descript><para> and 62&plus;.  See the (1) Note above.</para></descript></crecord>
<crecord><classnum ref = "C439S000000" doc = "Class439.sgm">439</classnum>
<subref><clstitle>Electrical Connectors</clstitle>
<pretext></pretext>
<subnum range = "p" ref = "C439S191000" doc = "Class439.sgm">191</subnum></subref>
<descript><para> for combinations of electric connectors with fluid
line conduits or couplings.</para></descript></crecord></srchout></subclass>
<subclass subnum = "77" id = "C213S077000">
<sctitle>Counterpart:</sctitle>
<parent ref = "C213S075000" doc = "Class213.sgm">subclass 75</parent>
<scdesc>Coupling devices that are alike in all their elements and
can be coupled to each other without use of any additional element
or elements.</scdesc></subclass>
<subclass subnum = "78" id = "C213S078000">
<sctitle>Link or bar type:</sctitle>
<parent ref = "C213S077000" doc = "Class213.sgm">subclass 77</parent>
<scdesc>Those in which a link or bar is used as the coupling means.</scdesc></subclass>
<subclass subnum = "79" id = "C213S079000">
<sctitle>Selective coupling element:</sctitle>
<parent ref = "C213S078000" doc = "Class213.sgm">subclass 78</parent>
<scdesc>Wherein devices of the class indicated a selection of a
coupling element of either coupler is made to effect the coupling.
The selection may be either manual or automatic.</scdesc></subclass>
<subclass subnum = "80" id = "C213S080000">
<sctitle>Beveled link and swing catch:</sctitle>
<parent ref = "C213S079000" doc = "Class213.sgm">subclass 79</parent>
<scdesc>Wherein devices of the class indicated a beveled link on
one coupler is engaged and held by a swinging catch on the other
coupler.</scdesc>
<srchin>
<srecord><subnum ref = "C213S091000" doc = "Class213.sgm">91</subnum>
<descript><para>and 176.</para></descript></srecord></srchin></subclass>
<subclass subnum = "81" id = "C213S081000">
<sctitle>Arrowhead type:</sctitle>
<parent ref = "C213S080000" doc = "Class213.sgm">subclass 80</parent>
<scdesc>Wherein devices of the class indicated the beveled link
is formed at one end like and arrowhead.</scdesc>
<srchin>
<srecord><subnum ref = "C213S092000" doc = "Class213.sgm">92</subnum>
<descript><para>and 177.</para></descript></srecord></srchin></subclass>
<subclass subnum = "82" id = "C213S082000">
<sctitle>Hook and link:</sctitle>
<parent ref = "C213S079000" doc = "Class213.sgm">subclass 79</parent>
<scdesc>Wherein devices of the class indicated a link on one coupler
engages a hook on the other coupler.</scdesc>
<srchin>
<srecord><subnum ref = "C213S093000" doc = "Class213.sgm">93</subnum>
<descript><para>178, 179, and 180.</para></descript></srecord></srchin></subclass>
<subclass subnum = "83" id = "C213S083000">
<sctitle>Bails:</sctitle>
<parent ref = "C213S082000" doc = "Class213.sgm">subclass 82</parent>
<scdesc>Where the link is in the form of a bail.</scdesc>
<srchin>
<srecord><subnum ref = "C213S094000" doc = "Class213.sgm">94</subnum>
<descript><para>and 181.</para></descript></srecord></srchin></subclass>
<subclass subnum = "84" id = "C213S084000">
<sctitle>Hook and link combined:</sctitle>
<parent ref = "C213S079000" doc = "Class213.sgm">subclass 79</parent>
<scdesc>Wherein devices of the class indicated each coupler comprises
a hook and link formed together, the link of either coupler adapted
to engage the hook of the other.</scdesc>
<srchin>
<srecord><subnum ref = "C213S095000" doc = "Class213.sgm">95</subnum>
<descript><para></para></descript></srecord></srchin></subclass>
<subclass subnum = "85" id = "C213S085000">
<sctitle>Headed link and shouldered slot:</sctitle>
<parent ref = "C213S079000" doc = "Class213.sgm">subclass 79</parent>
<scdesc>Wherein devices of the class indicated a headed link is
adapted to be engaged in a slot having fixed shoulders.</scdesc>
<srchin>
<srecord><subnum ref = "C213S096000" doc = "Class213.sgm">96</subnum>
<descript><para>97, 182, 183, and 184.</para></descript></srecord></srchin></subclass>
<subclass subnum = "86" id = "C213S086000">
<sctitle>Pin and link:</sctitle>
<parent ref = "C213S079000" doc = "Class213.sgm">subclass 79</parent>
<scdesc>Wherein devices of the class indicated an open link on one
coupler is engaged and held by a pin passing through the opening.</scdesc>
<srchin>
<srecord><subnum ref = "C213S098000" doc = "Class213.sgm">98</subnum>
<descript><para>188 and 189.</para></descript></srecord></srchin></subclass>
<subclass subnum = "87" id = "C213S087000">
<sctitle>Swing pin:</sctitle>
<parent ref = "C213S086000" doc = "Class213.sgm">subclass 86</parent>
<scdesc>Where the pin is pivotally supported to be swung rearwardly
by an entering link and to move by gravity or a spring to engaged
in the opening in the link.</scdesc>
<srchin>
<srecord><subnum ref = "C213S099000" doc = "Class213.sgm">99</subnum>
<descript><para>and 190.</para></descript></srecord></srchin></subclass>
<subclass subnum = "88" id = "C213S088000">
<sctitle>Hook and catch:</sctitle>
<parent ref = "C213S078000" doc = "Class213.sgm">subclass 78</parent>
<scdesc>Wherein devices of the class indicated each coupler is provided
with a hook and catch and when coupled the hooks on both couplers engage
with the catches on the opposing coupling.</scdesc>
<srchin>
<srecord><subnum ref = "C213S079000" doc = "Class213.sgm">79</subnum>
<descript><para>and 175.</para></descript></srecord></srchin></subclass>
<subclass subnum = "89" id = "C213S089000">
<sctitle>Pivoted hooks:</sctitle>
<parent ref = "C213S088000" doc = "Class213.sgm">subclass 88</parent>
<scdesc>Where the hooks are pivoted.</scdesc>
<srchin>
<srecord><subnum ref = "C213S079000" doc = "Class213.sgm">79</subnum>
<descript><para>and 175.</para></descript></srecord></srchin></subclass>
<subclass subnum = "90" id = "C213S090000">
<sctitle>Horizontally swinging:</sctitle>
<parent ref = "C213S089000" doc = "Class213.sgm">subclass 89</parent>
<scdesc>Where the hooks are pivoted to swing in a horizontal plane.</scdesc>
<srchin>
<srecord><subnum ref = "C213S079000" doc = "Class213.sgm">79</subnum>
<descript><para></para></descript></srecord></srchin></subclass>
<subclass subnum = "91" id = "C213S091000">
<sctitle>Beveled link and swing catch:</sctitle>
<parent ref = "C213S078000" doc = "Class213.sgm">subclass 78</parent>
<scdesc>Wherein devices of the class indicated a beveled link on
each coupler engages a swinging catch on the other coupler.</scdesc>
<srchin>
<srecord><subnum ref = "C213S080000" doc = "Class213.sgm">80</subnum>
<descript><para>and 176.</para></descript></srecord></srchin></subclass>
<subclass subnum = "92" id = "C213S092000">
<sctitle>Arrowhead type:</sctitle>
<parent ref = "C213S091000" doc = "Class213.sgm">subclass 91</parent>
<scdesc>Where the end of each link is fashioned like an arrowhead.</scdesc>
<srchin>
<srecord><subnum ref = "C213S081000" doc = "Class213.sgm">81</subnum>
<descript><para>and 177.</para></descript></srecord></srchin></subclass>
<subclass subnum = "93" id = "C213S093000">
<sctitle>Hook and link:</sctitle>
<parent ref = "C213S078000" doc = "Class213.sgm">subclass 78</parent>
<scdesc>Where each coupler is provided with a hook and a link and
the link on each coupler engages with the hook on the other coupler.</scdesc>
<srchin>
<srecord><subnum ref = "C213S082000" doc = "Class213.sgm">82</subnum>
<descript><para>178, 179, and 180.</para></descript></srecord></srchin></subclass>
<subclass subnum = "94" id = "C213S094000">
<sctitle>Bails:</sctitle>
<parent ref = "C213S093000" doc = "Class213.sgm">subclass 93</parent>
<scdesc>Wherein devices of the class indicated the link is in the
form of a bail.</scdesc>
<srchin>
<srecord><subnum ref = "C213S083000" doc = "Class213.sgm">83</subnum>
<descript><para>and 181.</para></descript></srecord></srchin></subclass>
<subclass subnum = "95" id = "C213S095000">
<sctitle>Hook and link combined:</sctitle>
<parent ref = "C213S078000" doc = "Class213.sgm">subclass 78</parent>
<scdesc>Wherein devices of the class indicated each coupler comprises
a hook and link formed together and the link on each coupler engages with
the hook on the other coupler.</scdesc>
<srchin>
<srecord><subnum ref = "C213S084000" doc = "Class213.sgm">84</subnum>
<descript><para></para></descript></srecord></srchin></subclass>
<subclass subnum = "96" id = "C213S096000">
<sctitle>Headed link and shouldered slot:</sctitle>
<parent ref = "C213S078000" doc = "Class213.sgm">subclass 78</parent>
<scdesc>Wherein devices of the class indicated a headed link on
each coupler is adapted to be engaged in a slot having fixed shoulders.</scdesc>
<srchin>
<srecord><subnum ref = "C213S085000" doc = "Class213.sgm">85</subnum>
<descript><para>182, 183, and 184.</para></descript></srecord></srchin></subclass>
<subclass subnum = "97" id = "C213S097000">
<sctitle>Rotary head or link:</sctitle>
<parent ref = "C213S096000" doc = "Class213.sgm">subclass 96</parent>
<scdesc>Where a head on the link or the link itself is adapted for
rotative movement to engage or disengage from the shouldered slot.</scdesc>
<srchin>
<srecord><subnum ref = "C213S184000" doc = "Class213.sgm">184</subnum>
<descript><para></para></descript></srecord></srchin></subclass>
<subclass subnum = "98" id = "C213S098000">
<sctitle>Pin and link:</sctitle>
<parent ref = "C213S078000" doc = "Class213.sgm">subclass 78</parent>
<scdesc>Where each coupler is provided with a pin and an open link
and the pin on each coupler engages with the open link on the other
coupler.</scdesc>
<srchin>
<srecord><subnum ref = "C213S086000" doc = "Class213.sgm">86</subnum>
<descript><para>188 and 189.</para></descript></srecord></srchin></subclass>
<subclass subnum = "99" id = "C213S099000">
<sctitle>Swing pins:</sctitle>
<parent ref = "C213S098000" doc = "Class213.sgm">subclass 98</parent>
<scdesc>Wherein devices of the class indicated the pin is a pivotally
supported to be swung rearwardly by an entering link and to be moved
by gravity or a spring to engage in the opening in the link.</scdesc>
<srchin>
<srecord><subnum ref = "C213S087000" doc = "Class213.sgm">87</subnum>
<descript><para>and 190.</para></descript></srecord></srchin></subclass>
<subclass subnum = "100" id = "C213S100000">
<sctitle>Interengaging hooks and knuckles:</sctitle>
<parent ref = "C213S077000" doc = "Class213.sgm">subclass 77</parent>
<scdesc>Wherein devices of the class indicated a hook or knuckle
on one coupler is adapted for engagement with a similar hook or
knuckle on a mating coupler.</scdesc></subclass>
<subclass subnum = "101" id = "C213S101000">
<sctitle>Arrowhead type:</sctitle>
<parent ref = "C213S100000" doc = "Class213.sgm">subclass 100</parent>
<scdesc>Wherein a device of the class indicated the hook or knuckle
is formed as an arrowhead.</scdesc></subclass>
<subclass subnum = "102" id = "C213S102000">
<sctitle>Plural:</sctitle>
<parent ref = "C213S101000" doc = "Class213.sgm">subclass 101</parent>
<scdesc>Where a plurality of arrowheads are used in each coupler.</scdesc></subclass>
<subclass subnum = "103" id = "C213S103000">
<sctitle>Transversely sliding bill:</sctitle>
<parent ref = "C213S100000" doc = "Class213.sgm">subclass 100</parent>
<scdesc>Where the hook or knuckle is formed with a transversly-sliding
bill.</scdesc></subclass>
<subclass subnum = "104" id = "C213S104000">
<sctitle>Horizontally swinging:</sctitle>
<parent ref = "C213S100000" doc = "Class213.sgm">subclass 100</parent>
<scdesc>When the hook or knuckle is pivoted to swing in a horizontal
plane.</scdesc></subclass>
<subclass subnum = "105" id = "C213S105000">
<sctitle>Miller hooks:</sctitle>
<parent ref = "C213S104000" doc = "Class213.sgm">subclass 104</parent>
<scdesc>A type of coupler known when used by the railroads of this
country as the Miller hook and consisting of a drawbar pivoted to
swing in a horizontal plane and provided with a hooking bill at
its outer end.</scdesc></subclass>
<subclass subnum = "106" id = "C213S106000">
<sctitle>Movable bill:</sctitle>
<parent ref = "C213S105000" doc = "Class213.sgm">subclass 105</parent>
<scdesc>Where the bill of the hook in this type of coupler is also
movable.</scdesc></subclass>
<subclass subnum = "107" id = "C213S107000">
<sctitle>Star wheel</sctitle>
<parent ref = "C213S104000" doc = "Class213.sgm">subclass 104</parent>
<scdesc>Where the knuckle is in the form of a rotatable star wheel,
any one of the branches of the wheel adapted to be engaged in the
coupled position.</scdesc></subclass>
<subclass subnum = "108" id = "C213S108000">
<sctitle>Plural:</sctitle>
<parent ref = "C213S104000" doc = "Class213.sgm">subclass 104</parent>
<scdesc>Wherein devices of the class indicated each coupling is
formed of a plurality of horizontally swinging hooks or knuckles.</scdesc></subclass>
<subclass subnum = "109" id = "C213S109000">
<sctitle>Janney type:</sctitle>
<parent ref = "C213S104000" doc = "Class213.sgm">subclass 104</parent>
<scdesc>A type of coupler now used on the railroads of this country
and known as the Janney type, which consists essentially of a coupling
head having a guard arm on one side and an angular knuckle pivoted
to the other side thereof, one of the legs of the knuckle being
the coupling part and the other the knuckle tail, and means to lock
the knuckle in coupling position. This means usually engages the
knuckle tail. More highly developed couplers of this type have additional
features, as is indicated by some of the subclasses indented hereunder.</scdesc></subclass>
<subclass subnum = "110" id = "C213S110000">
<sctitle>Always in coupling position:</sctitle>
<parent ref = "C213S109000" doc = "Class213.sgm">subclass 109</parent>
<scdesc>Wherein devices of the class indicated the coupler when
disconnected from a companion coupler can be automatically coupled
without manipulation or change in position of parts at the hands
of a trainman.</scdesc></subclass>
<subclass subnum = "111" id = "C213S111000">
<sctitle>Auxiliary and emergency:</sctitle>
<parent ref = "C213S109000" doc = "Class213.sgm">subclass 109</parent>
<scdesc>Wherein devices of the class indicated modification of structure
or additional devices function to adapt the coupler for auxiliary
or emergency coupler purposes.</scdesc></subclass>
<subclass subnum = "112" id = "C213S112000">
<sctitle>Transition construction and devices:</sctitle>
<parent ref = "C213S111000" doc = "Class213.sgm">subclass 111</parent>
<scdesc>Wherein devices of the class indicated the modification
of structure or the use of the additional device are to adapt the
coupler to couple with other used types of couplers. The purpose is
to adapt the Janney type for use on railroads equipped with other
types during the transition period from the type used to the Janney
type.</scdesc></subclass>
<subclass subnum = "113" id = "C213S113000">
<sctitle>Plural-tailed knuckles:</sctitle>
<parent ref = "C213S109000" doc = "Class213.sgm">subclass 109</parent>
<scdesc>Wherein devices of the class indicated the knuckle is provided
with a plurality of tails.</scdesc></subclass>
<subclass subnum = "114" id = "C213S114000">
<sctitle>Pinless knuckles:</sctitle>
<parent ref = "C213S109000" doc = "Class213.sgm">subclass 109</parent>
<scdesc>Where other means than a pin is employed to pivot the knuckle
to the head.</scdesc></subclass>
<subclass subnum = "115" id = "C213S115000">
<sctitle>Knuckle openers:</sctitle>
<parent ref = "C213S109000" doc = "Class213.sgm">subclass 109</parent>
<scdesc>Wherein devices of the class indicated means are employed
to throw the knuckle to its open position after the lock for the
knuckle is released.</scdesc></subclass>
<subclass subnum = "116" id = "C213S116000">
<sctitle>Springs:</sctitle>
<parent ref = "C213S115000" doc = "Class213.sgm">subclass 115</parent>
<scdesc>Where a spring performs this function.</scdesc></subclass>
<subclass subnum = "117" id = "C213S117000">
<sctitle>Gravity:</sctitle>
<parent ref = "C213S115000" doc = "Class213.sgm">subclass 115</parent>
<scdesc>Where the force of gravity is employed to perform this function.</scdesc></subclass>
<subclass subnum = "118" id = "C213S118000">
<sctitle>Knuckles:</sctitle>
<parent ref = "C213S117000" doc = "Class213.sgm">subclass 117</parent>
<scdesc>Where a downward movement of the knuckle operates to swing
it on its pivot to an open position.</scdesc></subclass>
<subclass subnum = "119" id = "C213S119000">
<sctitle>Combined locks:</sctitle>
<parent ref = "C213S115000" doc = "Class213.sgm">subclass 115</parent>
<scdesc>Where the knuckle-opening device is formed as a part of
or secured to the lock and the knuckle opening operation follows
a preliminary movement to unlock the knuckle.</scdesc></subclass>
<subclass subnum = "120" id = "C213S120000">
<sctitle>Vertically movable and horizontally rotatable:</sctitle>
<parent ref = "C213S119000" doc = "Class213.sgm">subclass 119</parent>
<scdesc>Wherein devices of the class indicated the lock is both
vertically movable and horizontally rotatable, the latter movement
opening the knuckle.</scdesc></subclass>
<subclass subnum = "121" id = "C213S121000">
<sctitle>Vertically movable and tilting:</sctitle>
<parent ref = "C213S119000" doc = "Class213.sgm">subclass 119</parent>
<scdesc>Wherein devices of the class indicated the lock is both
vertically movable and tilting, the latter movement opening the
knuckle.</scdesc></subclass>
<subclass subnum = "122" id = "C213S122000">
<sctitle>Vertically sliding:</sctitle>
<parent ref = "C213S119000" doc = "Class213.sgm">subclass 119</parent>
<scdesc>Wherein devices of the class indicated the lock has vertical
movement only, the latter part of the vertical movement opening
the knuckle.</scdesc></subclass>
<subclass subnum = "123" id = "C213S123000">
<sctitle>Pivotally-attached member:</sctitle>
<parent ref = "C213S122000" doc = "Class213.sgm">subclass 122</parent>
<scdesc>Where the opening operation is effected by a member pivoted
to the knuckle.</scdesc></subclass>
<subclass subnum = "124" id = "C213S124000">
<sctitle>Pivoted or rotatable:</sctitle>
<parent ref = "C213S119000" doc = "Class213.sgm">subclass 119</parent>
<scdesc>Wherein devices of the class indicated the lock is pivoted
or rotatable, the latter part of this movement opening the knuckle.</scdesc></subclass>
<subclass subnum = "125" id = "C213S125000">
<sctitle>Lock-operated:</sctitle>
<parent ref = "C213S115000" doc = "Class213.sgm">subclass 115</parent>
<scdesc>Wherein devices of the class indicated the coupler is provided
with means for opening the knuckle which is operated by movement
of the lock after a preliminary movement thereof to unlock the knuckle.</scdesc></subclass>
<subclass subnum = "126" id = "C213S126000">
<sctitle>Vertically sliding locks:</sctitle>
<parent ref = "C213S125000" doc = "Class213.sgm">subclass 125</parent>
<scdesc>Where the lock is vertically sliding only and in the latter
part of its vertical movement engages means to open the knuckle.</scdesc></subclass>
<subclass subnum = "127" id = "C213S127000">
<sctitle>And rearwardly swinging:</sctitle>
<parent ref = "C213S126000" doc = "Class213.sgm">subclass 126</parent>
<scdesc>Where the lock is vertically sliding and rearwardly swinging
and in the latter movement engages means to open the knuckle. This
type is the basis of the coupler which is standard on the railroads
of this country.</scdesc></subclass>
<subclass subnum = "128" id = "C213S128000">
<sctitle>Vertically swinging levers:</sctitle>
<parent ref = "C213S126000" doc = "Class213.sgm">subclass 126</parent>
<scdesc>Wherein devices of the class indicated the lock in the latter
part of its vertical movement engages a vertically-swinging lever
to open the knuckle.</scdesc></subclass>
<subclass subnum = "129" id = "C213S129000">
<sctitle>Vertically swinging locks:</sctitle>
<parent ref = "C213S125000" doc = "Class213.sgm">subclass 125</parent>
<scdesc>Wherein devices of the class indicated the lock is vertically
swinging only and in the latter part of this movement engages and
operates knuckle-opening means.</scdesc></subclass>
<subclass subnum = "130" id = "C213S130000">
<sctitle>Horizontally sliding locks:</sctitle>
<parent ref = "C213S125000" doc = "Class213.sgm">subclass 125</parent>
<scdesc>Wherein devices of the class indicated the lock is horizontally
sliding only and in the latter part of this movement engages and
operates means to open the knuckle.</scdesc></subclass>
<subclass subnum = "131" id = "C213S131000">
<sctitle>Lock-operating:</sctitle>
<parent ref = "C213S115000" doc = "Class213.sgm">subclass 115</parent>
<scdesc>Wherein devices of the class indicated means which is employed
for operating the lock to its unlocked position can upon further
movement thereof operate to open the knuckle.</scdesc></subclass>
<subclass subnum = "132" id = "C213S132000">
<sctitle>Continuing movement:</sctitle>
<parent ref = "C213S131000" doc = "Class213.sgm">subclass 131</parent>
<scdesc>Wherein devices of the class indicated the movement of the
means to open the knuckle is continuing and in the same direction
as that by which it operated the lock.</scdesc></subclass>
<subclass subnum = "133" id = "C213S133000">
<sctitle>Horizontally rotating shaft:</sctitle>
<parent ref = "C213S132000" doc = "Class213.sgm">subclass 132</parent>
<scdesc>Wherein devices of the class indicated the lock operator
comprises a horizontally-rotating shaft.</scdesc></subclass>
<subclass subnum = "134" id = "C213S134000">
<sctitle>Pivoted levers:</sctitle>
<parent ref = "C213S132000" doc = "Class213.sgm">subclass 132</parent>
<scdesc>Wherein devices of the class indicated the lock operator
comprises a pivoted lever or levers.</scdesc></subclass>
<subclass subnum = "135" id = "C213S135000">
<sctitle>Sliding:</sctitle>
<parent ref = "C213S130000" doc = "Class213.sgm">subclass 130</parent>
<scdesc>Wherein devices of the class indicated the lock operator
is a sliding element.</scdesc></subclass>
<subclass subnum = "136" id = "C213S136000">
<sctitle>Vertically:</sctitle>
<parent ref = "C213S135000" doc = "Class213.sgm">subclass 135</parent>
<scdesc>Wherein devices of the class indicated the direction of
movement of the sliding element is vertical.</scdesc></subclass>
<subclass subnum = "137" id = "C213S137000">
<sctitle>Separate movement:</sctitle>
<parent ref = "C213S131000" doc = "Class213.sgm">subclass 131</parent>
<scdesc>Wherein devices of the class indicated the means for operating
the lock has a movement in another direction for opening the knuckle.</scdesc></subclass>
<subclass subnum = "138" id = "C213S138000">
<sctitle>Rotating and sliding:</sctitle>
<parent ref = "C213S137000" doc = "Class213.sgm">subclass 137</parent>
<scdesc>Wherein devices of the class indicated the means rotates
for one purpose and slides for the other purpose.</scdesc></subclass>
<subclass subnum = "139" id = "C213S139000">
<sctitle>Gravity locks:</sctitle>
<parent ref = "C213S109000" doc = "Class213.sgm">subclass 109</parent>
<scdesc>Wherein devices of the class indicated the lock moves by
gravity to its locking position.</scdesc></subclass>
<subclass subnum = "140" id = "C213S140000">
<sctitle>Knuckle-attached:</sctitle>
<parent ref = "C213S139000" doc = "Class213.sgm">subclass 139</parent>
<scdesc>Wherein devices of the class indicated the lock is attached
to and carried by the knuckle tail.</scdesc></subclass>
<subclass subnum = "141" id = "C213S141000">
<sctitle>Vertically swinging:</sctitle>
<parent ref = "C213S139000" doc = "Class213.sgm">subclass 139</parent>
<scdesc>Wherein devices of the class indicated the lock is pivoted
to swing in a vertical plane.</scdesc></subclass>
<subclass subnum = "142" id = "C213S142000">
<sctitle>With lock set and anticreep:</sctitle>
<parent ref = "C213S141000" doc = "Class213.sgm">subclass 141</parent>
<scdesc>Wherein devices of the class indicated means is provided
for holding the lock temporarily in its unlocking position until
the knuckle swings towards open position. This means is called the lock
set and there is also provided means to prevent accidental movement
of the lock to unlocking position during service of the coupler,
this means being called the anti-creep.</scdesc></subclass>
<subclass subnum = "143" id = "C213S143000">
<sctitle>With lock set:</sctitle>
<parent ref = "C213S141000" doc = "Class213.sgm">subclass 141</parent>
<scdesc>Wherein devices of the class indicated means is provided
for holding the lock temporarily in its unlocking position until
the knuckle swings towards open position.</scdesc></subclass>
<subclass subnum = "144" id = "C213S144000">
<sctitle>With anticreep:</sctitle>
<parent ref = "C213S141000" doc = "Class213.sgm">subclass 141</parent>
<scdesc>Wherein devices of the class indicated means is provided
to prevent accidental movement of the lock to unlocking position
during service of the coupler.</scdesc></subclass>
<subclass subnum = "145" id = "C213S145000">
<sctitle>Vertically sliding:</sctitle>
<parent ref = "C213S139000" doc = "Class213.sgm">subclass 139</parent>
<scdesc>Wherein devices of the class indicated the lock has sliding
movement in a vertical direction.</scdesc></subclass>
<subclass subnum = "146" id = "C213S146000">
<sctitle>With lock set and anticreep:</sctitle>
<parent ref = "C213S145000" doc = "Class213.sgm">subclass 145</parent>
<scdesc>Wherein devices of the class indicated means is provided
for holding the lock temporarily in its unlocking position until
the knuckle swings towards open position. This means is called the lock
set and there is also provided means to prevent accidental movement
of the lock to unlocking position during service of the coupler,
this means being called the anticreep.</scdesc></subclass>
<subclass subnum = "147" id = "C213S147000">
<sctitle>With lock set:</sctitle>
<parent ref = "C213S145000" doc = "Class213.sgm">subclass 145</parent>
<scdesc>Wherein devices of the class indicated means is provided
for holding the lock temporarily in its unlocking position until
the knuckle swings towards open position.</scdesc></subclass>
<subclass subnum = "148" id = "C213S148000">
<sctitle>With anticreep:</sctitle>
<parent ref = "C213S145000" doc = "Class213.sgm">subclass 145</parent>
<scdesc>Wherein devices of the class indicated means is provided
to prevent accidental movement of the lock to unlocking position
during service of the coupler.</scdesc></subclass>
<subclass subnum = "149" id = "C213S149000">
<sctitle>Horizontally sliding locks:</sctitle>
<parent ref = "C213S109000" doc = "Class213.sgm">subclass 109</parent>
<scdesc>Wherein devices of the class indicated the lock has sliding
movement in a horizontal direction.</scdesc></subclass>
<subclass subnum = "150" id = "C213S150000">
<sctitle>Horizontally swinging locks:</sctitle>
<parent ref = "C213S109000" doc = "Class213.sgm">subclass 109</parent>
<scdesc>Wherein devices of the class indicated the lock is pivoted
to swing in a horizontal plane.</scdesc></subclass>
<subclass subnum = "151" id = "C213S151000">
<sctitle>Contour:</sctitle>
<parent ref = "C213S109000" doc = "Class213.sgm">subclass 109</parent>
<scdesc>Patents relating to the contour of the coupler.</scdesc></subclass>
<subclass subnum = "152" id = "C213S152000">
<sctitle>Knuckle and head interengagement:</sctitle>
<parent ref = "C213S109000" doc = "Class213.sgm">subclass 109</parent>
<scdesc>Patents showing interengaging means on the knuckle and coupler
head, usually to relieve the knuckle pin from strain.</scdesc></subclass>
<subclass subnum = "153" id = "C213S153000">
<sctitle>Vertical disengagement prevention:</sctitle>
<parent ref = "C213S109000" doc = "Class213.sgm">subclass 109</parent>
<scdesc>Wherein devices of the class indicated means are employed
to prevent disengagement of the coupler due to excessive vertical
movement.</scdesc></subclass>
<subclass subnum = "154" id = "C213S154000">
<sctitle>Guard-arm construction:</sctitle>
<parent ref = "C213S109000" doc = "Class213.sgm">subclass 109</parent>
<scdesc>Patents relating to the construction of the guard arm of
the coupler.</scdesc></subclass>
<subclass subnum = "155" id = "C213S155000">
<sctitle>Knuckle and knuckle pins:</sctitle>
<parent ref = "C213S109000" doc = "Class213.sgm">subclass 109</parent>
<scdesc>Patents relating to the knuckle and the knuckle pin.</scdesc></subclass>
<subclass subnum = "156" id = "C213S156000">
<sctitle>Knuckle-pin bottom retainers:</sctitle>
<parent ref = "C213S109000" doc = "Class213.sgm">subclass 109</parent>
<scdesc>Wherein devices of the class indicated means positioned
below the pin are employed to hold the knuckle pin as a whole or
in part, if accidentally broken, against downward movement.</scdesc></subclass>
<subclass subnum = "157" id = "C213S157000">
<sctitle>Detachable ears:</sctitle>
<parent ref = "C213S109000" doc = "Class213.sgm">subclass 109</parent>
<scdesc>Wherein devices of the class indicated the ears are removable.
The ears are that part of the coupler head to which the knuckle
is pivoted.</scdesc></subclass>
<subclass subnum = "158" id = "C213S158000">
<sctitle>Lifter and lock-hole closures:</sctitle>
<parent ref = "C213S109000" doc = "Class213.sgm">subclass 109</parent>
<scdesc>Patents showing closures for the opening in the top of a
coupler head through which passes a lifter for the lock or the lock
itself. These closures are generally used when bottom operating
means are used for the lock.</scdesc></subclass>
<subclass subnum = "159" id = "C213S159000">
<sctitle>Uncoupling devices:</sctitle>
<parent ref = "C213S109000" doc = "Class213.sgm">subclass 109</parent>
<scdesc>Wherein devices of the class indicated auxiliary means are
employed for moving the lock to permit uncoupling of the coupler.</scdesc></subclass>
<subclass subnum = "160" id = "C213S160000">
<sctitle>Emergency:</sctitle>
<parent ref = "C213S159000" doc = "Class213.sgm">subclass 159</parent>
<scdesc>Automatic devices adapted to function under abnormal conditions--viz.,
when the car leaves the track or when the draft gear breaks.</scdesc></subclass>
<subclass subnum = "161" id = "C213S161000">
<sctitle>Selectively movable:</sctitle>
<parent ref = "C213S159000" doc = "Class213.sgm">subclass 159</parent>
<scdesc>Where the uncoupling device has a plurality of possible
movements, any one of which may be selected by a trainman.</scdesc></subclass>
<subclass subnum = "162" id = "C213S162000">
<sctitle>Pull rods, chains or ropes:</sctitle>
<parent ref = "C213S159000" doc = "Class213.sgm">subclass 159</parent>
<scdesc>Where the uncoupling device is operated by pull upon a rod,
chain or rope.</scdesc></subclass>
<subclass subnum = "163" id = "C213S163000">
<sctitle>Interengaging levers:</sctitle>
<parent ref = "C213S159000" doc = "Class213.sgm">subclass 159</parent>
<scdesc>Where the uncoupling device comprises a plurality of interengaging
levers.</scdesc></subclass>
<subclass subnum = "164" id = "C213S164000">
<sctitle>Vertically swinging:</sctitle>
<parent ref = "C213S163000" doc = "Class213.sgm">subclass 163</parent>
<scdesc>Wherein devices of the class indicated at least one of the
levers is fulcrumed to swing in a vertical plane.</scdesc></subclass>
<subclass subnum = "165" id = "C213S165000">
<sctitle>Vertically swinging:</sctitle>
<parent ref = "C213S159000" doc = "Class213.sgm">subclass 159</parent>
<scdesc>Where the uncoupling device has a single lever pivoted to
swing in a vertical plane.</scdesc></subclass>
<subclass subnum = "166" id = "C213S166000">
<sctitle>Rotating horizontal shafts:</sctitle>
<parent ref = "C213S159000" doc = "Class213.sgm">subclass 159</parent>
<scdesc>Where the uncoupling device comprises a horizontal rotating
shaft.</scdesc></subclass>
<subclass subnum = "167" id = "C213S167000">
<sctitle>Journaled to coupler head:</sctitle>
<parent ref = "C213S166000" doc = "Class213.sgm">subclass 166</parent>
<scdesc>Wherein devices of the class indicated the inner end of
the shaft is journaled to the coupler head.</scdesc></subclass>
<subclass subnum = "168" id = "C213S168000">
<sctitle>Directly connected to lock:</sctitle>
<parent ref = "C213S166000" doc = "Class213.sgm">subclass 166</parent>
<scdesc>Wherein devices of the class indicated the shaft is directly
connected to the lock.</scdesc></subclass>
<subclass subnum = "169" id = "C213S169000">
<sctitle>Horizontal link to lock:</sctitle>
<parent ref = "C213S166000" doc = "Class213.sgm">subclass 166</parent>
<scdesc>Wherein devices of the class indicated a horizontally-extending
link connects the shaft to the lock.</scdesc></subclass>
<subclass subnum = "170" id = "C213S170000">
<sctitle>Vertical link to lock:</sctitle>
<parent ref = "C213S166000" doc = "Class213.sgm">subclass 166</parent>
<scdesc>Wherein devices of the class indicated a single substantially
vertically extending link connects the shaft to the lock.</scdesc></subclass>
<subclass subnum = "171" id = "C213S171000">
<sctitle>Brackets:</sctitle>
<parent ref = "C213S159000" doc = "Class213.sgm">subclass 159</parent>
<scdesc>Brackets adapted to secure the uncoupling devices to the
car.</scdesc></subclass>
<subclass subnum = "172" id = "C213S172000">
<sctitle>Vertically swinging:</sctitle>
<parent ref = "C213S100000" doc = "Class213.sgm">subclass 100</parent>
<scdesc>Wherein devices of the class indicated the hook or knuckle
is pivoted to swing in a vertical plane.</scdesc></subclass>
<subclass subnum = "173" id = "C213S173000">
<sctitle>Vertical hook:</sctitle>
<parent ref = "C213S172000" doc = "Class213.sgm">subclass 172</parent>
<scdesc>Wherein devices of the class indicated the hook or knuckle
is vertically disposed.</scdesc></subclass>
<subclass subnum = "174" id = "C213S174000">
<sctitle>Rotating:</sctitle>
<parent ref = "C213S100000" doc = "Class213.sgm">subclass 100</parent>
<scdesc>Wherein devices of the class indicated the hook or knuckle
is adapted for rotation about its vertical axis.</scdesc></subclass>
<subclass subnum = "175" id = "C213S175000">
<sctitle>Hook and catch:</sctitle>
<parent ref = "C213S000000" doc = "Class213.sgm">the unnumbered
subclass, Link or bar type</parent>
<scdesc>Wherein devices of the class indicated coupling is effected
by a hooked member engaging a catch and which would not be classified
in ...  of this class or any indented subclass.</scdesc>
<srchin>
<srecord><subnum ref = "C213S079000" doc = "Class213.sgm">79</subnum>
<descript><para>and 88.</para></descript></srecord></srchin></subclass>
<subclass subnum = "176" id = "C213S176000">
<sctitle>Beveled link and wing catch:</sctitle>
<parent ref = "C213S000000" doc = "Class213.sgm">the unnumbered
subclass, Link or bar type</parent>
<scdesc>Wherein devices of the class indicated coupling is effected
by a beveled link being engaged and held by a swinging catch, and
which would not be classified in ...  of this class or any indented subclass.</scdesc>
<srchin>
<srecord><subnum ref = "C213S080000" doc = "Class213.sgm">80</subnum>
<descript><para>and 91.</para></descript></srecord></srchin></subclass>
<subclass subnum = "177" id = "C213S177000">
<sctitle>Arrowhead type:</sctitle>
<parent ref = "C213S176000" doc = "Class213.sgm">subclass 176</parent>
<scdesc>Where an end of each link is fashioned like an arrowhead.</scdesc>
<srchin>
<srecord><subnum ref = "C213S081000" doc = "Class213.sgm">81</subnum>
<descript><para>and 92.</para></descript></srecord></srchin></subclass>
<subclass subnum = "178" id = "C213S178000">
<sctitle>Hook and link:</sctitle>
<parent ref = "C213S000000" doc = "Class213.sgm">the unnumbered
subclass, Link or bar type</parent>
<scdesc>Wherein devices of the class indicated coupling is effected
by a hook engaging an opening in a link, and which would not be
classified in ...  of this class or any indented subclass.</scdesc>
<srchin>
<srecord><subnum ref = "C213S082000" doc = "Class213.sgm">82</subnum>
<descript><para>and 93.</para></descript></srecord></srchin></subclass>
<subclass subnum = "179" id = "C213S179000">
<sctitle>Pivoted hook:</sctitle>
<parent ref = "C213S178000" doc = "Class213.sgm">subclass 178</parent>
<scdesc>Wherein devices of the class indicated the hooks are pivoted.</scdesc></subclass>
<subclass subnum = "180" id = "C213S180000">
<sctitle>Multiple:</sctitle>
<parent ref = "C213S179000" doc = "Class213.sgm">subclass 179</parent>
<scdesc>Wherein devices of the class indicated there are provided
a plurality of hooks.</scdesc></subclass>
<subclass subnum = "181" id = "C213S181000">
<sctitle>Bails:</sctitle>
<parent ref = "C213S178000" doc = "Class213.sgm">subclass 178</parent>
<scdesc>Wherein devices of the class indicated the link is in the
form of a bail.</scdesc>
<srchin>
<srecord><subnum ref = "C213S083000" doc = "Class213.sgm">83</subnum>
<descript><para>and 94.</para></descript></srecord></srchin></subclass>
<subclass subnum = "182" id = "C213S182000">
<sctitle>Headed link and shouldered slot:</sctitle>
<parent ref = "C213S000000" doc = "Class213.sgm">the unnumbered
subclass, Link or bar type</parent>
<scdesc>Wherein devices of the class indicated coupling is effected
by a headed link engaging in a shouldered slot, and which would
not be classified in ...  of this class or any indented subclass.</scdesc>
<srchin>
<srecord><subnum ref = "C213S085000" doc = "Class213.sgm">85</subnum>
<descript><para>and 96.</para></descript></srecord></srchin></subclass>
<subclass subnum = "183" id = "C213S183000">
<sctitle>Pivoted head:</sctitle>
<parent ref = "C213S182000" doc = "Class213.sgm">subclass 182</parent>
<scdesc>Wherein devices of the class indicated the head of the link
moves on a pivot.</scdesc>
<srchin>
<srecord><subnum ref = "C213S085000" doc = "Class213.sgm">85</subnum>
<descript><para>and 96.</para></descript></srecord></srchin></subclass>
<subclass subnum = "184" id = "C213S184000">
<sctitle>Rotating head or link:</sctitle>
<parent ref = "C213S182000" doc = "Class213.sgm">subclass 182</parent>
<scdesc>Where a head on the link or the link itself is adapted for
rotative movement to engage or disengage from the shouldered slot.</scdesc>
<srchin>
<srecord><subnum ref = "C213S097000" doc = "Class213.sgm">97</subnum>
<descript><para></para></descript></srecord></srchin></subclass>
<subclass subnum = "185" id = "C213S185000">
<sctitle>Beveled link and sliding catch:</sctitle>
<parent ref = "C213S000000" doc = "Class213.sgm">the unnumbered
subclass, Link or bar type</parent>
<scdesc>Wherein devices of the class indicated the link is formed with
a beveled end which is engaged by a sliding catch, and which would
not be classified in ...  of this class.</scdesc></subclass>
<subclass subnum = "186" id = "C213S186000">
<sctitle>Arrowhead type:</sctitle>
<parent ref = "C213S185000" doc = "Class213.sgm">subclass 185</parent>
<scdesc>Wherein devices of the class indicated the link is formed
as an arrowhead, at its engaging end, and which would not be classified
in ...  of this class.</scdesc></subclass>
<subclass subnum = "187" id = "C213S187000">
<sctitle>Beveled link and fixed catch:</sctitle>
<parent ref = "C213S000000" doc = "Class213.sgm">the unnumbered
subclass, Link or bar type</parent>
<scdesc>Wherein devices of the class indicated coupling is effected
by a beveled link engaging a fixed catch, and which would not be
classified in ...  of this class.</scdesc></subclass>
<subclass subnum = "188" id = "C213S188000">
<sctitle>Pin and open link:</sctitle>
<parent ref = "C213S000000" doc = "Class213.sgm">the unnumbered
subclass, Link or bar type</parent>
<scdesc>Wherein devices of the class indicated coupling is effected
by a pin passing through an opening in an open link, and which would
not be classified in ...  of the class or any indented subclass.</scdesc>
<srchin>
<srecord><subnum ref = "C213S086000" doc = "Class213.sgm">86</subnum>
<descript><para>and 98.</para></descript></srecord></srchin></subclass>
<subclass subnum = "189" id = "C213S189000">
<sctitle>Automatic pin moving:</sctitle>
<parent ref = "C213S188000" doc = "Class213.sgm">subclass 188</parent>
<scdesc>Wherein devices of the class indicated means are employed
to automatically move the pin to a position to permit the link to
enter the coupler, the pin then being permitted to move to a position
to lock the link, or with the pin in an uncoupling position is positively
moved by the entering link to its coupling position.</scdesc></subclass>
<subclass subnum = "190" id = "C213S190000">
<sctitle>Swing pin:</sctitle>
<parent ref = "C213S189000" doc = "Class213.sgm">subclass 189</parent>
<scdesc>Wherein devices of the class indicated the pin is pivotally
supported to be swung rearwardly by an entering link and to be moved
by gravity or a spring to engage in the opening in the link, or
with the pin in an uncoupling position is positively moved by the
entering link to its coupling position.</scdesc>
<srchin>
<srecord><subnum ref = "C213S087000" doc = "Class213.sgm">87</subnum>
<descript><para>and 99.</para></descript></srecord></srchin></subclass>
<subclass subnum = "191" id = "C213S191000">
<sctitle>To coupling position:</sctitle>
<parent ref = "C213S190000" doc = "Class213.sgm">subclass 190</parent>
<scdesc>Wherein devices of the class indicated the pin is swung
by the entering link to the coupling position.</scdesc></subclass>
<subclass subnum = "192" id = "C213S192000">
<sctitle>Pin supports:</sctitle>
<parent ref = "C213S188000" doc = "Class213.sgm">subclass 188</parent>
<scdesc>Wherein devices of the class indicated means are employed
to hold the pin in a position to permit the link to enter the coupler,
there being a subsequent release to permit the pin to move to a
position to lock the link.</scdesc></subclass>
<subclass subnum = "193" id = "C213S193000">
<sctitle>Tilting pin:</sctitle>
<parent ref = "C213S192000" doc = "Class213.sgm">subclass 192</parent>
<scdesc>Wherein devices of the class indicated the pin is tilted
to engage a part of the coupler.</scdesc></subclass>
<subclass subnum = "194" id = "C213S194000">
<sctitle>Gravity:</sctitle>
<parent ref = "C213S192000" doc = "Class213.sgm">subclass 192</parent>
<scdesc>Wherein devices of the class indicated the action of gravity
moves the support to a pin-engaging position when the pin is manually raised.</scdesc></subclass>
<subclass subnum = "195" id = "C213S195000">
<sctitle>Combined link lifters and supports:</sctitle>
<parent ref = "C213S194000" doc = "Class213.sgm">subclass 194</parent>
<scdesc>Wherein devices of the class indicated the support also
acts as means for holding the link in a horizontally extending position.</scdesc></subclass>
<subclass subnum = "196" id = "C213S196000">
<sctitle>Rollers:</sctitle>
<parent ref = "C213S195000" doc = "Class213.sgm">subclass 195</parent>
<scdesc>Wherein devices of the class indicated the supporting means
is in the form of a roller.</scdesc></subclass>
<subclass subnum = "197" id = "C213S197000">
<sctitle>Pivoted latches:</sctitle>
<parent ref = "C213S194000" doc = "Class213.sgm">subclass 194</parent>
<scdesc>Wherein devices of the class indicated the supporting member
is in the form of a pivoted latch.</scdesc></subclass>
<subclass subnum = "198" id = "C213S198000">
<sctitle>Pin-attached:</sctitle>
<parent ref = "C213S197000" doc = "Class213.sgm">subclass 197</parent>
<scdesc>Wherein devices of the class indicated the latch is attached
to the pin.</scdesc></subclass>
<subclass subnum = "199" id = "C213S199000">
<sctitle>Stirrups:</sctitle>
<parent ref = "C213S197000" doc = "Class213.sgm">subclass 197</parent>
<scdesc>Wherein devices of the class indicated the latch is in the
form of a stirrup.</scdesc></subclass>
<subclass subnum = "200" id = "C213S200000">
<sctitle>Spring:</sctitle>
<parent ref = "C213S192000" doc = "Class213.sgm">subclass 192</parent>
<scdesc>Wherein devices of the class indicated the supporting member
is a spring or a spring operated member.</scdesc></subclass>
<subclass subnum = "201" id = "C213S201000">
<sctitle>Combined link lifters and supports:</sctitle>
<parent ref = "C213S200000" doc = "Class213.sgm">subclass 200</parent>
<scdesc>Wherein devices of the class indicated the support also
acts as means for holding the link in a horizontally-extending position.</scdesc></subclass>
<subclass subnum = "202" id = "C213S202000">
<sctitle>Horizontally sliding:</sctitle>
<parent ref = "C213S200000" doc = "Class213.sgm">subclass 200</parent>
<scdesc>Wherein devices of the class indicated the support is horizontally
sliding.</scdesc></subclass>
<subclass subnum = "203" id = "C213S203000">
<sctitle>Link-operated:</sctitle>
<parent ref = "C213S202000" doc = "Class213.sgm">subclass 202</parent>
<scdesc>Wherein devices of the class indicated the supporting member
is moved from its supporting position by the entering link.</scdesc></subclass>
<subclass subnum = "204" id = "C213S204000">
<sctitle>Pivoted:</sctitle>
<parent ref = "C213S200000" doc = "Class213.sgm">subclass 200</parent>
<scdesc>Wherein devices of the class indicated the supporting member
is pivoted.</scdesc></subclass>
<subclass subnum = "205" id = "C213S205000">
<sctitle>Link lifters and supports:</sctitle>
<parent ref = "C213S188000" doc = "Class213.sgm">subclass 188</parent>
<scdesc>Wherein devices of the class indicated means are provided
for holding or lifting the link in a horizontal position to enter
an engaging coupler.</scdesc></subclass>
<subclass subnum = "206" id = "C213S206000">
<sctitle>Opposed car:</sctitle>
<parent ref = "C213S205000" doc = "Class213.sgm">subclass 205</parent>
<scdesc>Wherein devices of the class indicated a lifting means on
one car engages a link on an opposed car to guide it to coupled
position.</scdesc></subclass>
<subclass subnum = "207" id = "C213S207000">
<sctitle>Levers:</sctitle>
<parent ref = "C213S205000" doc = "Class213.sgm">subclass 205</parent>
<scdesc>Wherein devices of the class indicated the holding or lifting
means is a lever.</scdesc></subclass>
<subclass subnum = "208" id = "C213S208000">
<sctitle>Links:</sctitle>
<parent ref = "C213S000000" doc = "Class213.sgm">the unnumbered
subclass, Link or bar type</parent>
<scdesc>That element of a coupler of the type indicated known as
the link.</scdesc></subclass>
<subclass subnum = "209" id = "C213S209000">
<sctitle>End opening:</sctitle>
<parent ref = "C213S208000" doc = "Class213.sgm">subclass 208</parent>
<scdesc>Where the link is provided with means permitting its opening
at the end.</scdesc></subclass>
<subclass subnum = "210" id = "C213S210000">
<sctitle>Handled:</sctitle>
<parent ref = "C213S208000" doc = "Class213.sgm">subclass 208</parent>
<scdesc>Where the link is provided with a handle.</scdesc></subclass>
<subclass subnum = "211" id = "C213S211000">
<sctitle>Uncoupling devices:</sctitle>
<parent ref = "C213S075000" doc = "Class213.sgm">subclass 75</parent>
<scdesc>Wherein devices of the class indicated auxiliary means are
employed for moving the lock means to permit uncoupling of the couplers.</scdesc></subclass>
<subclass subnum = "212" id = "C213S212000">
<sctitle>Central control:</sctitle>
<parent ref = "C213S211000" doc = "Class213.sgm">subclass 211</parent>
<scdesc>Wherein devices of the class indicated control of the uncoupling
means is located at a central station (usually the cab of the engine),
permitting uncoupling selectively at any point in the train.</scdesc></subclass>
<subclass subnum = "213" id = "C213S213000">
<sctitle>Operable from car top or side:</sctitle>
<parent ref = "C213S211000" doc = "Class213.sgm">subclass 211</parent>
<scdesc>Wherein devices of the class indicated the uncoupling means
can be operated from either the top or side of the car.</scdesc></subclass>
<subclass subnum = "214" id = "C213S214000">
<sctitle>Rotating vertical shaft:</sctitle>
<parent ref = "C213S213000" doc = "Class213.sgm">subclass 213</parent>
<scdesc>Wherein devices of the class indicated the uncoupling means
comprises a rotating vertical shaft.</scdesc></subclass>
<subclass subnum = "215" id = "C213S215000">
<sctitle>Operable from car top only:</sctitle>
<parent ref = "C213S211000" doc = "Class213.sgm">subclass 211</parent>
<scdesc>Wherein devices of the class indicated the uncoupling means
is operable from the car top only.</scdesc></subclass>
<subclass subnum = "216" id = "C213S216000">
<sctitle>Rotating vertical shafts:</sctitle>
<parent ref = "C213S211000" doc = "Class213.sgm">subclass 211</parent>
<scdesc>Wherein devices of the class indicated the coupling means
comprises a rotating vertical shaft.</scdesc></subclass>
<subclass subnum = "217" id = "C213S217000">
<sctitle>Flexible:</sctitle>
<parent ref = "C213S211000" doc = "Class213.sgm">subclass 211</parent>
<scdesc>Wherein devices of the class indicated the means for operating
the uncoupling means comprises a flexible element.</scdesc></subclass>
<subclass subnum = "218" id = "C213S218000">
<sctitle>Vertically swinging lever:</sctitle>
<parent ref = "C213S211000" doc = "Class213.sgm">subclass 211</parent>
<scdesc>Wherein devices of the class indicated the uncoupling means
comprises a vertically-swinging lever.</scdesc></subclass>
<subclass subnum = "219" id = "C213S219000">
<sctitle>Rotating horizontal shafts:</sctitle>
<parent ref = "C213S211000" doc = "Class213.sgm">subclass 211</parent>
<scdesc>Wherein devices of the class indicated the uncoupling means
comprises a rotating horizontal shaft.</scdesc></subclass>
<subclass subnum = "220" id = "C213S220000">
<sctitle>CAR-END BUMPERS OR BUFFERS:</sctitle>
<parent ref = "C213S075000" doc = "Class213.sgm">subclass 75</parent>
<scdesc>Means secured to the end of the car and adapted to engage
similar means on another car to receive the force of impact therebetween.</scdesc>
<srchout>
<crecord><classnum ref = "C267S000000" doc = "Class267.sgm">267</classnum>
<subref><clstitle>Spring Devices</clstitle>
<pretext></pretext>
<subnum range = "s" ref = "C267S115000" doc = "Class267.sgm">115</subnum></subref>
<descript><para>, for a fluid spring draft gear cushioning device,
positionable between bodies in tow relation; and subclass 138, for a
draft-gear-cushioning spring device, other than the fluid spring
type.</para></descript></crecord></srchout></subclass>
<subclass subnum = "221" id = "C213S221000">
<sctitle>Resilient:</sctitle>
<parent ref = "C213S220000" doc = "Class213.sgm">subclass 220</parent>
<scdesc>Wherein devices of the class indicated the buffer is resiliently
supported.</scdesc></subclass>
<subclass subnum = "222" id = "C213S222000">
<sctitle>Car platform type:</sctitle>
<parent ref = "C213S221000" doc = "Class213.sgm">subclass 221</parent>
<scdesc>Wherein devices of the class indicated the construction
of the buffer adapts it for use as a whole or part of the car platform.</scdesc></subclass>
<subclass subnum = "223" id = "C213S223000">
<sctitle>Fluid:</sctitle>
<parent ref = "C213S221000" doc = "Class213.sgm">subclass 221</parent>
<scdesc>Wherein devices of the class indicated the buffer is supported
by a fluid cushion.</scdesc></subclass>
<subclass subnum = "224" id = "C213S224000">
<sctitle>SIDE-TRACK PUSH RODS:</sctitle>
<parent ref = "C213S000000" doc = "Class213.sgm">the class definition</parent>
<scdesc>Means whereby a motive power on one track can be used to
move a car or cars located on a parallel track.</scdesc></subclass></sclasses>
</class>
