<?xml version="1.0" encoding="UTF-8"?>
<!DOCTYPE class PUBLIC "-//USPTO//DTD Classification Definitions//EN" "xclassdef.dtd" [

<!-- Begin Document Specific Declarations -->

<!-- End Document Specific Declarations -->

]>
<?xml-stylesheet href="classdef.xsl" type="text/XSL"?>

<class classnum = "185" id = "C185S000000"><title>MOTORS:  SPRING,
WEIGHT, OR ANIMAL POWERED</title>
<sections><descsect>
<para>This is the class of spring, weight, and animal powered motors
and is specific to motors of these types and to plural arrangements
of such motors.</para>
<notes><note1 notenum = "(1)">
<para>Note.  Composite motors are defined as involving a plurality
of energy converting means, each of which is capable of delivering
an output to a load which is not one of the means. Accordingly,
the combination of two motors in which the sole function of one
of the motors is to wind the second motor or to otherwise condition
it for performing work for delivering energy is not classified as
a composite motor but merely as a single motor having winding means.</para></note1>
<note1>
<para> Plural motors, both of which are Class 185 motors, are classified
in this class. For plural motors of diverse types, one of which
is a Class 185 type motor, see Lines With Other Classes, below.</para></note1></notes>
</descsect>
<linesect>
<para>Plural motors of diverse types, one of which is a Class 185
type motor, are classified in appropriate subclasses of Class 60,
with the exception noted in the paragraph below.</para>
<para>Relative to combinations involving a Class 185 motor and a
winding arrangement therefor, Class 185 takes such combinations
when both the output motor and the winding motor are Class 185 type
motors.  Where the winding motor is not a Class 185 motor (as, for
example, tide motors), classification is in the appropriate subclass
of Class 60 with one exception.  Combinations involving an electric
motor for winding a Class 185 motor, the electric motor being incapable
of performing other work, are classified in the appropriate winding subclasses
of this class.</para>
</linesect>
<stcssect>
<srchin>
<srecord><subnum range = "p" ref = "C185S002000" doc = "Class185.sgm">2</subnum>
<descript><para>for plural motors, both of which are Class 185 motors. </para></descript></srecord></srchin>
</stcssect></sections>
<sclasses>
<subclass subnum = "2" id = "C185S002000">
<sctitle>COMPOSITE:</sctitle>
<parent ref = "C185S000000" doc = "Class185.sgm">the class definition</parent>
<scdesc>Motors composed of two or more prime movers, with separate
trains running to a common transmitting element, all of which prime movers
are of the class comprising spring motors, weight motors and animal
powered motors.</scdesc>
<notes><note1 notenum = "(1)">
<para>Note.  See the Class Definition and Lines With Other Classes
of this class for further definition of composite motors of the
type herein classified and for the distinction between such motors
and motor-motor winding combinations.</para></note1></notes>
<srchout>
<crecord><classnum ref = "C060S000000" doc = "Class060.sgm">60</classnum>
<subref><clstitle>Power Plants</clstitle>
<pretext></pretext>
<subnum range = "p" ref = "C060S698000" doc = "Class060.sgm">698</subnum></subref>
<descript><para> for motors of types properly classifiable in other
classes than this combined with motors of the type provided for in
this class.</para></descript></crecord></srchout></subclass>
<subclass subnum = "3" id = "C185S003000">
<sctitle>Animal powered only:</sctitle>
<parent ref = "C185S002000" doc = "Class185.sgm">subclass 2</parent>
<scdesc>Composite motors in which energy expended by animals is
converted into mechanical energy in all of the prime movers.</scdesc>
<srchin>
<srecord><subnum range = "p" ref = "C185S015000" doc = "Class185.sgm">15</subnum>
<descript><para>for single motors of the animal powered type.</para></descript></srecord></srchin></subclass>
<subclass subnum = "4" id = "C185S004000">
<sctitle>Weight only:</sctitle>
<parent ref = "C185S002000" doc = "Class185.sgm">subclass 2</parent>
<scdesc>Composite motors in which all of the prime movers are weight
motors.</scdesc>
<srchin>
<srecord><subnum range = "p" ref = "C185S027000" doc = "Class185.sgm">27</subnum>
<descript><para>for weight motor features not specific to composite
weight motor combinations, and see the definition of subclass 27
for the definition of weight motors.</para></descript></srecord></srchin></subclass>
<subclass subnum = "5" id = "C185S005000">
<sctitle>Escapement controlled:</sctitle>
<parent ref = "C185S004000" doc = "Class185.sgm">subclass 4</parent>
<scdesc>Composite weight motors which include escapements for controlling
the operation of the motor.</scdesc>
<notes><note1 notenum = "(1)">
<para>Note.  By the term &ldquo;escapement&rdquo;, as used
throughout this class, is meant a device which receives energy from
a power plant and by virtue thereof performs a cycle of movements
in which the escapement first causes the power element to cease
its motion and later permits it to resume its motion. Throughout this
class, if the escapement includes a spring or a weight which derives
its energy from another motor, the device is classified in the appropriate
Winding Motor subclass instead of in the Escapement controlled subclass
and a cross-reference is placed in the appropriate Winding, Overwinding
preventers subclass.</para></note1></notes>
<srchin>
<srecord><subnum ref = "C185S007000" doc = "Class185.sgm">7</subnum>
<descript><para>for composite weight motors having escapements which
include a spring or a weight which derives its energy from another
motor.</para></descript></srecord>
<srecord><subnum ref = "C185S009000" doc = "Class185.sgm">9</subnum>
<descript><para>for composite spring motors including escapements
and indented subclass 13 for similar structures having also overwinding
prevention means.  See (1) Note.</para></descript></srecord>
<srecord><subnum ref = "C185S031000" doc = "Class185.sgm">31</subnum>
<descript><para>for escapement controlled weight motors.</para></descript></srecord>
<srecord><subnum ref = "C185S035000" doc = "Class185.sgm">35</subnum>
<descript><para>for weight motors having winding means and overwinding
prevention means and including escapements.  See (1) Note.</para></descript></srecord>
<srecord><subnum ref = "C185S038000" doc = "Class185.sgm">38</subnum>
<descript><para>for escapement controlled spring motors.</para></descript></srecord></srchin>
<srchout>
<crecord><classnum ref = "C074S000000" doc = "Class074.sgm">74</classnum>
<subref><clstitle>Machine Element or Mechanism</clstitle>
<pretext></pretext>
<subnum range = "s" ref = "C074S001500" doc = "Class074.sgm">1.5</subnum></subref>
<descript><para> for escapements, per se.</para></descript></crecord>
<crecord><classnum ref = "C368S000000" doc = "Class368.sgm">368</classnum>
<subref><clstitle>Horology:  Time Measuring Systems or Devices</clstitle>
<pretext></pretext>
<subnum range = "p" ref = "C368S124000" doc = "Class368.sgm">124</subnum></subref>
<descript><para> for escapements included in devices which are restricted
to use in instruments employed for measuring time.</para></descript></crecord></srchout></subclass>
<subclass subnum = "6" id = "C185S006000">
<sctitle>With weight raising means, (e.g., winding):</sctitle>
<parent ref = "C185S004000" doc = "Class185.sgm">subclass 4</parent>
<scdesc>Composite weight motors having special devices for raising
the weights.</scdesc>
<srchin>
<srecord><subnum range = "p" ref = "C185S010000" doc = "Class185.sgm">10</subnum>
<descript><para>39&plus;, for spring motors including winding
arrangements.</para></descript></srecord>
<srecord><subnum range = "p" ref = "C185S032000" doc = "Class185.sgm">32</subnum>
<descript><para>for weight motors including weight raising or winding
means.</para></descript></srecord></srchin>
<srchout>
<crecord><classnum ref = "C074S000000" doc = "Class074.sgm">74</classnum>
<subref><clstitle>Machine Element or Mechanism</clstitle>
<pretext></pretext>
<subnum range = "p" ref = "C074S111000" doc = "Class074.sgm">111</subnum></subref>
<descript><para> and appropriate indented subclasses, for mechanical
movements of the intermittent grip type adapted to be used in winding arrangements.</para></descript></crecord>
<crecord><classnum ref = "C254S000000" doc = "Class254.sgm">254</classnum>
<subref><clstitle>Implements or Apparatus for Applying Pushing or
Pulling Force</clstitle>
<pretext></pretext>
<subnum range = "p" ref = "C254S266000" doc = "Class254.sgm">266</subnum></subref>
<descript><para> for apparatus for hauling or hoisting a load including
a driven drum which contacts and pulls on a cable.</para></descript></crecord>
<crecord><classnum ref = "C368S000000" doc = "Class368.sgm">368</classnum>
<subref><clstitle>Horology:  Time Measuring Systems or Devices</clstitle>
<pretext></pretext>
<subnum range = "r" ref = "C368S033000" doc = "Class368.sgm">33</subnum></subref>
<descript><para>, 50, 147&plus;, 190&plus;, and 206&plus; for
similar combinations which are restricted to use in time measuring
instruments.</para></descript></crecord></srchout></subclass>
<subclass subnum = "7" id = "C185S007000">
<sctitle>With motor:</sctitle>
<parent ref = "C185S006000" doc = "Class185.sgm">subclass 6</parent>
<scdesc>Composite weight motors in which the weights are raised
by motor means.</scdesc>
<notes><note1 notenum = "(1)">
<para>Note.  See the class definition and Lines With Other Classes
of this class for the distinctions made between plural and composite
motors and single motors having a winding motor and for statement
of the line between this class and Class 60.</para></note1></notes>
<srchin>
<srecord><subnum range = "p" ref = "C185S011000" doc = "Class185.sgm">11</subnum>
<descript><para>and 40&plus;, for spring motors which derive
their energy from other motors.</para></descript></srecord>
<srecord><subnum ref = "C185S033000" doc = "Class185.sgm">33</subnum>
<descript><para>for weight motors in which the weight is raised
by motor means.</para></descript></srecord></srchin>
<srchout>
<crecord><classnum ref = "C368S000000" doc = "Class368.sgm">368</classnum>
<subref><clstitle>Horology:  Time Measuring Systems or Devices</clstitle>
<pretext></pretext>
<subnum range = "p" ref = "C368S149000" doc = "Class368.sgm">149</subnum></subref>
<descript><para>, and 206&plus;, for spring and weight motors which
derive their energy from other motors, and which are restricted
to use in time measuring instruments.</para></descript></crecord></srchout></subclass>
<subclass subnum = "9" id = "C185S009000">
<sctitle>Spring only:</sctitle>
<parent ref = "C185S002000" doc = "Class185.sgm">subclass 2</parent>
<scdesc>Composite motors in which all the prime movers are spring
motors.</scdesc>
<srchin>
<srecord><subnum range = "p" ref = "C185S037000" doc = "Class185.sgm">37</subnum>
<descript><para>for spring motor features not specific to composite
spring motor combinations and see the search notes thereunder.</para></descript></srecord></srchin></subclass>
<subclass subnum = "10" id = "C185S010000">
<sctitle>With winding means:</sctitle>
<parent ref = "C185S009000" doc = "Class185.sgm">subclass 9</parent>
<scdesc>Composite spring motors having special devices for winding
the springs.</scdesc>
<srchin>
<srecord><subnum range = "p" ref = "C185S006000" doc = "Class185.sgm">6</subnum>
<descript><para>for mechanism for operating winding drums, and see
the search notes to subclass 6.</para></descript></srecord></srchin>
<srchout>
<crecord><classnum ref = "C124S000000" doc = "Class124.sgm">124</classnum>
<subref><clstitle>Mechanical Guns and Projectors</clstitle>
<pretext></pretext>
<subnum range = "p" ref = "C124S007000" doc = "Class124.sgm">7</subnum></subref>
<descript><para> and 16&plus;, for compressing and releasing
devices for springs used to operate devices for projecting missiles
through the air.</para></descript></crecord>
<crecord><classnum ref = "C186S000000" doc = "Class186.sgm">186</classnum>
<subref><clstitle>Merchandising</clstitle>
<pretext></pretext>
<subnum range = "p" ref = "C186S010000" doc = "Class186.sgm">10</subnum></subref>
<descript><para> for spring operated store service car systems.</para></descript></crecord></srchout></subclass>
<subclass subnum = "11" id = "C185S011000">
<sctitle>With motor:</sctitle>
<parent ref = "C185S010000" doc = "Class185.sgm">subclass 10</parent>
<scdesc>Composite spring motors in which the springs are wound up
by motor means.</scdesc>
<notes><note1 notenum = "(1)">
<para>Note.  See the Class Definition and Lines With Other Classes
of this class for the distinctions made between plural and composite
motors and single motors having a winding motor and for a statement
of the line between this class and Class 60.</para></note1></notes>
<srchin>
<srecord><subnum ref = "C185S007000" doc = "Class185.sgm">7</subnum>
<descript><para>for composite weight motors which derive their energy
from other motors, and see the search notes thereunder.</para></descript></srecord></srchin></subclass>
<subclass subnum = "12" id = "C185S012000">
<sctitle>Momentum type:</sctitle>
<parent ref = "C185S011000" doc = "Class185.sgm">subclass 11</parent>
<scdesc>Composite spring motors having shafts rotating in one direction
only, which alternately wind the springs and receive power therefrom,
the connecting trains coming to rest after each alternation.</scdesc>
<srchin>
<srecord><subnum ref = "C185S041000" doc = "Class185.sgm">41</subnum>
<descript><para>for similar structures related to single spring
motors.</para></descript></srecord></srchin>
<srchout>
<crecord><classnum ref = "C280S000000" doc = "Class280.sgm">280</classnum>
<subref><clstitle>Land Vehicles</clstitle>
<pretext></pretext>
<subnum range = "p" ref = "C280S215000" doc = "Class280.sgm">215</subnum></subref>
<descript><para> for such motors combined with vehicle structure
having occupant propulsion means.</para></descript></crecord></srchout></subclass>
<subclass subnum = "13" id = "C185S013000">
<sctitle>With overwinding preventer:</sctitle>
<parent ref = "C185S010000" doc = "Class185.sgm">subclass 10</parent>
<scdesc>Composite spring motors having means for preventing the
overwinding of the springs.</scdesc>
<srchin>
<srecord><subnum ref = "C185S035000" doc = "Class185.sgm">35</subnum>
<descript><para>for overwinding preventers as included in single
weight motors having winding means.</para></descript></srecord>
<srecord><subnum ref = "C185S043000" doc = "Class185.sgm">43</subnum>
<descript><para>for overwinding preventers as included in single
spring motors having winding means.</para></descript></srecord></srchin>
<srchout>
<crecord><classnum ref = "C081S000000" doc = "Class081.sgm">81</classnum>
<subref><clstitle>Tools</clstitle>
<pretext></pretext>
<subnum range = "p" ref = "C081S467000" doc = "Class081.sgm">467</subnum></subref>
<descript><para> for wrenches or screwdrivers responsive to the amount
of torque on the work being turned.</para></descript></crecord>
<crecord><classnum ref = "C368S000000" doc = "Class368.sgm">368</classnum>
<subref><clstitle>Horology:  Time Measuring Systems or Devices</clstitle>
<pretext></pretext>
<subnum range = "s" ref = "C368S209000" doc = "Class368.sgm">209</subnum></subref>
<descript><para>, for time measuring instruments having overwinding
preventers.</para></descript></crecord></srchout></subclass>
<subclass subnum = "14" id = "C185S014000">
<sctitle>With indicating means:</sctitle>
<parent ref = "C185S010000" doc = "Class185.sgm">subclass 10</parent>
<scdesc>Composite spring motors having means for showing the degree
to which the springs of the motors are wound or for operating an
indicator when the springs need winding.</scdesc>
<srchin>
<srecord><subnum range = "p" ref = "C185S006000" doc = "Class185.sgm">6</subnum>
<descript><para>for composite weight motors having winding means
some of which include indicating means.</para></descript></srecord>
<srecord><subnum ref = "C185S036000" doc = "Class185.sgm">36</subnum>
<descript><para>and 44, for means combined with single weight and
spring motors respectively for indicating the need for winding or
the degree to which the motor has been supplied with potential energy.</para></descript></srecord></srchin>
<srchout>
<crecord><classnum ref = "C368S000000" doc = "Class368.sgm">368</classnum>
<subref><clstitle>Horology:  Time Measuring Systems or Devices</clstitle>
<pretext></pretext>
<subnum range = "p" ref = "C368S210000" doc = "Class368.sgm">210</subnum></subref>
<descript><para> for winding indicators as included in time measuring
instruments.</para></descript></crecord></srchout></subclass>
<subclass subnum = "15" id = "C185S015000">
<sctitle>ANIMAL POWERED:</sctitle>
<parent ref = "C185S000000" doc = "Class185.sgm">the class definition</parent>
<scdesc>Motors comprising means whereby energy expended by animals,
including human beings is converted into mechanical energy.</scdesc>
<notes><note1 notenum = "(1)">
<para>Note.  Where merely the dead weight of an animal or operator
is used to do work, classification is in the appropriate weight motor
subclass. See, for example, subclass 28 of this class.</para></note1></notes>
<srchin>
<srecord><subnum ref = "C185S002000" doc = "Class185.sgm">2</subnum>
<descript><para>and 3, for composite motors, one or all of which
may be motors of the type provided for in this subclass.</para></descript></srecord></srchin></subclass>
<subclass subnum = "15.5" id = "C185S015500">
<sctitle>Pivoted seat:</sctitle>
<parent ref = "C185S015000" doc = "Class185.sgm">subclass 15</parent>
<scdesc>Motors in which a pivoted seat is the means used to apply
the energy of the animal or human being to a system of levers whereby such
energy is transmitted to an output element.</scdesc>
<srchout>
<crecord><classnum ref = "C074S000000" doc = "Class074.sgm">74</classnum>
<subref><clstitle>Machine Element or Mechanism</clstitle>
<pretext></pretext>
<subnum range = "p" ref = "C074S523000" doc = "Class074.sgm">523</subnum></subref>
<descript><para>, for hand levers and treadles, per se.</para></descript></crecord>
<crecord><classnum ref = "C280S000000" doc = "Class280.sgm">280</classnum>
<subref><clstitle>Land Vehicles</clstitle>
<pretext></pretext>
<subnum range = "p" ref = "C280S220000" doc = "Class280.sgm">220</subnum></subref>
<descript><para> for such pivoted seat motors combined with vehicle
structure.</para></descript></crecord></srchout></subclass>
<subclass subnum = "16" id = "C185S016000">
<sctitle>Belt tread:</sctitle>
<parent ref = "C185S015000" doc = "Class185.sgm">subclass 15</parent>
<scdesc>Motors in which the animals tread upon an endless belt.</scdesc>
<srchout>
<crecord><classnum ref = "C474S000000" doc = "Class474.sgm">474</classnum>
<subref><clstitle>Endless Belt Power Transmission Systems or Components</clstitle>
<pretext>particularly </pretext>
<subnum range = "p" ref = "C474S202000" doc = "Class474.sgm">202</subnum></subref>
<descript><para> for a positive drive belt; and subclasses 237&plus; for
a friction drive belt.</para></descript></crecord></srchout></subclass>
<subclass subnum = "17" id = "C185S017000">
<sctitle>Drum tread:</sctitle>
<parent ref = "C185S015000" doc = "Class185.sgm">subclass 15</parent>
<scdesc>Motors in which the animals tread on the curved surfaces
of pivoted drums.</scdesc></subclass>
<subclass subnum = "18" id = "C185S018000">
<sctitle>Pivoted disk tread:</sctitle>
<parent ref = "C185S015000" doc = "Class185.sgm">subclass 15</parent>
<scdesc>Motors in which the animals tread on pivoted disks.</scdesc></subclass>
<subclass subnum = "19" id = "C185S019000">
<sctitle>Sweep type:</sctitle>
<parent ref = "C185S015000" doc = "Class185.sgm">subclass 15</parent>
<scdesc>Motors in which the animals draw upon a sweep.</scdesc>
<srchout>
<crecord><classnum ref = "C241S000000" doc = "Class241.sgm">241</classnum>
<subref><clstitle>Solid Material Comminution or Disintegration</clstitle>
<pretext></pretext>
<subnum range = "p" ref = "C241S107000" doc = "Class241.sgm">107</subnum></subref>
<descript><para> and 207&plus; for sweep type drives combined
with comminutors.</para></descript></crecord></srchout></subclass>
<subclass subnum = "20" id = "C185S020000">
<sctitle>With driving or whipping means:</sctitle>
<parent ref = "C185S019000" doc = "Class185.sgm">subclass 19</parent>
<scdesc>Sweep type motors having devices for driving or whipping
the draft animals.</scdesc>
<srchin>
<srecord><subnum ref = "C185S024000" doc = "Class185.sgm">24</subnum>
<descript><para>for other driving and whipping devices found in
motors of the animal powered type.</para></descript></srecord></srchin>
<srchout>
<crecord><classnum ref = "C054S000000" doc = "Class054.sgm">54</classnum>
<subref><clstitle>Harness for Working Animal</clstitle>
<pretext></pretext></subref>
<descript><para>appropriate subclasses, for driving and whipping
devices associated with harness.</para></descript></crecord>
<crecord><classnum ref = "C231S000000" doc = "Class231.sgm">231</classnum>
<subref><clstitle>Whips and Whip Apparatus</clstitle>
<pretext></pretext>
<subnum range = "p" ref = "C231S002000" doc = "Class231.sgm">2</subnum></subref>
<descript><para> for whips, per se.</para></descript></crecord>
<crecord><classnum ref = "C280S000000" doc = "Class280.sgm">280</classnum>
<subref><clstitle>Land Vehicles</clstitle>
<pretext></pretext>
<subnum range = "p" ref = "C280S170000" doc = "Class280.sgm">170</subnum></subref>
<descript><para> for whip socket attachments for land vehicles,
and especially subclass 178 for whip manipulating devices.</para></descript></crecord></srchout></subclass>
<subclass subnum = "21" id = "C185S021000">
<sctitle>Sweeps:</sctitle>
<parent ref = "C185S019000" doc = "Class185.sgm">subclass 19</parent>
<scdesc>Devices comprising sweeps for use in sweep motors, including
structure unitary therewith or mounted thereon.</scdesc></subclass>
<subclass subnum = "22" id = "C185S022000">
<sctitle>Draft equalizers:</sctitle>
<parent ref = "C185S021000" doc = "Class185.sgm">subclass 21</parent>
<scdesc>Sweeps in which provision is made for equalizing the draft
of the animals.</scdesc>
<srchout>
<crecord><classnum ref = "C278S000000" doc = "Class278.sgm">278</classnum>
<subref><clstitle>Land Vehicles:  Animal Draft Appliances</clstitle>
<pretext></pretext>
<subnum range = "p" ref = "C278S003000" doc = "Class278.sgm">3</subnum></subref>
<descript><para> and 5&plus; for equalizers of general application.</para></descript></crecord></srchout></subclass>
<subclass subnum = "23" id = "C185S023000">
<sctitle>Draft devices:</sctitle>
<parent ref = "C185S019000" doc = "Class185.sgm">subclass 19</parent>
<scdesc>Devices comprising draft devices for use in sweep motors.</scdesc>
<srchin>
<srecord><subnum ref = "C185S022000" doc = "Class185.sgm">22</subnum>
<descript><para>for equalizers for such draft devices when included
in sweep subcombinations.</para></descript></srecord></srchin>
<srchout>
<crecord><classnum ref = "C054S000000" doc = "Class054.sgm">54</classnum>
<subref><clstitle>Harness for Working Animal</clstitle>
<pretext></pretext></subref>
<descript><para>for draft devices of general application associated
with harness.</para></descript></crecord>
<crecord><classnum ref = "C278S000000" doc = "Class278.sgm">278</classnum>
<subref><clstitle>Land Vehicles:  Animal Draft Appliances</clstitle>
<pretext></pretext></subref>
<descript><para>for draft devices of general application.</para></descript></crecord></srchout></subclass>
<subclass subnum = "24" id = "C185S024000">
<sctitle>With driving or whipping means:</sctitle>
<parent ref = "C185S015000" doc = "Class185.sgm">subclass 15</parent>
<scdesc>Animal powered motors having means for driving or whipping
the draft animals.</scdesc>
<srchin>
<srecord><subnum ref = "C185S020000" doc = "Class185.sgm">20</subnum>
<descript><para>for sweep type motors including driving or whipping
means, and see the search classes noted there.</para></descript></srecord></srchin></subclass>
<subclass subnum = "25" id = "C185S025000">
<sctitle>With anchor:</sctitle>
<parent ref = "C185S015000" doc = "Class185.sgm">subclass 15</parent>
<scdesc>Motors having means for anchoring such motors to a fixed
position during operation.</scdesc>
<srchout>
<crecord><classnum ref = "C052S000000" doc = "Class052.sgm">52</classnum>
<subref><clstitle>Static Structures (e.g., Buildings)</clstitle>
<pretext></pretext>
<subnum range = "p" ref = "C052S155000" doc = "Class052.sgm">155</subnum></subref>
<descript><para> for an earth piercing or expanding anchor, per
se.</para></descript></crecord></srchout></subclass>
<subclass subnum = "27" id = "C185S027000">
<sctitle>WEIGHT:</sctitle>
<parent ref = "C185S000000" doc = "Class185.sgm">the class definition</parent>
<scdesc>Motors in which kinetic energy is derived from the movement
of a mass by virtue of the effects of gravity.  Such motors are
generally known as weight motors.</scdesc>
<srchin>
<srecord><subnum range = "p" ref = "C185S004000" doc = "Class185.sgm">4</subnum>
<descript><para>for composite motors, all of which are weight motors.</para></descript></srecord></srchin>
<srchout>
<crecord><classnum ref = "C060S000000" doc = "Class060.sgm">60</classnum>
<subref><clstitle>Power Plants</clstitle>
<pretext></pretext>
<subnum range = "p" ref = "C060S639000" doc = "Class060.sgm">639</subnum></subref>
<descript><para> for a motor actuated by accumulating and dumping
liquid or fluent material; and subclass 675 for a gravity water
actuated by weight of condensed steam.</para></descript></crecord>
<crecord><classnum ref = "C242S000000" doc = "Class242.sgm">242</classnum>
<subref><clstitle>Winding, Tensioning, or Guiding</clstitle>
<pretext></pretext>
<subnum range = "s" ref = "C242S390400" doc = "Class242.sgm">390.4</subnum></subref>
<descript><para> for a reeling device powered by a weight.</para></descript></crecord></srchout></subclass>
<subclass subnum = "28" id = "C185S028000">
<sctitle>Operator&quot;s weight:</sctitle>
<parent ref = "C185S027000" doc = "Class185.sgm">subclass 27</parent>
<scdesc>Weight motors in which energy is derived from the weight
of the operators without other application of energy by the operators.</scdesc>
<srchin>
<srecord><subnum ref = "C185S015500" doc = "Class185.sgm">15.5</subnum>
<descript><para>for motors in which energy is derived from work
done by an operator on a lever system including a pivoted seat.</para></descript></srecord></srchin>
<srchout>
<crecord><classnum ref = "C074S000000" doc = "Class074.sgm">74</classnum>
<subref><clstitle>Machine Element or Mechanism</clstitle>
<pretext></pretext>
<subnum range = "p" ref = "C074S523000" doc = "Class074.sgm">523</subnum></subref>
<descript><para>, for hand levers and treadles, per se.</para></descript></crecord></srchout></subclass>
<subclass subnum = "29" id = "C185S029000">
<sctitle>Oscillating:</sctitle>
<parent ref = "C185S027000" doc = "Class185.sgm">subclass 27</parent>
<scdesc>Weight motors in which the actuating mass or masses have
an oscillating motion.</scdesc>
<srchout>
<crecord><classnum ref = "C368S000000" doc = "Class368.sgm">368</classnum>
<subref><clstitle>Horology:  Time Measuring Systems or Devices</clstitle>
<pretext></pretext>
<subnum range = "p" ref = "C368S134000" doc = "Class368.sgm">134</subnum></subref>
<descript><para>, 165&plus; and 179&plus;, for clocks including
motors which are operated by pendulums.</para></descript></crecord></srchout></subclass>
<subclass subnum = "30" id = "C185S030000">
<sctitle>Wave or irregular motion type:</sctitle>
<parent ref = "C185S029000" doc = "Class185.sgm">subclass 29</parent>
<scdesc>Oscillating weight motors in which the actuating mass or
masses are mounted on supports subjected to irregular movements,
or to a wave motion.</scdesc>
<srchout>
<crecord><classnum ref = "C040S000000" doc = "Class040.sgm">40</classnum>
<subref><clstitle>Card, Picture, or Sign Exhibiting</clstitle>
<pretext></pretext>
<subnum range = "s" ref = "C040S485000" doc = "Class040.sgm">485</subnum></subref>
<descript><para>, for changeable exhibitors which are operated by
pendulum type weight motors.</para></descript></crecord>
<crecord><classnum ref = "C184S000000" doc = "Class184.sgm">184</classnum>
<subref><clstitle>Lubrication</clstitle>
<pretext></pretext>
<subnum range = "r" ref = "C184S030000" doc = "Class184.sgm">30</subnum></subref>
<descript><para>, 44, 73, and 78, for pendulum type motor operators
for various types of pressure lubricating systems.</para></descript></crecord>
<crecord><classnum ref = "C235S000000" doc = "Class235.sgm">235</classnum>
<subref><clstitle>Registers</clstitle>
<pretext></pretext>
<subnum range = "s" ref = "C235S105000" doc = "Class235.sgm">105</subnum></subref>
<descript><para>, for pedometers in which the register is operated by
movements of a weight.</para></descript></crecord>
<crecord><classnum ref = "C368S000000" doc = "Class368.sgm">368</classnum>
<subref><clstitle>Horology:  Time Measuring Systems or Devices</clstitle>
<pretext></pretext>
<subnum range = "r" ref = "C368S150000" doc = "Class368.sgm">150</subnum></subref>
<descript><para> and 208, for self-winding watches which include
weight motors of the type provided for in this subclass.</para></descript></crecord>
<crecord><classnum ref = "C440S000000" doc = "Class440.sgm">440</classnum>
<subref><clstitle>Marine Propulsion</clstitle>
<pretext></pretext>
<subnum range = "s" ref = "C440S010000" doc = "Class440.sgm">10</subnum></subref>
<descript><para> for oscillating weight, wave propulsion motors
combined with ship structure for ship propulsion.</para></descript></crecord></srchout></subclass>
<subclass subnum = "31" id = "C185S031000">
<sctitle>Escapement controlled:</sctitle>
<parent ref = "C185S027000" doc = "Class185.sgm">subclass 27</parent>
<scdesc>Weight motors having escapement means to control the cycle
of operation of such motors.</scdesc>
<srchin>
<srecord><subnum ref = "C185S005000" doc = "Class185.sgm">5</subnum>
<descript><para>for composite weight motors which are escapement
controlled, and see the search notes thereunder for related fields
of search, and (1) Note thereto for the definition of the term &ldquo;escapement&rdquo;.</para></descript></srecord></srchin></subclass>
<subclass subnum = "32" id = "C185S032000">
<sctitle>With weight raising means, (e.g., winding):</sctitle>
<parent ref = "C185S027000" doc = "Class185.sgm">subclass 27</parent>
<scdesc>Weight motors having special devices for raising the weights,
as by winding a weight supporting line on a drum.</scdesc>
<srchin>
<srecord><subnum range = "p" ref = "C185S006000" doc = "Class185.sgm">6</subnum>
<descript><para>for composite weight motors having winding means,
and see the search notes under subclass 6.</para></descript></srecord></srchin></subclass>
<subclass subnum = "33" id = "C185S033000">
<sctitle>With motor:</sctitle>
<parent ref = "C185S032000" doc = "Class185.sgm">subclass 32</parent>
<scdesc>Weight motors in which the weights are raised by motor means.</scdesc>
<srchin>
<srecord><subnum ref = "C185S007000" doc = "Class185.sgm">7</subnum>
<descript><para>for composite weight motors having motor means for
raising the weights, and see the search notes to that subclass.</para></descript></srecord></srchin></subclass>
<subclass subnum = "35" id = "C185S035000">
<sctitle>With overwinding preventer:</sctitle>
<parent ref = "C185S032000" doc = "Class185.sgm">subclass 32</parent>
<scdesc>Weight motors having means for preventing overwinding the
weights of weight motors.</scdesc>
<srchin>
<srecord><subnum ref = "C185S013000" doc = "Class185.sgm">13</subnum>
<descript><para>for overwinding preventers as included in composite
spring motors having winding means, and see the search notes thereunder.</para></descript></srecord></srchin></subclass>
<subclass subnum = "36" id = "C185S036000">
<sctitle>With indicating means:</sctitle>
<parent ref = "C185S032000" doc = "Class185.sgm">subclass 32</parent>
<scdesc>Weight motors having means for indicating the degree to
which the weights are wound or for operating an indicator when the
weights need winding.</scdesc>
<srchin>
<srecord><subnum ref = "C185S014000" doc = "Class185.sgm">14</subnum>
<descript><para>for composite spring motors including winding indicating
means, and see the search notes thereunder.</para></descript></srecord></srchin></subclass>
<subclass subnum = "37" id = "C185S037000">
<sctitle>SPRING:</sctitle>
<parent ref = "C185S000000" doc = "Class185.sgm">the class definition</parent>
<scdesc>Motors in which the prime movers are springs.</scdesc>
<srchin>
<srecord><subnum range = "p" ref = "C185S009000" doc = "Class185.sgm">9</subnum>
<descript><para>for motor combinations comprising a plurality of
spring motors of the type provided for in this subclass.</para></descript></srecord></srchin>
<srchout>
<crecord><classnum ref = "C040S000000" doc = "Class040.sgm">40</classnum>
<subref><clstitle>Card, Picture, or Sign Exhibiting</clstitle>
<pretext>appropriate subclasses, and especially </pretext>
<subnum range = "r" ref = "C040S517000" doc = "Class040.sgm">517</subnum></subref>
<descript><para> and 520&plus; for changeable exhibitors having
spring motor operating means or spring reels.</para></descript></crecord>
<crecord><classnum ref = "C043S000000" doc = "Class043.sgm">43</classnum>
<subref><clstitle>Fishing, Trapping, and Vermin Destroying</clstitle>
<pretext></pretext>
<subnum range = "r" ref = "C043S018100" doc = "Class043.sgm">18.1</subnum></subref>
<descript><para>, 20&plus; and 22, for fishing rods having spring reels.</para></descript></crecord>
<crecord><classnum ref = "C054S000000" doc = "Class054.sgm">54</classnum>
<subref><clstitle>Harness for Working Animal</clstitle>
<pretext></pretext>
<subnum range = "s" ref = "C054S070000" doc = "Class054.sgm">70</subnum></subref>
<descript><para> for harness checking and unchecking devices containing
spring reels.</para></descript></crecord>
<crecord><classnum ref = "C124S000000" doc = "Class124.sgm">124</classnum>
<subref><clstitle>Mechanical Guns and Projectors</clstitle>
<pretext></pretext>
<subnum range = "p" ref = "C124S007000" doc = "Class124.sgm">7</subnum></subref>
<descript><para> and 16&plus; for compressing and releasing
devices for springs used to operate devices for projecting missiles
through the air.</para></descript></crecord>
<crecord><classnum ref = "C160S000000" doc = "Class160.sgm">160</classnum>
<subref><clstitle>Flexible or Portable Closure, Partition, or Panel</clstitle>
<pretext>particularly </pretext>
<subnum range = "p" ref = "C160S291000" doc = "Class160.sgm">291</subnum></subref>
<descript><para> for roll type closures having spring motors when
the motors are combined with a brake or stop, and subclasses 313&plus; when
not so combined.</para></descript></crecord>
<crecord><classnum ref = "C186S000000" doc = "Class186.sgm">186</classnum>
<subref><clstitle>Merchandising</clstitle>
<pretext></pretext>
<subnum range = "p" ref = "C186S010000" doc = "Class186.sgm">10</subnum></subref>
<descript><para> for store service car propelling means in which
springs are employed to propel the cars.</para></descript></crecord>
<crecord><classnum ref = "C191S000000" doc = "Class191.sgm">191</classnum>
<subref><clstitle>Electricity:  Transmission to Vehicles</clstitle>
<pretext></pretext>
<subnum range = "p" ref = "C191S012000" doc = "Class191.sgm">12</subnum></subref>
<descript><para> for flexible extensions for electrical transmission
lines, including spring means, and subclasses 91&plus; for trolley
retrieving devices which are retracted by spring motors.</para></descript></crecord>
<crecord><classnum ref = "C200S000000" doc = "Class200.sgm">200</classnum>
<subref><clstitle>Electricity:  Circuit Makers and Breakers</clstitle>
<pretext></pretext>
<subnum range = "p" ref = "C200S063000" doc = "Class200.sgm">63</subnum></subref>
<descript><para> for rotating contact snap acting switches having operating
means.</para></descript></crecord>
<crecord><classnum ref = "C242S000000" doc = "Class242.sgm">242</classnum>
<subref><clstitle>Winding, Tensioning, or Guiding</clstitle>
<pretext></pretext>
<subnum range = "r" ref = "C242S226000" doc = "Class242.sgm">226</subnum></subref>
<descript><para>, 251&plus;, and 371&plus; for a reeling
device powered by a spring.</para></descript></crecord>
<crecord><classnum ref = "C248S000000" doc = "Class248.sgm">248</classnum>
<subref><clstitle>Supports</clstitle>
<pretext></pretext>
<subnum range = "r" ref = "C248S330100" doc = "Class248.sgm">330.1</subnum></subref>
<descript><para> and 334.1&plus; for spring reel operated, vertically
adjustable suspended supports.</para></descript></crecord>
<crecord><classnum ref = "C362S000000" doc = "Class362.sgm">362</classnum>
<subref><clstitle>Illumination</clstitle>
<pretext></pretext>
<subnum range = "s" ref = "C362S402000" doc = "Class362.sgm">402</subnum></subref>
<descript><para> for light supporting devices having vertical adjusting
means operated by spring reels.</para></descript></crecord>
<crecord><classnum ref = "C473S000000" doc = "Class473.sgm">473</classnum>
<subref><clstitle>Games Using Tangible Projectile</clstitle>
<pretext></pretext>
<subnum range = "p" ref = "C473S035000" doc = "Class473.sgm">35</subnum></subref>
<descript><para> for a cue chalking device which may contain a spring reel.</para></descript></crecord></srchout></subclass>
<subclass subnum = "38" id = "C185S038000">
<sctitle>Escapement controlled:</sctitle>
<parent ref = "C185S037000" doc = "Class185.sgm">subclass 37</parent>
<scdesc>Spring motors having escapement means for controlling the
operation of such motors.</scdesc>
<srchin>
<srecord><subnum ref = "C185S005000" doc = "Class185.sgm">5</subnum>
<descript><para>for composite weight motors which are escapement
controlled, and see the search notes thereunder for related fields
of search, and (1) Note thereto for the definition of the term &ldquo;escapement&rdquo;.</para></descript></srecord></srchin></subclass>
<subclass subnum = "39" id = "C185S039000">
<sctitle>With winding means:</sctitle>
<parent ref = "C185S037000" doc = "Class185.sgm">subclass 37</parent>
<scdesc>Spring motors having special devices for winding the springs.</scdesc>
<srchin>
<srecord><subnum range = "p" ref = "C185S006000" doc = "Class185.sgm">6</subnum>
<descript><para>for composite weight motors having winding means
and see the search notes under subclass 6.</para></descript></srecord></srchin>
<srchout>
<crecord><classnum ref = "C081S000000" doc = "Class081.sgm">81</classnum>
<subref><clstitle>Tools</clstitle>
<pretext></pretext>
<subnum range = "s" ref = "C081S007500" doc = "Class081.sgm">7.5</subnum></subref>
<descript><para>, and see the notes thereto, for watch and clock
mainspring winders.</para></descript></crecord></srchout></subclass>
<subclass subnum = "40" id = "C185S040000">
<sctitle>With motor:</sctitle>
<parent ref = "C185S039000" doc = "Class185.sgm">subclass 39</parent>
<scdesc>Spring motors in which the springs are wound up by motor
means.</scdesc>
<srchin>
<srecord><subnum ref = "C185S007000" doc = "Class185.sgm">7</subnum>
<descript><para>for composite weight motors having motor operated
winding means and see the search notes thereunder, for spring and
weight motors which derive their energy from other motors.</para></descript></srecord></srchin>
<srchout>
<crecord><classnum ref = "C369S000000" doc = "Class369.sgm">369</classnum>
<subref><clstitle>Dynamic Information Storage or Retrieval</clstitle>
<pretext></pretext>
<subnum range = "r" ref = "C369S030020" doc = "Class369.sgm">30.02</subnum></subref>
<descript><para> and 63-68 for toy phonographs having a spring-powered
motor.</para></descript></crecord></srchout></subclass>
<subclass subnum = "41" id = "C185S041000">
<sctitle>Momentum type:</sctitle>
<parent ref = "C185S040000" doc = "Class185.sgm">subclass 40</parent>
<scdesc>Spring motors having shafts rotating in one direction only,
which alternately wind the springs and receive power therefrom,
the connecting trains coming to rest after each alternation.</scdesc>
<srchin>
<srecord><subnum ref = "C185S012000" doc = "Class185.sgm">12</subnum>
<descript><para>for composite spring motors of the momentum type
and see the search notes thereunder.</para></descript></srecord></srchin></subclass>
<subclass subnum = "43" id = "C185S043000">
<sctitle>With overwinding preventer:</sctitle>
<parent ref = "C185S039000" doc = "Class185.sgm">subclass 39</parent>
<scdesc>Spring motors having means for preventing the overwinding
of the springs.</scdesc>
<srchin>
<srecord><subnum ref = "C185S013000" doc = "Class185.sgm">13</subnum>
<descript><para>for composite spring motors having overwinding preventers
and see the search notes thereunder.</para></descript></srecord></srchin></subclass>
<subclass subnum = "44" id = "C185S044000">
<sctitle>With indicating means:</sctitle>
<parent ref = "C185S039000" doc = "Class185.sgm">subclass 39</parent>
<scdesc>Spring motors having means for showing the degree to which
the springs of the motors are wound or for operating an indicator
when the springs need winding.</scdesc>
<srchin>
<srecord><subnum ref = "C185S014000" doc = "Class185.sgm">14</subnum>
<descript><para>for composite spring motors having winding indicators
and see the search notes thereunder.</para></descript></srecord></srchin></subclass>
<subclass subnum = "45" id = "C185S045000">
<sctitle>Spring mounting:</sctitle>
<parent ref = "C185S037000" doc = "Class185.sgm">subclass 37</parent>
<scdesc>Spring motors which are distinguished by special features
relating to the mounting of the springs.</scdesc>
<srchout>
<crecord><classnum ref = "C267S000000" doc = "Class267.sgm">267</classnum>
<subref><clstitle>Spring Devices</clstitle>
<pretext></pretext>
<subnum range = "r" ref = "C267S113000" doc = "Class267.sgm">113</subnum>
<endnum ref = "C267S182000" doc = "Class267.sgm">182,</endnum></subref>
<descript><para>appropriate subclass therein for springs and the
mounting therefor not including sufficient related structure to
constitute a motor; e.g., subclasses 174&plus; for a coil-spring type
spring device for moving a tool through (or returning it from, subclass 176)
a work stroke, or for moving some other object (e.g., door latch)
for a condition-changing stroke.</para></descript></crecord>
<crecord><classnum ref = "C368S000000" doc = "Class368.sgm">368</classnum>
<subref><clstitle>Horology:  Time Measuring Systems or Devices</clstitle>
<pretext></pretext>
<subnum range = "p" ref = "C368S141000" doc = "Class368.sgm">141</subnum></subref>
<descript><para> for motor spring mounting means as included in instruments
employed for measuring time.</para></descript></crecord></srchout></subclass></sclasses>
</class>
