<?xml version="1.0" encoding="UTF-8"?>
<!DOCTYPE class PUBLIC "-//USPTO//DTD Classification Definitions//EN" "xclassdef.dtd" [

<!-- Begin Document Specific Declarations -->

<!-- End Document Specific Declarations -->

]>
<?xml-stylesheet href="classdef.xsl" type="text/XSL"?>


<class classnum = "225" id = "C225S000000"><title>SEVERING BY TEARING
OR BREAKING</title>
<sections><descsect>
<para>This class provides for devices for, and methods of, severing
by manually forcing work against a fixed edge or by breaking or
tearing, as more specifically defined below:</para>
<para>A.  SEVERING BY MANUALLY FORCING WORK AGAINST A FIXED EDGE</para>
<para>This subject matter includes devices or processes accomplishing
manual severing of indefinite length material such as strands or
webs or of fixed length material such as sheets, cards, or tickets
wherein a blade having a severing edge is provided and wherein the severing
edge is fixed in position with respect to a portion of the work
material during severance, the work itself is directly manually
grasped on one side of the edge and forced against the edge to effect
severance along that edge while at least some portion of the work on
the opposite side of the edge is restrained from movement during
severance to thereby prevent any portion of the work from being
transported across the edge.</para>
<notes><note1 notenum = "(1)">
<para>Note. Although the severing blade is not moved to effect severance,
such blade may be moved or adjusted for any other purpose.</para></note1>
<note1 notenum = "(2)">
<para>Note. This section of the class includes the combination of
claimed means for performing an additional severing operation by
a diverse type of severing instrumentality. For example, included
is the combination of slitting a web longitudinally by moving the
web past a relatively fixed cutting edge followed by severing the
slit web laterally by means under the class definition (see subclass
7).</para></note1>
<note1 notenum = "(3)">
<para>Note. Excluded from this section of the class are those devices
wherein the work is manually twisted or tensioned to rupture or break
along a pre-determined weakened line which is not registered with
and co-extensive with a fixed edge disclosed as functioning to cooperate
with the weakened line to effect severance of the work. For excluded
subject matter, see subclasses 93&plus; and the &ldquo;SEARCH
CLASS&rdquo; notes below to Classes for Special Receptacle or
Package; Winding, Tensioning, or Guiding,; and Supports: Cabinet
Structure. See Search Notes below.</para></note1>
<note1 notenum = "(4)">
<para>Note. This section of the class does not include claimed means
for accomplishing any work-treating operation other than severing
or claimed means which are ancillary to a nonsevering work-treating
operation, on the same or different work from that treated by the
fixed severing edge. For example, the combination of a severing device
under the class definition with a means to apply a coating to the
work is classified in the class for Coating Apparatus.</para></note1>
<note1 notenum = "(5)">
<para>Note. This section of the class does not include claimed combinations
of a severing device under the class definition with an art device
elsewhere classified, except for diverse type cutters, as in (2)
Note above, and for subclasses in this class specifically providing
for combinations with timers, web or strand feed means, indicators,
housings for work supply, brakes, clamps and guides. For example,
the combination of a dental floss holder with means to manually sever
the floss is found in the class for Toilet; or a holder for sticky
tape for cleaning lint, etc., from surfaces combined with a severing
edge is found in the class for Brushing, Scrubbing, and General
Cleaning. See Search Notes below.</para>
<para>B. BREAKING OR TEARING</para>
<para>This subject matter includes devices or processes for breaking
or tearing the work. For the purpose of this class breaking or tearing is
defined as a failure by tension of the work at the point or line
of separation, effected by moving one part of the work relative
to another part or by causing internal stresses to be built up within
the workpiece. The tension is applied by stretching, bending, twisting
or applying thermal shock so as to stress and strain the work beyond
its yield and failure point. This effectuation of the failure by
means of the relative movement of the parts distinguishes breaking
and tearing from other types of separating, e.g., where the separation
is effected by moving a tool relative to the work (as e.g., through
the work) which may incidentally move the severed parts relative
to each other.</para></note1>
<note1 notenum = "(1)">
<para>Note. Where a breaking or tearing function is alleged or disclosed,
the claimed structure must be such as to be capable of inducing
in the work a force of tension. A structural limitation in the claim
which precludes the induction of such force will direct classification
of such claim on some more appropriate structural basis. For example,
where a punch and die are claimed as having a close fit, or one
tool of a pair is claimed in contact with the other tool or in closely
spaced relation, such limitations would exclude the patent from
this group of subclasses.</para></note1>
<note1 notenum = "(2)">
<para>Note. This section of the class does not include claimed means
for accomplishing any work treating operation other than severing.
Merely incidental shaping or deformation of the product produced
solely by the severing instrumentality in its severing motion will
not be excluded; however, where the severing instrumentality is
specially designed or modified so as to impose a desired shape on
the product the patent will be classified elsewhere. For example,
a device for breaking and bending sheet metal to a desired configuration
will be classified in the class for Metal Deforming.</para></note1>
<note1 notenum = "(3)">
<para>Note. Tension, as contemplated in this class, should extend
over a substantial continuous area of the work, as contrasted with tension
applied to extremely small, even if contiguous, local areas as in
sawing wood, for example, or crushing brittle cellular material
such as that disclosed in Patent No. 2, 781, 838.</para></note1>
<note1 notenum = "(4)">
<para>Note. Where a work-contacting tool is utilized but there is
no tension failure specifically alleged, the following guide lines should
be applied to the disclosure:</para>
<note2>
<para>a. If the work is tensioned across and against a fixed severing
edge, whether sharp or dull, the patent will be placed in this class
(225).</para></note2>
<note2>
<para>b. If a dull edged tool and supported work are moved relatively
to one another to cause tensioning and rupture of the work the patent
will be placed in this class (225).</para></note2>
<note2>
<para>c.  If a sharp-edged tool is moved into the work with the
work support or holder at a substantial distance from the plane
in which the blade moves but there is no clear teaching of a &ldquo;slicing&rdquo; cut
(i.e., into and through the work and also with a component of force
or motion transverse thereto, as in a &ldquo;draw cut&rdquo; or &ldquo;progressive&rdquo; cut)
the patent will be placed in this class (225).</para></note2>
<note2>
<para>d. Where relatively flaccid work material is held in two spaced
zones and a tool, whether sharp or dull, is relatively moved so
as to first tension the work between the zones of support and then
to cause rupture of the work along the localized line of stress
at the blade edge, the patent will be classified in this class (225).</para></note2>
<note2>
<para>e. Where relatively stiff work is held or supported at one
or both ends and a dull tool moves to engage the work in a zone spaced
substantially from the support zone or zones, the patent will be
classified in this class (225).</para></note2>
<note2>
<para>f.  Where relatively stiff work is held or supported at an
end zone or at two spaced zones and a sharp-edged tool is directed into
the work in spaced relation to the zone or zones of support and
the work is parted by movement of the tool therethrough rather than
by stressing of the work beyond its yield point the patent will
be classified in Class 83.</para></note2>
<note2>
<para>g. Where a severing tool has an edge which moves in contact
with or in substantially close relation to the edge of a cooperating tool
so as to sever the work therebetween, or where an edged tool is
directed into work supported on a surface underlying the edge, the
patent will be classified in Class 83 (or some other appropriate
class).</para></note2></note1></notes>
</descsect>
<scsect>
<srchout>
<crecord><classnum ref = "C015S000000" doc = "Class015.sgm">15</classnum>
<subref><clstitle>Brushing, Scrubbing, and General Cleaning</clstitle>
<pretext></pretext>
<subnum range = "s" ref = "C015S1042" doc = "Class015.sgm">104.002</subnum></subref>
<descript><para> for sticky tape lint or dust collectors with tape
severing means.</para></descript></crecord>
<crecord><classnum ref = "C019S000000" doc = "Class019.sgm">19</classnum>
<subref><clstitle>Textiles: Fiber Preparation</clstitle>
<pretext></pretext>
<subnum range = "p" ref = "C019S000350" doc = "Class019.sgm">.35</subnum></subref>
<descript><para> for processes and apparatus for breaking or tearing combined
with textile handling or textile treating.</para></descript></crecord>
<crecord><classnum ref = "C030S000000" doc = "Class030.sgm">30</classnum>
<subref><clstitle>Cutlery</clstitle>
<pretext></pretext>
<subnum range = "r" ref = "C030S126000" doc = "Class030.sgm">126</subnum></subref>
<descript><para> and 127 for strand cutters combined with means
to hold or guide the strand to be cut and wherein use the strand
is severed by manipulating the blade rather than by manually forcing
the strand against the edge as required in this class (225).</para></descript></crecord>
<crecord><classnum ref = "C065S000000" doc = "Class065.sgm">65</classnum>
<subref><clstitle>Glass Manufacturing</clstitle>
<pretext></pretext>
<subnum range = "p" ref = "C065S112000" doc = "Class065.sgm">112</subnum></subref>
<descript><para> for a process of severing or perforating and treating a
glass preform, and subclass 174 for glassworking or treating apparatus
combined with severing, scoring or scribing means; see the &ldquo;Search
Notes&rdquo; under each of these subclasses.</para></descript></crecord>
<crecord><classnum ref = "C073S000000" doc = "Class073.sgm">73</classnum>
<subref><clstitle>Measuring and Testing</clstitle>
<pretext></pretext>
<subnum range = "s" ref = "C073S835000" doc = "Class073.sgm">835</subnum></subref>
<descript><para> for the tensile strength testing of materials by
tearing.</para></descript></crecord>
<crecord><classnum ref = "C083S000000" doc = "Class083.sgm">83</classnum>
<subref><clstitle>Cutting</clstitle>
<pretext></pretext></subref>
<descript><para>appropriate subclasses for processes or devices
for severing material by penetrating the material with a solid tool
or a fluid current operating against an edged tool.</para></descript></crecord>
<crecord><classnum ref = "C099S000000" doc = "Class099.sgm">99</classnum>
<subref><clstitle>Foods and Beverages: Apparatus</clstitle>
<pretext></pretext>
<subnum range = "s" ref = "C099S551000" doc = "Class099.sgm">551</subnum></subref>
<descript><para> for removing a pit by a tongue, subclass 585 for
skin removal by a pinching roller, subclass 587 for skin removal
by pulling, subclasses 600&plus; for hulling or grain by tearing
or abrading, subclasses 623&plus; for skin removal by abrading,
and subclasses 637&plus; for a device that pulls or tears the
stem from fruit.</para></descript></crecord>
<crecord><classnum ref = "C112S000000" doc = "Class112.sgm">112</classnum>
<subref><clstitle>Sewing</clstitle>
<pretext></pretext>
<subnum range = "s" ref = "C112S252000" doc = "Class112.sgm">252</subnum></subref>
<descript><para> for sewing machine elements which cut threads at
end of seam; see subclass 83 in this class (225) for sewing machine
presser foot attachments for cutting threads by manually forcing
the thread against a severing edge.</para></descript></crecord>
<crecord><classnum ref = "C125S000000" doc = "Class125.sgm">125</classnum>
<subref><clstitle>Stone Working</clstitle>
<pretext></pretext>
<subnum range = "p" ref = "C125S02310" doc = "Class125.sgm">23.01</subnum></subref>
<descript><para> for stone splitting apparatus, and subclasses 40&plus; for apparatus
for severing stone by a breaking operation.</para></descript></crecord>
<crecord><classnum ref = "C132S000000" doc = "Class132.sgm">132</classnum>
<subref><clstitle>Toilet</clstitle>
<pretext></pretext>
<subnum range = "p" ref = "C132S324000" doc = "Class132.sgm">324</subnum></subref>
<descript><para> for dental floss holders with floss-supply container
and severing means.</para></descript></crecord>
<crecord><classnum ref = "C156S000000" doc = "Class156.sgm">156</classnum>
<subref><clstitle>Adhesive Bonding and Miscellaneous Chemical Manufacture</clstitle>
<pretext></pretext></subref>
<descript><para>appropriate subclasses for apparatus and methods
pertaining to severing and&sol;or laminating of delaminating.</para></descript></crecord>
<crecord><classnum ref = "C206S000000" doc = "Class206.sgm">206</classnum>
<subref><clstitle>Special Receptacle or Package</clstitle>
<pretext></pretext>
<subnum range = "s" ref = "C206S039000" doc = "Class206.sgm">39</subnum></subref>
<descript><para> for strip, ticket or stamp dispensing devices having no
disclosed use of a severing edge, and see (3) Note above.</para></descript></crecord>
<crecord><classnum ref = "C220S000000" doc = "Class220.sgm">220</classnum>
<subref><clstitle>Receptacles</clstitle>
<pretext></pretext>
<subnum range = "p" ref = "C220S277000" doc = "Class220.sgm">277</subnum></subref>
<descript><para> for rip strip can opening devices.</para></descript></crecord>
<crecord><classnum ref = "C221S000000" doc = "Class221.sgm">221</classnum>
<subref><clstitle>Article Dispensing</clstitle>
<pretext></pretext>
<subnum range = "s" ref = "C221S025000" doc = "Class221.sgm">25</subnum></subref>
<descript><para> for article dispensing involving a progressively
destroyed cellular magazine supply source, and subclass 26 for article
dispensers which clamp a portion of the articles so that the portion
to be removed must be torn from the retained portion.</para></descript></crecord>
<crecord><classnum ref = "C223S000000" doc = "Class223.sgm">223</classnum>
<subref><clstitle>Apparel Apparatus</clstitle>
<pretext></pretext>
<subnum range = "p" ref = "C223S106000" doc = "Class223.sgm">106</subnum></subref>
<descript><para> for spool and sewing-implement holders which may include
a cutter.</para></descript></crecord>
<crecord><classnum ref = "C241S000000" doc = "Class241.sgm">241</classnum>
<subref><clstitle>Solid Material Comminution or Disintegration</clstitle>
<pretext></pretext></subref>
<descript><para>appropriate subclasses, for processes or devices
for breaking material into smaller portions where there is no claimed
provision for maintaining or determining the product shape or size,
or where the material being worked upon is not disclosed as modified
so as to determine a specific size or shape for the product.</para></descript></crecord>
<crecord><classnum ref = "C242S000000" doc = "Class242.sgm">242</classnum>
<subref><clstitle>Winding, Tensioning, or Guiding</clstitle>
<pretext></pretext>
<subnum range = "r" ref = "C242S521000" doc = "Class242.sgm">521</subnum></subref>
<descript><para> and 522&plus; for tearing or cutting combined with
subsequent convolute winding, and subclasses 487.1&plus; for
cutting a strand being wound, and subclass 911 for a cutter that
may otherwise be appropriate for winding, tensioning, or guiding.</para></descript></crecord>
<crecord><classnum ref = "C269S000000" doc = "Class269.sgm">269</classnum>
<subref><clstitle>Work Holders</clstitle>
<pretext></pretext></subref>
<descript><para>appropriate subclasses. Class 269 is the <emphasis
    emph = "u">residual</emphasis> locus for patents to a device for
clamping, supporting and&sol;or holding an article (or articles)
in position to be operated on or treated. See notes thereunder for
other related loci.</para></descript></crecord>
<crecord><classnum ref = "C281S000000" doc = "Class281.sgm">281</classnum>
<subref><clstitle>Books, Strips, and Leaves</clstitle>
<pretext></pretext>
<subnum range = "p" ref = "C281S006000" doc = "Class281.sgm">6</subnum></subref>
<descript><para> for strip holders providing a platen disclosed
as a backing surface for writing and which may include a blade arranged
for severing sheets from the strip by manually forcing the strip thereagainst.</para></descript></crecord>
<crecord><classnum ref = "C312S000000" doc = "Class312.sgm">312</classnum>
<subref><clstitle>Supports: Cabinet Structure</clstitle>
<pretext></pretext>
<subnum range = "p" ref = "C312S034100" doc = "Class312.sgm">34.1</subnum></subref>
<descript><para> for continuous strip cabinet devices having no claimed
severing edge against which the strip may be forced for severing
purposes, and see (3) Note above.</para></descript></crecord>
<crecord><classnum ref = "C452S000000" doc = "Class452.sgm">452</classnum>
<subref><clstitle>Butchering</clstitle>
<pretext></pretext>
<subnum range = "s" ref = "C452S049000" doc = "Class452.sgm">49</subnum></subref>
<descript><para> for sausage delinkers and subclass 125 for skinning
by tearing.</para></descript></crecord>
<crecord><classnum ref = "C462S000000" doc = "Class462.sgm">462</classnum>
<subref><clstitle>Books, Strips, and Leaves for Manifolding</clstitle>
<pretext></pretext>
<subnum range = "s" ref = "C462S051000" doc = "Class462.sgm">51</subnum></subref>
<descript><para> for device for feeding and severing strips utilized
for manifolding.</para></descript></crecord></srchout>
</scsect>
<glossect>
<glossary><term>BRAKE OR CLAMP</term>
<def><para>A means for applying friction directly or indirectly
to the work, the means as disclosed being intended to slow, stop
or prevent work motion. Class 51 for device for feeding and severing
strips utilized for manifolding.</para></def>
<term>WORK</term>
<def><para>A web, sheet, or strand (including tube, rod or bar) which
is to be acted on.</para></def>
<term>WORK SUPPLY</term>
<def><para>A mass or quantity of work material in any regular or irregular
arrangement.</para></def>
<term>WORK SUPPLY PACKAGE</term>
<def><para>Work supply in regular form such as a wound roll, a folded
strip or a pack or stack of work material may include a core, a
flanged core or other support to which the material is fixed</para></def></glossary></glossect></sections><sclasses><subclass subnum="1" id="C225S001000"><sctitle>METHODS:</sctitle><parent ref="C225S000000" doc="Class225.sgm">the class definition</parent><scdesc>Processes of severing.</scdesc></subclass><subclass subnum="2" id="C225S002000"><sctitle>With preliminary weakening:</sctitle><parent ref="C225S001000" doc="Class225.sgm">subclass 1</parent><scdesc>Processes which include a step of providing a line of lesser
strength in the work, and then severing the work on a line which
intersects or coincides with the line of lesser strength.</scdesc><notes><note1 notenum="(1)"><para>Note. The preliminary weakening may be of a type not classified,
per se, in this class; as for example, perforating, milling, cutting
by a torch or scoring. Such steps in combination with breaking or tearing
steps have been classified here because such other step has been
considered to effect a necessary or desirable preparation of the
work for the breaking or tearing operation.</para></note1></notes><srchin><srecord><subnum ref="C225S096000" doc="Class225.sgm">96</subnum><descript><para>for corresponding apparatus.</para></descript></srecord></srchin></subclass><subclass subnum="3" id="C225S003000"><sctitle>Longitudinally of direction of feed:</sctitle><parent ref="C225S001000" doc="Class225.sgm">subclass 1</parent><scdesc>Process wherein the line of breaking or tearing occurs along
a line parallel to the path of movement of the work feed.</scdesc><srchin><srecord><subnum ref="C225S099000" doc="Class225.sgm">99</subnum><descript><para>for apparatus for longitudinally separating work
by a breaking or tearing operation by diverting the moving work
into separate paths.</para></descript></srecord></srchin></subclass><subclass subnum="4" id="C225S004000"><sctitle>Transversely of continuously fed work:</sctitle><parent ref="C225S001000" doc="Class225.sgm">subclass 1</parent><scdesc>Processes wherein the line of breaking or tearing is generally
across the direction of feed of the work and occurs during the feed
thereof.</scdesc><notes><note1 notenum="(1)"><para>Note. Included here are methods of developing tensile stresses
by relative acceleration of the feed velocity of a leading portion
of the work.</para></note1></notes><srchin><srecord><subnum ref="C225S100000" doc="Class225.sgm">100</subnum><descript><para>for corresponding apparatus.</para></descript></srecord></srchin></subclass><subclass subnum="5" id="C225S005000"><sctitle>Progressively to or from one side edge:</sctitle><parent ref="C225S004000" doc="Class225.sgm">subclass 4</parent><scdesc>Processes wherein the line of separation proceeds to or
from an edge of the traveling work.</scdesc></subclass><subclass subnum="6" id="C225S006000"><sctitle>SEVERING BY MANUALLY FORCING AGAINST FIXED EDGE:</sctitle><parent ref="C225S000000" doc="Class225.sgm">the class definition</parent><scdesc>Devices under  the section of the ...  for Severing by Manually
Forcing Work Against a Fixed Edge.</scdesc><notes><note1 notenum="(1)"><para>Note. This subclass is the residual or miscellaneous repository
for devices coming within the part of the class definition for Severing
by Manually Forcing Work Against a Fixed Edge but not classifiable
in any of the subclasses indented hereunder.</para></note1></notes></subclass><subclass subnum="7" id="C225S007000"><sctitle>With other type severing means:</sctitle><parent ref="C225S006000" doc="Class225.sgm">subclass 6</parent><scdesc>Devices combined with additional means for separating work
completely, thicknesswise.</scdesc><srchin><srecord><subnum ref="C225S094000" doc="Class225.sgm">94</subnum><descript><para>for breakers combined with nonbreaking cutters;
except that where the non-breaking cutter is a tearing device the combination
is in this subclass (7).</para></descript></srecord></srchin><srchout><crecord><classnum ref="C234S000000" doc="Class234.sgm">234</classnum><subref><clstitle>Selective Cutting (e.g., Punching)</clstitle><pretext>appropriate subclasses, and particularly </pretext><subnum range="s" ref="C234S131000" doc="Class234.sgm">131</subnum></subref><descript><para> for the combination of tearing or breaking means
with selective cutting means.</para></descript></crecord></srchout></subclass><subclass subnum="8" id="C225S008000"><sctitle>With timer-released means for preventing work feed-out:</sctitle><parent ref="C225S006000" doc="Class225.sgm">subclass 6</parent><scdesc>A device including means to hold the work from moving toward
the blade, means to deactivate said work-holding means, and means
providing a predetermined time delay between the application of
said holding means to the work and its subsequent deactivation.</scdesc><srchout><crecord><classnum ref="C226S000000" doc="Class226.sgm">226</classnum><subref><clstitle>Advancing Material of Indeterminate Length</clstitle><pretext></pretext><subnum range="s" ref="C226S131000" doc="Class226.sgm">131</subnum></subref><descript><para> for manual material movers having timed interlocks
that prevent subsequent material movement for a predetermined period of
time.</para></descript></crecord></srchout></subclass><subclass subnum="9" id="C225S009000"><sctitle>Including means to effect bias cut:</sctitle><parent ref="C225S006000" doc="Class225.sgm">subclass 6</parent><scdesc>Devices in which the blade edge is so arranged as to produce
a line of severance in the work which is oblique relative to an
edge of the work.</scdesc></subclass><subclass subnum="10" id="C225S010000"><sctitle>With feed-out of predetermined length from work supply:</sctitle><parent ref="C225S006000" doc="Class225.sgm">subclass 6</parent><scdesc>A device having structure which as disclosed causes or permits
a definitely determined linear length of work to be moved from the
work supply past the severing blade for subsequent manipulation
against the blade to sever such length.</scdesc><notes><note1 notenum="(1)"><para>Note. With a wound supply package the predetermined length
may be one which diminishes progressively as the package is reduced
in diameter.</para></note1></notes><srchin><srecord><subnum range="p" ref="C225S027000" doc="Class225.sgm">27</subnum><descript><para>for stacks or pads of individual work pieces held
in contact with the severing blade and wherein the stack or pad as
a whole may be moved relative to the blade edge to determine the
line of severance; these are excluded from this and the indented
subclasses because the work supply as a whole is moved.</para></descript></srecord></srchin><srchout><crecord><classnum ref="C226S000000" doc="Class226.sgm">226</classnum><subref><clstitle>Advancing Material of Indeterminate Length</clstitle><pretext></pretext><subnum range="s" ref="C226S120000" doc="Class226.sgm">120</subnum></subref><descript><para> for devices that advance a predetermined amount
of material where severing is not claimed.</para></descript></crecord><crecord><classnum ref="C312S000000" doc="Class312.sgm">312</classnum><subref><clstitle>Supports: Cabinet Structure</clstitle><pretext></pretext><subnum range="p" ref="C312S034100" doc="Class312.sgm">34.1</subnum></subref><descript><para> for dispensing predetermined lengths from strip
material in which there is no fixed severing edge or the severing
edge is not claimed.</para></descript></crecord></srchout></subclass><subclass subnum="11" id="C225S011000"><sctitle>Including means to select or adjust feed-out length:</sctitle><parent ref="C225S010000" doc="Class225.sgm">subclass 10</parent><scdesc>Devices having means for setting the device to feed out
any desired one of a plurality of predetermined work lengths.</scdesc><notes><note1 notenum="(1)"><para>Note. This is intended to include infinitely adjustable strip
lengths as well as multi-step devices such as postage stamp strip
dispensers.</para></note1></notes></subclass><subclass subnum="12" id="C225S012000"><sctitle>Including feed-out stop for manually pulled work:</sctitle><parent ref="C225S010000" doc="Class225.sgm">subclass 10</parent><scdesc>A device in which the work is moved from the source of supply
past the blade by manually grasping and pulling the lead-end of
the work and in which means is provided for preventing further movement
of the work after the predetermined length of work has been so moved.</scdesc></subclass><subclass subnum="13" id="C225S013000"><sctitle>Stop abuts work edge or work-mounted article:</sctitle><parent ref="C225S012000" doc="Class225.sgm">subclass 12</parent><scdesc>A device in which the means for preventing further movement
of the work is a member which extends into the path of movement
of the work and engages either a transversely extending edge portion
of the work or of an article attached to the work.</scdesc><srchout><crecord><classnum ref="C221S000000" doc="Class221.sgm">221</classnum><subref><clstitle>Article Dispensing</clstitle><pretext></pretext><subnum range="s" ref="C221S025000" doc="Class221.sgm">25</subnum></subref><descript><para> for article dispensing involving a progressively
destroyed cellular magazine type supply source.</para></descript></crecord></srchout></subclass><subclass subnum="14" id="C225S014000"><sctitle>With feed-out of lead-end to aid initial grasping:</sctitle><parent ref="C225S012000" doc="Class225.sgm">subclass 12</parent><scdesc>Devices having means which operates to place or expose a
short leading end portion of the work in position for manual grasping
and subsequent manual pull-out or feeding.</scdesc></subclass><subclass subnum="15" id="C225S015000"><sctitle>Merely to provide lead-end for manual grasping:</sctitle><parent ref="C225S010000" doc="Class225.sgm">subclass 10</parent><scdesc>Devices in which the structure, as disclosed, causes or
permits feed-out of a relatively short length sufficient for manual
grasping so as to permit subsequent withdrawal of an addition indeterminate
length of work.</scdesc><srchout><crecord><classnum ref="C226S000000" doc="Class226.sgm">226</classnum><subref><clstitle>Advancing Material of Indeterminate Length</clstitle><pretext></pretext><subnum range="s" ref="C226S121000" doc="Class226.sgm">121</subnum></subref><descript><para> for devices that absorb energy from material to
later be utilized in feeding out the lead end of the material, where
severing of the material is not claimed.</para></descript></crecord></srchout></subclass><subclass subnum="16" id="C225S016000"><sctitle>Manually operated feed-out mechanism:</sctitle><parent ref="C225S010000" doc="Class225.sgm">subclass 10</parent><scdesc>Devices having hand-operated parts which directly function
mechanically to transport the predetermined length of work so as
to locate it in position for severing.</scdesc><notes><note1 notenum="(1)"><para>Note. Devices requiring manual operation of an electric switch
or the like to control electrically-operated means for moving the
work have not been placed herein.</para></note1></notes></subclass><subclass subnum="17" id="C225S017000"><sctitle>With indicator:</sctitle><parent ref="C225S006000" doc="Class225.sgm">subclass 6</parent><scdesc>Devices having visual means or indicia for measuring or
identifying the material to be dispensed or denoting any characteristic
thereof (e.g., width of supply material or length of material dispensed
or remaining in the supply source or package).</scdesc></subclass><subclass subnum="18" id="C225S018000"><sctitle>Indicates length to be severed from supply:</sctitle><parent ref="C225S017000" doc="Class225.sgm">subclass 17</parent><scdesc>A device in which the indicating means aids the operator
in determining when a desired length of work extends past the blade.</scdesc></subclass><subclass subnum="19" id="C225S019000"><sctitle>With blade-edge guard:</sctitle><parent ref="C225S006000" doc="Class225.sgm">subclass 6</parent><scdesc>A devices including a member disclosed as functioning for
preventing or inhibiting inadvertent contact of the operator&quot;s
hand (or any object) with the blade edge.</scdesc></subclass><subclass subnum="20" id="C225S020000"><sctitle>Movable:</sctitle><parent ref="C225S019000" doc="Class225.sgm">subclass 19</parent><scdesc>A device in which the guard is mounted so as to be capable
of motion.</scdesc></subclass><subclass subnum="21" id="C225S021000"><sctitle>Work stripped from blade by relatively movable means:</sctitle><parent ref="C225S006000" doc="Class225.sgm">subclass 6</parent><scdesc>Devices in which an element of the device contacts the lead-end
portion of the work and imparts motion thereto so as to separate
the work from contact with the blade.</scdesc><notes><note1 notenum="(1)"><para>Note. Usually the work has an adhesive coating and the stripper
functions to free the lead-end for the next succeeding feed-out
operation.</para></note1></notes></subclass><subclass subnum="22" id="C225S022000"><sctitle>Including movable blade:</sctitle><parent ref="C225S021000" doc="Class225.sgm">subclass 21</parent><scdesc>Devices in which the blade is mounted so as to be capable
of motion relative to the remainder of the device.</scdesc><notes><note1 notenum="(1)"><para>Note. The movement may or may not be related to the stripping
function.</para></note1></notes></subclass><subclass subnum="23" id="C225S023000"><sctitle>With means to move work toward or into severing position:</sctitle><parent ref="C225S006000" doc="Class225.sgm">subclass 6</parent><scdesc>A device including means to impart motion to the work to
transport at least a portion thereof in a path leading to the severing
edge so as to locate it in position for co-action with the severing edge.</scdesc><notes><note1 notenum="(1)"><para>Note. Where a claimed work feed-out means is disclosed as
functioning to supply a predetermined length, such means has been
classified above in subclasses 10&plus;.</para></note1></notes><srchin><srecord><subnum range="p" ref="C225S010000" doc="Class225.sgm">10</subnum><descript><para>for feed-out of predetermined lengths and see (1)
Note, above.</para></descript></srecord><srecord><subnum ref="C225S028000" doc="Class225.sgm">28</subnum><descript><para>for devices which have means to move the severed
stub portion of a work piece in pad or stack arrangement.</para></descript></srecord></srchin><srchout><crecord><classnum ref="C226S000000" doc="Class226.sgm">226</classnum><subref><clstitle>Advancing Material of Indeterminate Length</clstitle><pretext></pretext></subref><descript><para>appropriate subclasses for methods of, and apparatus
for, feeding material without utilizing the leading or trailing
ends to effect movement of the material.</para></descript></crecord><crecord><classnum ref="C242S000000" doc="Class242.sgm">242</classnum><subref><clstitle>Winding, Tensioning, or Guiding</clstitle><pretext></pretext><subnum range="r" ref="C242S521000" doc="Class242.sgm">521</subnum></subref><descript><para> and 522&plus; for tearing or cutting combined
with subsequent convolute winding, and subclasses 487.1&plus; for
cutting a strand being wound, and subclass 911 for a cutter that
may otherwise be appropriate for winding, tensioning, or guiding.</para></descript></crecord></srchout></subclass><subclass subnum="24" id="C225S024000"><sctitle>With means to strip adhering work therefrom:</sctitle><parent ref="C225S023000" doc="Class225.sgm">subclass 23</parent><scdesc>A device including means to separate the work from a surface
of the work-moving means.</scdesc><notes><note1 notenum="(1)"><para>Note. Either the work itself or some surface of the work-moving
means may have adhesive characteristics, thus requiring separation
means.</para></note1></notes></subclass><subclass subnum="25" id="C225S025000"><sctitle>With work-immobilizing paster surface:</sctitle><parent ref="C225S006000" doc="Class225.sgm">subclass 6</parent><scdesc>Devices which include structure providing an area adjacent
the blade and in the path of movement of adhesively coated work
to which area, as disclosed, the free-end portion of said work may
remain temporarily adhered.</scdesc><notes><note1 notenum="(1)"><para>Note. Guide or feed rollers mounted for turning about a fixed
axis are excluded from this subclass.</para></note1><note1 notenum="(2)"><para>Note. These devices usually provide for anchoring the feed-out
portion of the work to prevent retrograde movement or to facilitate
manual grasping.</para></note1><note1 notenum="(3)"><para>Note. Either the work or the surface may be adhesive.</para></note1></notes><srchin><srecord><subnum ref="C225S024000" doc="Class225.sgm">24</subnum><descript><para>for means to strip work from work moving means;
see (1) Note, above.</para></descript></srecord></srchin></subclass><subclass subnum="26" id="C225S026000"><sctitle>With finger-access opening:</sctitle><parent ref="C225S025000" doc="Class225.sgm">subclass 25</parent><scdesc>A device in which a finger notch, recess or aperture is
provided in the paster surface to permit grasping of the work for
detaching it from the paster surface.</scdesc></subclass><subclass subnum="27" id="C225S027000"><sctitle>With means to hold pad or stack of individual sheets:</sctitle><parent ref="C225S006000" doc="Class225.sgm">subclass 6</parent><scdesc>Devices associated with means to retain a plurality of individual
work pieces for successive application to the blade, said pieces
being generally planar and usually identical in size and juxtaposed
one against another and with or without means to bind the edges
thereof.</scdesc><notes><note1 notenum="(1)"><para>Note. Devices for severing a single sheet or ticket, without
a supply package or compartment, will be found in the appropriate
subclass at the end of the schedule beginning with subclass 81.</para></note1></notes><srchout><crecord><classnum ref="C206S000000" doc="Class206.sgm">206</classnum><subref><clstitle>Special Receptacle or Package</clstitle><pretext></pretext><subnum range="s" ref="C206S039000" doc="Class206.sgm">39</subnum></subref><descript><para> for pocket cases specially constructed to hold
tickets, cards, stamps, etc., and subclass 40.5 for ticket holders
to be carried by the person and designed for ready dispensing of
the tickets successively from the holder, where no fixed severing
edge is claimed.</para></descript></crecord></srchout></subclass><subclass subnum="28" id="C225S028000"><sctitle>With means to separate severed end of stub from supply
package:</sctitle><parent ref="C225S027000" doc="Class225.sgm">subclass 27</parent><scdesc>Devices provided with structure for manipulating the cut
end of the remaining stub portion of a severed work piece to move
it, at least temporarily, away from or retain it in spaced relation with
the remaining uncut work pieces of the pad or stack.</scdesc><srchin><srecord><subnum ref="C225S006000" doc="Class225.sgm">6</subnum><descript><para>for devices having compartments for loose stubs.</para></descript></srecord></srchin></subclass><subclass subnum="29" id="C225S029000"><sctitle>With changeable blade-edge contour:</sctitle><parent ref="C225S027000" doc="Class225.sgm">subclass 27</parent><scdesc>Devices in which the configuration of the severing edge
of the blade may be varied by rearrangement of relatively movable
parts thereof.</scdesc></subclass><subclass subnum="30" id="C225S030000"><sctitle>Slidable notcher:</sctitle><parent ref="C225S029000" doc="Class225.sgm">subclass 29</parent><scdesc>Devices in which a protruding element is movable along the
blade edge for producing a reentrant portion of the severed edge
of the work at any desired location.</scdesc></subclass><subclass subnum="31" id="C225S031000"><sctitle>Blade slidable along plane of work surface:</sctitle><parent ref="C225S027000" doc="Class225.sgm">subclass 27</parent><scdesc>Device in which the blade structure may be manually moved
bodily over the surface of the topmost work piece of the pad or
stack to locate the blade in a selected severing position.</scdesc><srchin><srecord><subnum range="p" ref="C225S029000" doc="Class225.sgm">29</subnum><descript><para>for devices in which parts of the blade structure
are slidable relative to each other to provide for a changeable blade
edge contour.</para></descript></srecord></srchin></subclass><subclass subnum="32" id="C225S032000"><sctitle>Zigzag-folded supply package:</sctitle><parent ref="C225S006000" doc="Class225.sgm">subclass 6</parent><scdesc>Devices associated with means for retaining an elongated
strip of work material which, as disclosed, is arranged in juxtaposed
successively reversed folds and adapted to be unfolded and moved
across the blade.</scdesc></subclass><subclass subnum="33" id="C225S033000"><sctitle>Separate blades usable alternatively or sequentially on
same work supply:</sctitle><parent ref="C225S006000" doc="Class225.sgm">subclass 6</parent><scdesc>Devices including two or more distinct and spaced severing
edges combined with one work supply and capable of use one after
the other or independently of one another.</scdesc></subclass>

<subclass subnum = "34" id = "C225S034000">
<sctitle>Plural supply sources:</sctitle>
<parent ref = "C225S006000" doc = "Class225.sgm">subclass 6</parent>
<scdesc>Devices having means to retain two or more distinct work
supplies and including one or more blades.</scdesc>
<notes><note1 notenum = "(1)">
<para>Note. A laminated web which is presented to the blade
while still in adhered condition is considered a single supply source
and is classified on some other appropriate feature.</para></note1>
<note1 notenum = "(2)">
<para>Note. This and the indented subclasses include devices
having a plurality of individual webs rolled or folded together in
face-contacting relation where (a) the juxtaposed
webs are presented to a single blade, or (b) nonlaminated
webs are separated and two or more are presented to the blade; excluded, however, are those
devices where only one of the separated webs is presented to the
blade.</para></note1></notes>
<srchin>
<srecord><subnum ref = "C225S006000" doc = "Class225.sgm">6</subnum>
<descript><para>for devices excluded under (2) Note, above, and
not classifiable in Class 242, Winding, Tensioning, or
Guiding.</para></descript></srecord></srchin>
<srchout>
<crecord><classnum ref = "C156S000000" doc = "Class156.sgm">156</classnum>
<subref><clstitle>Adhesive Bonding and Miscellaneous Chemical Manufacture</clstitle>
<pretext></pretext>
<subnum range = "R" ref = "C156S152000" doc = "Class156.sgm">152</subnum></subref>
<descript><para> and 247-249 for laminating or bonding
processes combined with severing and removal; subclasses 701-719
for a delaminating process, per se, and subclasses
918-933 for a delaminating process adapted to specified
products, per se; subclasses 750-767
for delaminating means, per se, and subclasses
934-944 for a delaminating means adapted to specified products, per
se, for separating an adhered layer or portion from another layer
at a bonding face while retaining layer identity.</para></descript></crecord>
<crecord><classnum ref = "C242S000000" doc = "Class242.sgm">242</classnum>
<subref><clstitle>Winding, Tensioning, or Guiding</clstitle>
<pretext></pretext>
<subnum range = "r" ref = "C242S521000" doc = "Class242.sgm">521</subnum></subref>
<descript><para> and 522&plus; for tearing or cutting combined
with subsequent convolute winding.</para></descript></crecord></srchout></subclass>

<subclass subnum="35" id="C225S035000"><sctitle>On turret-type support with single blade:</sctitle><parent ref="C225S034000" doc="Class225.sgm">subclass 34</parent><scdesc>Devices wherein each of the work supplies, usually in package
form, is mounted on a rotatable carrier means near or at the periphery thereof,
there being a severing edge adjacent the carrier, the arrangement
being such that the carrier may be rotated to selectively locate
any one of the supplies in a position convenient to the severing
edge.</scdesc></subclass><subclass subnum="36" id="C225S036000"><sctitle>With movable blade registrable selectively with each source:</sctitle><parent ref="C225S034000" doc="Class225.sgm">subclass 34</parent><scdesc>Devices wherein a member having a severing edge thereon
is connected to the supply holding means for motion relative thereto
and this member may be moved so as to locate the severing edge in
a position convenient to the work feed-out path from each supply
source.</scdesc></subclass><subclass subnum="37" id="C225S037000"><sctitle>With plural blades:</sctitle><parent ref="C225S034000" doc="Class225.sgm">subclass 34</parent><scdesc>Devices provided with two or more distinct severing edges.</scdesc><srchin><srecord><subnum ref="C225S033000" doc="Class225.sgm">33</subnum><descript><para>for devices having plural distinct blades useable
alternatively or sequentially on a single work supply.</para></descript></srecord></srchin></subclass><subclass subnum="38" id="C225S038000"><sctitle>With individual blade for each source:</sctitle><parent ref="C225S037000" doc="Class225.sgm">subclass 37</parent><scdesc>Devices wherein each supply source is provided with an individual
severing edge.</scdesc></subclass><subclass subnum="39" id="C225S039000"><sctitle>With housing for work supply:</sctitle><parent ref="C225S006000" doc="Class225.sgm">subclass 6</parent><scdesc>Devices in which the blade is attached to an enclosure which
substantially covers the work supply on at least the top and four
sides, as seen in its position of normal use.</scdesc><notes><note1 notenum="(1)"><para>Note. A surface in or against which the device is intended
to be attached so as to complete the enclosure may be considered
as part of the housing to meet the above requirements.</para></note1><note1 notenum="(2)"><para>Note. The enclosure may have apertured, foraminous or reticulated
wall structure.</para></note1></notes><srchout><crecord><classnum ref="C206S000000" doc="Class206.sgm">206</classnum><subref><clstitle>Special Receptacle or Package</clstitle><pretext></pretext><subnum range="p" ref="C206S438000" doc="Class206.sgm">438</subnum></subref><descript><para> for a surgical package including a severing blade.</para></descript></crecord></srchout></subclass><subclass subnum="40" id="C225S040000"><sctitle>Liquid-, gas-, or light-tight work passage:</sctitle><parent ref="C225S039000" doc="Class225.sgm">subclass 39</parent><scdesc>Housings including claimed structure which is disclosed
as acting to seal the work exit passageway to prevent ingress of
luminary rays or of liquids or gases into an otherwise sealed housing.</scdesc><notes><note1 notenum="(1)"><para>Note. These housings usually protect specially treated paper
such as photos:graphic or litmus paper.</para></note1></notes><srchout><crecord><classnum ref="C034S000000" doc="Class034.sgm">34</classnum><subref><clstitle>Drying and Gas or Vapor Contact With Solids</clstitle><pretext></pretext><subnum range="s" ref="C034S242000" doc="Class034.sgm">242</subnum></subref><descript><para> for chamber seals and see the Notes thereto for completing
the search for this subject matter.</para></descript></crecord></srchout></subclass><subclass subnum="41" id="C225S041000"><sctitle>With inspection window or transparent panel:</sctitle><parent ref="C225S039000" doc="Class225.sgm">subclass 39</parent><scdesc>Devices wherein the enclosure is provided with an opening
or transparent wall for viewing the work or a portion thereof without
opening the housing.</scdesc></subclass><subclass subnum="42" id="C225S042000"><sctitle>With mounting means for housing:</sctitle><parent ref="C225S039000" doc="Class225.sgm">subclass 39</parent><scdesc>Devices in which the housing structure for attaching the
housing to a supporting surface or within a recess.</scdesc></subclass><subclass subnum="43" id="C225S043000"><sctitle>Blade on pivoted closure for housing:</sctitle><parent ref="C225S039000" doc="Class225.sgm">subclass 39</parent><scdesc>Devices in which the blade is formed on or attached to a
hinged cover for an opening in the container through which the supply
package may be inserted.</scdesc></subclass><subclass subnum="44" id="C225S044000"><sctitle>Sectional telescoping housing:</sctitle><parent ref="C225S039000" doc="Class225.sgm">subclass 39</parent><scdesc>A device in which the housing is formed of separate parts,
at least portions of which are slidably nested one within another,
whether permanently joined or separable.</scdesc><notes><note1 notenum="(1)"><para>Note. Housings having flanged pivoted covers are not considered
to fall within the means of &ldquo;telescoping&rdquo;.</para></note1></notes></subclass><subclass subnum="45" id="C225S045000"><sctitle>Including removable cap or sleeve enclosure for spooled
work supply:</sctitle><parent ref="C225S044000" doc="Class225.sgm">subclass 44</parent><scdesc>A device in which the work supply is wound on a core having
at least one flange and there is a tubular member, open at one or
both ends, telescoping over the flange so as to completely enclose
the work supply and is at least partially removed in order to provide
access to the work.</scdesc></subclass><subclass subnum="46" id="C225S046000"><sctitle>Including special support for wound supply package:</sctitle><parent ref="C225S039000" doc="Class225.sgm">subclass 39</parent><scdesc>Devices in which the work supply is in the form of a wound
package and the housing has means to contact with the core or spindle
of the package to thereby mount the package for rotation about its
axis; or, alternatively, the interior of the housing is modified
to supportingly engage the periphery of the package by any means
other than merely a flat bottom wall intended to be horizontal in
normal position of use.</scdesc></subclass><subclass subnum="47" id="C225S047000"><sctitle>Bearing or trunnions to engage package core:</sctitle><parent ref="C225S046000" doc="Class225.sgm">subclass 46</parent><scdesc>Devices in which the housing has means to contact with the
core or spindle of the package to thereby mount the package for
rotation about its axis.</scdesc></subclass><subclass subnum="48" id="C225S048000"><sctitle>Single blank container:</sctitle><parent ref="C225S039000" doc="Class225.sgm">subclass 39</parent><scdesc>Devices in which the housing as set forth by the language
of the claim(s) is made from one sheet of material cut and folded
along lines such as to form an enclosure meeting the requirements
of subclass 39.</scdesc><srchout><crecord><classnum ref="C229S000000" doc="Class229.sgm">229</classnum><subref><clstitle>Envelopes, Wrappers, and Paperboard Boxes</clstitle><pretext></pretext><subnum range="p" ref="C229S100000" doc="Class229.sgm">100</subnum></subref><descript><para> for a folded, blank paperboard box.</para></descript></crecord></srchout></subclass><subclass subnum="49" id="C225S049000"><sctitle>Blade unitary with container:</sctitle><parent ref="C225S048000" doc="Class225.sgm">subclass 48</parent><scdesc>Devices wherein the severing edge is integral with the material
of the blank.</scdesc><notes><note1 notenum="(1)"><para>Note. A hardening agent may be used to coat or impregnate
the severing edge area of a paper blank. However, an additive preformed
edge is excluded from this subclass.</para></note1></notes></subclass><subclass subnum="50" id="C225S050000"><sctitle>With closure fastener:</sctitle><parent ref="C225S048000" doc="Class225.sgm">subclass 48</parent><scdesc>Devices wherein a cover-forming panel member of the housing
is provided with means interengaging other parts of the housing
to inhibit movement away from closed or folded position.</scdesc></subclass><subclass subnum="51" id="C225S051000"><sctitle>With brake or tensioner:</sctitle><parent ref="C225S039000" doc="Class225.sgm">subclass 39</parent><scdesc>Devices which include a work contacting friction device.</scdesc><srchout><crecord><classnum ref="C226S000000" doc="Class226.sgm">226</classnum><subref><clstitle>Advancing Material of Indeterminate Length</clstitle><pretext></pretext><subnum range="s" ref="C226S195000" doc="Class226.sgm">195</subnum></subref><descript><para> for devices for placing tension on material of
indeterminate-length, where severing is not claimed.</para></descript></crecord></srchout></subclass><subclass subnum="52" id="C225S052000"><sctitle>Restricted or restrictable work outlet:</sctitle><parent ref="C225S051000" doc="Class225.sgm">subclass 51</parent><scdesc>Devices in which the exit passageway for the work is, or
is capable of being made, sufficiently limited so as to frictionally
engage the work, or there is a friction element applied to the running
work immediately adjacent to or within the passageway.</scdesc><srchin><srecord><subnum ref="C225S043000" doc="Class225.sgm">43</subnum><descript><para>for housings in which the blade is on a pivoted
closure which serves to clamp the work against a container wall
during the severing operation.</para></descript></srecord><srecord><subnum ref="C225S044000" doc="Class225.sgm">44</subnum><descript><para>for sectional telescoping housings having juxtaposed
walls forming a restricted or restrictable work outlet.</para></descript></srecord><srecord><subnum range="p" ref="C225S048000" doc="Class225.sgm">48</subnum><descript><para>for folded single blank containers having overlapping
or juxtaposed panels forming a work passageway therebetween, some
of which disclose that the two panels can exert a braking force
on the work.</para></descript></srecord></srchin></subclass><subclass subnum="53" id="C225S053000"><sctitle>With finger-access opening to facilitate work feed-out:</sctitle><parent ref="C225S039000" doc="Class225.sgm">subclass 39</parent><scdesc>Devices provided with an aperture which permits the work
supply to be directly contacted by the thumb and&sol;or finger
for the purpose of moving a running length of the work toward or through
an egress passageway.</scdesc><srchin><srecord><subnum ref="C225S090000" doc="Class225.sgm">90</subnum><descript><para>for additional types and arrangements of means to
facilitate lead-end grasping.</para></descript></srecord></srchin></subclass><subclass subnum="54" id="C225S054000"><sctitle>With internal guide:</sctitle><parent ref="C225S039000" doc="Class225.sgm">subclass 39</parent><scdesc>Devices including means located interiorly of the housing
between the supply source and the work exit passageway functioning
to direct or control the path of the moving work.</scdesc><srchin><srecord><subnum ref="C225S044000" doc="Class225.sgm">44</subnum><descript><para>for sectional telescoping housings having juxtaposed
walls forming a work passageway therebetween.</para></descript></srecord><srecord><subnum range="p" ref="C225S048000" doc="Class225.sgm">48</subnum><descript><para>for folded single blank containers having overlapping
or juxtaposed panels forming a work passageway therebetween.</para></descript></srecord></srchin></subclass><subclass subnum="55" id="C225S055000"><sctitle>Blade carrier bodily and slidably supported on running
length work:</sctitle><parent ref="C225S006000" doc="Class225.sgm">subclass 6</parent><scdesc>Devices in which the blade is attached to and carried by
supporting structure which is separate and independent from the
work supply source, and this assembly is hand-held and includes
a guide member through which the work in running length form is
threaded, thus maintaining the work and the blade carrier assembly
in continuing association and permitting the carrier and the work
to be manually moved relative to each other.</scdesc><srchin><srecord><subnum range="p" ref="C225S027000" doc="Class225.sgm">27</subnum><descript><para>for blade carriers mounted on a pad or stack of
tickets or the like.</para></descript></srecord><srecord><subnum range="p" ref="C225S056000" doc="Class225.sgm">56</subnum><descript><para>for blade carriers mounted on a wound work supply
package.</para></descript></srecord></srchin><srchout><crecord><classnum ref="C030S000000" doc="Class030.sgm">30</classnum><subref><clstitle>Cutlery</clstitle><pretext></pretext><subnum range="s" ref="C030S127000" doc="Class030.sgm">127</subnum></subref><descript><para> for similar devices wherein it is clearly disclosed that
the device is manipulated solely like a knife for cutting rather
than the twine being itself gripped manually and forced against
the blade; also, that subclass contains similar devices wherein
the severing is accomplished by a cutting tool pair such as a shearing
cutter.</para></descript></crecord></srchout></subclass><subclass subnum="56" id="C225S056000"><sctitle>Blade mounted on hand-held wound package:</sctitle><parent ref="C225S006000" doc="Class225.sgm">subclass 6</parent><scdesc>Devices in which the blade is provided with mounting structure
which structure is adapted to engage and be assembled with a wound work
supply package.</scdesc><notes><note1 notenum="(1)"><para>Note. The normal mode of operation, as disclosed, is for the
operator to hold the entire assembly of work and severing instrumentality
in one hand while withdrawing a portion of work from the supply
package with the other hand and forcing the work against the blade
to sever it.</para></note1></notes><srchin><srecord><subnum range="p" ref="C225S025000" doc="Class225.sgm">25</subnum><descript><para>for such devices having a paster surface.</para></descript></srecord><srecord><subnum range="p" ref="C225S039000" doc="Class225.sgm">39</subnum><descript><para>for such devices having a housing substantially
enclosing the supply package.</para></descript></srecord></srchin></subclass><subclass subnum="57" id="C225S057000"><sctitle>With lead-end stripper for tacky adhesive work:</sctitle><parent ref="C225S056000" doc="Class225.sgm">subclass 56</parent><scdesc>Devices in which the work supply is a permanently tacky
adhesive web and means is provided for breaking the adhesive bond
between the leading end portion of the work and the body of the
package.</scdesc><srchin><srecord><subnum ref="C225S024000" doc="Class225.sgm">24</subnum><descript><para>for strippers which separate adhesive web material
from work moving means.</para></descript></srecord><srecord><subnum ref="C225S069000" doc="Class225.sgm">69</subnum><descript><para>for lead-end strippers operative on nonadhesive
webs.</para></descript></srecord></srchin></subclass><subclass subnum="58" id="C225S058000"><sctitle>By resiliently embracing outer circumference of package:</sctitle><parent ref="C225S056000" doc="Class225.sgm">subclass 56</parent><scdesc>Devices including means which surround and resiliently engage
a major portion of the outer circumference of the package to hold
the blade on the package.</scdesc></subclass><subclass subnum="59" id="C225S059000"><sctitle>Work supply nonrotatably wound on flanged spool:</sctitle><parent ref="C225S056000" doc="Class225.sgm">subclass 56</parent><scdesc>Devices provided with means for association with a work
supply fixedly mounted on a core which has a radially extending
rim at or near at least one end thereof.</scdesc></subclass><subclass subnum="60" id="C225S060000"><sctitle>Circumferentially movable blade radially retained by beaded
or grooved flanges:</sctitle><parent ref="C225S059000" doc="Class225.sgm">subclass 59</parent><scdesc>Devices wherein the blade is free to move peripherally with
respect to the package but is confined against disassociation therefrom
by engagement with ribs, grooves or beads on the flanges.</scdesc></subclass><subclass subnum="61" id="C225S061000"><sctitle>Blade carrier supports hollow spool for rotation:</sctitle><parent ref="C225S059000" doc="Class225.sgm">subclass 59</parent><scdesc>Devices wherein the spool has an axial through passage or
axial recesses at its ends and the mounting structure engages the
passage or the recesses to permit the spool to rotate on its axis.</scdesc><srchin><srecord><subnum ref="C225S066000" doc="Class225.sgm">66</subnum><descript><para>for work supply packages having a hollow core and
mounted on bearing means engaging within the interior of the core.</para></descript></srecord></srchin></subclass><subclass subnum="62" id="C225S062000"><sctitle>Flange edge notched to provide or coact with cutter:</sctitle><parent ref="C225S059000" doc="Class225.sgm">subclass 59</parent><scdesc>Devices wherein a reentrant portion is provided on the periphery
of the rim, and either this portion itself provides the severing
edge or a separate severing edge is provided adjacent the portion
whereby the work (usually of strand form) may be guided into contact
with the severing edge.</scdesc><srchin><srecord><subnum ref="C225S019000" doc="Class225.sgm">19</subnum><descript><para>for blade edge guards.</para></descript></srecord></srchin></subclass><subclass subnum="63" id="C225S063000"><sctitle>With clamp for lead-end of strand-type work:</sctitle><parent ref="C225S059000" doc="Class225.sgm">subclass 59</parent><scdesc>Devices providing means to grip the free end of work in
strand form, usually to prevent unwanted unwinding of the strand
from the spool.</scdesc><srchout><crecord><classnum ref="C242S000000" doc="Class242.sgm">242</classnum><subref><clstitle>Winding, Tensioning, or Guiding</clstitle><pretext></pretext><subnum range="p" ref="C242S579000" doc="Class242.sgm">579</subnum></subref><descript><para> and 125&plus; for means to attach an end of
an elongated material to a winding take-up.</para></descript></crecord></srchout></subclass><subclass subnum="64" id="C225S064000"><sctitle>Strand clamped against flange:</sctitle><parent ref="C225S063000" doc="Class225.sgm">subclass 63</parent><scdesc>Devices in which the gripping element bears directly on
a flange of the spool so as to grip the strand therebetween.</scdesc></subclass><subclass subnum="65" id="C225S065000"><sctitle>By resiliently engaging package ends or interior of core:</sctitle><parent ref="C225S056000" doc="Class225.sgm">subclass 56</parent><scdesc>Devices in which the blade mounting structure includes means
which resiliently clamps over both ends of the package or within
the package core to hold the blade on the package.</scdesc></subclass><subclass subnum="66" id="C225S066000"><sctitle>Blade carrier supports package for rotation:</sctitle><parent ref="C225S056000" doc="Class225.sgm">subclass 56</parent><scdesc>Devices in which the work is wound on a hollow core and
the mounting structure has means engaged in the core to permit the
package to rotate thereabout.</scdesc><srchin><srecord><subnum ref="C225S061000" doc="Class225.sgm">61</subnum><descript><para>for such devices in which the work supply is wound
on a hollow flanged spool.</para></descript></srecord></srchin></subclass><subclass subnum="67" id="C225S067000"><sctitle>Movable blade continually biased toward wound web supply
package:</sctitle><parent ref="C225S006000" doc="Class225.sgm">subclass 6</parent><scdesc>Devices having means to rotatably support a wound web supply
package and a blade arranged with its edge substantially parallel
to the axis of the supported package so as to be constantly urged
toward the outer decreasing periphery of the package.</scdesc><srchin><srecord><subnum range="p" ref="C225S027000" doc="Class225.sgm">27</subnum><descript><para>for blades biased into contact with a pad or stack
of work pieces.</para></descript></srecord></srchin></subclass><subclass subnum="68" id="C225S068000"><sctitle>Including temporary bias-disabling means:</sctitle><parent ref="C225S067000" doc="Class225.sgm">subclass 67</parent><scdesc>Devices including means for temporarily retaining the blade
out of contact with the supply roll.</scdesc></subclass><subclass subnum="69" id="C225S069000"><sctitle>Including stripper to separate lead-end from package:</sctitle><parent ref="C225S067000" doc="Class225.sgm">subclass 67</parent><scdesc>Devices which include a guide element lying in close contact
with the peripheral surface of the supply roll so as to engage under
and deflect the lead-end edge portion of the work away from the
surface.</scdesc><notes><note1 notenum="(1)"><para>Note. Devices which are manually threaded so as to continuously
deflect the outermost layer of the wound package to form a running
length are not considered to be &ldquo;strippers&rdquo; for
this subclass but are merely guides; see, for example, subclasses
54 and 88.</para></note1></notes><srchin><srecord><subnum ref="C225S024000" doc="Class225.sgm">24</subnum><descript><para>for strippers acting to separate work from a work-moving
surface.</para></descript></srecord><srecord><subnum ref="C225S057000" doc="Class225.sgm">57</subnum><descript><para>for lead-end strippers for tacky-adhesive-coated
work in hand-held wound packages.</para></descript></srecord></srchin></subclass><subclass subnum="70" id="C225S070000"><sctitle>Weight of bodily movable package contributes to blade-biasing
force:</sctitle><parent ref="C225S067000" doc="Class225.sgm">subclass 67</parent><scdesc>Devices wherein the means supporting the supply package
against the force of gravity is able to move under the influence
of gravity on the package and there is a mechanical interconnection
with the means mounting the blade so that a component of the gravitational
force on the package is transmitted to the blade mounting to urge
the blade toward the package.</scdesc></subclass><subclass subnum="71" id="C225S071000"><sctitle>Blade slidably guided:</sctitle><parent ref="C225S067000" doc="Class225.sgm">subclass 67</parent><scdesc>Devices wherein the blade or its supporting structure is
constrained or permitted to follow a pre-determined path of movement
which path is defined by an elongated track or slot or by a relatively
movable rod and sleeve.</scdesc><notes><note1 notenum="(1)"><para>Note. Blades which are mounted to move about a pivot or to
flex about a cantilever type anchorage are excluded from this subclass
and will be found above.</para></note1></notes></subclass><subclass subnum="72" id="C225S072000"><sctitle>Blade movable to severing position by moving work:</sctitle><parent ref="C225S006000" doc="Class225.sgm">subclass 6</parent><scdesc>Devices in which either feed-out motion of the work causes
the claimed blade to move to the location in which (as disclosed)
the severing operation takes place or the work is forced against
a movably mounted blade and such contact moves the blade to the
severing location.</scdesc></subclass><subclass subnum="73" id="C225S073000"><sctitle>With simultaneous application of brake or clamp:</sctitle><parent ref="C225S072000" doc="Class225.sgm">subclass 72</parent><scdesc>Devices in which a braking force is initially applied to
the work or increased at the same time as the blade is moved to
severing position.</scdesc><srchin><srecord><subnum ref="C225S010000" doc="Class225.sgm">10</subnum><descript><para>for devices wherein there is a feed-out of a predetermined
length of work.</para></descript></srecord></srchin><srchout><crecord><classnum ref="C226S000000" doc="Class226.sgm">226</classnum><subref><clstitle>Advancing Material of Indeterminate Length</clstitle><pretext></pretext><subnum range="s" ref="C226S195000" doc="Class226.sgm">195</subnum></subref><descript><para> for devices for placing tension on material of
indeterminate-length, where severing is not claimed.</para></descript></crecord></srchout></subclass><subclass subnum="74" id="C225S074000"><sctitle>Applied to running length work:</sctitle><parent ref="C225S073000" doc="Class225.sgm">subclass 73</parent><scdesc>Devices in which the brake or clamp is applied directly
to the work after it has left the supply package.</scdesc></subclass><subclass subnum="75" id="C225S075000"><sctitle>Opposed movable jaws:</sctitle><parent ref="C225S074000" doc="Class225.sgm">subclass 74</parent><scdesc>Devices in which both jaws of a clamp are moved to grip
the work therebetween.</scdesc></subclass><subclass subnum="76" id="C225S076000"><sctitle>Wound package bodily biased toward fixed blade:</sctitle><parent ref="C225S006000" doc="Class225.sgm">subclass 6</parent><scdesc>Devices in which the blade is immovably attached to a support
and a wound supply package is rotatably mounted on the support with
its axis substantially parallel to the blade edge and is constantly
urged to move toward the blade as the radius of the package is diminished.</scdesc><srchin><srecord><subnum ref="C225S046000" doc="Class225.sgm">46</subnum><descript><para>for housings in which the package is so supported
as to be biased toward the blade by gravity.</para></descript></srecord></srchin></subclass><subclass subnum="77" id="C225S077000"><sctitle>With fixed blade and support for wound package:</sctitle><parent ref="C225S006000" doc="Class225.sgm">subclass 6</parent><scdesc>Devices in which the blade and a wound supply package are
mounted on a common base and the blade is immovable relative to
the base.</scdesc><srchin><srecord><subnum range="p" ref="C225S039000" doc="Class225.sgm">39</subnum><descript><para>for devices where the wound package is supported
in a housing.</para></descript></srecord><srecord><subnum ref="C225S076000" doc="Class225.sgm">76</subnum><descript><para>for devices in which the supply roll is bodily biased
toward the fixed blade.</para></descript></srecord></srchin></subclass><subclass subnum="78" id="C225S078000"><sctitle>Body- or belt-attached:</sctitle><parent ref="C225S077000" doc="Class225.sgm">subclass 77</parent><scdesc>Devices having means for supporting them from the human
body or from a garment or belt worn on the body.</scdesc></subclass><subclass subnum="79" id="C225S079000"><sctitle>With brake applied to supply package:</sctitle><parent ref="C225S077000" doc="Class225.sgm">subclass 77</parent><scdesc>A device in which a friction device directly engages a surface
of the work supply package.</scdesc><srchout><crecord><classnum ref="C226S000000" doc="Class226.sgm">226</classnum><subref><clstitle>Advancing Material of Indeterminate Length</clstitle><pretext></pretext><subnum range="s" ref="C226S195000" doc="Class226.sgm">195</subnum></subref><descript><para> for devices for placing tension on material of
indeterminate-length, where severing is not claimed.</para></descript></crecord></srchout></subclass><subclass subnum="80" id="C225S080000"><sctitle>With guide spaced from blade edge to provide lead-end therebetween:</sctitle><parent ref="C225S077000" doc="Class225.sgm">subclass 77</parent><scdesc>Devices provided with passive means between the supply source
and the blade acting to control or direct the path of movement of
the work and in which there is a gap between the guide and the blade
edge to permit manual grasping of the remaining free end portion
of the work after a severing operation has taken place.</scdesc><srchin><srecord><subnum ref="C225S021000" doc="Class225.sgm">21</subnum><descript><para>for movable blade strippers which act as guides
and provide access to the lead-end.</para></descript></srecord></srchin></subclass><subclass subnum="81" id="C225S081000"><sctitle>With work-abutment stop:</sctitle><parent ref="C225S006000" doc="Class225.sgm">subclass 6</parent><scdesc>Devices provided with an obstacle located in or movable
into the path of movement of the work, as it is brought into severing
position, for engaging an edge of the work and preventing further
movement thereof in at least one direction so as to locate some
portion of the work in a desired position with respect to the blade.</scdesc><srchin><srecord><subnum ref="C225S013000" doc="Class225.sgm">13</subnum><descript><para>for devices having an abutment stop for predetermined
length feed-out of work.</para></descript></srecord></srchin><srchout><crecord><classnum ref="C226S000000" doc="Class226.sgm">226</classnum><subref><clstitle>Advancing Material of Indeterminate Length</clstitle><pretext></pretext><subnum range="p" ref="C226S125000" doc="Class226.sgm">125</subnum></subref><descript><para> for work abutments where severing is not claimed.</para></descript></crecord></srchout></subclass><subclass subnum="82" id="C225S082000"><sctitle>With brake or clamp:</sctitle><parent ref="C225S006000" doc="Class225.sgm">subclass 6</parent><scdesc>Devices including a brake or clamp as defined in the Definition
of Terms.</scdesc><srchin><srecord><subnum range="p" ref="C225S051000" doc="Class225.sgm">51</subnum><descript><para>for a brake or tensioner combined with a housing
for the work supply.</para></descript></srecord><srecord><subnum range="p" ref="C225S067000" doc="Class225.sgm">67</subnum><descript><para>for devices in which the blade or holder is biased
toward the supply package and carries a brake or tensioner acting
directly on the package.</para></descript></srecord><srecord><subnum ref="C225S079000" doc="Class225.sgm">79</subnum><descript><para>for devices having a fixed blade and a support for
a wound package combined with a brake applied to the package.</para></descript></srecord><srecord><subnum range="p" ref="C225S085000" doc="Class225.sgm">85</subnum><descript><para>for devices in which the brake is spaced from the
blade in order to provide a lead-end therebetween.</para></descript></srecord></srchin><srchout><crecord><classnum ref="C226S000000" doc="Class226.sgm">226</classnum><subref><clstitle>Advancing Material of Indeterminate Length</clstitle><pretext></pretext></subref><descript><para>appropriate subclasses for methods of, and apparatus
for, feeding material without utilizing the leading or trailing
ends to effect movement of the material.</para></descript></crecord></srchout></subclass><subclass subnum="83" id="C225S083000"><sctitle>Thread cutter and clamp attachment for sewing machine presser
foot:</sctitle><parent ref="C225S082000" doc="Class225.sgm">subclass 82</parent><scdesc>Devices which, as disclosed, are adapted to be mounted on
the presser foot of a sewing machine.</scdesc></subclass><subclass subnum="84" id="C225S084000"><sctitle>Applied to running length work:</sctitle><parent ref="C225S082000" doc="Class225.sgm">subclass 82</parent><scdesc>Devices in which the brake or clamp is applied directly
to the work after it has left the supply package.</scdesc><srchin><srecord><subnum ref="C225S052000" doc="Class225.sgm">52</subnum><descript><para>for housings having a restricted or restrictable
outlet for braking or tensioning the running work.</para></descript></srecord><srecord><subnum ref="C225S055000" doc="Class225.sgm">55</subnum><descript><para>for blade carriers bodily and slidably supported
on running length work and including a brake or clamp.</para></descript></srecord><srecord><subnum range="p" ref="C225S063000" doc="Class225.sgm">63</subnum><descript><para>for strand clamps associated with blades mounted
on hand-held wound spools.</para></descript></srecord><srecord><subnum ref="C225S074000" doc="Class225.sgm">74</subnum><descript><para>for brakes continuously applied to running work
in which the braking action is increased when the blade is moved
to severing position.</para></descript></srecord></srchin></subclass><subclass subnum="85" id="C225S085000"><sctitle>Spaced from blade edge to provide lead-end therebetween:</sctitle><parent ref="C225S084000" doc="Class225.sgm">subclass 84</parent><scdesc>Devices in which there is a gap between the brake and the
blade edge to provide for manual grasping of the remaining free
end portion of the work after a severing operation has taken place.</scdesc><srchin><srecord><subnum ref="C225S063000" doc="Class225.sgm">63</subnum><descript><para>for strand-holding spools having a severing device
mounted thereon which includes a clamp for the free-end of the strand
almost always spaced from the cutting edge to provide a readily
grasped lead-end.</para></descript></srecord></srchin></subclass><subclass subnum="86" id="C225S086000"><sctitle>Blade manually movable to expose lead-end:</sctitle><parent ref="C225S085000" doc="Class225.sgm">subclass 85</parent><scdesc>Devices in which the blade is moved by hand from its severing
position in order to make the free-end of the work accessible for
grasping.</scdesc></subclass><subclass subnum="87" id="C225S087000"><sctitle>Manually applied, spring returned:</sctitle><parent ref="C225S082000" doc="Class225.sgm">subclass 82</parent><scdesc>Devices in which the brake or clamp is spring-biased away
from its operative position and is brought to operative position
by hand pressure.</scdesc></subclass><subclass subnum="88" id="C225S088000"><sctitle>With guide for running length work:</sctitle><parent ref="C225S006000" doc="Class225.sgm">subclass 6</parent><scdesc>Devices provided with passive means located between the
supply source and the blade edge and acting to control or direct
the path of movement of moving work.</scdesc><notes><note1 notenum="(1)"><para>Note. Many brakes, etc., having a guiding function.</para></note1></notes><srchin><srecord><subnum ref="C225S054000" doc="Class225.sgm">54</subnum><descript><para>for housings having internal guides.</para></descript></srecord><srecord><subnum ref="C225S055000" doc="Class225.sgm">55</subnum><descript><para>for blade carriers bodily and slidably supported
on running length work and including a guide for the work.</para></descript></srecord><srecord><subnum ref="C225S080000" doc="Class225.sgm">80</subnum><descript><para>for devices in which the guide is spaced from the
blade in order to provide a lead-end therebetween.</para></descript></srecord><srecord><subnum range="p" ref="C225S082000" doc="Class225.sgm">82</subnum><descript><para>for brakes, etc., which may also have a guiding
function.</para></descript></srecord></srchin></subclass><subclass subnum="89" id="C225S089000"><sctitle>Blade manually movable to or from severing position:</sctitle><parent ref="C225S006000" doc="Class225.sgm">subclass 6</parent><scdesc>Devices in which the blade is engaged by hand and moved
toward or away from the position in which it serves its severing
function.</scdesc><notes><note1 notenum="(1)"><para>Note. The blade may, for example, be movable to facilitate
threading work through the device, or to permit grasping the work
at the severing zone, or to store the blade in a nonuse position;
or it may be selectively adjustable to a plurality of severing positions.</para></note1></notes><srchin><srecord><subnum ref="C225S030000" doc="Class225.sgm">30</subnum><descript><para>for a notcher device slidable on a severing edge.</para></descript></srecord><srecord><subnum ref="C225S036000" doc="Class225.sgm">36</subnum><descript><para>for a single movable blade which may be manually
moved to be adjacent to any selected one of a plurality of work supplies.</para></descript></srecord><srecord><subnum ref="C225S043000" doc="Class225.sgm">43</subnum><descript><para>for blades mounted on pivoted closures for supply
package housings.</para></descript></srecord><srecord><subnum ref="C225S068000" doc="Class225.sgm">68</subnum><descript><para>for blades continually biased toward wound web supply
packages with a latch for the blade when manually moved to inoperative
position.</para></descript></srecord><srecord><subnum ref="C225S072000" doc="Class225.sgm">72</subnum><descript><para>for devices in which the blade is moved to severing
position by the moving work, which work itself may be moved by hand.</para></descript></srecord><srecord><subnum ref="C225S086000" doc="Class225.sgm">86</subnum><descript><para>for devices wherein the blade is moved by hand to
gain access to the lead-end of the work, there being a claimed brake
applied to the running work for immobilizing the work so that blade
movement will expose the lead-end of work.</para></descript></srecord><srecord><subnum ref="C225S087000" doc="Class225.sgm">87</subnum><descript><para>for devices in which the brake and blade are integral
and spring biased away from operative position.</para></descript></srecord></srchin></subclass><subclass subnum="90" id="C225S090000"><sctitle>With means to facilitate lead-end grasping:</sctitle><parent ref="C225S006000" doc="Class225.sgm">subclass 6</parent><scdesc>Devices in which means is provided which permits or assists
the operator to grip the remaining cut end portion of the work after
a severing operation for pulling the work past the blade edge for
the next severing operation.</scdesc><srchin><srecord><subnum ref="C225S014000" doc="Class225.sgm">14</subnum><descript><para>for predetermined length feed-out stops for manually
pulled work including means to aid initial grasping of lead-end.</para></descript></srecord><srecord><subnum ref="C225S015000" doc="Class225.sgm">15</subnum><descript><para>for devices which feed-out a predetermined length
of work merely to provide a lead-end for grasping.</para></descript></srecord><srecord><subnum ref="C225S026000" doc="Class225.sgm">26</subnum><descript><para>for stationary paster surfaces having a finger access
opening to facilitate grasping the lead-end.</para></descript></srecord><srecord><subnum ref="C225S053000" doc="Class225.sgm">53</subnum><descript><para>for supply package housings having a finger access
opening to facilitate work feed-out.</para></descript></srecord><srecord><subnum ref="C225S069000" doc="Class225.sgm">69</subnum><descript><para>for movable blades continually biased toward the
supply package and including means to separate the lead-end from
the package.</para></descript></srecord><srecord><subnum range="p" ref="C225S072000" doc="Class225.sgm">72</subnum><descript><para>for blades which are movable to the severing position
by the moving work, and in which the return movement of the blade
makes the lead-end accessible for grasping.</para></descript></srecord><srecord><subnum range="p" ref="C225S085000" doc="Class225.sgm">85</subnum><descript><para>for devices in which the blade is spaced from a
brake to provide a lead-end therebetween, including movable blades
to facilitate grasping the lead-end.</para></descript></srecord><srecord><subnum range="p" ref="C225S088000" doc="Class225.sgm">88</subnum><descript><para>for guides which have means or are otherwise arranged
to facilitate lead-end grasping.</para></descript></srecord><srecord><subnum ref="C225S089000" doc="Class225.sgm">89</subnum><descript><para>for blades manually movable to gain access to the
work at the severing zone.</para></descript></srecord></srchin></subclass><subclass subnum="91" id="C225S091000"><sctitle>Blades or severing devices:</sctitle><parent ref="C225S006000" doc="Class225.sgm">subclass 6</parent><scdesc>Edged severing devices, per se, disclosed (a) as implements
which are manually placed and held on the surface of work, (b) as
elements to be mounted on supports or housings for work supplies
or (c) in combination with supports for individual work pieces.</scdesc><notes><note1 notenum="(1)"><para>Note. Devices claiming the sub-combination of a blade and
its mounting or support means have been classified in appropriate
subclasses above, based on their disclosed relationship with other elements
or their mode of operation.</para></note1></notes><srchin><srecord><subnum ref="C225S043000" doc="Class225.sgm">43</subnum><descript><para>for blade on pivoted container closure.</para></descript></srecord><srecord><subnum ref="C225S049000" doc="Class225.sgm">49</subnum><descript><para>for blade unitary with single blank container.</para></descript></srecord></srchin></subclass><subclass subnum="92" id="C225S092000"><sctitle>Adjustable blade-edge contour:</sctitle><parent ref="C225S091000" doc="Class225.sgm">subclass 91</parent><scdesc>Devices in which the configuration of the severing edge
of the blade may be changed by rearrangement of relatively movable
parts thereof.</scdesc><srchin><srecord><subnum range="p" ref="C225S029000" doc="Class225.sgm">29</subnum><descript><para>for pad or stack holders having changeable-edge-contour
blades.</para></descript></srecord></srchin></subclass><subclass subnum="93" id="C225S093000"><sctitle>BREAKING OR TEARING APPARATUS:</sctitle><parent ref="C225S000000" doc="Class225.sgm">the class definition</parent><scdesc>Devices under  the ...  for Breaking or Tearing.</scdesc><notes><note1 notenum="(1)"><para>Note. This subclass is the residual or miscellaneous repository
for devices coming within  the class definition for Breaking or
Tearing but not classifiable in any of the subclasses indented hereunder.</para></note1></notes><srchout><crecord><classnum ref="C081S000000" doc="Class081.sgm">81</classnum><subref><clstitle>Tools</clstitle><pretext></pretext><subnum range="s" ref="C081S003000" doc="Class081.sgm">3</subnum></subref><descript><para> for implements which cause rupture of work by repeated
bending.</para></descript></crecord><crecord><classnum ref="C164S000000" doc="Class164.sgm">164</classnum><subref><clstitle>Metal Founding</clstitle><pretext></pretext><subnum range="s" ref="C164S263000" doc="Class164.sgm">263</subnum></subref><descript><para> for continuous casting and breaking apparatus.</para></descript></crecord></srchout></subclass><subclass subnum="93.5" id="C225S093500"><sctitle>Including means to apply thermal shock to work:</sctitle><parent ref="C225S093000" doc="Class225.sgm">subclass 93</parent><scdesc>Device which includes means to perform the operation of
this class by abruptly changing the temperature of a portion of
the work.</scdesc><notes><note1 notenum="(1)"><para>Note. Device herein breaks the work, at least in part, by
causing internal stresses to be built up within the workpiece along the
line at which severance is to occur.</para></note1><note1 notenum="(2)"><para>Note. Many of the devices herein sever very brittle material
such as glass.</para></note1></notes></subclass><subclass subnum="94" id="C225S094000"><sctitle>Combined with preliminary weakener or with nonbreaking
cutter:</sctitle><parent ref="C225S093000" doc="Class225.sgm">subclass 93</parent><scdesc>Devices which include a tool which partially or completely
severs so separates by an operation which is not a breaking operation.</scdesc><srchin><srecord><subnum ref="C225S007000" doc="Class225.sgm">7</subnum><descript><para>for devices in which the nonbreaking cutter is a
fixed edge against which the work is manually forced.</para></descript></srecord></srchin></subclass><subclass subnum="95" id="C225S095000"><sctitle>Successively actuated sharp and dull tools:</sctitle><parent ref="C225S094000" doc="Class225.sgm">subclass 94</parent><scdesc>Devices comprising two tools, one being keen-edged and one
being relatively blunt, and mechanism to (1) initially engage the
work with the keen-edged tool to start a cut along a line of separation,
(2) remove the keen-edged tool and move the blunt tool into the
cut, and (3) cause the relative movement of the blunt tool and work
to finish the separation.</scdesc></subclass><subclass subnum="96" id="C225S096000"><sctitle>Preliminary weakener:</sctitle><parent ref="C225S094000" doc="Class225.sgm">subclass 94</parent><scdesc>Devices in which a nonbreaking tool partially separates
the product from the work, as by perforating or scoring, or otherwise
provides a line of lesser strength, which line intersects or coincides
with a line of separation effected by the breaking means.</scdesc><notes><note1 notenum="(1)"><para>Note. The preliminary weakener may be of a type not classified,
per se, in this class; as for example, a cutting torch, a milling
tool or a scoring device. Such tools in combination with a breaking device
have been classified here because such other tool has been considered
to effect a necessary or desirable preparation of the work for the
breaking operation.</para></note1></notes><srchin><srecord><subnum ref="C225S002000" doc="Class225.sgm">2</subnum><descript><para>for corresponding methods.</para></descript></srecord><srecord><subnum ref="C225S095000" doc="Class225.sgm">95</subnum><descript><para>for devices which initially contact the work with
a sharp tool to begin a line of separation and complete a severance
by a dull tool, which dull tool may be a breaking tool.</para></descript></srecord></srchin></subclass><subclass subnum="96.5" id="C225S096500"><sctitle>With means to apply moment of force to weakened work:</sctitle><parent ref="C225S096000" doc="Class225.sgm">subclass 96</parent><scdesc>Devices wherein the breaking means includes means to apply
pressure to a workpiece in a zone offset from a line of separation
in order to rotate one portion of the workpiece with respect to
another about the said line.</scdesc><notes><note1 notenum="(1)"><para>Note. Included herein are patents to apparatus for scoring
and breaking glass.</para></note1></notes><srchout><crecord><classnum ref="C083S000000" doc="Class083.sgm">83</classnum><subref><clstitle>Cutting</clstitle><pretext></pretext><subnum range="p" ref="C083S879000" doc="Class083.sgm">879</subnum></subref><descript><para> for machines for, and processes of scoring material.
See the collection of &ldquo;Search Notes&rdquo; under subclass
879 for other classes providing for scoring of material.</para></descript></crecord></srchout></subclass><subclass subnum="97" id="C225S097000"><sctitle>Plural breakers:</sctitle><parent ref="C225S093000" doc="Class225.sgm">subclass 93</parent><scdesc>Devices which include more than one breaking or tearing
tool.</scdesc><notes><note1 notenum="(1)"><para>Note. The patents collected here have either (a) plural tools
which contact separate parts of the work to break the work in a
plurality of places, or (b) plural tools which break the work on
the same line of separation in a series of operations.</para></note1></notes></subclass><subclass subnum="98" id="C225S098000"><sctitle>Conveyer diverter for moving work:</sctitle><parent ref="C225S093000" doc="Class225.sgm">subclass 93</parent><scdesc>Devices in which the work is continuously fed to the breaking
means, which means changes the direction of work movement and thereby effects
separation.</scdesc><notes><note1 notenum="(1)"><para>Note. The work is usually weakened, as by scoring, transverse
to the direction of feed, and the separation is effected along these
weakened lines.</para></note1></notes></subclass><subclass subnum="99" id="C225S099000"><sctitle>Plural divergent work paths:</sctitle><parent ref="C225S098000" doc="Class225.sgm">subclass 98</parent><scdesc>Devices which include means to direct different parts of
the moving work in different directions to thereby break or tear
the work at the point where the direction changes.</scdesc></subclass><subclass subnum="100" id="C225S100000"><sctitle>Work-parting pullers (bursters):</sctitle><parent ref="C225S093000" doc="Class225.sgm">subclass 93</parent><scdesc>Devices in which means are provided to grip the work on
opposite sides of the portion which is to be severed, comprising
two sets of gripping elements; and in which each set of elements
is caused to impart movement to the work in a different direction
or at a different speed than the movement imparted to the work by
the other set of elements, so as to stress the work beyond its yield
point and thereby sever it between said two sets of elements.</scdesc><notes><note1 notenum="(1)"><para>Note. Included in this subclass are patents wherein the work
is moved in a single direction by a plurality of feed roll pairs,
which pairs are driven at different speeds to stress the work between
the pairs of rolls.</para></note1></notes><srchout><crecord><classnum ref="C072S000000" doc="Class072.sgm">72</classnum><subref><clstitle>Metal Deforming</clstitle><pretext></pretext><subnum range="s" ref="C072S205000" doc="Class072.sgm">205</subnum></subref><descript><para> for a rolling-mill which includes means to tension
the work, subclasses 274&plus; for a drawing apparatus which
pulls work through a die, subclass 302 for the stretching of work
between and by means to end clamps, subclass 392 for means to stretch
work by relatively receding work-engaging tool faces, and subclass
395 for means to stretch flat work by using paired coplanar tool-faces
engaging the work face and moving in opposite directions.</para></descript></crecord><crecord><classnum ref="C073S000000" doc="Class073.sgm">73</classnum><subref><clstitle>Measuring and Testing</clstitle><pretext></pretext><subnum range="p" ref="C073S826000" doc="Class073.sgm">826</subnum></subref><descript><para> and 856&plus; for gripping devices for determining
tensile strength of material.</para></descript></crecord></srchout></subclass><subclass subnum="101" id="C225S101000"><sctitle>Relatively movable clamps:</sctitle><parent ref="C225S100000" doc="Class225.sgm">subclass 100</parent><scdesc>Devices wherein each set of gripping elements comprises
a pair of closable jaws.</scdesc><srchout><crecord><classnum ref="C024S000000" doc="Class024.sgm">24</classnum><subref><clstitle>Buckles, Buttons, Clasps</clstitle><pretext></pretext></subref><descript><para>etc., appropriate subclasses for a single clamp disclosed
for use in breaking or tearing.</para></descript></crecord></srchout></subclass><subclass subnum="102" id="C225S102000"><sctitle>Axial twisters:</sctitle><parent ref="C225S093000" doc="Class225.sgm">subclass 93</parent><scdesc>Devices which have means for holding immobile a portion
of the work and rotating an adjacent portion about a generally longitudinal
axis of the work to effect severing by a torsional force.</scdesc><srchout><crecord><classnum ref="C083S000000" doc="Class083.sgm">83</classnum><subref><clstitle>Cutting</clstitle><pretext></pretext><subnum range="s" ref="C083S199000" doc="Class083.sgm">199</subnum></subref><descript><para> for similar devices which sever by applying a rotary
shearing force to the work.</para></descript></crecord></srchout></subclass><subclass subnum="103" id="C225S103000"><sctitle>Movable breaking tool:</sctitle><parent ref="C225S093000" doc="Class225.sgm">subclass 93</parent><scdesc>Devices which include a work contacting tool which applies
stress to the work at the desired line of severance, as by bending
the work about such line, and means to move the tool into contact
with the work, either at such line or remote therefrom.</scdesc><srchout><crecord><classnum ref="C144S000000" doc="Class144.sgm">144</classnum><subref><clstitle>Woodworking</clstitle><pretext></pretext><subnum range="p" ref="C144S193100" doc="Class144.sgm">193.1</subnum></subref><descript><para> for a device for splitting wood by means of a wedge.</para></descript></crecord></srchout></subclass><subclass subnum="104" id="C225S104000"><sctitle>Breaking tool intermediate spaced work supports:</sctitle><parent ref="C225S103000" doc="Class225.sgm">subclass 103</parent><scdesc>Devices which include two rests with an interval therebetween,
against which rests the work is placed, and in which the tool is
moved to contact the work between the said rests.</scdesc></subclass><subclass subnum="105" id="C225S105000"><sctitle>Clamping supports:</sctitle><parent ref="C225S104000" doc="Class225.sgm">subclass 104</parent><scdesc>Devices in which the spaced supports are provided with means
to grip and hold the work while the tool is contacting the work.</scdesc></subclass><subclass subnum="106" id="C225S106000"><sctitle>Web restrainer:</sctitle><parent ref="C225S093000" doc="Class225.sgm">subclass 93</parent><scdesc>Devices wherein there is provided a device which contacts
a portion of the work to (a) prevent movement of the contacted portion
or (b) constrains the work for movement in a particular path, so
that when the work is pulled a stress will be created which will
effect a severance of the work at a weakened portion.</scdesc><srchin><srecord><subnum range="p" ref="C225S100000" doc="Class225.sgm">100</subnum><descript><para>for devices to restrain a portion of a web and pull
another portion of the web to break or tear the web between the
restrained and pulled portions.</para></descript></srecord></srchin><srchout><crecord><classnum ref="C226S000000" doc="Class226.sgm">226</classnum><subref><clstitle>Advancing Material of Indeterminate Length</clstitle><pretext></pretext><subnum range="s" ref="C226S195000" doc="Class226.sgm">195</subnum></subref><descript><para> for means to place tension on material of indeterminate-length,
where severing is not claimed.</para></descript></crecord><crecord><classnum ref="C242S000000" doc="Class242.sgm">242</classnum><subref><clstitle>Winding, Tensioning, or Guiding</clstitle><pretext></pretext><subnum range="p" ref="C242S410000" doc="Class242.sgm">410</subnum></subref><descript><para> for means; e.g., a brake, to apply tension to an
elongated material.</para></descript></crecord></srchout></subclass></sclasses>
</class>
