<?xml version="1.0" encoding="UTF-8"?>
<!DOCTYPE class PUBLIC "-//USPTO//DTD Classification Definitions//EN" "xclassdef.dtd" [

<!-- Begin Document Specific Declarations -->

<!-- End Document Specific Declarations -->

]>
<?xml-stylesheet href="classdef.xsl" type="text/XSL"?>

<class classnum = "142" id = "C142S000000"><title>WOOD TURNING</title>
<sections><descsect>
<para>Wood-turning includes inventions for reducing sticks of wood
to a desired form by means of rotary or non-rotary cutters brought
into engagement with the circumference of the continuously-rotating
stick or by means of rotary or non-rotary cutters revolving circumferentially
around and in engagement with the stick or that portion of the stick
to be reduced.</para>
<para>Wood-turning also includes machines provided with work-holders
which hold several sticks arranged axially in or near the circumference
thereof to form a cylinder of such sticks to be operated upon by
the cutter as though it were a single stick.  These machines are
for producing sticks of polygonal section by turning the sticks
in the work-holder to successively present new surfaces to the cutter.</para>
</descsect>
<linesect>
<para>In this class of machines rotating saw-cutters which engage
with the sticks while secured in the lathe-chuck or between the
centers are regarded as a species of rotary cutters and are not
clasified with saws in Class 83, Cutting.</para>
<para>Wood-turning does not include machines comprising a relatively-rotating
cutter and table or support upon which blocks or segmental strips
of wood are so secured that they may be brought into engagement
with the cutter which stands transversely to the sticks and feeds
longitudinally thereof.  See the Search Note to Class 144 below
for the locus of such machine intended to shape wood. </para>
</linesect>
<scsect>
<srchout>
<crecord><classnum ref = "C082S000000" doc = "Class082.sgm">82</classnum>
<subref><clstitle>Turning</clstitle>
<pretext></pretext></subref>
<descript><para>for pertinent subclass(es) as determined by schedule
review.</para></descript></crecord>
<crecord><classnum ref = "C144S000000" doc = "Class144.sgm">144</classnum>
<subref><clstitle>Woodworking</clstitle>
<pretext></pretext>
<subnum range = "p" ref = "C144S134100" doc = "Class144.sgm">134.1</subnum></subref>
<descript><para> for shaping of wood.</para></descript></crecord>
<crecord><classnum ref = "C408S000000" doc = "Class408.sgm">408</classnum>
<subref><clstitle>Cutting by Use of Rotating Axially Moving Tool</clstitle>
<pretext></pretext></subref>
<descript><para>for cutting of that class type.  The cutting of
rotating wood, including boring and drilling, is to be found in
this class (142).</para></descript></crecord>
<crecord><classnum ref = "C483S000000" doc = "Class483.sgm">483</classnum>
<subref><clstitle>Tool Changing</clstitle>
<pretext></pretext>
<subnum range = "p" ref = "C483S017000" doc = "Class483.sgm">17</subnum></subref>
<descript><para> for a rotating work machine tool combined with
a tool transfer means. </para></descript></crecord></srchout>
</scsect></sections>
<sclasses>
<subclass subnum = "1" id = "C142S001000">
<scdesc>Wood-turning machines which comprise features of construction
not elsewhere specifically classified.</scdesc>
<srchout>
<crecord><classnum ref = "C144S000000" doc = "Class144.sgm">144</classnum>
<subref><clstitle>Woodworking</clstitle>
<pretext></pretext>
<subnum range = "s" ref = "C144S047000" doc = "Class144.sgm">47</subnum></subref>
<descript><para> for a combined machine for turning and polishing
and subclass 48 for a combined machine for turning and sawing.</para></descript></crecord></srchout></subclass>
<subclass subnum = "2" id = "C142S002000">
<scdesc>Machines comprising a cutter and work-holders adapted to
secure several sticks together in the form of a hollow cylinder
to be rotated in contact with the cutter.  After the cylinder has been
reduced by the cutter the sticks are turned upon their axes in the
work-holder and the cylinder again submitted to the action of the
cutter.  This operation is continued until as many sides have been
produced upon the sticks as desired.</scdesc>
<srchout>
<crecord><classnum ref = "C144S000000" doc = "Class144.sgm">144</classnum>
<subref><clstitle>Woodworking</clstitle>
<pretext></pretext>
<subnum range = "s" ref = "C144S138000" doc = "Class144.sgm">138</subnum></subref>
<descript><para> for a wood shaping machine which uses a pattern
to generate a polygonal form as a workpiece is indexed.</para></descript></crecord></srchout></subclass>
<subclass subnum = "3" id = "C142S003000">
<scdesc>Machines for reducing sticks to other than a circular cross-section,
comprising a plurality of turning spindles whereby several sticks
are simultaneously under different stages of completion.  The stock
may be supplied to the spindles successively or simultaneously.</scdesc></subclass>
<subclass subnum = "4" id = "C142S004000">
<scdesc>Machines comprising a plurality of turning spindles whereby
several sticks are simultaneously under different stages of completion.
 The stock may be supplied to the spindles successively or simultaneously.</scdesc></subclass>
<subclass subnum = "5" id = "C142S005000">
<scdesc>Many-spindle lathes which comprise mechanism for separating
the pairs of spindles to facilitate the removal of finished sticks
and the supply of new stock and mechanism for causing the spindles
of each pair to approach each other to engage the new stock.</scdesc></subclass>
<subclass subnum = "6" id = "C142S006000">
<scdesc>Machines for reducing a stick to other than a circular cross-section,
wherein the cutter is given a simultaneous longitudinal and transverse
movement relative to the axis of the stick, the transverse movement
of the cutter being controlled by a rotary cam.</scdesc></subclass>
<subclass subnum = "7" id = "C142S007000">
<scdesc>Machines for reducing a stick to other than a circular cross-section,
wherein the cutter is made to advance toward or recede from the axis
of the stick by means of a rotating pattern-guide.  Simultaneously
with its transverse movements the cutter is given a movement lengthwise
of the stick.</scdesc>
<srchin>
<srecord><subnum ref = "C142S003000" doc = "Class142.sgm">3</subnum>
<descript><para></para></descript></srecord></srchin></subclass>
<subclass subnum = "8" id = "C142S008000">
<scdesc>Machines for reducing a stick to other than a circular cross-section
by means of a chisel-cutter which is caused to move longitudinally
and around the clamped stick and is controlled in its movement toward
or from the axis of the stick by a pattern-guide.</scdesc></subclass>
<subclass subnum = "9" id = "C142S009000">
<scdesc>Machines for reducing a stick to other than a circular cross-section
by means of rotary cutters having their bearings carried in movable supports,
the supports being controlled in their movements by mechanism other
than a cam or pattern-guide.</scdesc></subclass>
<subclass subnum = "10" id = "C142S010000">
<scdesc>Machines for reducing a stick to other than a circular cross-section,
wherein a pattern-cutter rotates in fixed bearings and the rotating
stick is caused to approach or recede from the cutter by means of
a cam carried by the spindle.</scdesc>
<srchin>
<srecord><subnum ref = "C142S003000" doc = "Class142.sgm">3</subnum>
<descript><para></para></descript></srecord></srchin></subclass>
<subclass subnum = "11" id = "C142S011000">
<scdesc>Machines for reducing a stick to other than a circular cross-section,
wherein the rotary cutter is mounted in fixed bearings and the stick
is caused to move endwise and at the same time transversely of its
axis toward and from the cutter by means of a rotating pattern-guide.</scdesc>
<srchout>
<crecord><classnum ref = "C072S000000" doc = "Class072.sgm">72</classnum>
<subref><clstitle>Metal Deforming</clstitle>
<pretext></pretext>
<subnum range = "s" ref = "C072S081000" doc = "Class072.sgm">81</subnum></subref>
<descript><para> for a &ldquo;pattern&rdquo; controlled metal
spinning machine.</para></descript></crecord>
<crecord><classnum ref = "C082S000000" doc = "Class082.sgm">82</classnum>
<subref><clstitle>Turning</clstitle>
<pretext></pretext>
<subnum range = "s" ref = "C082S165000" doc = "Class082.sgm">165</subnum></subref>
<descript><para> for pattern controlled machine lathes.</para></descript></crecord>
<crecord><classnum ref = "C409S000000" doc = "Class409.sgm">409</classnum>
<subref><clstitle>Gear Cutting, Milling, or Planing</clstitle>
<pretext></pretext>
<subnum range = "p" ref = "C409S085000" doc = "Class409.sgm">85</subnum></subref>
<descript><para> for a pattern controlled milling machine.</para></descript></crecord>
<crecord><classnum ref = "C451S000000" doc = "Class451.sgm">451</classnum>
<subref><clstitle>Abrading</clstitle>
<pretext></pretext>
<subnum range = "p" ref = "C451S001000" doc = "Class451.sgm">1</subnum></subref>
<descript><para> for a pattern controlled automatic abrading machine.</para></descript></crecord></srchout></subclass>
<subclass subnum = "12" id = "C142S012000">
<scdesc>Machines for reducing a stick to other than a circular cross-section,
wherein the cutter moves transversely to the axis of the rotating stick
and is guided toward and from such axis by a rotary cam.  While
being operated upon by the cutter the stick moves longitudinally.</scdesc></subclass>
<subclass subnum = "13" id = "C142S013000">
<scdesc>Machines for reducing a stick to other than a circular cross-section,
wherein the cutter is made to advance toward or recede from the axis
of the stick by means of a rotating pattern-guide and the stick
is carried endwise past the cutter.</scdesc></subclass>
<subclass subnum = "14" id = "C142S014000">
<scdesc>Machines for reducing a stick to other than a circular cross-section,
wherein the cutter moves longitudinally of the stick and the stick is
given a simultaneous transverse movement by means of a rotary cam.</scdesc></subclass>
<subclass subnum = "15" id = "C142S015000">
<scdesc>Machines for reducing a stick to other than a circular cross-section,
wherein the cutter moves longitudinally along the stick and the axis
of the stick is caused to approach or recede from the cutter by
means of a rotating pattern-guide.</scdesc></subclass>
<subclass subnum = "16" id = "C142S016000">
<scdesc>Mechanisms for guiding work-holding chucks in elliptical
or oval paths.</scdesc></subclass>
<subclass subnum = "17" id = "C142S017000">
<scdesc>Turning-lathes which comprise mechanism for periodically
separating and drawing togther the spindles, whereby they release
the finished material and engage the new stock to be turned.</scdesc>
<srchout>
<crecord><classnum ref = "C082S000000" doc = "Class082.sgm">82</classnum>
<subref><clstitle>Turning</clstitle>
<pretext></pretext>
<subnum range = "p" ref = "C082S165000" doc = "Class082.sgm">165</subnum></subref>
<descript><para> for work drivers in metal turning machines to form
elliptically shaped work.</para></descript></crecord></srchout></subclass>
<subclass subnum = "18" id = "C142S018000">
<scdesc>Automatic spindle-lathes in which the stock is fed to the
spindles by endless conveyer.</scdesc>
<srchin>
<srecord><subnum ref = "C142S005000" doc = "Class142.sgm">5</subnum>
<descript><para></para></descript></srecord></srchin></subclass>
<subclass subnum = "19" id = "C142S019000">
<scdesc>Automatic spindle-lathes in which the stock is fed to the
spindles by a rotating disk having conveying notches or pockets
in its periphery.</scdesc></subclass>
<subclass subnum = "20" id = "C142S020000">
<scdesc>Automatic spindle-lathes in which the stock is fed to the
spindles through a chute or over a table or platform.</scdesc>
<srchin>
<srecord><subnum ref = "C142S004000" doc = "Class142.sgm">4</subnum>
<descript><para></para></descript></srecord></srchin>
<srchout>
<crecord><classnum ref = "C144S000000" doc = "Class144.sgm">144</classnum>
<subref><clstitle>Woodworking</clstitle>
<pretext></pretext>
<subnum range = "p" ref = "C144S245100" doc = "Class144.sgm">245.1</subnum></subref>
<descript><para> for a blank feeder for a feeder or presser.</para></descript></crecord></srchout></subclass>
<subclass subnum = "21" id = "C142S021000">
<scdesc>Wood-turning machines for reducing a stick to a circular
section by means of two chisel-cutters, one of which rough-cuts
the stick to approximate its finished shape and comprises a plain
cutter guided toward and from the axis of the stick by a pattern.
The other is a pattern-cutter which makes a thin smoothing or finishing
cut.</scdesc></subclass>
<subclass subnum = "22" id = "C142S022000">
<scdesc>Wood-turning machines for reducing a stick to a circular
section by means of two cutters having pattern-cutting edges, one
of which cutters is rotary and the other is a chisel.  The rotary cutter
rough-cuts the stick to approximate its finished form and the chisel
makes a thin finishing cut.</scdesc></subclass>
<subclass subnum = "23" id = "C142S023000">
<scdesc>Machines for reducing a stick to a circular section having
a spiral groove in its circumference by passing the stock axially
through a rotary hollow cutter-head having a chisel-cutter projecting
through its circumference toward the axis of the stick.</scdesc></subclass>
<subclass subnum = "24" id = "C142S024000">
<scdesc>Machines for reducing a stick to a circular section and
producing a spiral groove in its circumference by means of a rotary
cutter which is guided to move toward and from the axis of the stick
by a relatively-moving pattern.</scdesc>
<srchout>
<crecord><classnum ref = "C409S000000" doc = "Class409.sgm">409</classnum>
<subref><clstitle>Gear Cutting, Milling, or Planing</clstitle>
<pretext></pretext>
<subnum range = "p" ref = "C409S067000" doc = "Class409.sgm">67</subnum></subref>
<descript><para> for a machine for milling a thread or helix, which
machine is provided with a pattern control mechanism.</para></descript></crecord></srchout></subclass>
<subclass subnum = "25" id = "C142S025000">
<scdesc>Machines for reducing a stick to a circular section and
producing a spiral groove in its circumference by means of a rotary
cutter.  The stick is controlled in its movements by a rotating
hollow mandrel.</scdesc></subclass>
<subclass subnum = "26" id = "C142S026000">
<scdesc>Machines for reducing a stick to a circular section and
producing a spiral groove in its circumference by means of a rotary
cutter.</scdesc>
<srchout>
<crecord><classnum ref = "C409S000000" doc = "Class409.sgm">409</classnum>
<subref><clstitle>Gear Cutting, Milling, or Planing</clstitle>
<pretext></pretext>
<subnum range = "p" ref = "C409S065000" doc = "Class409.sgm">65</subnum></subref>
<descript><para> for a machine for cutting a thread or helix by
milling.</para></descript></crecord></srchout></subclass>
<subclass subnum = "27" id = "C142S027000">
<scdesc>Machines for reducing a stick to a circular section by a
hollow cutter-head, in which the chisel-cutter is made to reciprocate
through the side of the cylinder of the cutter-head and is guided
to approach or recede from the axis of the stick by a pattern.</scdesc></subclass>
<subclass subnum = "28" id = "C142S028000">
<scdesc>Machines for reducing a stick to a circular section by a
hollow cutter-head, in which the chisel-cutter is made to reciprocate
through the side of the cylinder of the cutter-head and is guided
to approach or recede from the axis of the stick by a rotary pattern.</scdesc></subclass>
<subclass subnum = "29" id = "C142S029000">
<scdesc>Machines for reducing a stick to a circular section by a
hollow cutter-head, in which the chisel-cutter is made to reciprocate
through the side of the cylinder and is provided with a plain edge.</scdesc></subclass>
<subclass subnum = "30" id = "C142S030000">
<scdesc>Machines for reducing a stick to a circular section by a
hollow cutter-head, in which the chisel-cutter is made to reciprocate
through the side of the cylinder and is provided with a pattern
edge.</scdesc></subclass>
<subclass subnum = "31" id = "C142S031000">
<scdesc>Machines for reducing a stick to a circular section by a
hollow cutter-head, in which the chisel-cutter projects through
the cylinder toward its axis.</scdesc></subclass>
<subclass subnum = "32" id = "C142S032000">
<scdesc>Machines for reducing a stick to a circular section by means
of a rotating cylinder having a chisel cutting edge at one end.
The stick to be reduced is forced against the cutting edge of the
cylinder, and the reduced portion passes through the cylinder and
out at the end opposite the cutter.</scdesc>
<srchout>
<crecord><classnum ref = "C144S000000" doc = "Class144.sgm">144</classnum>
<subref><clstitle>Woodworking</clstitle>
<pretext></pretext>
<subnum range = "s" ref = "C144S023000" doc = "Class144.sgm">23</subnum></subref>
<descript><para> for a woodworking machine for cutting a disk by
a rotary tubular cutter.</para></descript></crecord></srchout></subclass>
<subclass subnum = "33" id = "C142S033000">
<scdesc>Machines for reducing a stick to a circular section and
producing a spiral groove in its circumference by means of a rotary
cutter.  The relative movements of the stick and the cutter are
controlled by a rack and pinion.</scdesc></subclass>
<subclass subnum = "34" id = "C142S034000">
<scdesc>Machines for reducing a stick to a circular section and
producing a spiral groove in its circumference by means of a rotary
cutter.  The movements of the stick past the cutter are controlled
by positively-driven feed-rollers.</scdesc></subclass>
<subclass subnum = "35" id = "C142S035000">
<scdesc>Machines for reducing a stick to a circular section and
producing a spiral groove in its circumference by means of a chisel-cutter.</scdesc></subclass>
<subclass subnum = "36" id = "C142S036000">
<scdesc>Wood-turning machines for reducing a block of cork or other
soft wood to a circular section by rotating it in contact with a
longitudinally-moving cutter-blade which reduces the block with
a slicing action.</scdesc>
<srchin>
<srecord><subnum ref = "C142S040000" doc = "Class142.sgm">40</subnum>
<descript><para></para></descript></srecord></srchin></subclass>
<subclass subnum = "37" id = "C142S037000">
<scdesc>Wood-turning machines which reduce a stick to a circular
section by rotating the stick on its axis and in contact with a
rotary cutter which is guided toward and from the axis of the stick
by a relatively-moving pattern.</scdesc></subclass>
<subclass subnum = "38" id = "C142S038000">
<scdesc>Wood-turning machines which reduce a stick to a circular
section by means of a narrow plain chisel-cutter guided toward and
from the axis of the stick by means of a relatively-moving pattern.</scdesc></subclass>
<subclass subnum = "39" id = "C142S039000">
<scdesc>Wood-turning machines which reduce a stick to a circular
section by means of a narrow plain chisel-cutter guided toward and
from the axis of the stick by means of a rotating pattern.</scdesc></subclass>
<subclass subnum = "40" id = "C142S040000">
<scdesc>Wood-turning machines which reduce a stick to a circular
section by rotating the stick on its axis and in contact with a
rotary cutter.</scdesc>
<srchin>
<srecord><subnum ref = "C142S005000" doc = "Class142.sgm">5</subnum>
<descript><para>20, and the several subclasses of Pattern-section.</para></descript></srecord></srchin>
<srchout>
<crecord><classnum ref = "C030S000000" doc = "Class030.sgm">30</classnum>
<subref><clstitle>Cutlery</clstitle>
<pretext></pretext>
<subnum range = "p" ref = "C030S451000" doc = "Class030.sgm">451</subnum></subref>
<descript><para> for a pencil-sharpening implement whose cutter and
work holder or work-guide parts are statically related for the cutting operation.</para></descript></crecord>
<crecord><classnum ref = "C144S000000" doc = "Class144.sgm">144</classnum>
<subref><clstitle>Woodworking</clstitle>
<pretext></pretext>
<subnum range = "p" ref = "C144S028800" doc = "Class144.sgm">28.8</subnum></subref>
<descript><para> for a pencil-sharpening machine including a cutter
and a work holder or work guide, each of which is rotatable relative
to supporting structure therefor; also see subclasses 209.1&plus;.</para></descript></crecord></srchout></subclass>
<subclass subnum = "41" id = "C142S041000">
<scdesc>Wood-turning machines which reduce a stick to a circular
section by rotating the stick on its axis and in contact with a
broad-faced rotary cutter having other than a plain cutting edge.</scdesc>
<srchin>
<srecord><subnum ref = "C142S004000" doc = "Class142.sgm">4</subnum>
<descript><para>5, 33, 34, and 52.</para></descript></srecord></srchin></subclass>
<subclass subnum = "42" id = "C142S042000">
<scdesc>Wood-turning machines which reduce a stick to a circular
section by rotating it in contact with a plain chisel carried by
an adjustable tool-rest, whereby the chisel may be directed by hand
to properly shape the stick.</scdesc>
<srchout>
<crecord><classnum ref = "C099S000000" doc = "Class099.sgm">99</classnum>
<subref><clstitle>Foods and Beverages:  Apparatus</clstitle>
<pretext></pretext>
<subnum range = "p" ref = "C099S594000" doc = "Class099.sgm">594</subnum></subref>
<descript><para> for rotating an article of food while removing
the skin with a cutting tool.</para></descript></crecord></srchout></subclass>
<subclass subnum = "43" id = "C142S043000">
<scdesc>Wood-turning machines which reduce a stick to a circular
section by rotating it in contact with a chisel having other than
a plain cutting edge.  The cutter may be of sufficient width to cut
the entire length of the stick or may be narrow and make successive
cuts along the stick.</scdesc>
<srchin>
<srecord><subnum ref = "C142S004000" doc = "Class142.sgm">4</subnum>
<descript><para>5 and 20.</para></descript></srecord></srchin></subclass>
<subclass subnum = "44" id = "C142S044000">
<scdesc>Wood-turning machines which reduce a stick to a circular
section by rotating it in contact with a disk provided with a chisel
edge having a pattern outline.  As the cutter is moved longitudinally
along the stick the disk is rotated to present the entire contour
of the cutter to the stick.</scdesc></subclass>
<subclass subnum = "45" id = "C142S045000">
<scdesc>Machines for reducing the ends of sticks while clamped to
prevent rotation thereof by means of a hollow cutter-carrying head
having a cutter projecting within the shell thereof.</scdesc>
<srchin>
<srecord><subnum range = "p" ref = "C142S027000" doc = "Class142.sgm">27</subnum>
<descript><para></para></descript></srecord></srchin>
<srchout>
<crecord><classnum ref = "C030S000000" doc = "Class030.sgm">30</classnum>
<subref><clstitle>Cutlery</clstitle>
<pretext></pretext>
<subnum range = "s" ref = "C030S495000" doc = "Class030.sgm">495</subnum></subref>
<descript><para>.</para></descript></crecord></srchout></subclass>
<subclass subnum = "46" id = "C142S046000">
<scdesc>Machines for reducing the ends of sticks to a circular section
by means of a cutter carried in a frame which revolves around the
axis of the clamped stick and comprises mechanism for moving the
cutter longitudinally in the frame.</scdesc></subclass>
<subclass subnum = "47" id = "C142S047000">
<scdesc>Mechanism for controlling the movements of the carriage
or tool-rest.</scdesc>
<srchin>
<srecord><subnum ref = "C142S021000" doc = "Class142.sgm">21</subnum>
<descript><para>24, 26, 46, and the several subclasses of Pattern-section.</para></descript></srecord></srchin></subclass>
<subclass subnum = "48" id = "C142S048000">
<scdesc>Tool-rests provided with an extension adapted to support
the turned portion of the stick near the cutter and prevent it from
springing therefrom.</scdesc>
<srchin>
<srecord><subnum ref = "C142S021000" doc = "Class142.sgm">21</subnum>
<descript><para>37, 43, and 44.</para></descript></srecord></srchin></subclass>
<subclass subnum = "49" id = "C142S049000">
<scdesc>Supports within which wood-turning cutter-tools are adjusted
and secured.</scdesc></subclass>
<subclass subnum = "50" id = "C142S050000">
<scdesc>Yielding rests or supports for sticks having irregular cross-section.
 These supports are for preventing the stick from springing away
from the cutter.</scdesc></subclass>
<subclass subnum = "51" id = "C142S051000">
<scdesc>Oval or elliptically-guided work-holder chucks provided
with weights or counter-poises to balance the reciprocating parts
of the chuck.</scdesc></subclass>
<subclass subnum = "52" id = "C142S052000">
<scdesc>Chucks for holding sticks together in the form of a hollow
cylinder.</scdesc></subclass>
<subclass subnum = "53" id = "C142S053000">
<scdesc>Center spindles provided with one or more spurs for engaging
the end of a stick of wood or other soft material to be turned.</scdesc></subclass>
<subclass subnum = "54" id = "C142S054000">
<scdesc>Longitudinally-perforated rotary spindles or work-carriers
through which the sticks feed endwise.</scdesc>
<srchout>
<crecord><classnum ref = "C057S000000" doc = "Class057.sgm">57</classnum>
<subref><clstitle>Textiles:  Spinning, Twisting, and Twining</clstitle>
<pretext></pretext>
<subnum range = "p" ref = "C057S028000" doc = "Class057.sgm">28</subnum></subref>
<descript><para>.</para></descript></crecord>
<crecord><classnum ref = "C226S000000" doc = "Class226.sgm">226</classnum>
<subref><clstitle>Advancing Material of Indeterminate Length</clstitle>
<pretext></pretext></subref>
<descript><para>appropriate subclasses for methods of, and apparatus
for, feeding material without utilizing the leading or trailing
ends to effect movement of the material.</para></descript></crecord>
<crecord><classnum ref = "C414S000000" doc = "Class414.sgm">414</classnum>
<subref><clstitle>Material or Article Handling</clstitle>
<pretext></pretext>
<subnum range = "p" ref = "C414S014000" doc = "Class414.sgm">14</subnum></subref>
<descript><para> for devices for pushing or pulling stock or a workpiece
relative to a machine of the type provided for in Class 142.</para></descript></crecord></srchout></subclass>
<subclass subnum = "55" id = "C142S055000">
<scdesc>Devices to be attached or secured to wood-turning machines
to be used therewith or wood-turning machines designed to be attached
to the frames of machines which comprise cylinders for the purpose
of resurfacing the cylinders.</scdesc></subclass>
<subclass subnum = "56" id = "C142S056000">
<scdesc>Cutting-tools peculiarly adapted for use in connection with
wood-turning machines.</scdesc></subclass>
<subclass subnum = "57" id = "C142S057000">
<scdesc>Socket-chucks for securing a stick to the live-spindle of
a wood-turning machine.</scdesc>
<srchout>
<crecord><classnum ref = "C269S000000" doc = "Class269.sgm">269</classnum>
<subref><clstitle>Work Holders</clstitle>
<pretext></pretext></subref>
<descript><para>appropriate subclasses. Class 269 is the <emphasis
    emph = "u">residual</emphasis> locus for patents to a device
for clamping, supporting and&sol;or holding an article (or
articles) in position to be operated on or treated.  See notes thereunder for
other related loci.</para></descript></crecord></srchout></subclass></sclasses>
</class>
