<?xml version="1.0" encoding="UTF-8"?>
<!DOCTYPE class PUBLIC "-//USPTO//DTD Classification Definitions//EN" "xclassdef.dtd" [

<!-- Begin Document Specific Declarations -->

<!-- End Document Specific Declarations -->

]>
<?xml-stylesheet href="classdef.xsl" type="text/XSL"?>

<class classnum = "124" id = "C124S000000"><title>MECHANICAL GUNS
AND PROJECTORS</title>
<sections><descsect>
<para>This class includes the various forms of projectile-throwing
or impelling apparatus in which the propelling agent is nonexplosive.
The apparatus must carry or hold the projectile so that it may be
used for aerial projection. This class also includes devices which
actually expel the projectile, but have the projectile tethered
to the projector to prevent loss of the projectile; and some devices having
the structure of projectors, but having means at the end of a barrel
to prevent actual expulsion of the projectile.</para>
<para>The Search notes below reference one of the following three
subject matter areas:</para>
<para>(1)<emphasis emph = "u"> PROJECTORS</emphasis></para>
<para>(2)<emphasis emph = "u"> TARGETS</emphasis></para>
<para>(3)<emphasis emph = "u"> PROJECTILES</emphasis></para>
<para>The specific subject matter area is noted parenthetically at
the end of each search note.</para>
</descsect>
<scsect>
<srchout>
<crecord><classnum ref = "C042S000000" doc = "Class042.sgm">42</classnum>
<subref><clstitle>Firearms</clstitle>
<pretext></pretext></subref>
<descript><para>for projecting devices using explosive charges to
provide the projecting force. (Projectors)</para></descript></crecord>
<crecord><classnum ref = "C043S000000" doc = "Class043.sgm">43</classnum>
<subref><clstitle>Fishing, Trapping, and Vermin Destroying</clstitle>
<pretext></pretext>
<subnum range = "s" ref = "C043S135000" doc = "Class043.sgm">135</subnum></subref>
<descript><para> for a combination with the swatting element for
swatting insects, in which a swatting element is projected by spring
means. (Projectors)</para></descript></crecord>
<crecord><classnum ref = "C043S000000" doc = "Class043.sgm">43</classnum>
<subref><clstitle>Fishing, Trapping, and Vermin Destroying</clstitle>
<pretext></pretext>
<subnum range = "s" ref = "C043S006000" doc = "Class043.sgm">6</subnum></subref>
<descript><para>, for harpoons and spears. (Projectiles)</para></descript></crecord>
<crecord><classnum ref = "C124S086000" doc = "Class124.sgm">86</classnum>
<subref><clstitle>Ammunition and Explosive-Charge Making</clstitle>
<pretext></pretext>
<subnum range = "s" ref = "C124S086000" doc = "Class124.sgm">51, </subnum></subref>
<descript><para>for ordnance-type, projectile making.</para></descript></crecord>
<crecord><classnum ref = "C089S000000" doc = "Class089.sgm">89</classnum>
<subref><clstitle>Ordnance</clstitle>
<pretext></pretext></subref>
<descript><para>for projecting devices using explosive charges to
provide the projecting force. (Projectors)</para></descript></crecord>
<crecord><classnum ref = "C102S000000" doc = "Class102.sgm">102</classnum>
<subref><clstitle>Ammunition and Explosives</clstitle>
<pretext></pretext>
<subnum range = "p" ref = "C102S501000" doc = "Class102.sgm">501</subnum></subref>
<descript><para> for a projectile explosively fired from a gun; and
particularly subclass 529 for a gun barrel cleaning projectile.
(Projectiles)</para></descript></crecord>
<crecord><classnum ref = "C114S000000" doc = "Class114.sgm">114</classnum>
<subref><clstitle>Ships</clstitle>
<pretext></pretext>
<subnum range = "p" ref = "C114S238000" doc = "Class114.sgm">238</subnum></subref>
<descript><para> for launching devices for self-propelled torpedoes.
(Projectors)</para></descript></crecord>
<crecord><classnum ref = "C119S000000" doc = "Class119.sgm">119</classnum>
<subref><clstitle>Animal Husbandry</clstitle>
<pretext></pretext>
<subnum range = "s" ref = "C119S427000" doc = "Class119.sgm">427</subnum></subref>
<descript><para> for devices for holding and releasing live objects
to be used as targets. (Targets)</para></descript></crecord>
<crecord><classnum ref = "C173S000000" doc = "Class173.sgm">173</classnum>
<subref><clstitle>Tool Driving or Impacting</clstitle>
<pretext>appropriate subclass for a means for driving or impacting
a tool or the like, and particularly </pretext>
<subnum range = "p" ref = "C173S090000" doc = "Class173.sgm">90</subnum></subref>
<descript><para> and see the search notes therein for an impacting
device. (Projectors)</para></descript></crecord>
<crecord><classnum ref = "C175S000000" doc = "Class175.sgm">175</classnum>
<subref><clstitle>Boring or Penetrating the Earth</clstitle>
<pretext></pretext></subref>
<descript><para>appropriate subclass for a projectile for boring
or penetrating the earth, which may be combined with a projector
therefor. (Projectiles)</para></descript></crecord>
<crecord><classnum ref = "C209S000000" doc = "Class209.sgm">209</classnum>
<subref><clstitle>Classifying, Separating, and Assorting Solids</clstitle>
<pretext></pretext>
<subnum range = "s" ref = "C209S642000" doc = "Class209.sgm">642</subnum></subref>
<descript><para> for devices and methods of throwing and projecting
articles through space and for separately collecting the articles
which take different paths. (Projectors)</para></descript></crecord>
<crecord><classnum ref = "C221S000000" doc = "Class221.sgm">221</classnum>
<subref><clstitle>Article Dispensing</clstitle>
<pretext>appropriate subclasses for article dispensers not otherwise
provided for, and see particularly </pretext>
<subnum range = "p" ref = "C221S208000" doc = "Class221.sgm">208</subnum></subref>
<descript><para> for article dispensers having a source of supply
and a discharge assistant means to remove articles therefrom, and
subclass 24 for article dispensers in forms simulating objects,
including firearms. (Projectors)</para></descript></crecord>
<crecord><classnum ref = "C222S000000" doc = "Class222.sgm">222</classnum>
<subref><clstitle>Dispensing</clstitle>
<pretext></pretext>
<subnum range = "s" ref = "C222S079000" doc = "Class222.sgm">79</subnum></subref>
<descript><para> for devices simulating firearms or other projectors
which project a stream of liquid. (Projectors)</para></descript></crecord>
<crecord><classnum ref = "C241S000000" doc = "Class241.sgm">241</classnum>
<subref><clstitle>Solid Material Comminution or Disintegration</clstitle>
<pretext></pretext>
<subnum range = "r" ref = "C241S005000" doc = "Class241.sgm">5</subnum></subref>
<descript><para>, 39&plus;, 274, and 275 for devices for projecting
material to effect the comminution thereof. (Projectors)</para></descript></crecord>
<crecord><classnum ref = "C244S000000" doc = "Class244.sgm">244</classnum>
<subref><clstitle>Aeronautics and Astronautics</clstitle>
<pretext></pretext>
<subnum range = "s" ref = "C244S063000" doc = "Class244.sgm">63</subnum></subref>
<descript><para> for aircraft launching devices. (Projectors)</para></descript></crecord>
<crecord><classnum ref = "C258S000000" doc = "Class258.sgm">258</classnum>
<subref><clstitle>Railway Mail Delivery</clstitle>
<pretext></pretext>
<subnum range = "p" ref = "C258S005000" doc = "Class258.sgm">5</subnum></subref>
<descript><para> for devices combined with a vehicle or devices peculiarly
adapted for throwing or projecting a mailbag or the like to or from
a moving vehicle. (Projectors)</para></descript></crecord>
<crecord><classnum ref = "C273S000000" doc = "Class273.sgm">273</classnum>
<subref><clstitle>Amusement Devices: Games</clstitle>
<pretext></pretext>
<subnum range = "p" ref = "C273S108000" doc = "Class273.sgm">108</subnum></subref>
<descript><para> for an implement or device (either, per se, or
in combination with other game apparatus) for projecting a game
projectile during play of a surface projectile game so that it travels
upon a surface at all times in its course of travel, and subclasses
317&plus; for an implement or device combined with other game
apparatus for projecting a game projectile into the air during play
of an aerial projectile game. (Projectors)</para></descript></crecord>
<crecord><classnum ref = "C273S000000" doc = "Class273.sgm">273</classnum>
<subref><clstitle>Amusement Devices: Games</clstitle>
<pretext></pretext>
<subnum range = "p" ref = "C273S108000" doc = "Class273.sgm">108</subnum></subref>
<descript><para> for a target (either per se or combined with any other
game apparatus) which is used to play a surface projectile game
and subclasses 317&plus; (either per se or combined with any
other game apparatus) which is used to play an aerial projectile
game. (Targets)</para></descript></crecord>
<crecord><classnum ref = "C273S000000" doc = "Class273.sgm">273</classnum>
<subref><clstitle>Amusement Devices: Games</clstitle>
<pretext></pretext>
<subnum range = "p" ref = "C273S108000" doc = "Class273.sgm">108</subnum></subref>
<descript><para> for a game projectile combined with any other game
apparatus for playing a surface projectile game, subclasses 317&plus; for
a game projectile combined with any other game apparatus for playing
an aerial projectile game, and particularly subclasses 362&plus; thereunder
for a target which also acts as a projectile by virtue of its being
projected into the air (e.g., a clay pigeon which is projected into
the air by a target-throwing trap). (Projectiles)</para></descript></crecord>
<crecord><classnum ref = "C362S000000" doc = "Class362.sgm">362</classnum>
<subref><clstitle>Illumination</clstitle>
<pretext></pretext>
<subnum range = "s" ref = "C362S112000" doc = "Class362.sgm">112</subnum></subref>
<descript><para> for light projectors combined with or simulating
firearms. (Projectors)</para></descript></crecord>
<crecord><classnum ref = "C446S000000" doc = "Class446.sgm">446</classnum>
<subref><clstitle>Amusement Devices: Toys</clstitle>
<pretext>for a toy combined with a with a projector, particularly </pretext>
<subnum range = "s" ref = "C446S011000" doc = "Class446.sgm">11</subnum></subref>
<descript><para> for a toy money box; subclass 45 for an autogyro;
subclasses 63&plus; for a glider; subclass 308 for a figure
toy; subclass 399 for a detonating projector and subclasses 429&plus; for
a toy vehicle launcher. (Projectors)</para></descript></crecord>
<crecord><classnum ref = "C473S000000" doc = "Class473.sgm">473</classnum>
<subref><clstitle>Games Using Tangible Projectile</clstitle>
<pretext></pretext></subref>
<descript><para>for a device or implement for impelling, launching,
or otherwise projecting a game projectile in which the following
applies: (Projectors)</para>
<list><item>Any projector device or implement which is <emphasis
    emph = "u">combined with</emphasis> any other game device or
apparatus so as to constitute a game or sport.</item>
<item>(b) A <emphasis emph = "u">striking type</emphasis> of projector
device or implement, per se, which is used for a game or sporting
purpose (such as a club, bat, racket, paddle, mallet, stick, etc.)
and which is carried by (e.g., handheld) and manually manipulated
by a user to <emphasis emph = "u">strike</emphasis> and thereby
project a game projectile such that substantially all of the force used
to project the projectile is supplied by the user.</item>
<item>(c) A combined projector-catcher device, per se, which is
used for a game or sporting purpose to fling or throw a projectile
into the air, and to <emphasis emph = "u">also catch</emphasis> a game
projectile already moving through the air after it has been projected.</item>
<item>(d) Any projector device or implement, per se (other than
one which is operated by explosive means) which is used for a game
or sporting purpose and which is specifically adapted and intended
to project a game projectile so that it travels upon a playing surface
substantially at all times (i.e., the projectile is in contact with
and moving over the playing surface either upon or immediately after
projection).</item></list></descript></crecord>
<crecord><classnum ref = "C473S000000" doc = "Class473.sgm">473</classnum>
<subref><clstitle>Games Using Tangible Projectile</clstitle>
<pretext></pretext></subref>
<descript><para>for a target (either per se or combined with any
other game apparatus) which is used to play a game which uses a
tangible projectile. (Targets)</para></descript></crecord>
<crecord><classnum ref = "C473S000000" doc = "Class473.sgm">473</classnum>
<subref><clstitle>Games Using Tangible Projectile</clstitle>
<pretext></pretext></subref>
<descript><para>for a tangible game projectile (either per se or
combined with any other game apparatus) used in the play of a game
or sport. (Projectiles)</para></descript></crecord>
<crecord><classnum ref = "C505S000000" doc = "Class505.sgm">505</classnum>
<subref><clstitle>Superconductor Technology: Apparatus, Material,
Process</clstitle>
<pretext></pretext>
<subnum range = "p" ref = "C505S150000" doc = "Class505.sgm">150</subnum></subref>
<descript><para> for high temperature (T<subscrpt>c</subscrpt> greater
than 30 K) superconducting systems or devices, particularly subclass
164 for projectile or launching device or system. (Projectors)</para></descript></crecord>
<crecord><classnum ref = "C505S000000" doc = "Class505.sgm">505</classnum>
<subref><clstitle>Superconductor Technology: Apparatus, Material,
Process</clstitle>
<pretext></pretext>
<subnum range = "p" ref = "C505S150000" doc = "Class505.sgm">150</subnum></subref>
<descript><para> for high temperature (T<subscrpt>c</subscrpt> greater
than 30 K) superconducting systems or devices, particularly subclass
164 for projectile or launching device or system. (Targets)</para></descript></crecord>
<crecord><classnum ref = "CD22S000000" doc = "Classd22.sgm">D22</classnum>
<subref><clstitle>Arms, Pyrotechnics, Hunting and Fishing Equipment</clstitle>
<pretext></pretext>
<subnum range = "p" ref = "CD22S103000" doc = "ClassD22.sgm">103</subnum></subref>
<descript><para> for ornamental designs for firearms. (Projectors)</para></descript></crecord>
<crecord><classnum ref = "CD22S000000" doc = "Classd22.sgm">D22</classnum>
<subref><clstitle>Arms, Pyrotechnics, Hunting and Fishing Equipment</clstitle>
<pretext></pretext>
<subnum range = "p" ref = "CD22S113000" doc = "ClassD22.sgm">113</subnum></subref>
<descript><para> for designs for targets. (Targets)</para></descript></crecord></srchout>
</scsect></sections>
<sclasses>
<subclass subnum = "1" id = "C124S001000">
<sctitle>MISCELLANEOUS:</sctitle>
<parent ref = "C124S000000" doc = "Class124.sgm">the class definition</parent>
<scdesc>Device not classifiable above.</scdesc>
<notes><note1 notenum = "(1)">
<para>Note. This subclass includes means for imparting rapid rotation
to a propellor-like object which propels itself through the air
because of its shape and rotation, or a device wherein gravity or
a weight facilitates the launching of a missile.</para></note1></notes></subclass>
<subclass subnum = "2" id = "C124S002000">
<sctitle>COMBINED WITH CAP EXPLODER:</sctitle>
<parent ref = "C124S000000" doc = "Class124.sgm">the class definition</parent>
<scdesc>Devices having combined therewith means for exploding a
cap or other explosive noise making device.</scdesc>
<srchout>
<crecord><classnum ref = "C042S000000" doc = "Class042.sgm">42</classnum>
<subref><clstitle>Firearms</clstitle>
<pretext></pretext>
<subnum range = "p" ref = "C042S054000" doc = "Class042.sgm">54</subnum></subref>
<descript><para> for devices made to imitate firearms which explode
a cap, but do not expel a projectile.</para></descript></crecord>
<crecord><classnum ref = "C446S000000" doc = "Class446.sgm">446</classnum>
<subref><clstitle>Amusement Devices: Toys</clstitle>
<pretext></pretext>
<subnum range = "p" ref = "C446S397000" doc = "Class446.sgm">397</subnum></subref>
<descript><para> for a device which explodes a cap, but does not
simulate a firearm; especially subclass 399 for a device in which
the explosion of a cop projects an element for the detonator.</para></descript></crecord></srchout></subclass>
<subclass subnum = "3" id = "C124S003000">
<sctitle>ELECTROMAGNETIC:</sctitle>
<parent ref = "C124S000000" doc = "Class124.sgm">the class definition</parent>
<scdesc>Devices for projecting missiles through the air by means
of electromagnetic impulses applied to the projectile during its
progress through the barrel of the projecting device.</scdesc>
<srchin>
<srecord><subnum ref = "C124S054000" doc = "Class124.sgm">54</subnum>
<descript><para>for apparatus wherein an electrically- actuated
striker causes a projectile to be impelled.</para></descript></srecord></srchin>
<srchout>
<crecord><classnum ref = "C310S000000" doc = "Class310.sgm">310</classnum>
<subref><clstitle>Electrical Generator or Motor Structure</clstitle>
<pretext></pretext>
<subnum range = "r" ref = "C310S012010" doc = "Class310.sgm">12.01</subnum>
<endnum ref = "C310S012330" doc = "Class310.sgm">12.33</endnum></subref>
<descript><para>    for a linear electric motor, per se, even though
disclosed for an electromagnetic gun.</para></descript></crecord>
<crecord><classnum ref = "C318S000000" doc = "Class318.sgm">318</classnum>
<subref><clstitle>Electricity: Motive Power Systems</clstitle>
<pretext></pretext>
<subnum range = "s" ref = "C318S038000" doc = "Class318.sgm">38</subnum></subref>
<descript><para> for plural linear movement electric motor systems
and subclass 135 for linear movement electric motor systems.</para></descript></crecord></srchout></subclass>
<subclass subnum = "4" id = "C124S004000">
<sctitle>CENTRIFUGAL:</sctitle>
<parent ref = "C124S000000" doc = "Class124.sgm">the class definition</parent>
<scdesc>Devices for projecting missiles through the air by means
of a centrifugal or swinging movement, as distinguished from a straight
line impulsion.</scdesc>
<srchout>
<crecord><classnum ref = "C239S000000" doc = "Class239.sgm">239</classnum>
<subref><clstitle>Fluid Sprinkling, Spraying, and Diffusing</clstitle>
<pretext></pretext>
<subnum range = "r" ref = "C239S007000" doc = "Class239.sgm">7</subnum></subref>
<descript><para>, 650&plus;, appropriate subclasses, 214&plus; and
380&plus; for methods and apparatus for scattering fluent material
by centrifugal force.</para></descript></crecord>
<crecord><classnum ref = "C241S000000" doc = "Class241.sgm">241</classnum>
<subref><clstitle>Solid Material Comminution or Disintegration</clstitle>
<pretext></pretext>
<subnum range = "s" ref = "C241S275000" doc = "Class241.sgm">275</subnum></subref>
<descript><para>, for comminutors embodying centrifugal projecting means
for the material.</para></descript></crecord></srchout></subclass>
<subclass subnum = "5" id = "C124S005000">
<sctitle>Hand:</sctitle>
<parent ref = "C124S004000" doc = "Class124.sgm">subclass 4</parent>
<scdesc>Devices, which are held in the hand and caused to throw
a missile by a swinging movement of the human arm. They may be assisted
by a spring or flexible element in the throwing device but this
must merely add to the effect of the throwing action of the human
arm.</scdesc>
<srchin>
<srecord><subnum range = "p" ref = "C124S007000" doc = "Class124.sgm">7</subnum>
<descript><para>for devices wherein the spring is the primary projecting
means, even though the device is held in the hand.</para></descript></srecord></srchin>
<srchout>
<crecord><classnum ref = "C102S000000" doc = "Class102.sgm">102</classnum>
<subref><clstitle>Ammunition and Explosives</clstitle>
<pretext></pretext>
<subnum range = "p" ref = "C102S358000" doc = "Class102.sgm">358</subnum></subref>
<descript><para> for pyrotechnic devices combined with throwing
devices, and subclass 486 for grenades combined with a handle, hand-grip
or strand to assist throwing.</para></descript></crecord>
<crecord><classnum ref = "C473S000000" doc = "Class473.sgm">473</classnum>
<subref><clstitle>Games Using Tangible Projectile</clstitle>
<pretext></pretext>
<subnum range = "p" ref = "C473S505000" doc = "Class473.sgm">505</subnum></subref>
<descript><para> for a player held or attached implement for both
projecting (often by a centrifugal flinging movement of a player&quot;s
arm) a projectile into the air and catching a projectile already
moving through the air (e.g., a lacrosse stick, etc.), and subclass
615 for a player held or worn means for enhancing subsequent movement
of a projectile that is thrown or otherwise projected by the player
(e.g., a handheld or handworn means to assist a player to pitch
a baseball that will have an enhanced curve during flight thereof,
etc.).</para></descript></crecord></srchout></subclass>
<subclass subnum = "6" id = "C124S006000">
<sctitle>Mechanical:</sctitle>
<parent ref = "C124S004000" doc = "Class124.sgm">subclass 4</parent>
<scdesc>Devices, in which the throwing movement is produced by mechanical
means. Includes devices for mechanically pitching a baseball.</scdesc>
<srchout>
<crecord><classnum ref = "C473S000000" doc = "Class473.sgm">473</classnum>
<subref><clstitle>Games Using Tangible Projectile</clstitle>
<pretext></pretext>
<subnum range = "s" ref = "C473S421000" doc = "Class473.sgm">421</subnum></subref>
<descript><para> for a batting backstop or cage (used in a playing
field or court game or used to practice or train therefor) which
may be combined with a projector which uses a centrifugal throwing
movement to mechanically pitch a ball, and subclasses 422&plus; for
a device (used to practice or train for the playing of a playing
field or court game) which may be combined with a projector which
uses a centrifugal throwing movement to mechanically pitch a ball.</para></descript></crecord></srchout></subclass>
<subclass subnum = "7" id = "C124S007000">
<sctitle>Spring:</sctitle>
<parent ref = "C124S006000" doc = "Class124.sgm">subclass 6</parent>
<scdesc>Devices in which the mechanical throwing device is actuated
by a spring. Includes devices for mechanically pitching a baseball.</scdesc>
<srchout>
<crecord><classnum ref = "C016S000000" doc = "Class016.sgm">16</classnum>
<subref><clstitle>Miscellaneous Hardware (e.g., Bushing, Carpet
Fastener, Caster, Door Closer, Panel Hanger, Attachable or Adjunct
Handle, Hinge, Window Sash Balance, etc.)</clstitle>
<pretext></pretext>
<subnum range = "p" ref = "C016S072000" doc = "Class016.sgm">72</subnum></subref>
<descript><para> for closing devices using springs of a similar
nature.</para></descript></crecord></srchout></subclass>
<subclass subnum = "8" id = "C124S008000">
<sctitle>Rotating about vertical axis:</sctitle>
<parent ref = "C124S007000" doc = "Class124.sgm">subclass 7</parent>
<scdesc>Devices in which a mechanical throwing arm is rotated about
a vertical axis by means of a spring, usually clay target throwing
devices.</scdesc>
<srchin>
<srecord><subnum ref = "C124S043000" doc = "Class124.sgm">43</subnum>
<descript><para>for the clips or holders for clay targets on the
throwing arm.</para></descript></srecord></srchin>
<srchout>
<crecord><classnum ref = "C273S000000" doc = "Class273.sgm">273</classnum>
<subref><clstitle>Amusement Devices: Games</clstitle>
<pretext></pretext>
<subnum range = "p" ref = "C273S362000" doc = "Class273.sgm">362</subnum></subref>
<descript><para> for the clay targets, per se.</para></descript></crecord>
<crecord><classnum ref = "CD22S000000" doc = "Classd22.sgm">D22</classnum>
<subref><clstitle>Arms, Pyrotechnics, Hunting and Fishing Equipment</clstitle>
<pretext></pretext>
<subnum range = "p" ref = "CD22S113000" doc = "ClassD22.sgm">113</subnum></subref>
<descript><para> for designs for targets.</para></descript></crecord></srchout></subclass>
<subclass subnum = "9" id = "C124S009000">
<sctitle>Automatically varied throwing angle:</sctitle>
<parent ref = "C124S008000" doc = "Class124.sgm">subclass 8</parent>
<scdesc>Devices, in which the angle at which the projectile is thrown
is varied automatically, usually for the purpose of introducing
an element of uncertainty.</scdesc></subclass>
<subclass subnum = "10" id = "C124S010000">
<sctitle>PINCH:</sctitle>
<parent ref = "C124S000000" doc = "Class124.sgm">the class definition</parent>
<scdesc>Devices in which a pinching or squeezing force is applied,
usually to curved surfaces of a projectile.</scdesc></subclass>
<subclass subnum = "16" id = "C124S016000">
<sctitle>SPRING:</sctitle>
<parent ref = "C124S000000" doc = "Class124.sgm">the class definition</parent>
<scdesc>Devices in which the impelling force is the action of a
spring applied either directly or through a plunger or similar means
to the projectile. Includes devices impelled by a spring for sliding
projectiles off a smooth plate.</scdesc>
<srchin>
<srecord><subnum range = "p" ref = "C124S066000" doc = "Class124.sgm">66</subnum>
<descript><para>for projecting devices in which a spring drives
a plunger which creates a quantity of compressed air, in which the
air is the impelling agent for the projectile.</para></descript></srecord></srchin>
<srchout>
<crecord><classnum ref = "C267S000000" doc = "Class267.sgm">267</classnum>
<subref><clstitle>Spring Devices</clstitle>
<pretext>especially </pretext>
<subnum range = "r" ref = "C267S069000" doc = "Class267.sgm">69</subnum></subref>
<descript><para>, 70, and 71 for spring devices of general application.</para></descript></crecord></srchout></subclass>
<subclass subnum = "17" id = "C124S017000">
<sctitle>Elastic band:</sctitle>
<parent ref = "C124S016000" doc = "Class124.sgm">subclass 16</parent>
<scdesc>Devices in which the impelling spring is a band or strip
of elastic material, usually rubber.</scdesc>
<srchin>
<srecord><subnum ref = "C124S035000" doc = "Class124.sgm">35</subnum>
<descript><para>for trigger and releasing mechanism for this type
of projector in which the elastic band drives the projectile directly.</para></descript></srecord>
<srecord><subnum range = "p" ref = "C124S037000" doc = "Class124.sgm">37</subnum>
<descript><para>for devices in which the elastic band drives a plunger
which in turn drives the projectile.</para></descript></srecord></srchin></subclass>
<subclass subnum = "18" id = "C124S018000">
<sctitle>Self-projected band:</sctitle>
<parent ref = "C124S017000" doc = "Class124.sgm">subclass 17</parent>
<scdesc>Devices, in which the elastic propelling spring is also
itself the projectile.</scdesc></subclass>
<subclass subnum = "19" id = "C124S019000">
<sctitle>Repeating:</sctitle>
<parent ref = "C124S018000" doc = "Class124.sgm">subclass 18</parent>
<scdesc>Devices, having provision for releasing a plurality of self-projected
elastic bands in succession.</scdesc>
<srchin>
<srecord><subnum ref = "C124S072000" doc = "Class124.sgm">72</subnum>
<descript><para>for a repeating projector using fluid pressure.</para></descript></srecord></srchin></subclass>
<subclass subnum = "20.1" id = "C124S020100">
<sctitle>Having handle (e.g., crotch type slingshot):</sctitle>
<parent ref = "C124S017000" doc = "Class124.sgm">subclass 17</parent>
<scdesc>Device including an elastic projector attached to the end
of an extension from a handle and so arranged as to be capable of
propelling a projectile through space.</scdesc>
<notes><note1 notenum = "(1)">
<para>Note. This subclass also includes handles having multiple
elastic projects which are separately attached to ends of a bifurcated
extension, e.g., a common slingshot.</para></note1></notes></subclass>
<subclass subnum = "20.2" id = "C124S020200">
<sctitle>Magazine handle:</sctitle>
<parent ref = "C124S020100" doc = "Class124.sgm">subclass 20.1</parent>
<scdesc>Device in which the portion of the device adapted for being
grasped has means for storing additional projectiles.</scdesc></subclass>
<subclass subnum = "20.3" id = "C124S020300">
<sctitle>Arrow or dart projector:</sctitle>
<parent ref = "C124S020100" doc = "Class124.sgm">subclass 20.1</parent>
<scdesc>Handle having an elastic band specifically adapted to project
an elongated member having a tipped end and a fletched end adapted
for stabilizing its flight.</scdesc></subclass>
<subclass subnum = "21" id = "C124S021000">
<sctitle>Guided projectile:</sctitle>
<parent ref = "C124S017000" doc = "Class124.sgm">subclass 17</parent>
<scdesc>Devices, in which the starting path of the missile is directed
through a tubular barrel or along a grooved track or the equivalent
thereof.</scdesc>
<srchin>
<srecord><subnum range = "p" ref = "C124S026000" doc = "Class124.sgm">26</subnum>
<descript><para>for similar devices using springs other than elastic
bands as the projecting force.</para></descript></srecord></srchin></subclass>
<subclass subnum = "22" id = "C124S022000">
<sctitle>Dart or arrow projector:</sctitle>
<parent ref = "C124S021000" doc = "Class124.sgm">subclass 21</parent>
<scdesc>Devices, in which the structure is peculiarly adapted to
the projection by elastic bands of long-shafted projectiles, such
as darts or arrows.</scdesc>
<srchin>
<srecord><subnum range = "p" ref = "C124S023100" doc = "Class124.sgm">23.1</subnum>
<descript><para>for bows and the like.</para></descript></srecord>
<srecord><subnum range = "p" ref = "C124S026000" doc = "Class124.sgm">26</subnum>
<descript><para>for projectors similar to those in this subclass,
but using springs other than elastic bands.</para></descript></srecord></srchin></subclass>
<subclass subnum = "23.1" id = "C124S023100">
<sctitle>Bow:</sctitle>
<parent ref = "C124S016000" doc = "Class124.sgm">subclass 16</parent>
<scdesc>Device in which the straightening of a bowed elongated spring
provides the projecting force.</scdesc>
<srchin>
<srecord><subnum ref = "C124S035100" doc = "Class124.sgm">35.1</subnum>
<descript><para>for a trigger or releasiong mechanism for a bowstring.</para></descript></srecord>
<srecord><subnum range = "p" ref = "C124S086000" doc = "Class124.sgm">86</subnum>
<descript><para>for an archery projector element.</para></descript></srecord></srchin></subclass>
<subclass subnum = "24.1" id = "C124S024100">
<sctitle>Having projectile guide:</sctitle>
<parent ref = "C124S023100" doc = "Class124.sgm">subclass 23.1</parent>
<scdesc>Device, having some means for directing the initial path
of a projectile along a desired trajectory.</scdesc>
<srchin>
<srecord><subnum ref = "C124S022000" doc = "Class124.sgm">22</subnum>
<descript><para>for similar devices using the contracting force
of an elastic member as the propelling force for a dart or arrow.</para></descript></srecord></srchin></subclass>
<subclass subnum = "25" id = "C124S025000">
<sctitle>Crossbow:</sctitle>
<parent ref = "C124S024000" doc = "Class124.sgm">subclass 24</parent>
<scdesc>Devices, in which the guide for the projectile is an elongated
member at right angles to the bow spring. These are the devices
commonly known as crossbows.</scdesc>
<srchin>
<srecord><subnum range = "p" ref = "C124S021000" doc = "Class124.sgm">21</subnum>
<descript><para>for similar devices, having two rigid cross arms,
with the propelling force provided by elastic bands.</para></descript></srecord>
<srecord><subnum ref = "C124S026000" doc = "Class124.sgm">26</subnum>
<descript><para>for similar devices in which the propelling force
is provided by other types of springs.</para></descript></srecord></srchin></subclass>
<subclass subnum = "25.5" id = "C124S025500">
<sctitle>Having projectile supply:</sctitle>
<parent ref = "C124S024100" doc = "Class124.sgm">subclass 24.1</parent>
<scdesc>A bow having a projectile guide, having support means for
holding one or more quarrels in ready reserve, e.g., a quiver.</scdesc>
<notes><note1 notenum = "(1)">
<para>Note. The quarrels in the ready reserve are in addition to
and separate from any such projectile being held in or on the bow
in a state of readiness.</para></note1>
<note1 notenum = "(2)">
<para>Note. The term quarrel, as used herein, includes, but is not
limited to including such terms as bolt, shaft, arrow, and dart.</para></note1></notes></subclass>
<subclass subnum = "25.6" id = "C124S025600">
<sctitle>Compound bow:</sctitle>
<parent ref = "C124S023100" doc = "Class124.sgm">subclass 23.1</parent>
<scdesc>Apparatus in which the bow has either (1) a fixed or variable
mechanical advantage means for decreasing the force required to
hold the bow at full draw, or (2) means for accelerating the projectile
during launch at an increasing rate.</scdesc>
<srchin>
<srecord><subnum ref = "C124S900000" doc = "Class124.sgm">900</subnum>
<descript><para>for specific pulley structure.</para></descript></srecord></srchin></subclass>
<subclass subnum = "25.7" id = "C124S025700">
<sctitle>Having projectile supply:</sctitle>
<parent ref = "C124S023100" doc = "Class124.sgm">subclass 23.1</parent>
<scdesc>A bow, having support means for holding one or more arrows
in ready reserve, e.g., a quiver.</scdesc>
<notes><note1 notenum = "(1)">
<para>Note. The arrows in the ready reserve are in addition to and
separate from any such projectile being held in or on the bow in a
state of readiness.</para></note1>
<note1 notenum = "(2)">
<para>Note. The term arrow, as used herein, includes, but is not
limited to including such terms as bolt, shaft, quarrel, and dart.</para></note1></notes>
<srchin>
<srecord><subnum ref = "C124S025500" doc = "Class124.sgm">25.5</subnum>
<descript><para>for the combination of a projectile guide and a
quiver.</para></descript></srecord></srchin></subclass>
<subclass subnum = "26" id = "C124S026000">
<sctitle>Guided projectile:</sctitle>
<parent ref = "C124S016000" doc = "Class124.sgm">subclass 16</parent>
<scdesc>Devices, in which the starting path of the projectile is
directed along a desired path, usually by means of a tubular barrel
or grooved track or the equivalent thereof. This includes devices in
which the projectile travels along an internal guide.</scdesc>
<srchin>
<srecord><subnum range = "p" ref = "C124S037000" doc = "Class124.sgm">37</subnum>
<descript><para>for the trigger and releasing mechanism for this
type of projector.</para></descript></srecord>
<srecord><subnum range = "p" ref = "C124S045000" doc = "Class124.sgm">45</subnum>
<descript><para>for the magazine structure for these projectors.</para></descript></srecord></srchin></subclass>
<subclass subnum = "27" id = "C124S027000">
<sctitle>Gun type:</sctitle>
<parent ref = "C124S026000" doc = "Class124.sgm">subclass 26</parent>
<scdesc>Devices, having the appearance of a firearm or piece of
ordnance, and having an actual barrel for guiding the projectile
and a trigger for releasing the projectile.</scdesc>
<srchin>
<srecord><subnum ref = "C124S002000" doc = "Class124.sgm">2</subnum>
<descript><para>for similar devices, which explode a cap, as well
as expel a projectile.</para></descript></srecord></srchin>
<srchout>
<crecord><classnum ref = "C273S000000" doc = "Class273.sgm">273</classnum>
<subref><clstitle>Amusement Devices: Games</clstitle>
<pretext></pretext>
<subnum range = "p" ref = "C273S348000" doc = "Class273.sgm">348</subnum></subref>
<descript><para>, particularly subclasses 355&plus;, 357, and
405 for projectors of this type combined in a shooting gallery,
or with target structure.</para></descript></crecord></srchout></subclass>
<subclass subnum = "28" id = "C124S028000">
<sctitle>Converted firearm:</sctitle>
<parent ref = "C124S027000" doc = "Class124.sgm">subclass 27</parent>
<scdesc>Devices, in which an actual firearm or piece of ordnance
is converted into a spring projector by the use of some temporary
converting structure. Includes the converting structure, per se. In
many cases the projecting structure acts only to expel means to
mark a target adjacent the muzzle of the firearm or piece of ordnance,
and the marking device is not intended to completely leave the projector.</scdesc>
<srchin>
<srecord><subnum ref = "C124S058000" doc = "Class124.sgm">58</subnum>
<descript><para>for an adapter for converting a firearm into a fluid-pressure
gun.</para></descript></srecord></srchin>
<srchout>
<crecord><classnum ref = "C434S000000" doc = "Class434.sgm">434</classnum>
<subref><clstitle>Education and Demonstration</clstitle>
<pretext></pretext>
<subnum range = "p" ref = "C434S011000" doc = "Class434.sgm">11</subnum></subref>
<descript><para> for devices for teaching the handling of firearms,
in which no projection of a missile or marking device takes place.</para></descript></crecord></srchout></subclass>
<subclass subnum = "29" id = "C124S029000">
<sctitle>Mounted:</sctitle>
<parent ref = "C124S027000" doc = "Class124.sgm">subclass 27</parent>
<scdesc>Devices, which are supported or mounted on some fixed or
movable structure, as distinguished from devices to be carried in
the hand or supported by the human body.</scdesc>
<srchout>
<crecord><classnum ref = "C042S000000" doc = "Class042.sgm">42</classnum>
<subref><clstitle>Firearms</clstitle>
<pretext></pretext>
<subnum range = "s" ref = "C042S055000" doc = "Class042.sgm">55</subnum></subref>
<descript><para> for toy cannons, used only for firing caps, but
having similar mounting means.</para></descript></crecord>
<crecord><classnum ref = "C089S000000" doc = "Class089.sgm">89</classnum>
<subref><clstitle>Ordnance</clstitle>
<pretext></pretext></subref>
<descript><para>for mounting or supporting means for actual pieces
of ordnance.</para></descript></crecord></srchout></subclass>
<subclass subnum = "31" id = "C124S031000">
<sctitle>Trigger or releasing mechanism:</sctitle>
<parent ref = "C124S080000" doc = "Class124.sgm">subclass 80</parent>
<scdesc>Devices for releasing the force which impels or throws the
projectile.</scdesc>
<notes><note1 notenum = "(1)">
<para>Note. Trigger mechanisms limited to their application to a
specific type of projector have not been cross referenced here,
and should be searched with the type of projector to which they
are limited. For example, trigger mechanism for air pressure projectors,
such as those in this class, subclasses 11&plus; consisting
usually of valve operating means, has not been cross referenced
here unless obviously capable of more general application.</para></note1></notes>
<srchin>
<srecord><subnum range = "p" ref = "C124S041000" doc = "Class124.sgm">41</subnum>
<descript><para>for devices to release the projectile itself from
its holding or carrying means.</para></descript></srecord></srchin>
<srchout>
<crecord><classnum ref = "C074S000000" doc = "Class074.sgm">74</classnum>
<subref><clstitle>Machines Element or Mechanism</clstitle>
<pretext></pretext>
<subnum range = "s" ref = "C074S002000" doc = "Class074.sgm">2</subnum></subref>
<descript><para>, for tripping mechanism in general.</para></descript></crecord></srchout></subclass>
<subclass subnum = "32" id = "C124S032000">
<sctitle>Electrical:</sctitle>
<parent ref = "C124S031000" doc = "Class124.sgm">subclass 31</parent>
<scdesc>Devices, in which some electrical device is used.</scdesc>
<notes><note1 notenum = "(1)">
<para>Note. For electric firing devices for firearms and ordnance,
see Class 42, Firearms, subclass 84, and Class 89, Ordnance, subclasses
28.05&plus;.</para></note1></notes>
<srchin>
<srecord><subnum ref = "C124S077000" doc = "Class124.sgm">77</subnum>
<descript><para>for an electrically actuated valve in a fluid pressure
projector.</para></descript></srecord></srchin></subclass>
<subclass subnum = "33" id = "C124S033000">
<sctitle>Chance operated:</sctitle>
<parent ref = "C124S031000" doc = "Class124.sgm">subclass 31</parent>
<scdesc>Devices, in which an element of chance is introduced, usually
to make the time at which the release takes place uncertain or unpredictable.</scdesc></subclass>
<subclass subnum = "34" id = "C124S034000">
<sctitle>Remote:</sctitle>
<parent ref = "C124S031000" doc = "Class124.sgm">subclass 31</parent>
<scdesc>Devices for releasing the propelling force from a location
remote from the actual projector.</scdesc></subclass>
<subclass subnum = "35.1" id = "C124S035100">
<sctitle>Cord or band:</sctitle>
<parent ref = "C124S031000" doc = "Class124.sgm">subclass 31</parent>
<scdesc>Trigger or release mechanism, particularly adapted to release
a flexible cord or elastic band from a stressed state to either
transfer or provide the force to impel a projectile.</scdesc>
<srchin>
<srecord><subnum ref = "C124S019000" doc = "Class124.sgm">19</subnum>
<descript><para>for the release of a series or succession of elastic
bands which propel themselves through the air.</para></descript></srecord></srchin></subclass>
<subclass subnum = "35.2" id = "C124S035200">
<sctitle>Bow lock or archery trigger for compound or long bow:</sctitle>
<parent ref = "C124S035100" doc = "Class124.sgm">subclass 35.1</parent>
<scdesc>Device, wherein the release means is particularly adapted
to be grasped by an archer and to permit a smooth, controlled, repeatable
mechanized release of the bow string when shooting an arrow.</scdesc></subclass>
<subclass subnum = "36" id = "C124S036000">
<sctitle>Swinging arm release:</sctitle>
<parent ref = "C124S031000" doc = "Class124.sgm">subclass 31</parent>
<scdesc>Devices for releasing a swinging arm which throws or impels
a projectile.</scdesc></subclass>
<subclass subnum = "37" id = "C124S037000">
<sctitle>Plunger release:</sctitle>
<parent ref = "C124S031000" doc = "Class124.sgm">subclass 31</parent>
<scdesc>Devices and mechanism, for releasing a plunger which is
driven by a spring or other means to impel a projectile.</scdesc></subclass>
<subclass subnum = "38" id = "C124S038000">
<sctitle>Variable force:</sctitle>
<parent ref = "C124S037000" doc = "Class124.sgm">subclass 37</parent>
<scdesc>Devices in which the force with which the plunger moves
may be varied. For example, the releasing mechanism may be caused
to operate upon a different point or notch on the plunger.</scdesc></subclass>
<subclass subnum = "39" id = "C124S039000">
<sctitle>Continuous firing:</sctitle>
<parent ref = "C124S037000" doc = "Class124.sgm">subclass 37</parent>
<scdesc>Devices for projecting a succession of missiles, as long
as the mechanism is operated or until the supply in the projector
is exhaused. Usually a resetting of the impelling plunger is alternated
with the release.</scdesc></subclass>
<subclass subnum = "40" id = "C124S040000">
<sctitle>Safety lock:</sctitle>
<parent ref = "C124S031000" doc = "Class124.sgm">subclass 31</parent>
<scdesc>Devices for preventing the premature discharge or impelling
of the projectile.</scdesc>
<srchout>
<crecord><classnum ref = "C042S000000" doc = "Class042.sgm">42</classnum>
<subref><clstitle>Firearms</clstitle>
<pretext></pretext>
<subnum range = "s" ref = "C042S070000" doc = "Class042.sgm">70</subnum></subref>
<descript><para> for safety locks on firearms.</para></descript></crecord></srchout></subclass>
<subclass subnum = "41.1" id = "C124S041100">
<sctitle>Projectile holder or carrier:</sctitle>
<parent ref = "C124S080000" doc = "Class124.sgm">subclass 80</parent>
<scdesc>Apparatus specifically adapted for positioning or transporting
a projectile in association with the projector while the combination
is in a ready-to-fire state.</scdesc>
<notes><note1 notenum = "(1)">
<para>Note. A projectile holder or carrier may also include a trigger
or lock in association therewith.</para></note1></notes>
<srchin>
<srecord><subnum range = "p" ref = "C124S025000" doc = "Class124.sgm">25</subnum>
<descript><para>for crossbows, per se.</para></descript></srecord>
<srecord><subnum range = "p" ref = "C124S031000" doc = "Class124.sgm">31</subnum>
<descript><para>for devices for releasing the projecting force.</para></descript></srecord></srchin></subclass>
<subclass subnum = "42" id = "C124S042000">
<sctitle>Disk:</sctitle>
<parent ref = "C124S041000" doc = "Class124.sgm">subclass 41</parent>
<scdesc>Devices, particularly adapted to hold or carry projectiles
of disk shape.</scdesc></subclass>
<subclass subnum = "43" id = "C124S043000">
<sctitle>Disk target clip or carrier:</sctitle>
<parent ref = "C124S042000" doc = "Class124.sgm">subclass 42</parent>
<scdesc>Devices, where the projectiles are targets usually of clay
or other easily frangible material. Includes devices to release
the projectile at the desired point.</scdesc></subclass>
<subclass subnum = "44" id = "C124S044000">
<sctitle>Boomerang:</sctitle>
<parent ref = "C124S041000" doc = "Class124.sgm">subclass 41</parent>
<scdesc>Devices, particularly adapted to carry or hold projectiles
of shapes commonly known as boomerangs.</scdesc></subclass>
<subclass subnum = "44.5" id = "C124S044500">
<sctitle>For a longbow or compound bow:</sctitle>
<parent ref = "C124S041100" doc = "Class124.sgm">subclass 41.1</parent>
<scdesc>Projectile holder or carrier, particularly adapted for holding
or positioning the unlocked portion of an elongated projectile adjacent
the projector prior to release of the projectile, e.g., an arrow
rest.</scdesc>
<notes><note1 notenum = "(1)">
<para>Note. Crossbows are excluded from this subclass.</para></note1></notes></subclass>
<subclass subnum = "44.6" id = "C124S044600">
<sctitle>Magnetic restraint:</sctitle>
<parent ref = "C124S041100" doc = "Class124.sgm">subclass 41.1</parent>
<scdesc>Projectile holder or carrier, wherein a magnet is used to
position or retain a projectile prior to firing.</scdesc></subclass>
<subclass subnum = "44.7" id = "C124S044700">
<sctitle>Fluid overcomes restraining force:</sctitle>
<parent ref = "C124S041100" doc = "Class124.sgm">subclass 41.1</parent>
<scdesc>Projectile holder or carrier, wherein a pressurized fluid
is used to overpower the positioning or retaining means and thereby
fire the projectile.</scdesc>
<notes><note1 notenum = "(1)">
<para>Note. The pressurized fluid may be produced by actuating a
plunger or it may be released from a pressure vessel.</para></note1></notes></subclass>
<subclass subnum = "45" id = "C124S045000">
<sctitle>Magazine:</sctitle>
<parent ref = "C124S080000" doc = "Class124.sgm">subclass 80</parent>
<scdesc>Devices for holding or carrying a supply of projectiles
in or on the projecting devices, usually in such a way that they
are fed automatically into position to be thrown or impelled. The
relation of the magazine structure to such other parts of the projector
as the projectile guiding barrel, may be set forth provided those other
elements are recited or described only to show the arrangement or
relationship of the magazine.</scdesc>
<srchout>
<crecord><classnum ref = "C042S000000" doc = "Class042.sgm">42</classnum>
<subref><clstitle>Firearms</clstitle>
<pretext></pretext>
<subnum range = "p" ref = "C042S049000" doc = "Class042.sgm">49</subnum></subref>
<descript><para> for magazines on firearms.</para></descript></crecord>
<crecord><classnum ref = "C221S000000" doc = "Class221.sgm">221</classnum>
<subref><clstitle>Article Dispensing</clstitle>
<pretext>appropriate subclasses for article dispensing not otherwise
provided for, and especially </pretext>
<subnum range = "p" ref = "C221S208000" doc = "Class221.sgm">208</subnum></subref>
<descript><para> for such dispensers incorporating discharge assistant means.
See the Notes to the definitions of Class 221 for the disposition of
other related disclosure.</para></descript></crecord>
<crecord><classnum ref = "C227S000000" doc = "Class227.sgm">227</classnum>
<subref><clstitle>Elongated-Member-Driving Apparatus</clstitle>
<pretext></pretext>
<subnum range = "p" ref = "C227S107000" doc = "Class227.sgm">107</subnum></subref>
<descript><para> for combined apparatus for positioning a member, e.g.,
a nail, in alignment with a driver, and for applying such member
to work.</para></descript></crecord>
<crecord><classnum ref = "C312S000000" doc = "Class312.sgm">312</classnum>
<subref><clstitle>Supports: Cabinet Structure</clstitle>
<pretext></pretext>
<subnum range = "p" ref = "C312S035000" doc = "Class312.sgm">35</subnum></subref>
<descript><para> for cabinet structure broadly, for holding articles
of various types similar to projectiles.</para></descript></crecord></srchout></subclass>
<subclass subnum = "46" id = "C124S046000">
<sctitle>Disk target:</sctitle>
<parent ref = "C124S045000" doc = "Class124.sgm">subclass 45</parent>
<scdesc>Devices, particularly adapted to hold or carry a supply
of disk targets.</scdesc></subclass>
<subclass subnum = "47" id = "C124S047000">
<sctitle>Gravity fed:</sctitle>
<parent ref = "C124S046000" doc = "Class124.sgm">subclass 46</parent>
<scdesc>Devices, in which the feeding of the projectiles to the
projector takes place by the action of gravity.</scdesc>
<srchin>
<srecord><subnum ref = "C124S049000" doc = "Class124.sgm">49</subnum>
<descript><para>for gravity fed magazines in general.</para></descript></srecord></srchin></subclass>
<subclass subnum = "48" id = "C124S048000">
<sctitle>Rotary:</sctitle>
<parent ref = "C124S045000" doc = "Class124.sgm">subclass 45</parent>
<scdesc>Devices, in which the magazine is rotated step by step,
supplying a projectile at each step in its rotation.</scdesc></subclass>
<subclass subnum = "49" id = "C124S049000">
<sctitle>Gravity fed:</sctitle>
<parent ref = "C124S045000" doc = "Class124.sgm">subclass 45</parent>
<scdesc>Devices, in which the feeding of the projectiles takes place
by the action of gravity.</scdesc>
<srchin>
<srecord><subnum ref = "C124S047000" doc = "Class124.sgm">47</subnum>
<descript><para>for gravity fed magazines particularly adapted for
use with disk targets.</para></descript></srecord></srchin></subclass>
<subclass subnum = "50" id = "C124S050000">
<sctitle>Having cut-off:</sctitle>
<parent ref = "C124S049000" doc = "Class124.sgm">subclass 49</parent>
<scdesc>Devices, in which the continuous feeding of projectiles
is prevented by some means which permits them to pass into position
only at a certain desired period or position of the other parts of
the projector. This cut-off must be something other than the driving
or impelling member of the projector.</scdesc></subclass>
<subclass subnum = "51.1" id = "C124S051100">
<sctitle>Mechanical projectile feed:</sctitle>
<parent ref = "C124S045000" doc = "Class124.sgm">subclass 45</parent>
<scdesc>Subject matter, in which a projectile is moved from a magazine
to the ready-to-fire position by means of a chute, ramp, conveyor,
linkage, or other mechanical means.</scdesc>
<srchout>
<crecord><classnum ref = "C042S000000" doc = "Class042.sgm">42</classnum>
<subref><clstitle>Firearms</clstitle>
<pretext></pretext>
<subnum range = "p" ref = "C042S04910" doc = "Class042.sgm">49.01</subnum></subref>
<descript><para> for magazines of similar nature for use with a firearm.</para></descript></crecord></srchout></subclass>
<subclass subnum = "52" id = "C124S052000">
<sctitle>Spring:</sctitle>
<parent ref = "C124S051100" doc = "Class124.sgm">subclass 51.1</parent>
<scdesc>Devices, operated or driven by a spring.</scdesc></subclass>
<subclass subnum = "53" id = "C124S053000">
<sctitle>Having cut-off:</sctitle>
<parent ref = "C124S052000" doc = "Class124.sgm">subclass 52</parent>
<scdesc>Devices, in which the continuous feeding of projectiles
is prevented by some means which permits them to pass into position
only at a certain desired period or position of the other parts of
the projector. This cut-off must be something other than the driving
or impelling member of the projector.</scdesc></subclass>
<subclass subnum = "53.5" id = "C124S053500">
<sctitle>Fluid projectile feed:</sctitle>
<parent ref = "C124S051100" doc = "Class124.sgm">subclass 51.1</parent>
<scdesc>Subject matter, in which a projectile is moved from a magazine
to the ready-to-fire position by hydraulic or pneumatic means.</scdesc></subclass>
<subclass subnum = "54" id = "C124S054000">
<sctitle>ELECTRICALLY ACTUATED PROJECTILE STRIKER:</sctitle>
<parent ref = "C124S000000" doc = "Class124.sgm">the class definition</parent>
<scdesc>Apparatus wherein an object or missile is impelled by a
member impacting said object or missile, which member derives its
impacting force by electrical energy applied to said member.</scdesc>
<notes><note1 notenum = "(1)">
<para>Note. See the (1) Note under subclass 56 for discussion of &ldquo;impel&rdquo; and &ldquo;propel&rdquo;.</para></note1></notes>
<srchin>
<srecord><subnum ref = "C124S003000" doc = "Class124.sgm">3</subnum>
<descript><para>for apparatus wherein electromagnetic impulses applied
to the projectile itself causes the projectile to be propelled.</para></descript></srecord></srchin></subclass>
<subclass subnum = "55" id = "C124S055000">
<sctitle>PROJECTOR FOR IMPELLING PUFF OF GAS ONLY:</sctitle>
<parent ref = "C124S000000" doc = "Class124.sgm">the class definition</parent>
<scdesc>Apparatus wherein no more than a blast or volume of gaseous
material is impelled, said blast or volume having dimensions that
are small relative to the distance to which the blast is impelled.</scdesc>
<notes><note1 notenum = "(1)">
<para>Note. The puff of gas (usually air) acts as a projectile that
impacts against a target that moves to indicate that the puff has struck
its target.</para></note1>
<note1 notenum = "(2)">
<para>Note. This subclass provides for a projector that, as claimed
in a patent to the projector, impels a burst of gaseous material
or a burst of fluid material that is not further characterized as
being clearly liquid or clearly gas. For a projector that impels
a burst of liquid material, see the reference to Class 222 below.</para></note1></notes>
<srchout>
<crecord><classnum ref = "C222S000000" doc = "Class222.sgm">222</classnum>
<subref><clstitle>Dispensing</clstitle>
<pretext></pretext>
<subnum range = "s" ref = "C222S079000" doc = "Class222.sgm">79</subnum></subref>
<descript><para> for a water gun wherein a blast of liquid is impelled.</para></descript></crecord></srchout></subclass>
<subclass subnum = "56" id = "C124S056000">
<sctitle>FLUID PRESSURE:</sctitle>
<parent ref = "C124S000000" doc = "Class124.sgm">the class definition</parent>
<scdesc>Apparatus wherein an object or missile is propelled or impelled
by energy applied thereto, which energy is exerted by way of a force
tending to compress or expand the volume of a liquid or a gaseous
material.</scdesc>
<notes><note1 notenum = "(1)">
<para>Note. As used in this and the subclasses indented hereunder
(and also in those subclasses of this Classification Order which
refer to this Note for a discussion of the terms), the terms &ldquo;propel&rdquo; and &ldquo;impel&rdquo;,
have the following meanings and connotations. Both terms have a similar
meaning of causing an object to move rapidly by exerting a force thereon.
However, PROPEL has the connotation of exerting a sustained force
on the object, whereas IMPEL has the connotation of exerting an
impulse of force thereon.</para></note1>
<note1 notenum = "(2)">
<para>Note. The pressurized fluid generated by the force described
in the definition is usually a gas, such as air. The force defined
may be that which compresses or tends to compress the fluid at the moment
of use, or that which compresses the fluid for storage and subsequent
use when the user of the apparatus causes a projectile to be launched.
The source of pressurized fluid may also be a cartridge containing
gas under pressure, in which instance the force is that exerted
by the expansion of the gas from a punctured cartridge.</para></note1></notes>
<srchout>
<crecord><classnum ref = "C089S000000" doc = "Class089.sgm">89</classnum>
<subref><clstitle>Ordnance</clstitle>
<pretext></pretext>
<subnum range = "s" ref = "C089S007000" doc = "Class089.sgm">7</subnum></subref>
<descript><para> for guns, in which the pressure of a gas is used
to expel the projectile, in which the pressure is created by the
explosion of a charge of vapor or other explosive mixture.</para></descript></crecord>
<crecord><classnum ref = "C114S000000" doc = "Class114.sgm">114</classnum>
<subref><clstitle>Ships</clstitle>
<pretext></pretext>
<subnum range = "p" ref = "C114S238000" doc = "Class114.sgm">238</subnum></subref>
<descript><para> for pneumatic devices for launching self-propelled marine
torpedoes.</para></descript></crecord>
<crecord><classnum ref = "C227S000000" doc = "Class227.sgm">227</classnum>
<subref><clstitle>Elongated-Member-Driving Apparatus</clstitle>
<pretext></pretext>
<subnum range = "p" ref = "C227S009000" doc = "Class227.sgm">9</subnum></subref>
<descript><para> for a member, e.g., stud, driving device using
an explosive force.</para></descript></crecord>
<crecord><classnum ref = "C251S000000" doc = "Class251.sgm">251</classnum>
<subref><clstitle>Valves and Valve Actuation</clstitle>
<pretext></pretext></subref>
<descript><para>appropriate subclases for specific valve structure.</para></descript></crecord></srchout></subclass>
<subclass subnum = "57" id = "C124S057000">
<sctitle>Self-contained in projectile or projectile-carrying cartridge:</sctitle>
<parent ref = "C124S056000" doc = "Class124.sgm">subclass 56</parent>
<scdesc>Apparatus wherein a missile is caused to move by discharge
of fluid from a pressurized chamber, in which apparatus, either
a) the missile holds the chamber therein for discharge of pressurized
fluid therefrom as the missile is propelled, or b) the missile is
held by the chamber and forms a seal to hold the pressurized fluid
in the chamber until the moment of discharge, and at discharge the
missile is impelled by the pressurized fluid from the chamber.</scdesc>
<notes><note1 notenum = "(1)">
<para>Note. See (1) Note of subclass 56 for discussion of &ldquo;propel&rdquo; and &ldquo;impel&rdquo;.</para></note1>
<note1 notenum = "(2)">
<para>Note. The chamber of (a) above is not necessarily separable
from the missile, but can comprise a volume integral with and contained
within the missile, which volume is charged with compressed gas just
before the moment that the missile is launched, after which the
discharge of gas from the missile propels the missile.</para></note1></notes></subclass>
<subclass subnum = "58" id = "C124S058000">
<sctitle>Adapter for coverting projector force or projectile:</sctitle>
<parent ref = "C124S056000" doc = "Class124.sgm">subclass 56</parent>
<scdesc>Apparatus wherein significance is attributed to means whereby
the apparatus may be changed, a) from an apparatus using other than
fluid-pressure energy to an apparatus using fluid-pressure energy,
or b) from an apparatus projecting one type or size of missile to
an apparatus projecting another type or size of missile.</scdesc>
<notes><note1 notenum = "(1)">
<para>Note. Apparatus described in (a) above is especially adapted
for converting a firearm structure using explosive energy into projector
structure using fluid-pressure energy. The claims in patents for such
apparatus recite the firearm in terms of the environment that the
adapter is to operate in rather than in terms of the firearm.</para></note1></notes>
<srchout>
<crecord><classnum ref = "C042S000000" doc = "Class042.sgm">42</classnum>
<subref><clstitle>Firearms</clstitle>
<pretext></pretext></subref>
<descript><para>appropriate subclasses for a projector using an
explosive charge to provide the projecting force.</para></descript></crecord></srchout></subclass>
<subclass subnum = "59" id = "C124S059000">
<sctitle>Having common supply to plural projector barrels:</sctitle>
<parent ref = "C124S056000" doc = "Class124.sgm">subclass 56</parent>
<scdesc>Apparatus provided with two or more tubes, any of which
tubes guides the launching of a missile while the missile is within
the confines of the apparatus, and provided with means to connect
the same source of pressurized fluid to any or all of the tubes
selectively.</scdesc></subclass>
<subclass subnum = "60" id = "C124S060000">
<sctitle>Provided by surge of pressure into evacuated projector
barrel:</sctitle>
<parent ref = "C124S056000" doc = "Class124.sgm">subclass 56</parent>
<scdesc>Apparatus wherein the energy to impel a missile is applied
by removing from a chamber a quantity of gas, and the missile is
subsequently released to be projected through and out of the chamber
under the urging of ambient gas behind the missile suddenly filling
the chamber.</scdesc></subclass>
<subclass subnum = "61" id = "C124S061000">
<sctitle>Applied to intermediate projectile-engaging member:</sctitle>
<parent ref = "C124S056000" doc = "Class124.sgm">subclass 56</parent>
<scdesc>Apparatus provided with a component located between the
missile and a source of pressurized fluid, which component is pushed
by the pressurized fluid into impacting contact with the missile,
thereby to impel the missile.</scdesc></subclass>
<subclass subnum = "62" id = "C124S062000">
<sctitle>Provided by user&quot;s mouth or lungs:</sctitle>
<parent ref = "C124S056000" doc = "Class124.sgm">subclass 56</parent>
<scdesc>Apparatus wherein the source of pressurized fluid for impelling
a missile is the respiratory system of a person using the apparatus.</scdesc>
<notes><note1 notenum = "(1)">
<para>Note. The apparatus is usually a tube that guides a missile
for launching therefrom, into which tube the user exhales to produce
the pressure that impels the missile.</para></note1></notes></subclass>
<subclass subnum = "63" id = "C124S063000">
<sctitle>Provided by movement of user-actuated, projector-mounted
pressure member:</sctitle>
<parent ref = "C124S056000" doc = "Class124.sgm">subclass 56</parent>
<scdesc>Apparatus provided with a component that is carried by the
apparatus and is driven relative to the apparatus by an action of
the user of such apparatus, wherein the driving of said component
pressurizes the fluid that impels a missile.</scdesc>
<notes><note1 notenum = "(1)">
<para>Note. The user&quot;s action may be applied to the pressurizing
component directly to cause a momentary pressure that is used immediately,
or may be applied indirectly by an intermediate member that transmits
the user&quot;s force into a pressurizing force. Moreover, the
user&quot;s energy may be stored in a spring member that will
subsequently drive the pressurizing component, or stored in a container
of pressurized fluid.</para></note1></notes></subclass>
<subclass subnum = "64" id = "C124S064000">
<sctitle>To create surge of pressure:</sctitle>
<parent ref = "C124S063000" doc = "Class124.sgm">subclass 63</parent>
<scdesc>Apparatus wherein the driving of said component generates
a sudden rush of pressurized fluid that impels the missile as the
component is driven.</scdesc></subclass>
<subclass subnum = "65" id = "C124S065000">
<sctitle>By plunger moving within cylinder:</sctitle>
<parent ref = "C124S064000" doc = "Class124.sgm">subclass 64</parent>
<scdesc>Apparatus wherein the component is a piston having a periphery
substantially conforming to the interior surface of a tube, and
the piston reciprocates inside of the tube to pressurize fluid within
the tube.</scdesc>
<notes><note1 notenum = "(1)">
<para>Note. The cylinder in which pressure is created may be the
barrel that guides the missile to be impelled or may be an auxiliary
cylinder that confines the pressurized fluid for release into the
barrel that guides the missile.</para></note1></notes></subclass>
<subclass subnum = "66" id = "C124S066000">
<sctitle>By spring-driven plunger:</sctitle>
<parent ref = "C124S065000" doc = "Class124.sgm">subclass 65</parent>
<scdesc>Apparatus wherein the driving of said piston is caused by
a resilient element.</scdesc>
<notes><note1 notenum = "(1)">
<para>Note. In this subclass the user&quot;s energy is usually
stored in a spring (usually by compressing the spring) which is
subsequently released to drive the piston that pressurizes the impelling
fluid.</para></note1></notes></subclass>
<subclass subnum = "67" id = "C124S067000">
<sctitle>Within cylinder having diameter larger than projector barrel:</sctitle>
<parent ref = "C124S066000" doc = "Class124.sgm">subclass 66</parent>
<scdesc>Apparatus wherein the piston reciprocates inside of a first
tube and the missile is impelled from a second tube, and wherein
the inside diametral dimension of said first tube is greater than
the inside diametral dimension of said second tube, and wherein
the tubes are connected for passage of fluid, whereby pressure generated
in said first tube is used to impel the missile from said second
tube.</scdesc>
<notes><note1 notenum = "(1)">
<para>Note. The first tube is the auxiliary cylinder referred to
in (1) Note of subclass 65.</para></note1></notes></subclass>
<subclass subnum = "68" id = "C124S068000">
<sctitle>With recoil-absorbing mechanism:</sctitle>
<parent ref = "C124S067000" doc = "Class124.sgm">subclass 67</parent>
<scdesc>Apparatus wherein the action force that drives the piston
for pressurizing the fluid creates a reaction force, which apparatus
is provided with means to consume or compensate for the reaction
force.</scdesc></subclass>
<subclass subnum = "69" id = "C124S069000">
<sctitle>To store pressure in valved container:</sctitle>
<parent ref = "C124S063000" doc = "Class124.sgm">subclass 63</parent>
<scdesc>Apparatus wherein the driving of said component generates
pressurized fluid that is held in a chamber, which chamber is provided
with means for a) closing the chamber to hold pressurized fluid
therein or b) opening the chamber to permit the pressurized fluid
to be discharged or recharged.</scdesc></subclass>
<subclass subnum = "70" id = "C124S070000">
<sctitle>With check valve permitting recharge, and control valve
for discharge, of fluid pressure:</sctitle>
<parent ref = "C124S056000" doc = "Class124.sgm">subclass 56</parent>
<scdesc>Apparatus provided with a chamber for containing the pressurized
fluid, which chamber includes a check valve whereby pressurized fluid
admitted to the chamber, and also includes a control valve whereby
pressurized fluid released from the chamber to impel a missile.</scdesc>
<notes><note1 notenum = "(1)">
<para>Note. The term &ldquo;check valve&rdquo; refers to a device
in a conduit or passageway for fluid, which device permits the passage of
fluid in one direction of fluid movement through the device, but
does not permit the passage of fluid in the opposite direction of
movement.</para></note1>
<note1 notenum = "(2)">
<para>Note. The term &ldquo;control valve&rdquo; refers to a
device in a conduit or passageway for fluid, which device may be
closed to prevent the passage of fluid therethrough, or may be opened
to a regulated degree to permit the passage of fluid therethrough to
a degree of fluid flow limited only by the area of the opening.</para></note1></notes></subclass>
<subclass subnum = "71" id = "C124S071000">
<sctitle>With control for discharge of fluid pressure:</sctitle>
<parent ref = "C124S056000" doc = "Class124.sgm">subclass 56</parent>
<scdesc>Apparatus provided with means for regulating the release
of pressurized fluid from a chamber that contains said pressurized
fluid, which means is triggered by a user of the apparatus.</scdesc>
<notes><note1 notenum = "(1)">
<para>Note. In this subclass the apparatus includes a gas cartridge
with pressurized fluid therein, and means for puncturing the cartridge
to release the fluid to impel the missile.</para></note1></notes></subclass>
<subclass subnum = "72" id = "C124S072000">
<sctitle>For continual projection of successive projectiles (e.g.,
for "rapid fire", etc.): </sctitle>
<parent ref = "C124S071000" doc = "Class124.sgm">subclass 71</parent>
<scdesc>Apparatus wherein significance is attributed to a manner
of operating the apparatus such that a single actuation of a control
member causes a plurality of missiles to be launched in quick sequence.</scdesc>
<srchin>
<srecord><subnum ref = "C124S019000" doc = "Class124.sgm">19</subnum>
<descript><para>for repeated launching of elastic-band projectiles.</para></descript></srecord></srchin></subclass>
<subclass subnum = "73" id = "C124S073000">
<sctitle>By valve means:</sctitle>
<parent ref = "C124S071000" doc = "Class124.sgm">subclass 71</parent>
<scdesc>Apparatus wherein the regulating means is a control valve
which may be opened to release pressurized fluid to impel a missile.</scdesc>
<notes><note1 notenum = "(1)">
<para>Note. See the (1) Note under subclass 70 for further discussion
of the meaning of &ldquo;control valve&rdquo;.</para></note1></notes></subclass>
<subclass subnum = "74" id = "C124S074000">
<sctitle>For discharge of pressure from removably mounted cartridge:</sctitle>
<parent ref = "C124S073000" doc = "Class124.sgm">subclass 73</parent>
<scdesc>Apparatus wherein a chamber that may be put into and taken
out of the apparatus is the source of pressurized fluid, which apparatus
is provided with a control valve coacting with said chamber containing
pressurized fluid to regulate the release of fluid from the chamber.</scdesc></subclass>
<subclass subnum = "75" id = "C124S075000">
<sctitle>Opened by fluid pressure-actuated means:</sctitle>
<parent ref = "C124S073000" doc = "Class124.sgm">subclass 73</parent>
<scdesc>Apparatus wherein the control valve includes a member, which
member is triggered by a user to be moved by pressurized fluid to
regulate release of pressurized fluid to impel a missile.</scdesc></subclass>
<subclass subnum = "76" id = "C124S076000">
<sctitle>Opened by spring-actuated means:</sctitle>
<parent ref = "C124S073000" doc = "Class124.sgm">subclass 73</parent>
<scdesc>Apparatus wherein the control valve includes a member, which
member is triggered by a user to be moved by a resilient element
to regulate release of pressurized fluid to impel a missile.</scdesc></subclass>
<subclass subnum = "77" id = "C124S077000">
<sctitle>Opened by electrically actuated means:</sctitle>
<parent ref = "C124S073000" doc = "Class124.sgm">subclass 73</parent>
<scdesc>Apparatus wherein the control valve includes a member, which
member is triggered to be moved by electrical energy to regulate
release of pressurized fluid to impel a missile.</scdesc>
<srchin>
<srecord><subnum ref = "C124S032000" doc = "Class124.sgm">32</subnum>
<descript><para>for an electrically-released trigger device.</para></descript></srecord></srchin></subclass>
<subclass subnum = "78" id = "C124S078000">
<sctitle>PROJECTILE IMPELLED BY COACTING WHEELS:</sctitle>
<parent ref = "C124S000000" doc = "Class124.sgm">the class definition</parent>
<scdesc>Apparatus provided with two drums rotating on parallel axes
in opposite rotational directions so that their adjacent peripheries
are moving in the same direction, the drums being spaced apart so
that their adjacent peripheries are separated by a distance substantially
equal to or slightly less than a cross-sectional dimension of a
missile that will pass between the drums, whereby as the missile
passes between the drums in tangential relation thereto, the missile
will be accelerated by contact with the peripheries of the rotating
drums.</scdesc></subclass>
<subclass subnum = "79" id = "C124S079000">
<sctitle>PROJECTILE IMPELLED BY USER-PROVIDED FORCE:</sctitle>
<parent ref = "C124S000000" doc = "Class124.sgm">the class definition</parent>
<scdesc>Apparatus provided with a member for impacting against a
missile when the member is moved, which member is impacted by a
user of the apparatus and transmits the motion of the user into
motion of the member to impact against and impel the missile.</scdesc></subclass>
<subclass subnum = "80" id = "C124S080000">
<sctitle>ELEMENT:</sctitle>
<parent ref = "C124S000000" doc = "Class124.sgm">the class definition</parent>
<scdesc>Device wherein significance is attributed to a particular
portion of the structure or operating mechanism of a projectile-throwing
or impelling apparatus.</scdesc>
<srchout>
<crecord><classnum ref = "C042S000000" doc = "Class042.sgm">42</classnum>
<subref><clstitle>Firearms</clstitle>
<pretext></pretext></subref>
<descript><para>appropriate subclasses for elements similar to those
in this group, when used in connection with firearms.</para></descript></crecord>
<crecord><classnum ref = "C089S000000" doc = "Class089.sgm">89</classnum>
<subref><clstitle>Ordnance</clstitle>
<pretext></pretext></subref>
<descript><para>appropriate subclasses for elements similar to those
in this group when used in connection with ordnance.</para></descript></crecord></srchout></subclass>
<subclass subnum = "81" id = "C124S081000">
<sctitle>Means for producing projectile spin or deflection:</sctitle>
<parent ref = "C124S080000" doc = "Class124.sgm">subclass 80</parent>
<scdesc>Device which imparts a rapid rotation to a missile about
an axis that is substantially coincident with the line of movement
of the missile, or which diverts a moving missile from one trajectory
to a different trajectory as it is being impelled from a projectile-impelling
apparatus.</scdesc></subclass>
<subclass subnum = "82" id = "C124S082000">
<sctitle>Means for feeding projectile or ejecting cartridge:</sctitle>
<parent ref = "C124S080000" doc = "Class124.sgm">subclass 80</parent>
<scdesc>Device which moves a missile relative to a projector thereof
before it is impelled therefrom, such movement being for the purpose
of locating the missile in proper position to be impelled, or which
removes from a projector the cartridge of a projectile-carrying
cartridge after the launching of a missile from the cartridge.</scdesc>
<notes><note1 notenum = "(1)">
<para>Note. The term &ldquo;projectile-carrying cartridge&rdquo; is
defined in part (b) of the definition of subclass 57 above.</para></note1></notes></subclass>
<subclass subnum = "83" id = "C124S083000">
<sctitle>Projector barrel:</sctitle>
<parent ref = "C124S080000" doc = "Class124.sgm">subclass 80</parent>
<scdesc>Device in which the particular portion is a tube on the
projectile-impelling apparatus, which tube guides a missile during
the short time that the missile is within the apparatus just before
it is fully launched therefrom.</scdesc></subclass>
<subclass subnum = "84" id = "C124S084000">
<sctitle>On convertible or adjustable projector:</sctitle>
<parent ref = "C124S083000" doc = "Class124.sgm">subclass 83</parent>
<scdesc>Device in which one tube can be exchanged for another tube,
or in which a tube can be varied in dimension, whereby missiles
of varying dimensions can be launched from a particular projectile-impelling
apparatus, or in which a particular tube may be mounted on one form
of stock (e.g., to simulate a hand gun) or mounted on another form
of stock (e.g., to simulate a rifle).</scdesc></subclass>
<subclass subnum = "85" id = "C124S085000">
<sctitle>With surrounding cylinder:</sctitle>
<parent ref = "C124S083000" doc = "Class124.sgm">subclass 83</parent>
<scdesc>Device in which the tube that guides the missile is enclosed
along substantially its entire length by a second tube spaced radially
from the guiding tube.</scdesc></subclass>
<subclass subnum = "86" id = "C124S086000">
<sctitle>For archery projector:</sctitle>
<parent ref = "C124S080000" doc = "Class124.sgm">subclass 80</parent>
<scdesc>Device in which the particular portion is part of an apparatus
wherein a user impels an arrow from a bow.</scdesc>
<notes><note1 notenum = "(1)">
<para>Note. For purposes of the subclasses indented hereunder, a &ldquo;bow&rdquo; is
defined as a strip of elongated resilient material, usually curved
or bent, having a &ldquo;string&rdquo; connecting the two
ends of the strip. In use, the bow is grasped by a &ldquo;handle&rdquo; and
a portion of the string is pulled away from the handle with an arrow
between the string and the handle. A groove or &ldquo;nock&rdquo; in
the rear end of the arrow is fitted to the string so that when the
string is released energy which has been stored in the bow by pulling
apart is released and the arrow is impelled.</para></note1></notes></subclass>
<subclass subnum = "87" id = "C124S087000">
<sctitle>Bow sight:</sctitle>
<parent ref = "C124S086000" doc = "Class124.sgm">subclass 86</parent>
<scdesc>Device in which the particular portion is a component that
aids a user to properly aim an arrow towards its target.</scdesc>
<srchout>
<crecord><classnum ref = "C033S000000" doc = "Class033.sgm">33</classnum>
<subref><clstitle>Geometrical Instruments</clstitle>
<pretext></pretext>
<subnum range = "s" ref = "C033S265000" doc = "Class033.sgm">265</subnum></subref>
<descript><para> for a sighting means, per se.</para></descript></crecord></srchout></subclass>
<subclass subnum = "88" id = "C124S088000">
<sctitle>Bow handle or attachment thereto:</sctitle>
<parent ref = "C124S086000" doc = "Class124.sgm">subclass 86</parent>
<scdesc>Device in which the particular portion is a bow handle,
or a component fastened thereto.</scdesc>
<notes><note1 notenum = "(1)">
<para>Note. See (1) Note to subclass 86 for a discussion of the
terms &ldquo;bow&rdquo; and &ldquo;handle&rdquo; in
relation to other archery terms.</para></note1></notes></subclass>
<subclass subnum = "89" id = "C124S089000">
<sctitle>For stabilization thereof:</sctitle>
<parent ref = "C124S088000" doc = "Class124.sgm">subclass 88</parent>
<scdesc>Device in which the portion or component tends to prevent
excess motion of the bow, especially during launching of an arrow
therefrom.</scdesc></subclass>
<subclass subnum = "90" id = "C124S090000">
<sctitle>Bow string or attachment thereto:</sctitle>
<parent ref = "C124S086000" doc = "Class124.sgm">subclass 86</parent>
<scdesc>Device in which the particular portion is a bow string,
or a component fastened thereto.</scdesc>
<notes><note1 notenum = "(1)">
<para>Note. See (1) Note to subclass 86 for a discussion of the
terms &ldquo;bow&rdquo; and &ldquo;string&rdquo; in
relation to other archery terms.</para></note1></notes></subclass>
<subclass subnum = "91" id = "C124S091000">
<sctitle>Nock-point locator:</sctitle>
<parent ref = "C124S090000" doc = "Class124.sgm">subclass 90</parent>
<scdesc>Device in which the portion or component serves to position
the nock of an arrow relative to its correct position on the strings
to properly launch the arrow.</scdesc>
<notes><note1 notenum = "(1)">
<para>Note. See (1) Note to subclass 86 for a discussion of the
terms &ldquo;nock&rdquo; and &ldquo;string&rdquo; in
relation to other archery terms.</para></note1></notes></subclass>
<subclass subnum = "92" id = "C124S092000">
<sctitle>Silencer:</sctitle>
<parent ref = "C124S090000" doc = "Class124.sgm">subclass 90</parent>
<scdesc>Device in which the portion or component tends to reduce
the noise that normally is caused by vibration of a string after
release thereof.</scdesc></subclass></sclasses>
<xrefcols>
<subclass subnum = "900" id = "C124S900000">
<sctitle>LIMB TIP ROTATABLE ELEMENT STRUCTURE:</sctitle>
<scdesc>Collection of documents disclosing reels, cams, eccentrics,
pulleys, wheels, etc., which are mounted at or near an extreme end
of a bow stave in such fashion as to be operatively associated with
a means for increasing the shooter&quot;s mechanical advantage,
e.g., the pulleys of a compound bow.</scdesc></subclass></xrefcols>
</class>
