<?xml version="1.0" encoding="UTF-8"?>
<!DOCTYPE class PUBLIC "-//USPTO//DTD Classification Definitions//EN" "xclassdef.dtd" [

<!-- Begin Document Specific Declarations -->

<!-- End Document Specific Declarations -->

]>
<?xml-stylesheet href="classdef.xsl" type="text/XSL"?>

<class classnum = "276" id = "C276S000000"><title>TYPESETTING</title>
<sections><descsect>
<para>Means peculiarly adapted for assembling type or the elements
of a printing-form, means for returning such type or elements to
their respective storage-chambers after printing; also means, such
as galleys and the like, not constituting a part of the printing
apparatus, for holding assembled matter. Also cabinets, trays, or
other means for holding or storing type for the compositor together
with means for feeding the type to the delivery point of the holding
means or from the type cabinet.</para>
</descsect>
<linesect>
<para>Compare Class 199, Type Casting, containing apparatus for
setting or distributing matrices in type-casting machines. Compare
Class 234, Selective Cutting (e.g., Punching), subclasses 4&plus;,
for a keyboard controlled typos:graphical tape-punch provided with
a space totalizer and indicator for justification purposes (some
of these devices comprise automatic justification computer and means
to punch the justification symbol).</para>
</linesect></sections>
<sclasses>
<subclass subnum = "1" id = "C276S001000">
<sctitle>MISCELLANEOUS:</sctitle>
<parent ref = "C276S000000" doc = "Class276.sgm">the class definition</parent>
<scdesc>Means falling within the class not provided for in any specific
subclass.</scdesc></subclass>
<subclass subnum = "2" id = "C276S002000">
<sctitle>SETTING AND DISTRIBUTING MACHINES:</sctitle>
<parent ref = "C276S000000" doc = "Class276.sgm">the class definition</parent>
<scdesc>Machines for both assembling the type and returning them
to the storage-magazines.</scdesc></subclass>
<subclass subnum = "3" id = "C276S003000">
<sctitle>Registerable magazine and composing channels:</sctitle>
<parent ref = "C276S002000" doc = "Class276.sgm">subclass 2</parent>
<scdesc>Wherein the line-receiving channel is adapted to be brought
into juxtaposition with one or both ends of the magazine-channels.</scdesc></subclass>
<subclass subnum = "4" id = "C276S004000">
<sctitle>Magazine and printing member:</sctitle>
<parent ref = "C276S003000" doc = "Class276.sgm">subclass 3</parent>
<scdesc>Wherein the types are assembled directly into the printing
member.</scdesc></subclass>
<subclass subnum = "5" id = "C276S005000">
<sctitle>Circulating feeler and type-holder distributors:</sctitle>
<parent ref = "C276S002000" doc = "Class276.sgm">subclass 2</parent>
<scdesc>The distributer having type-holders, which carry the type
in a circuit, and correlated feelers moving therewith, which enter
special nicks in the type and actuate the discharge when the proper
channel is reached.</scdesc></subclass>
<subclass subnum = "6" id = "C276S006000">
<sctitle>Ward distributors:</sctitle>
<parent ref = "C276S002000" doc = "Class276.sgm">subclass 2</parent>
<scdesc>The magazine-entrances having projections, which permit
the passage of only such types as are provided with proper nicks
to clear the projections.</scdesc></subclass>
<subclass subnum = "7" id = "C276S007000">
<sctitle>Keyboard distributors:</sctitle>
<parent ref = "C276S002000" doc = "Class276.sgm">subclass 2</parent>
<scdesc>The distributer having different members corresponding to
different types and adapted to be manually operated to deliver the
types to their respective channels.</scdesc></subclass>
<subclass subnum = "8" id = "C276S008000">
<sctitle>SETTING AND JUSTIFYING MACHINES:</sctitle>
<parent ref = "C276S000000" doc = "Class276.sgm">the class definition</parent>
<scdesc>Machines for both assembling the type into line and for
modifying the spaces between the words, so as to bring the line
to standard length.</scdesc>
<srchout>
<crecord><classnum ref = "C234S000000" doc = "Class234.sgm">234</classnum>
<subref><clstitle>Selective Cutting (e.g., Punching)</clstitle>
<pretext></pretext>
<subnum range = "p" ref = "C234S004000" doc = "Class234.sgm">4</subnum></subref>
<descript><para> (and see the reference to Class 234 in section
II of the class definition, above).</para></descript></crecord></srchout></subclass>
<subclass subnum = "9" id = "C276S009000">
<sctitle>Measure-controlled justifier:</sctitle>
<parent ref = "C276S008000" doc = "Class276.sgm">subclass 8</parent>
<scdesc>Line automatically justified by mechanism which is controlled
by the length of the line and the number of words in the line.</scdesc></subclass>
<subclass subnum = "10" id = "C276S010000">
<sctitle>Compressing justifier:</sctitle>
<parent ref = "C276S008000" doc = "Class276.sgm">subclass 8</parent>
<scdesc>Line set up with yielding spaces between the words and then
compressed to the proper length.</scdesc></subclass>
<subclass subnum = "11" id = "C276S011000">
<sctitle>Indicating justifier:</sctitle>
<parent ref = "C276S008000" doc = "Class276.sgm">subclass 8</parent>
<scdesc>Wherein the length of the line is indicated as it is being
set, so that the operator may determine the size of spaces required.</scdesc></subclass>
<subclass subnum = "12" id = "C276S012000">
<sctitle>SETTING MACHINES:</sctitle>
<parent ref = "C276S000000" doc = "Class276.sgm">the class definition</parent>
<scdesc>Limited to machines for assembling types into line.</scdesc></subclass>
<subclass subnum = "13" id = "C276S013000">
<sctitle>Pattern control:</sctitle>
<parent ref = "C276S012000" doc = "Class276.sgm">subclass 12</parent>
<scdesc>A previously-prepared member automatically governing the
order in which types are selected.</scdesc></subclass>
<subclass subnum = "14" id = "C276S014000">
<sctitle>Hand supply:</sctitle>
<parent ref = "C276S012000" doc = "Class276.sgm">subclass 12</parent>
<scdesc>Type fed by hand.</scdesc></subclass>
<subclass subnum = "15" id = "C276S015000">
<sctitle>Registerable magazine and composing channels:</sctitle>
<parent ref = "C276S012000" doc = "Class276.sgm">subclass 12</parent>
<scdesc>Line-receiving channel brought into juxtaposition with one
or both ends of the magazine-channels.</scdesc>
<srchin>
<srecord><subnum ref = "C276S003000" doc = "Class276.sgm">3</subnum>
<descript><para>and indented subclass.</para></descript></srecord></srchin></subclass>
<subclass subnum = "16" id = "C276S016000">
<sctitle>Conveyor:</sctitle>
<parent ref = "C276S012000" doc = "Class276.sgm">subclass 12</parent>
<scdesc>Having a moving member or members to carry the type from
the magazine-channels to the composing member.</scdesc></subclass>
<subclass subnum = "17" id = "C276S017000">
<sctitle>Endless:</sctitle>
<parent ref = "C276S016000" doc = "Class276.sgm">subclass 16</parent>
<scdesc>Conveyer in the nature of an endless band.</scdesc></subclass>
<subclass subnum = "18" id = "C276S018000">
<sctitle>Power ejector:</sctitle>
<parent ref = "C276S017000" doc = "Class276.sgm">subclass 17</parent>
<scdesc>Wherein selective mechanism is supplemented by power for
ejecting the type onto endless conveyers.</scdesc></subclass>
<subclass subnum = "19" id = "C276S019000">
<sctitle>Power ejector:</sctitle>
<parent ref = "C276S016000" doc = "Class276.sgm">subclass 16</parent>
<scdesc>Wherein selective mechanism is supplemented by power for
ejecting the type into other than endless conveyers.</scdesc></subclass>
<subclass subnum = "20" id = "C276S020000">
<sctitle>Converging chutes:</sctitle>
<parent ref = "C276S012000" doc = "Class276.sgm">subclass 12</parent>
<scdesc>Having gravity-ways for the type running from the magazine-channels
and all terminating at the composing member.</scdesc></subclass>
<subclass subnum = "21" id = "C276S021000">
<sctitle>Power ejector:</sctitle>
<parent ref = "C276S020000" doc = "Class276.sgm">subclass 20</parent>
<scdesc>Wherein selective mechanism is supplemented by power for
ejecting the type into the converging chutes.</scdesc></subclass>
<subclass subnum = "22" id = "C276S022000">
<sctitle>DISTRIBUTING MACHINES:</sctitle>
<parent ref = "C276S000000" doc = "Class276.sgm">the class definition</parent>
<scdesc>Limited to machines for returning the type to their respective
channels.</scdesc></subclass>
<subclass subnum = "23" id = "C276S023000">
<sctitle>Feeler:</sctitle>
<parent ref = "C276S022000" doc = "Class276.sgm">subclass 22</parent>
<scdesc>Having means positioned by the nicks in the type for actuating
the discharge when the type is in the proper relative position.</scdesc></subclass>
<subclass subnum = "24" id = "C276S024000">
<sctitle>Circulating type holder:</sctitle>
<parent ref = "C276S023000" doc = "Class276.sgm">subclass 23</parent>
<scdesc>Type carried by a circulating holder until the proper storage-channel
is reached.</scdesc></subclass>
<subclass subnum = "25" id = "C276S025000">
<sctitle>Circulating feeler:</sctitle>
<parent ref = "C276S024000" doc = "Class276.sgm">subclass 24</parent>
<scdesc>The feeler mechanism moving with the type.</scdesc>
<srchin>
<srecord><subnum ref = "C276S005000" doc = "Class276.sgm">5</subnum>
<descript><para></para></descript></srecord></srchin></subclass>
<subclass subnum = "26" id = "C276S026000">
<sctitle>Ward:</sctitle>
<parent ref = "C276S022000" doc = "Class276.sgm">subclass 22</parent>
<scdesc>The magazine-entrances having projections, which permit
the passage of only such types as are provided with proper nicks
to clear the projections.</scdesc>
<notes><note1 notenum = "(1)">
<para>Note. Compare class 199, Typecasting, subclass 64.</para></note1></notes>
<srchin>
<srecord><subnum ref = "C276S006000" doc = "Class276.sgm">6</subnum>
<descript><para></para></descript></srecord></srchin></subclass>
<subclass subnum = "27" id = "C276S027000">
<sctitle>Keyboard:</sctitle>
<parent ref = "C276S022000" doc = "Class276.sgm">subclass 22</parent>
<scdesc>Having different members corresponding to different types
and adapted to be manually operated to deliver the types to their
respective channels.</scdesc>
<srchin>
<srecord><subnum ref = "C276S007000" doc = "Class276.sgm">7</subnum>
<descript><para></para></descript></srecord></srchin></subclass>
<subclass subnum = "28" id = "C276S028000">
<sctitle>JUSTIFYING MACHINES:</sctitle>
<parent ref = "C276S000000" doc = "Class276.sgm">the class definition</parent>
<scdesc>Machines for modifying the spaces between the words, so
as to bring the line to standard length.</scdesc>
<srchout>
<crecord><classnum ref = "C234S000000" doc = "Class234.sgm">234</classnum>
<subref><clstitle>Selective Cutting (e.g., Punching)</clstitle>
<pretext></pretext>
<subnum range = "p" ref = "C234S004000" doc = "Class234.sgm">4</subnum></subref>
<descript><para> (and see the reference to Class 234 in section
II of the class definition, above).</para></descript></crecord></srchout></subclass>
<subclass subnum = "29" id = "C276S029000">
<sctitle>Measurer-controlled:</sctitle>
<parent ref = "C276S028000" doc = "Class276.sgm">subclass 28</parent>
<scdesc>Automatically governed by the length of line.</scdesc>
<srchin>
<srecord><subnum ref = "C276S009000" doc = "Class276.sgm">9</subnum>
<descript><para></para></descript></srecord></srchin></subclass>
<subclass subnum = "30" id = "C276S030000">
<sctitle>Space-making:</sctitle>
<parent ref = "C276S029000" doc = "Class276.sgm">subclass 29</parent>
<scdesc>Manufacturing the spaces as used.</scdesc></subclass>
<subclass subnum = "31" id = "C276S031000">
<sctitle>Casting:</sctitle>
<parent ref = "C276S030000" doc = "Class276.sgm">subclass 30</parent>
<scdesc>Wherein the spaces are produced from material in fluid condition
by pouring it and allowing it to harden.</scdesc></subclass>
<subclass subnum = "32" id = "C276S032000">
<sctitle>Wedge:</sctitle>
<parent ref = "C276S028000" doc = "Class276.sgm">subclass 28</parent>
<scdesc>Adapted to have wedges forced between the words until the
line is expanded to the proper length.</scdesc></subclass>
<subclass subnum = "33" id = "C276S033000">
<sctitle>Galleys:</sctitle>
<parent ref = "C276S028000" doc = "Class276.sgm">subclass 28</parent>
<scdesc>Means peculiarly adapted for holding the assembled line,
so that it may be justified by hand.</scdesc></subclass>
<subclass subnum = "34" id = "C276S034000">
<sctitle>LEAD HANDLERS:</sctitle>
<parent ref = "C276S000000" doc = "Class276.sgm">the class definition</parent>
<scdesc>Means for placing members between lines of assembled matter
or removing the same therefrom.</scdesc></subclass>
<subclass subnum = "35" id = "C276S035000">
<sctitle>TYPE-LINE SEPARATORS:</sctitle>
<parent ref = "C276S000000" doc = "Class276.sgm">the class definition</parent>
<scdesc>Means for detaching single lines of type from assembled
matter for distribution.</scdesc></subclass>
<subclass subnum = "36" id = "C276S036000">
<sctitle>TYPE ARRANGERS:</sctitle>
<parent ref = "C276S000000" doc = "Class276.sgm">the class definition</parent>
<scdesc>Means for causing type to be delivered with their sides
in proper relation.</scdesc></subclass>
<subclass subnum = "37" id = "C276S037000">
<sctitle>HAND TYPE CHANNELS:</sctitle>
<parent ref = "C276S000000" doc = "Class276.sgm">the class definition</parent>
<scdesc>Means for holding a single line of type, not designed to
constitute a portion of a machine, but merely to be used as a free
implement.</scdesc></subclass>
<subclass subnum = "38" id = "C276S038000">
<sctitle>COMPOSING STICKS:</sctitle>
<parent ref = "C276S000000" doc = "Class276.sgm">the class definition</parent>
<scdesc>Devices adapted to receive the type as it is set by hand
and capable of holding a few lines.</scdesc></subclass>
<subclass subnum = "39" id = "C276S039000">
<sctitle>Positive knee lock:</sctitle>
<parent ref = "C276S038000" doc = "Class276.sgm">subclass 38</parent>
<scdesc>Having means other than friction-clamps for securing the
adjustable end stop in position.</scdesc></subclass>
<subclass subnum = "40" id = "C276S040000">
<sctitle>GALLEYS:</sctitle>
<parent ref = "C276S000000" doc = "Class276.sgm">the class definition</parent>
<scdesc>Trays for holding the composed type.</scdesc></subclass>
<subclass subnum = "41" id = "C276S041000">
<sctitle>Side and end locking means:</sctitle>
<parent ref = "C276S040000" doc = "Class276.sgm">subclass 40</parent>
<scdesc>Having means for pressing against both the sides and the
end of the composed matter.</scdesc></subclass>
<subclass subnum = "42" id = "C276S042000">
<sctitle>Side locking means:</sctitle>
<parent ref = "C276S040000" doc = "Class276.sgm">subclass 40</parent>
<scdesc>Having means for applying pressure, so as to squeeze the
type together in the direction-lines.</scdesc></subclass>
<subclass subnum = "43" id = "C276S043000">
<sctitle>End locking means:</sctitle>
<parent ref = "C276S040000" doc = "Class276.sgm">subclass 40</parent>
<scdesc>Having means for applying pressure, so as to squeeze the
lines together.</scdesc></subclass>
<subclass subnum = "44" id = "C276S044000">
<sctitle>TYPE CASES:</sctitle>
<parent ref = "C276S000000" doc = "Class276.sgm">the class definition</parent>
<scdesc>Means for holding or storing type for the compositor. Includes
type cases proper and also accessories such as stands, cabinets,
etc.</scdesc>
<srchout>
<crecord><classnum ref = "C199S000000" doc = "Class199.sgm">199</classnum>
<subref><clstitle>Type Casting</clstitle>
<pretext></pretext>
<subnum range = "s" ref = "C199S044000" doc = "Class199.sgm">44</subnum></subref>
<descript><para>. </para></descript></crecord>
<crecord><classnum ref = "C312S000000" doc = "Class312.sgm">312</classnum>
<subref><clstitle>Supports: Cabinet Structure</clstitle>
<pretext></pretext>
<subnum range = "s" ref = "C312S035000" doc = "Class312.sgm">35</subnum></subref>
<descript><para>, and indented subclasses.</para></descript></crecord></srchout></subclass>
<subclass subnum = "45" id = "C276S045000">
<sctitle>Feeding:</sctitle>
<parent ref = "C276S044000" doc = "Class276.sgm">subclass 44</parent>
<scdesc>Means for feeding type to the delivery point of the holding
means or means for delivering the type to be set up or stored.</scdesc>
<srchin>
<srecord><subnum ref = "C276S037000" doc = "Class276.sgm">37</subnum>
<descript><para></para></descript></srecord></srchin>
<srchout>
<crecord><classnum ref = "C199S000000" doc = "Class199.sgm">199</classnum>
<subref><clstitle>Type Casting</clstitle>
<pretext></pretext>
<subnum range = "p" ref = "C199S015000" doc = "Class199.sgm">15</subnum></subref>
<descript><para>, 19&plus; and 44&plus;.</para></descript></crecord>
<crecord><classnum ref = "C221S000000" doc = "Class221.sgm">221</classnum>
<subref><clstitle>Article Dispensing</clstitle>
<pretext></pretext></subref>
<descript><para>appropriate subclasses for article dispensers (feeders) not
otherwise provided for, and see the class definition of Class 221
for a statement of the class lines and for the disposition of related
disclosures or article and strip feeding processes and apparatus.</para></descript></crecord>
<crecord><classnum ref = "C312S000000" doc = "Class312.sgm">312</classnum>
<subref><clstitle>Supports: Cabinet Structure</clstitle>
<pretext></pretext>
<subnum range = "p" ref = "C312S035000" doc = "Class312.sgm">35</subnum></subref>
<descript><para>.</para></descript></crecord></srchout></subclass></sclasses>
</class>
