<?xml version="1.0" encoding="UTF-8"?>
<!DOCTYPE class PUBLIC "-//USPTO//DTD Classification Definitions//EN" "xclassdef.dtd" [

<!-- Begin Document Specific Declarations -->

<!-- End Document Specific Declarations -->

]>
<?xml-stylesheet href="classdef.xsl" type="text/XSL"?>

<class classnum = "258" id = "C258S000000"><title>RAILWAY MAIL DELIVERY</title>
<sections><descsect>
<para>This class is intended to include means particularly adapted
to transfer mail bags, train-orders, and the like to or from moving
vehicles, especially fixed-way vehicles in rapid motion.</para>
</descsect>
<scsect>
<srchout>
<crecord><classnum ref = "C104S000000" doc = "Class104.sgm">104</classnum>
<subref><clstitle>Railways</clstitle>
<pretext>particularly </pretext>
<subnum range = "s" ref = "C104S124000" doc = "Class104.sgm">124</subnum></subref>
<descript><para>, for systems of transferring mail between a central
station and outlying rural districts.</para></descript></crecord>
<crecord><classnum ref = "C186S000000" doc = "Class186.sgm">186</classnum>
<subref><clstitle>Merchandising</clstitle>
<pretext></pretext></subref>
<descript><para>for miscellaneous systems for transferring parcels,
cash and the like within the limits of a building.</para></descript></crecord>
<crecord><classnum ref = "C198S000000" doc = "Class198.sgm">198</classnum>
<subref><clstitle>Conveyors: Power-Driven</clstitle>
<pretext></pretext></subref>
<descript><para>for devices for transferring material in general,
including mail and the like, to endless carriers.</para></descript></crecord>
<crecord><classnum ref = "C406S000000" doc = "Class406.sgm">406</classnum>
<subref><clstitle>Conveyors: Fluid Current</clstitle>
<pretext></pretext></subref>
<descript><para>appropriate subclasses for conveying of solids (including
article carriers) by means of a fluid current.</para></descript></crecord>
<crecord><classnum ref = "C414S000000" doc = "Class414.sgm">414</classnum>
<subref><clstitle>Material or Article Handling</clstitle>
<pretext></pretext>
<subnum range = "s" ref = "C414S265000" doc = "Class414.sgm">265</subnum></subref>
<descript><para> for a guided, wheeled device for transporting mail and
external means cooperating therewith for loading or unloading the
device; and subclass 593 for an elevator or hoist and loading or unloading
means therefor and wherein the elevator or hoist is specially adapted
to the handling of mail.</para></descript></crecord>
<crecord><classnum ref = "C417S000000" doc = "Class417.sgm">417</classnum>
<subref><clstitle>Pumps</clstitle>
<pretext></pretext>
<subnum range = "s" ref = "C417S232000" doc = "Class417.sgm">232</subnum></subref>
<descript><para>, for devices particularly adapted to transfer water
to a moving vehicle.</para></descript></crecord></srchout>
</scsect>
<glossect>
<glossary><term>RECEIVER</term>
<def><para>As herein used, this term designates the device or element
to which the load is delivered.</para></def>
<term>SUPPORT</term>
<def><para>As herein used, this term designates the device or element
from which the load is delivered.</para>
<notes><note1 notenum = "(1)">
<para>Note. Either &ldquo;receiver&rdquo; or &ldquo;support&rdquo; may be
mounted on the ground or on the vehicle.</para></note1></notes></def></glossary></glossect></sections>
<sclasses>
<subclass subnum = "1" id = "C258S001000">
<sctitle>MISCELLANEOUS:</sctitle>
<parent ref = "C258S000000" doc = "Class258.sgm">the class definition</parent>
<scdesc>Means and parts and accessories peculiar thereto not classifiable
elsewhere, including, for example, article or message carriers in
the form of missiles, adapted to be thrown to or from a moving vehicle.</scdesc></subclass>
<subclass subnum = "1.2" id = "C258S001200">
<sctitle>AIRCRAFT IN FLIGHT:</sctitle>
<parent ref = "C258S000000" doc = "Class258.sgm">the class definition</parent>
<scdesc>Means for transferring a load to or from an aircraft in
flight.</scdesc>
<notes><note1 notenum = "(1)">
<para>Note. Search this class, appropriate subclasses, for means
under the main class definition for transferring a load to or from
a moving aircraft not in flight.</para></note1></notes>
<srchout>
<crecord><classnum ref = "C074S000000" doc = "Class074.sgm">74</classnum>
<subref><clstitle>Machine Element or Mechanism</clstitle>
<pretext></pretext>
<subnum range = "s" ref = "C074S002000" doc = "Class074.sgm">2</subnum></subref>
<descript><para> and indented subclasses, for mechanisms for releasing
or tripping portions of machines to cause other portions to automatically
operate due to the expenditure of the potential energy possessed
by such parts.</para></descript></crecord>
<crecord><classnum ref = "C089S000000" doc = "Class089.sgm">89</classnum>
<subref><clstitle>Ordnance</clstitle>
<pretext></pretext>
<subnum range = "p" ref = "C089S001510" doc = "Class089.sgm">1.51</subnum></subref>
<descript><para> for bomb, flare, and signal dropping.</para></descript></crecord>
<crecord><classnum ref = "C182S000000" doc = "Class182.sgm">182</classnum>
<subref><clstitle>Fire Escape, Ladder, or Scaffold</clstitle>
<pretext></pretext>
<subnum range = "p" ref = "C182S137000" doc = "Class182.sgm">137</subnum></subref>
<descript><para> for a net comprising a body catcher.</para></descript></crecord>
<crecord><classnum ref = "C212S000000" doc = "Class212.sgm">212</classnum>
<subref><clstitle>Traversing Hoists</clstitle>
<pretext></pretext>
<subnum range = "s" ref = "C212S116000" doc = "Class212.sgm">116</subnum></subref>
<descript><para> for trips, stops and knockers used in load-suspension
cable hoists.</para></descript></crecord>
<crecord><classnum ref = "C244S000000" doc = "Class244.sgm">244</classnum>
<subref><clstitle>Aeronautics and Astronautics</clstitle>
<pretext>particularly </pretext>
<subnum range = "p" ref = "C244S002000" doc = "Class244.sgm">2</subnum></subref>
<descript><para> for means whereby an aircraft in flight may pick up
or release another aircraft, including gliders, singly or in trains:
subclasses 135 for supplying fuel to or discharging from an aircraft
in flight: subclass 136 for discharging and diffusing material in
air from aircraft in flight: subclass 137 for loading or unloading
aircraft in general, including the mere dumping of a load from the
aircraft whether in flight or not: subclasses 138&plus; for
parachutes or other devices either, per se, or in combination with
aircraft structure, for safely lowering persons, cargo, or aircraft
structure to the ground.</para></descript></crecord>
<crecord><classnum ref = "C292S000000" doc = "Class292.sgm">292</classnum>
<subref><clstitle>Closure Fasteners</clstitle>
<pretext></pretext>
<subnum range = "s" ref = "C292S332000" doc = "Class292.sgm">332</subnum></subref>
<descript><para> and indented subclasses, for trippers used in closure
fasteners.</para></descript></crecord>
<crecord><classnum ref = "C294S000000" doc = "Class294.sgm">294</classnum>
<subref><clstitle>Handling: Hand and Hoist-Line Implements</clstitle>
<pretext></pretext>
<subnum range = "s" ref = "C294S086400" doc = "Class294.sgm">86.4</subnum></subref>
<descript><para> and indented subclasses, for grapples and their
operating means.</para></descript></crecord></srchout></subclass>
<subclass subnum = "1.4" id = "C258S001400">
<sctitle>To or from another moving vehicle and&sol;or requiring
circular aircraft flight:</sctitle>
<parent ref = "C258S001200" doc = "Class258.sgm">subclass 1.2</parent>
<scdesc>Means by which (a) the load transfer takes place between
an aircraft and a second moving vehicle, including other aircraft,
ships, railway-vehicles, etc., or (b) arrangements which require
an aircraft in flight to maintain a substantially circular course
in order to take on a discharge the load.</scdesc>
<notes><note1 notenum = "(1)">
<para>Note. Mere turntables for aligning a ground receiver or support
with the direction of flight of the aircraft are not &ldquo;moving
vehicles&rdquo; within the meaning of this subclass.</para></note1></notes>
<srchout>
<crecord><classnum ref = "C414S000000" doc = "Class414.sgm">414</classnum>
<subref><clstitle>Material or Article Handling</clstitle>
<pretext></pretext>
<subnum range = "p" ref = "C414S137100" doc = "Class414.sgm">137.1</subnum></subref>
<descript><para>, for means for transferring a load to a ship in
the sea.</para></descript></crecord></srchout></subclass>
<subclass subnum = "1.6" id = "C258S001600">
<sctitle>With projector:</sctitle>
<parent ref = "C258S001200" doc = "Class258.sgm">subclass 1.2</parent>
<scdesc>Means having catapult or other means for throwing or projecting
the load from a support to a receiver.</scdesc>
<srchin>
<srecord><subnum range = "p" ref = "C258S005000" doc = "Class258.sgm">5</subnum>
<descript><para>for means for projecting a load to or from a moving
vehicle other than an aircraft in flight, and see the notes thereto
for related devices.</para></descript></srecord></srchin></subclass>
<subclass subnum = "1.8" id = "C258S001800">
<sctitle>Load exchange:</sctitle>
<parent ref = "C258S001200" doc = "Class258.sgm">subclass 1.2</parent>
<scdesc>Means by which one load is discharged from while another
is picked up by the aircraft, usually either simultaneously or as
a result of a substantially continuous operation.</scdesc>
<srchin>
<srecord><subnum ref = "C258S011000" doc = "Class258.sgm">11</subnum>
<descript><para>and indented subclasses, for other load-exchange
devices for moving vehicles other than aircraft in flight.</para></descript></srecord></srchin></subclass>
<subclass subnum = "2" id = "C258S002000">
<sctitle>SIGNALING FEATURE:</sctitle>
<parent ref = "C258S000000" doc = "Class258.sgm">the class definition</parent>
<scdesc>Apparatus of the railway-mail delivery type comprising as
a part thereof some element designed for purposes of imparting information or
signaling.</scdesc>
<srchout>
<crecord><classnum ref = "C246S000000" doc = "Class246.sgm">246</classnum>
<subref><clstitle>Railway Switches and Signals</clstitle>
<pretext></pretext>
<subnum range = "s" ref = "C246S019000" doc = "Class246.sgm">19</subnum></subref>
<descript><para>.</para></descript></crecord></srchout></subclass>
<subclass subnum = "3" id = "C258S003000">
<sctitle>HAND TOOLS:</sctitle>
<parent ref = "C258S000000" doc = "Class258.sgm">the class definition</parent>
<scdesc>Devices particularly adapted to be held by a person for
transferring mail bags, missives, etc., to a moving vehicle.</scdesc>
<notes><note1 notenum = "(1)">
<para>Note. Compare Class 294, Handling: Hand and Hoist-Line Implements,
subclass 19.1, and indented subclasses, for similar manually-held
devices for transferring pictures or packages to elevated supports
or shelves.</para></note1></notes>
<srchin>
<srecord><subnum ref = "C258S001000" doc = "Class258.sgm">1</subnum>
<descript><para>for mere missiles, i.e., article or message carriers
adapted to be thrown to or from a moving vehicle.</para></descript></srecord></srchin></subclass>
<subclass subnum = "4" id = "C258S004000">
<sctitle>MAGNETIC:</sctitle>
<parent ref = "C258S000000" doc = "Class258.sgm">the class definition</parent>
<scdesc>Devices for receiving mail bags, missives, and the like
from or transferring them to a moving vehicle which have magnetically operated
parts.</scdesc>
<notes><note1 notenum = "(1)">
<para>Note. Compare Classes in Search Notes below for electromagnetic
lifting devices, for conveyors, and for magnets and electromagnets.</para></note1></notes>
<srchout>
<crecord><classnum ref = "C198S000000" doc = "Class198.sgm">198</classnum>
<subref><clstitle>Conveyors: Power-Driven</clstitle>
<pretext></pretext>
<subnum range = "s" ref = "C198S350000" doc = "Class198.sgm">350</subnum></subref>
<descript><para>, 381, 619, 679, 690.1, and 805.</para></descript></crecord>
<crecord><classnum ref = "C294S000000" doc = "Class294.sgm">294</classnum>
<subref><clstitle>Handling: Hand and Hoist-Line Implements</clstitle>
<pretext></pretext>
<subnum range = "p" ref = "C294S086400" doc = "Class294.sgm">86.4</subnum></subref>
<descript><para> for electromagnetic lifting devices.</para></descript></crecord>
<crecord><classnum ref = "C310S000000" doc = "Class310.sgm">310</classnum>
<subref><clstitle>Electrical Generator or Motor Structure</clstitle>
<pretext></pretext>
<subnum range = "r" ref = "C310S012010" doc = "Class310.sgm">12.01</subnum>
<endnum ref = "C310S012330" doc = "Class310.sgm">12.33</endnum></subref>
<descript><para>    for a linear electrical motor,    per se.</para></descript></crecord>
<crecord><classnum ref = "C335S000000" doc = "Class335.sgm">335</classnum>
<subref><clstitle>Electricity: Magnetically Operated Switches, Magnets,
and Electromagnets</clstitle>
<pretext></pretext>
<subnum range = "p" ref = "C335S209000" doc = "Class335.sgm">209</subnum></subref>
<descript><para> for magnets and electromagnets.</para></descript></crecord></srchout></subclass>
<subclass subnum = "5" id = "C258S005000">
<sctitle>PROJECTORS:</sctitle>
<parent ref = "C258S000000" doc = "Class258.sgm">the class definition</parent>
<scdesc>Means for throwing or projecting a mail bag, missive, or
the like to or from moving vehicles.</scdesc>
<notes><note1 notenum = "(1)">
<para>Note. Chutes, hoppers, or releasing devices comprising no
means other than the weight of the load itself for imparting to
the load a lateral or longitudinal movement with respect to the
vehicle are excluded.</para></note1>
<note1 notenum = "(2)">
<para>Note. Compare classes in the Search Notes below for nonexplosive
devices for projecting missiles; for conveyors: and for devices
of general application for throwing material.</para></note1></notes>
<srchout>
<crecord><classnum ref = "C124S000000" doc = "Class124.sgm">124</classnum>
<subref><clstitle>Mechanical Guns and Projectors</clstitle>
<pretext></pretext></subref>
<descript><para>for nonexplosive devices for projecting missiles; </para></descript></crecord>
<crecord><classnum ref = "C198S000000" doc = "Class198.sgm">198</classnum>
<subref><clstitle>Conveyors: Power Driven</clstitle>
<pretext></pretext>
<subnum range = "p" ref = "C198S414000" doc = "Class198.sgm">414</subnum></subref>
<descript><para>, and 638&plus;.</para></descript></crecord>
<crecord><classnum ref = "C414S000000" doc = "Class414.sgm">414</classnum>
<subref><clstitle>Material or Article Handling</clstitle>
<pretext></pretext></subref>
<descript><para>appropriate subclasses, for devices of general application
for throwing material.</para></descript></crecord></srchout></subclass>
<subclass subnum = "6" id = "C258S006000">
<sctitle>Automatically actuated:</sctitle>
<parent ref = "C258S005000" doc = "Class258.sgm">subclass 5</parent>
<scdesc>Projectors actuated automatically by movement of the vehicle
along the track.</scdesc></subclass>
<subclass subnum = "7" id = "C258S007000">
<sctitle>Spring:</sctitle>
<parent ref = "C258S006000" doc = "Class258.sgm">subclass 6</parent>
<scdesc>Automatically actuated projectors comprising a spring for
imparting movement to the load.</scdesc></subclass>
<subclass subnum = "8" id = "C258S008000">
<sctitle>CAR-POSITIONED RECEIVER OR SUPPORT:</sctitle>
<parent ref = "C258S000000" doc = "Class258.sgm">the class definition</parent>
<scdesc>Means comprising a receiver or a support adapted to be thrown
into operative position by movement of the vehicle along the track
or roadway.</scdesc>
<srchin>
<srecord><subnum ref = "C258S004000" doc = "Class258.sgm">4</subnum>
<descript><para>for similar devices actuated by mechanism one element
of which is an electromagnet.</para></descript></srecord>
<srecord><subnum range = "p" ref = "C258S006000" doc = "Class258.sgm">6</subnum>
<descript><para>for receivers and supports that are thrown into
operative position by the movement of the vehicle during the process
of ejecting a load.</para></descript></srecord></srchin></subclass>
<subclass subnum = "9" id = "C258S009000">
<sctitle>LATERALLY SLIDING RECEIVER OR SUPPORT:</sctitle>
<parent ref = "C258S000000" doc = "Class258.sgm">the class definition</parent>
<scdesc>Means comprising a receiver or support that is movable laterally
of the track by a sliding motion.</scdesc>
<srchin>
<srecord><subnum ref = "C258S005000" doc = "Class258.sgm">5</subnum>
<descript><para>and indented subclasses, for devices that slide
laterally to eject a load.</para></descript></srecord>
<srecord><subnum ref = "C258S008000" doc = "Class258.sgm">8</subnum>
<descript><para>for laterally sliding receivers or supports that
are thrown into operative position by movement of a vehicle along
a track or roadway.</para></descript></srecord></srchin></subclass>
<subclass subnum = "10" id = "C258S010000">
<sctitle>LONGITUDINALLY EXTENDING AUXILIARY TRACK:</sctitle>
<parent ref = "C258S000000" doc = "Class258.sgm">the class definition</parent>
<scdesc>Means comprising an auxiliary receiving or supporting track
that extends in a general direction longitudinally of the main track.</scdesc>
<srchout>
<crecord><classnum ref = "C104S000000" doc = "Class104.sgm">104</classnum>
<subref><clstitle>Railways</clstitle>
<pretext></pretext>
<subnum range = "s" ref = "C104S020000" doc = "Class104.sgm">20</subnum></subref>
<descript><para>, for devices designed to transfer passengers to moving
trains.</para></descript></crecord>
<crecord><classnum ref = "C414S000000" doc = "Class414.sgm">414</classnum>
<subref><clstitle>Material or Article Handling</clstitle>
<pretext></pretext>
<subnum range = "s" ref = "C414S337000" doc = "Class414.sgm">337</subnum></subref>
<descript><para> and 338 for external means for cooperating a wheeled
vehicle for loading or unloading the same, and comprising static
structure for supporting the load being moved to or from vehicle.</para></descript></crecord></srchout></subclass>
<subclass subnum = "11" id = "C258S011000">
<sctitle>COMBINED RECEIVER AND SUPPORT:</sctitle>
<parent ref = "C258S000000" doc = "Class258.sgm">the class definition</parent>
<scdesc>Means comprising inventions in the combination of a receiver
and a support or in both receiver and support.</scdesc>
<srchin>
<srecord><subnum ref = "C258S004000" doc = "Class258.sgm">4</subnum>
<descript><para>5&plus;, 8, 9, and 10, for other combined receivers
and supports.</para></descript></srecord></srchin></subclass>
<subclass subnum = "12" id = "C258S012000">
<sctitle>Fork and other receiver:</sctitle>
<parent ref = "C258S011000" doc = "Class258.sgm">subclass 11</parent>
<scdesc>Combined receivers and supports comprising two types of
receivers one only of which is a bar, hook, V-shaped, or similar
comparatively sharp or pointed instrument.</scdesc>
<notes><note1 notenum = "(1)">
<para>Note. A fork receiver combined with supplemental receiving
elements designed to cooperate with the fork in the act of receiving
or to constitute a depository for the load received by the fork
is deemed to be a &ldquo;fork receiver only&rdquo;.</para></note1></notes></subclass>
<subclass subnum = "13" id = "C258S013000">
<sctitle>Retaining feature:</sctitle>
<parent ref = "C258S012000" doc = "Class258.sgm">subclass 12</parent>
<scdesc>Devices of the type set forth by the title, comprising modifications
of a fork receiver, specially designed to prevent the load from rebounding
from the receiver.</scdesc>
<srchin>
<srecord><subnum range = "p" ref = "C258S015000" doc = "Class258.sgm">15</subnum>
<descript><para>and 22, for retainers.</para></descript></srecord></srchin></subclass>
<subclass subnum = "14" id = "C258S014000">
<sctitle>Fork receiver only:</sctitle>
<parent ref = "C258S011000" doc = "Class258.sgm">subclass 11</parent>
<scdesc>Combined receivers and supports comprising a single type
of receiver consisting of a bar, hook, V-shaped, or other comparatively
sharp or pointed instrument.</scdesc>
<notes><note1 notenum = "(1)">
<para>Note. Skeleton scoops and the like are excluded.</para></note1>
<note1 notenum = "(2)">
<para>Note. Search this class, subclasses in the title of which
the word &ldquo;fork&rdquo; occurs, for fork receivers.</para></note1></notes></subclass>
<subclass subnum = "15" id = "C258S015000">
<sctitle>Retaining feature:</sctitle>
<parent ref = "C258S014000" doc = "Class258.sgm">subclass 14</parent>
<scdesc>Devices of the type indicated by the title, comprising modifications
of a fork receiver, specially designed to prevent the load from rebounding
from the receiver. Search this class, all subclasses in the title
of which the words &ldquo;retaining feature&rdquo; occur,
for retainers.</scdesc></subclass>
<subclass subnum = "16" id = "C258S016000">
<sctitle>Impact-operated load release:</sctitle>
<parent ref = "C258S015000" doc = "Class258.sgm">subclass 15</parent>
<scdesc>Devices of the type set forth by the title, comprising modifications
of a fork receiver, specially designed to prevent the load from rebounding
from the receiver, and also latch or similar means operated by contact
with some element as the vehicle moves along the track for releasing
another load from its support.</scdesc>
<notes><note1 notenum = "(1)">
<para>Note. Similar devices wherein the bag or load is released
by a receiver or the like that contacts directly therewith are excluded.</para></note1></notes>
<srchin>
<srecord><subnum ref = "C258S006000" doc = "Class258.sgm">6</subnum>
<descript><para>and indented subclass for impact-operated load projecting
devices.</para></descript></srecord>
<srecord><subnum ref = "C258S009000" doc = "Class258.sgm">9</subnum>
<descript><para>12 and indented subclass, and also all subclasses
in the title of which the words &ldquo;impact operated load release&rdquo; occur,
for other load releasing features.</para></descript></srecord></srchin></subclass>
<subclass subnum = "17" id = "C258S017000">
<sctitle>Receiver-engaging feature:</sctitle>
<parent ref = "C258S015000" doc = "Class258.sgm">subclass 15</parent>
<scdesc>Devices of the type indicated by the title, comprising modifications
of a fork receiver, specially designed to prevent the load from rebounding
from the receiver, and also some special means connected with the
load for engaging with the receiver and sustaining the shock incident
to contact therewith.</scdesc>
<srchin>
<srecord><subnum ref = "C258S003000" doc = "Class258.sgm">3</subnum>
<descript><para>10, 12&plus;, 18, and 26, for special devices
for sustaining the shock incident to contact of bag or other load with
receiver.</para></descript></srecord></srchin></subclass>
<subclass subnum = "18" id = "C258S018000">
<sctitle>Receiver-engaging feature:</sctitle>
<parent ref = "C258S014000" doc = "Class258.sgm">subclass 14</parent>
<scdesc>Combined receivers and supports comprising a single type
of receiver consisting of a bar, hook, V-shaped, or other comparatively
sharp or pointed instrument, and also means to which the load is
attached, for engaging with a receiver, usually for the purpose
of receiving the shock of impact.</scdesc>
<srchin>
<srecord><subnum ref = "C258S003000" doc = "Class258.sgm">3</subnum>
<descript><para>12&plus;, 17, and 26, for special devices for
sustaining the shock incident to contact of bag or other load with receiver.</para></descript></srecord></srchin></subclass>
<subclass subnum = "19" id = "C258S019000">
<sctitle>Impact-operated load release:</sctitle>
<parent ref = "C258S011000" doc = "Class258.sgm">subclass 11</parent>
<scdesc>Combined receivers and supports not elsewhere classifiable,
comprising a support in the form of a latch, or similar member,
mounted either on the vehicle or along the track, and means, either
along the track or on the vehicle, respectively, for contacting
with and releasing the load-holding means.</scdesc>
<notes><note1 notenum = "(1)">
<para>Note. Similar devices wherein the bag or load is released
by a receiver or the like that contacts directly therewith are excluded.</para></note1></notes>
<srchin>
<srecord><subnum ref = "C258S006000" doc = "Class258.sgm">6</subnum>
<descript><para>and indented subclass, for impact- operated load
projecting devices.</para></descript></srecord>
<srecord><subnum ref = "C258S009000" doc = "Class258.sgm">9</subnum>
<descript><para>12&plus;, and also all subclasses in the title of
which the words &ldquo;impact operated load release&rdquo; occur,
for other load releasing features.</para></descript></srecord></srchin></subclass>
<subclass subnum = "20" id = "C258S020000">
<sctitle>RECEIVERS:</sctitle>
<parent ref = "C258S000000" doc = "Class258.sgm">the class definition</parent>
<scdesc>Devices of the railway-mail delivery type not elsewhere
classifiable, mounted either on the vehicle or along the track,
for receiving the load, respectively, from a support along the track
or on the vehicle.</scdesc>
<notes><note1 notenum = "(1)">
<para>Note. Compare class in Search Notes below for letter boxes.</para></note1></notes>
<srchin>
<srecord><subnum ref = "C258S003000" doc = "Class258.sgm">3</subnum>
<descript><para>5&plus;, 8, 9, 10, and 11&plus;.</para></descript></srecord></srchin>
<srchout>
<crecord><classnum ref = "C232S000000" doc = "Class232.sgm">232</classnum>
<subref><clstitle>Deposit and Collection Receptacles</clstitle>
<pretext></pretext></subref>
<descript><para>appropriate subclasses for letter boxes. </para></descript></crecord></srchout></subclass>
<subclass subnum = "21" id = "C258S021000">
<sctitle>Fork:</sctitle>
<parent ref = "C258S020000" doc = "Class258.sgm">subclass 20</parent>
<scdesc>Receivers comprising a bar, hook, V-shaped, or similar comparatively
sharp or pointed instrument.</scdesc>
<notes><note1 notenum = "(1)">
<para>Note. Skeleton scoops and the like are excluded. Search this
class, all subclasses in the title of which the word &ldquo;fork&rdquo; occurs.</para></note1></notes></subclass>
<subclass subnum = "22" id = "C258S022000">
<sctitle>Retaining feature:</sctitle>
<parent ref = "C258S021000" doc = "Class258.sgm">subclass 21</parent>
<scdesc>Fork receivers comprising some special means for preventing
the load from rebounding from the receiver. Search this class, all
subclasses in the title of which the words, &ldquo;retaining
feature&rdquo; occurs.</scdesc></subclass>
<subclass subnum = "23" id = "C258S023000">
<sctitle>SUPPORTS:</sctitle>
<parent ref = "C258S000000" doc = "Class258.sgm">the class definition</parent>
<scdesc>Devices of the railway-mail delivery type, mounted either
on the vehicle or along the track, for supporting the load preparatory
to delivering it to a receiver mounted, respectively, along the
track or on the vehicle.</scdesc>
<notes><note1 notenum = "(1)">
<para>Note. Compare class in Search Notes below for supports of
general application. Search this class, all subclasses except subclass
20, and subclasses thereunder.</para></note1></notes>
<srchout>
<crecord><classnum ref = "C248S000000" doc = "Class248.sgm">248</classnum>
<subref><clstitle>Supports</clstitle>
<pretext></pretext></subref>
<descript><para>for supports of general application. </para></descript></crecord></srchout></subclass>
<subclass subnum = "24" id = "C258S024000">
<sctitle>Interconnected arms:</sctitle>
<parent ref = "C258S023000" doc = "Class258.sgm">subclass 23</parent>
<scdesc>Supports comprising two or more arms, not integral or rigidly
connected, the movement of one of which is dependent upon a prior
or simultaneous movement of the other.</scdesc>
<srchin>
<srecord><subnum ref = "C258S015000" doc = "Class258.sgm">15</subnum>
<descript><para></para></descript></srecord></srchin></subclass>
<subclass subnum = "25" id = "C258S025000">
<sctitle>Impact-operated load release:</sctitle>
<parent ref = "C258S023000" doc = "Class258.sgm">subclass 23</parent>
<scdesc>Supports comprising a load-holding means in the form of
a latch or similar device, mounted either on a vehicle or along
a track, and means, either along the track or on the vehicle, respectively,
for contacting with and releasing the load-holding means.</scdesc>
<notes><note1 notenum = "(1)">
<para>Note. Similar devices wherein the bag or load is released
by a receiver or the like that contacts directly therewith are excluded.</para></note1></notes>
<srchin>
<srecord><subnum range = "p" ref = "C258S006000" doc = "Class258.sgm">6</subnum>
<descript><para>for impact-operated load projecting devices.</para></descript></srecord>
<srecord><subnum ref = "C258S009000" doc = "Class258.sgm">9</subnum>
<descript><para>12&plus;, and also all subclasses in the title of
which the words &ldquo;impact operated load release&rdquo; occur,
for other releasing features.</para></descript></srecord></srchin></subclass>
<subclass subnum = "26" id = "C258S026000">
<sctitle>Receiver-engaging feature:</sctitle>
<parent ref = "C258S023000" doc = "Class258.sgm">subclass 23</parent>
<scdesc>Supports comprising a special means to which the load is
attached for engaging with a receiver, usually for the purpose of
receiving the shock of impact, thus preventing injury to bags and
other loads.</scdesc>
<srchin>
<srecord><subnum ref = "C258S003000" doc = "Class258.sgm">3</subnum>
<descript><para>10, 11&plus;, and all subclasses in the title of
which the words &ldquo;receiver engaging feature&rdquo; occur.</para></descript></srecord></srchin></subclass></sclasses>
</class>
