<?xml version="1.0" encoding="UTF-8"?>
<!DOCTYPE class PUBLIC "-//USPTO//DTD Classification Definitions//EN" "xclassdef.dtd" [

<!-- Begin Document Specific Declarations -->

<!-- End Document Specific Declarations -->

]>
<?xml-stylesheet href="classdef.xsl" type="text/XSL"?>

<class classnum = "201" id = "C201S000000"><title>DISTILLATION:
PROCESSES, THERMOLYTIC</title>
<sections><descsect>
<para>GENERAL STATEMENT OF CLASS SUBJECT MATTER</para>
<para>This is the residual class for thermolytic distillation processes
not otherwise provided for. For purposes of this class thermolytic
distillation is limited to the heating of a solid carbonaceous material
(distilland) to vaporize the portion volatile under the conditions
employed and to cause a compound or compounds in the material to undergo
chemical decomposition (thermolysis) to form different chemical
substances, at least some of which are volatile under the condition
employed and an unvaporized solid carbonaceous material (residue).
At least a part of the vaporized material is usually condensed to
a liquid (distillate). See Lines With Other Classes, below, for
lines between this class (201) and other classes having processes
including thermolysis of carbonaceous material.</para>
<para>Solid carbonaceous materials within the purview of this class
(201) include (exemplary but not limiting) such minerals as coal
and oil shale and substances of an organic nature such as organic
wastes and wood. Inorganic carbonates are excluded.</para>
</descsect>
<linesect>
<para>LINES WITH CHEMICAL COMPOSITION CLASSES</para>
<para>(1) Product whether claimed in terms of their composition
or claimed in terms of the process of making are classified in the
appropriate composition class even if the process merely recites
a thermolytic distillation operation.</para>
<para>(2) Processes for heating solid, carbonaceous material to cause
decomposition of compounds therein and to produce a solid, carbonaceous
residue are classified here only if not otherwise provided for.</para>
<para>(a) Processes of thermolytically decomposing a carbonaceous
material to produce carbon black, graphite, or other purified carbon
are classified elsewhere. See References to Other Classes, below,
for specific classes&sol;subclasses.</para>
<para>(b) Processes for carbonizing a solid carbonaceous material
to produce an electrically conductive product are classified elsewhere.
A carbonized composition (e.g., activated carbon) claimed or disclosed
solely as a sorbent or catalyst or a method of making such composition
is classified elsewhere. See References to Other Classes, below,
for specific classes&sol;subclasses.</para>
<para>(c) The line between processes in this class (201) and Class
44, Fuel and Related Compositions, is that this class (201) takes
a carbonization process wherein the carbonization is specified as
being complete or a vaporized component is intended to be recovered,
while Class 44 takes a process wherein the extent of carbonization
is not specified or the disposition of any vaporized component is
irrelevant to the process, only the final solid fuel product being
of concern.</para>
<para>(d) Class 48, Gas: Heating and Illuminating, takes processes
and apparatus for making heating and illuminating gases when no
solid carbonaceous residue is left.</para>
<para>(e) The line between this class (201) and Class 208, Mineral
Oils: Processes and Products, is (1) thermolytic distillation of
a distilland consisting predominately of solid carbonaceous material
and a minor amount of a mineral oil material to produce a char is
in this class (201), (2) thermolytic distillation of a distilland
consisting predominately of a mineral oil material and a minor amount
of a previously charred material is classified in Class 208, (3)
for processes including extracting mineral oils from natural, solid,
carbonaceous material as well as the digestion or conversion of
the same as the digestion or conversion of the same to obtain mineral
oils see Class 208, Mineral Oils: Processes and Products, subclass
8 for the line.</para>
<para>PROCESSES INCLUDING EVAPORATION</para>
<para>Processes for evaporating without a condensing step are generally
excluded from this class. For specific lines between the processes
of this class and other processes including an evaporating step,
see below.</para>
<para>(1) This class (201) is distinguished from Class 34, Drying
and Gas Or Vapor Contact With Solids, in that the material herein
is a solid or semi-solid which is chemically changed by the heating
step so as to yield volatile substances containing condensable or
absorbable components, while the material of Class 34 is a solid
or semi-solid from which it is desired to remove an extraneous liquid,
leaving the residue chemically unchanged, even though the volatile
material be condensed.</para>
<para>(2) Class 134, Cleaning and Liquid Contact With Solids, takes
claimed combinations of work handling or supporting means or steps
with means or steps to apply a liquid to the work, as by spraying
or immersion, where said liquid is distilled or evaporated, whether
or not the resulting vapor is (1) directly contacted with the work
or (2) condensed for re-use to contact the work. When only the liquid
distillation subcombination or the vapor-phase work contact subcombination
has been claimed, see above for the line between Class 201 and Class
34.</para>
<para>(3) Evaporation Processes </para>
<para>Processes in which volatile components of the material being
heated are removed as vapor without at least a portion of the vapor
being condensed to a liquid are not within the purview of this class
(201). See References to Other Classes, below, for some classes
which provide for processes that include an evaporating or concentrating
step.</para>
<para>CLASS 201 IS SUPERIOR TO CLASS 203, DISTILLATION: PROCESSES,
SEPARATORY.</para>
</linesect>
<scsect>
<srchout>
<crecord><classnum ref = "C023S000000" doc = "Class023.sgm">23</classnum>
<subref><clstitle>Chemistry: Physical Processes</clstitle>
<pretext></pretext></subref>
<descript><para>for processes that include an evaporating or concentrating step.</para></descript></crecord>
<crecord><classnum ref = "C044S000000" doc = "Class044.sgm">44</classnum>
<subref><clstitle>Fuel and Related Compositions</clstitle>
<pretext></pretext>
<subnum range = "p" ref = "C044S500000" doc = "Class044.sgm">500</subnum></subref>
<descript><para> for a particulate solid fuel composition and subclasses
550&plus; for a consolidated fuel solids composition.</para></descript></crecord>
<crecord><classnum ref = "C048S000000" doc = "Class048.sgm">48</classnum>
<subref><clstitle>Gas: Heating and Illuminating</clstitle>
<pretext></pretext>
<subnum range = "r" ref = "C048S200000" doc = "Class048.sgm">200</subnum></subref>
<descript><para>, 201 and 202 for a process for gasifying a mixture
which includes coal and subclass 210 for a process for gasifying
coal alone.</para></descript></crecord>
<crecord><classnum ref = "C075S000000" doc = "Class075.sgm">75</classnum>
<subref><clstitle>Specialized Metallurgical Processes, Compositions
for Use Therein, Consolidated Metal Powder Compositions, and Loose
Metal Particulate Mixtures</clstitle>
<pretext></pretext></subref>
<descript><para>appropriate subclasses for a process of reducing
an ore to the metallic state or refining molten metal involving
distillation or for a sublimation process.</para></descript></crecord>
<crecord><classnum ref = "C095S000000" doc = "Class095.sgm">95</classnum>
<subref><clstitle>Gas Separation: Processes</clstitle>
<pretext></pretext></subref>
<descript><para>for processes of gas separation.</para></descript></crecord>
<crecord><classnum ref = "C106S000000" doc = "Class106.sgm">106</classnum>
<subref><clstitle>Compositions: Coating or Plastic</clstitle>
<pretext></pretext></subref>
<descript><para>appropriate subclasses for a coating composition
which may be applied to surfaces of the distillation apparatus or
utilized for making apparatus of a particular composition.</para></descript></crecord>
<crecord><classnum ref = "C110S000000" doc = "Class110.sgm">110</classnum>
<subref><clstitle>Furnaces</clstitle>
<pretext></pretext>
<subnum range = "p" ref = "C110S235000" doc = "Class110.sgm">235</subnum></subref>
<descript><para> for a device for burning garbage or sewage, subclass
229 for a furnace having a special repository for fuel for eliminating
the combustible gases and burning them before the coked fuel is
fed to the fire and subclasses 101&plus; for a device for feeding
fuel to a furnace. Under Class 110, class definition, see Class
122, Liquid Heaters and Vaporizers, and Class 126, Stoves and Furnaces,
for the lines among these classes.</para></descript></crecord>
<crecord><classnum ref = "C122S000000" doc = "Class122.sgm">122</classnum>
<subref><clstitle>Liquid Heaters and Vaporizers</clstitle>
<pretext>for apparatus and methods for heating liquids, generating vapors
from liquids, treating the vapors generated and conserving the heat
remaining in the liquid or vapor after part of the heat has been used.
See particularly </pretext>
<subnum range = "s" ref = "C122S066000" doc = "Class122.sgm">66</subnum></subref>
<descript><para> for devices containing a water cooled coking chamber
for fuel.</para></descript></crecord>
<crecord><classnum ref = "C127S000000" doc = "Class127.sgm">127</classnum>
<subref><clstitle>Sugar, Starch, and Carbohydrates</clstitle>
<pretext></pretext></subref>
<descript><para>for processes that include an evaporating or concentrating
step.</para></descript></crecord>
<crecord><classnum ref = "C134S000000" doc = "Class134.sgm">134</classnum>
<subref><clstitle>Cleaning and Liquid Contact With Solids</clstitle>
<pretext></pretext>
<subnum range = "p" ref = "C134S001000" doc = "Class134.sgm">1</subnum></subref>
<descript><para> for a cleaning process particularly subclasses
20 and 39, for a process of removing carbon, subclass 12 for a cleaning
process including distilling the cleaning agent and subclass 31
for a cleaning process including the step of condensing a gas or
vapor.</para></descript></crecord>
<crecord><classnum ref = "C159S000000" doc = "Class159.sgm">159</classnum>
<subref><clstitle>Concentrating Evaporators</clstitle>
<pretext></pretext></subref>
<descript><para>for processes that include an evaporating or concentrating
step.</para></descript></crecord>
<crecord><classnum ref = "C162S000000" doc = "Class162.sgm">162</classnum>
<subref><clstitle>Paper Making and Fiber Liberation</clstitle>
<pretext></pretext>
<subnum range = "p" ref = "C162S030100" doc = "Class162.sgm">30.1</subnum></subref>
<descript><para> for a process of destroying the organic constituents
of the waste liquor.</para></descript></crecord>
<crecord><classnum ref = "C252S000000" doc = "Class252.sgm">252</classnum>
<subref><clstitle>Compositions</clstitle>
<pretext></pretext>
<subnum range = "p" ref = "C252S502000" doc = "Class252.sgm">502</subnum></subref>
<descript><para> for an electron conductive or emissive composition
containing free carbon and process of making.</para></descript></crecord>
<crecord><classnum ref = "C252S000000" doc = "Class252.sgm">252</classnum>
<subref><clstitle>Compositions</clstitle>
<pretext></pretext></subref>
<descript><para>appropriate subclasses, for processes of thermolytically
decomposing a carbonaceous material.</para></descript></crecord>
<crecord><classnum ref = "C260S000000" doc = "Class260.sgm">260</classnum>
<subref><clstitle>Chemistry of Carbon Compounds</clstitle>
<pretext></pretext></subref>
<descript><para>for processes that include an evaporating or concentrating
step.</para></descript></crecord>
<crecord><classnum ref = "C264S000000" doc = "Class264.sgm">264</classnum>
<subref><clstitle>Plastic and Nonmetallic Article Shaping or Treating:
Processes</clstitle>
<pretext></pretext>
<subnum range = "p" ref = "C264S029100" doc = "Class264.sgm">29.1</subnum></subref>
<descript><para>, for processes for carbonizing a solid carbonaceous material
to produce an electrically conductive product</para></descript></crecord>
<crecord><classnum ref = "C266S000000" doc = "Class266.sgm">266</classnum>
<subref><clstitle>Metallurgical Apparatus</clstitle>
<pretext></pretext></subref>
<descript><para>for apparatus peculiarly adapted for the treatment
of metals or metalliferous material.</para></descript></crecord>
<crecord><classnum ref = "C299S000000" doc = "Class299.sgm">299</classnum>
<subref><clstitle>Mining or In Situ Disintegration of Hard Material</clstitle>
<pretext></pretext>
<subnum range = "p" ref = "C299S003000" doc = "Class299.sgm">3</subnum></subref>
<descript><para> for a process of converting coal or oil shale in
place to fluid material, whether a coke-like residue remains or
not.</para></descript></crecord>
<crecord><classnum ref = "C366S000000" doc = "Class366.sgm">366</classnum>
<subref><clstitle>Agitating</clstitle>
<pretext></pretext>
<subnum range = "p" ref = "C366S219000" doc = "Class366.sgm">219</subnum></subref>
<descript><para> for apparatus for agitating a liquid or a particulate
material by motion of the container, and subclasses 241&plus; for
a fixed container with movable stirring apparatus, particularly
subclasses 262&plus; for pump type stirrers.</para></descript></crecord>
<crecord><classnum ref = "C406S000000" doc = "Class406.sgm">406</classnum>
<subref><clstitle>Conveyors: Fluid Current</clstitle>
<pretext></pretext></subref>
<descript><para>appropriate subclasses for apparatus for conveying
solid material in a current of air or other gas.</para></descript></crecord>
<crecord><classnum ref = "C414S000000" doc = "Class414.sgm">414</classnum>
<subref><clstitle>Material Article or Handling</clstitle>
<pretext></pretext>
<subnum range = "p" ref = "C414S147000" doc = "Class414.sgm">147</subnum></subref>
<descript><para> for charging devices for placing a charge in or removing
one from an oven or furnace, and subclasses 800&plus; for a
process of material or article handling.</para></descript></crecord>
<crecord><classnum ref = "C423S000000" doc = "Class423.sgm">423</classnum>
<subref><clstitle>Chemistry of Inorganic Compounds</clstitle>
<pretext></pretext></subref>
<descript><para>appropriate subclasses for processes of producing
inorganic compounds and nonmetallic elements by chemical reaction,
which may include a distillation step.</para></descript></crecord>
<crecord><classnum ref = "C423S000000" doc = "Class423.sgm">423</classnum>
<subref><clstitle>Chemistry of Inorganic Compounds</clstitle>
<pretext></pretext>
<subnum range = "p" ref = "C423S445000" doc = "Class423.sgm">445</subnum></subref>
<descript><para> for processes of thermolytically decomposing a
carbonaceous material.</para></descript></crecord>
<crecord><classnum ref = "C426S000000" doc = "Class426.sgm">426</classnum>
<subref><clstitle>Food or Edible Material: Processes, Compositions,
and Products</clstitle>
<pretext></pretext></subref>
<descript><para>for processes that include an evaporating or concentrating
step.</para></descript></crecord>
<crecord><classnum ref = "C502S000000" doc = "Class502.sgm">502</classnum>
<subref><clstitle>Catalyst, Solid Sorbent, or Support Therefor: Product
or Process of Making</clstitle>
<pretext>especially </pretext>
<subnum range = "p" ref = "C502S174000" doc = "Class502.sgm">174</subnum></subref>
<descript><para> and 416&plus; for a catalyst or sorbent containing
carbonized material or a process of making such composition.</para></descript></crecord>
<crecord><classnum ref = "C502S000000" doc = "Class502.sgm">502</classnum>
<subref><clstitle>Catalyst, Solid Sorbent, or Support Therefor: Product
of Process of Making</clstitle>
<pretext></pretext></subref>
<descript><para>for a carbonized composition (e.g., activated carbon)
claimed or disclosed solely as a sorbent or catalyst or a method
of making such composition</para></descript></crecord>
<crecord><classnum ref = "C585S000000" doc = "Class585.sgm">585</classnum>
<subref><clstitle>Chemistry of Hydrocarbon Compounds</clstitle>
<pretext></pretext></subref>
<descript><para>for processes that include an evaporating or concentrating
step.</para></descript></crecord>
<crecord><classnum ref = "C588S000000" doc = "Class588.sgm">588</classnum>
<subref><clstitle>Hazardous or Toxic Waste Destruction or Containment</clstitle>
<pretext></pretext>
<subnum range = "s" ref = "C588S312000" doc = "Class588.sgm">312</subnum></subref>
<descript><para> and 313-320 for the use of  process distillation
and thermolytic processes to destroy hazardous waste.</para></descript></crecord></srchout>
</scsect>
<glossect>
<glossary><term>AUTOTHERMIC DISTILLATION</term>
<def><para>A thermolytic distillation operation in which the distilland,
either by combustion of a portion of itself or by other chemical
change, furnishes at least part of the heat for thermolysis and
volatilization of either the inherent or the thermolized volatile
matter.</para></def>
<term>CARBONACEOUS MATERIAL</term>
<def><para>Any solid material (mixture or compound) other than an inorganic
carbonate which contains carbon or carbon containing compounds such
as coke or wood.</para></def>
<term>CHAR</term>
<def><para>The generic term applied to the carbonaceous residue from
a thermolytic distillation of any carbonaceous material. It encompasses
such terms as bone black, charcoal and coke.</para></def>
<term>COKE</term>
<def><para>Strictly this is the amorphous, solid residue of coal
after the volatile material has been distilled off in a thermolytic
distillation. The term is also applied in the art to the solid,
carbonaceous residue from the thermolytic distillation of such materials
as oil shale, petroleum and pitch.</para></def>
<term>CONDENSATE</term>
<def><para>See Distillate in the Class Definition section.</para></def>
<term>DESTRUCTIVE DISTILLATION</term>
<def><para>See thermolytic distillation.</para></def>
<term>DISTILLAND</term>
<def><para>For the purpose of this class is the carbonaceous material
which is undergoing a distillation operation.</para></def>
<term>DISTILLATE</term>
<def><para>The liquid product condensed from vapor during the distillation
operation.</para></def>
<term>EVAPORATION</term>
<def><para>The process of changing a solid or liquid into a vapor. This
is the generic term for both sublimation and vaporization. It differs
from &ldquo;distillation&rdquo; in that distillation includes
the additional step of condensing vapor produced to a liquid.</para></def>
<term>SEPARATORY DISTILLATION</term>
<def><para>A process of vaporizing at least a portion of a liquid mixture
(distilland) and condensing at least a portion of the vapor to separate
the liquid mixture into distinct parts. The substances recovered
as products must have preexisted in the original mixture.</para></def>
<term>SUBLIMATION</term>
<def><para>A process in which a solid passes into the vapor state without
liquefaction and the vapor returns to the solid state without passing
through the liquid phase.</para></def>
<term>THERMOLYTIC DISTILLATION</term>
<def><para>A distillation in which material found in the distilland undergoes
chemical decomposition (thermolysis) to form different substances
at least some of which are volatile at the temperature employed.
The volatile substances are recovered by condensation or sorption.</para></def></glossary></glossect></sections>
<sclasses>
<subclass subnum = "1" id = "C201S001000">
<sctitle>WITH MEASURING, TESTING OR INSPECTING:</sctitle>
<parent ref = "C201S000000" doc = "Class201.sgm">the class definition</parent>
<scdesc>Processes combined with the positive step of visually, chemically
or physically determining some chemical or physical characteristic
or property of the distilland, vapor, residue or condensate.</scdesc>
<srchout>
<crecord><classnum ref = "C073S000000" doc = "Class073.sgm">73</classnum>
<subref><clstitle>Measuring and Testing</clstitle>
<pretext></pretext></subref>
<descript><para>appropriate subclasses, particularly 700&plus; for
a device for the direct measurement of pressure.</para></descript></crecord>
<crecord><classnum ref = "C137S000000" doc = "Class137.sgm">137</classnum>
<subref><clstitle>Fluid Handling</clstitle>
<pretext></pretext>
<subnum range = "p" ref = "C137S002000" doc = "Class137.sgm">2</subnum></subref>
<descript><para> for a process of fluid handling in which one or
more characteristics or conditions of a fluent material are determined.</para></descript></crecord>
<crecord><classnum ref = "C162S000000" doc = "Class162.sgm">162</classnum>
<subref><clstitle>Paper Making and Fiber Liberation</clstitle>
<pretext></pretext>
<subnum range = "s" ref = "C162S238000" doc = "Class162.sgm">238</subnum></subref>
<descript><para> for a digester with automatic control means.</para></descript></crecord>
<crecord><classnum ref = "C196S000000" doc = "Class196.sgm">196</classnum>
<subref><clstitle>Mineral Oils: Apparatus</clstitle>
<pretext></pretext>
<subnum range = "s" ref = "C196S132000" doc = "Class196.sgm">132</subnum></subref>
<descript><para> for a mineral oil vaporizer provided with means
for automatically maintaining desired conditions.</para></descript></crecord>
<crecord><classnum ref = "C202S000000" doc = "Class202.sgm">202</classnum>
<subref><clstitle>Distillation: Apparatus</clstitle>
<pretext></pretext>
<subnum range = "r" ref = "C202S151000" doc = "Class202.sgm">151</subnum></subref>
<descript><para>, 160, 193, 196, and 206 for distillation apparatus
having control devices and see &ldquo;SEARCH CLASS&rdquo; under
each subclass for related fields of search.</para></descript></crecord>
<crecord><classnum ref = "C203S000000" doc = "Class203.sgm">203</classnum>
<subref><clstitle>Distillation: Processes, Separatory</clstitle>
<pretext></pretext>
<subnum range = "p" ref = "C203S001000" doc = "Class203.sgm">1</subnum></subref>
<descript><para> for a process directed to distilling, combined
with measuring, testing or inspecting.</para></descript></crecord>
<crecord><classnum ref = "C324S000000" doc = "Class324.sgm">324</classnum>
<subref><clstitle>Electricity: Measuring and Testing</clstitle>
<pretext></pretext></subref>
<descript><para>appropriate subclasses for a device for determining
an appropriate physical characteristic of a material by electrical
means.</para></descript></crecord>
<crecord><classnum ref = "C361S000000" doc = "Class361.sgm">361</classnum>
<subref><clstitle>Electricity: Electrical Systems and Devices</clstitle>
<pretext></pretext></subref>
<descript><para>appropriate subclasses for electrical systems not
otherwise classified and see &ldquo;SEARCH CLASS&rdquo; under
the Class Definitions for various types of electrical systems.</para></descript></crecord>
<crecord><classnum ref = "C374S000000" doc = "Class374.sgm">374</classnum>
<subref><clstitle>Thermal Measuring and Testing</clstitle>
<pretext></pretext>
<subnum range = "p" ref = "C374S100000" doc = "Class374.sgm">100</subnum></subref>
<descript><para> for a device for quantitatively determining temperature.</para></descript></crecord>
<crecord><classnum ref = "C422S000000" doc = "Class422.sgm">422</classnum>
<subref><clstitle>Chemical Apparatus and Process Disinfecting, Deodorizing,
Preserving, or Sterilizing</clstitle>
<pretext></pretext>
<subnum range = "p" ref = "C422S050000" doc = "Class422.sgm">50</subnum></subref>
<descript><para> for chemical apparatus for (a) determining quantitatively
or qualitatively the presence of one or more chemical constituents
of a material and (b) combination of a test or measurement means
and means for regulating a chemical reaction.</para></descript></crecord>
<crecord><classnum ref = "C436S000000" doc = "Class436.sgm">436</classnum>
<subref><clstitle>Chemistry: Analytical and Immunological Testing</clstitle>
<pretext></pretext>
<subnum range = "r" ref = "C436S001000" doc = "Class436.sgm">1</subnum>
<endnum ref = "C436S183000" doc = "Class436.sgm">183</endnum></subref>
<descript><para> for processes which quantitatively or qualitatively
determine the presence of a chemical specie.</para></descript></crecord></srchout></subclass>
<subclass subnum = "2" id = "C201S002000">
<sctitle>WITH CLEANING OF APPARATUS:</sctitle>
<parent ref = "C201S000000" doc = "Class201.sgm">the class definition</parent>
<scdesc>Processes including the step of cleaning the apparatus,
e.g., removing adhering char product, etc.</scdesc>
<srchin>
<srecord><subnum ref = "C201S039000" doc = "Class201.sgm">39</subnum>
<descript><para>for processes in which hot char is quenched as removed.</para></descript></srecord></srchin>
<srchout>
<crecord><classnum ref = "C015S000000" doc = "Class015.sgm">15</classnum>
<subref><clstitle>Brushing, Scrubbing, and General Cleaning</clstitle>
<pretext></pretext>
<subnum range = "s" ref = "C015S001510" doc = "Class015.sgm">1.51</subnum></subref>
<descript><para> for a cleaning device including means to apply an
electrostatic field to the foreign material to remove it, and subclasses 104.03&plus; for
mechanical or gaseous pressure devices for removing deposits from
conduits, pipes or tubes.</para></descript></crecord>
<crecord><classnum ref = "C034S000000" doc = "Class034.sgm">34</classnum>
<subref><clstitle>Drying and Gas or Vapor Contact With Solids</clstitle>
<pretext></pretext>
<subnum range = "s" ref = "C034S085000" doc = "Class034.sgm">85</subnum></subref>
<descript><para> for gas or vapor contact with solids, apparatus with
means for cleaning the apparatus.</para></descript></crecord>
<crecord><classnum ref = "C122S000000" doc = "Class122.sgm">122</classnum>
<subref><clstitle>Liquid Heaters and Vaporizers</clstitle>
<pretext></pretext>
<subnum range = "p" ref = "C122S379000" doc = "Class122.sgm">379</subnum></subref>
<descript><para> for a boiler provided with a mechanism for cleaning
the boiler.</para></descript></crecord>
<crecord><classnum ref = "C134S000000" doc = "Class134.sgm">134</classnum>
<subref><clstitle>Cleaning and Liquid Contact With Solids</clstitle>
<pretext></pretext>
<subnum range = "r" ref = "C134S020000" doc = "Class134.sgm">20</subnum></subref>
<descript><para> and 39 for a cleaning process for removing carbon.</para></descript></crecord>
<crecord><classnum ref = "C165S000000" doc = "Class165.sgm">165</classnum>
<subref><clstitle>Heat Exchange</clstitle>
<pretext></pretext>
<subnum range = "s" ref = "C165S005000" doc = "Class165.sgm">5</subnum></subref>
<descript><para> for apparatus including a heat storing mass with a
provision for cleaning the heat storing mass.</para></descript></crecord>
<crecord><classnum ref = "C196S000000" doc = "Class196.sgm">196</classnum>
<subref><clstitle>Mineral Oils: Apparatus</clstitle>
<pretext></pretext>
<subnum range = "s" ref = "C196S122000" doc = "Class196.sgm">122</subnum></subref>
<descript><para> for a mineral oil vaporized provided with means
for removing carbon from the vaporizer.</para></descript></crecord>
<crecord><classnum ref = "C202S000000" doc = "Class202.sgm">202</classnum>
<subref><clstitle>Distillation: Apparatus</clstitle>
<pretext></pretext>
<subnum range = "s" ref = "C202S241000" doc = "Class202.sgm">241</subnum></subref>
<descript><para> for means for cleaning and decarbonizing distillation
apparatus.</para></descript></crecord>
<crecord><classnum ref = "C203S000000" doc = "Class203.sgm">203</classnum>
<subref><clstitle>Distillation: Processes, Separatory</clstitle>
<pretext></pretext>
<subnum range = "s" ref = "C203S004000" doc = "Class203.sgm">4</subnum></subref>
<descript><para> for a separatory distillation process combined
with the step of removing a contaminant from the separatory apparatus.</para></descript></crecord>
<crecord><classnum ref = "C208S000000" doc = "Class208.sgm">208</classnum>
<subref><clstitle>Mineral Oils: Processes and Products</clstitle>
<pretext></pretext>
<subnum range = "s" ref = "C208S048000" doc = "Class208.sgm">48</subnum></subref>
<descript><para> for a chemical conversion of hydrocarbon process
including the step of removing solid deposits of carbon from the
apparatus.</para></descript></crecord>
<crecord><classnum ref = "C432S000000" doc = "Class432.sgm">432</classnum>
<subref><clstitle>Heating</clstitle>
<pretext></pretext>
<subnum range = "s" ref = "C432S002000" doc = "Class432.sgm">2</subnum></subref>
<descript><para> for a residual heating process including a step
that purges, cleans or prevents accretion on the apparatus used.</para></descript></crecord>
<crecord><classnum ref = "C510S000000" doc = "Class510.sgm">510</classnum>
<subref><clstitle>Cleaning Compositions for Solid Surfaces, Auxiliary
Compositions Therefor, or Processes of Preparing the Compositions</clstitle>
<pretext></pretext></subref>
<descript><para>appropriate subclasses for claimed or solely disclosed
(1) cleaning compositions for cleaning or removing foreign matter
from solid surfaces, (2) auxiliary compositions for perfecting the
cleaning compositions (e.g., rinse  or dryer added fabric softener
compositions), (3) compositions of this class defined in terms of specific
structure, (4) packages of compositions of this class, and (5) processes
of preparing compositions of this class, in each case where not provided
for elsewhere; including those compositions (or appropriate methods)
which are claimed or solely disclosed as specifically intended for such
use.</para></descript></crecord></srchout></subclass>
<subclass subnum = "2.5" id = "C201S002500">
<sctitle>NON-MINERAL DISTILLAND WITH CATALYST OR CHEMICAL TREATMENT
OF VOLATILE COMPONENT:</sctitle>
<parent ref = "C201S000000" doc = "Class201.sgm">the class definition</parent>
<scdesc>Processes in which the feedstock to the distillation process
is a vegetable or animal material and which include either (1) use
of a catalyst with distilland during the thermolysis, or (2) a chemical
treatment of a volatile component, i.e., a distillate or a fixed
gas obtained in the thermolysis, to convert or maintain a volatile
component in a desired chemical form.</scdesc>
<notes><note1 notenum = "(1)">
<para>Note. Materials such as municipal wastes, garbage, sewage
sludge, cellulosics, etc., distillands suitable for placement in
this subclass.</para></note1>
<note1 notenum = "(2)">
<para>Note. The chemical treatment must include a chemical change,
but it need not be a change in the product desired.</para></note1>
<note1 notenum = "(3)">
<para>Note. Mere removal of water of hydration or mere conversion
of a material to a carbon oxide (combustion) is not sufficient chemical
treatment for this subclass.</para></note1>
<note1 notenum = "(4)">
<para>Note. Mere recycle of products of the process, water, carbon
oxides, hydrogen, etc., without a recitation of a specific chemical
reaction due to the recycle is not sufficient for placement of a
patent in this subclass.</para></note1>
<note1 notenum = "(5)">
<para>Note. The catalyst must be more than the mere char product
of the process.</para></note1></notes>
<srchin>
<srecord><subnum ref = "C201S025000" doc = "Class201.sgm">25</subnum>
<descript><para>for processes in which nonwood, nonmineral material
is used as a distilland.</para></descript></srecord>
<srecord><subnum ref = "C201S045000" doc = "Class201.sgm">45</subnum>
<descript><para>for a collection of patents concerned with special
procedures whereby a distillate of special characteristics may be
obtained from a given distilland.</para></descript></srecord></srchin>
<srchout>
<crecord><classnum ref = "C585S000000" doc = "Class585.sgm">585</classnum>
<subref><clstitle>Chemistry of Hydrocarbon Compounds</clstitle>
<pretext></pretext>
<subnum range = "p" ref = "C585S240000" doc = "Class585.sgm">240</subnum></subref>
<descript><para> for the production of a hydrocarbon mixture from
refuse or vegetation.</para></descript></crecord></srchout></subclass>
<subclass subnum = "3" id = "C201S003000">
<sctitle>WITH PHYSICAL SEPARATION OF SOLID BY-PRODUCT FROM REMOVED ADMIXTURE:</sctitle>
<parent ref = "C201S000000" doc = "Class201.sgm">the class definition</parent>
<scdesc>Processes including separating a solid by-product material
by a disparate physical step.</scdesc>
<srchin>
<srecord><subnum ref = "C201S028000" doc = "Class201.sgm">28</subnum>
<descript><para>for a process in which a solid product of a thermolytic
process is removed, treated and recycled.</para></descript></srecord></srchin>
<srchout>
<crecord><classnum ref = "C203S000000" doc = "Class203.sgm">203</classnum>
<subref><clstitle>Distillation: Processes, Separatory</clstitle>
<pretext></pretext>
<subnum range = "p" ref = "C203S047000" doc = "Class203.sgm">47</subnum></subref>
<descript><para> for a separatory distillation process including
the step of separating solid material.</para></descript></crecord>
<crecord><classnum ref = "C209S000000" doc = "Class209.sgm">209</classnum>
<subref><clstitle>Classifying, Separating, and Assorting Solids</clstitle>
<pretext></pretext></subref>
<descript><para>appropriate subclasses for a process or apparatus
for separating or segregating solid material according to a physical
characteristic.</para></descript></crecord>
<crecord><classnum ref = "C210S000000" doc = "Class210.sgm">210</classnum>
<subref><clstitle>Liquid Purification or Separation</clstitle>
<pretext></pretext>
<subnum range = "p" ref = "C210S600000" doc = "Class210.sgm">600</subnum></subref>
<descript><para> for a process of separating a solid from a liquid,
especially subclasses 702&plus; for an accretion or precipitation
process; and subclasses 767&plus; for a skimming, settling or
filtration process.</para></descript></crecord></srchout></subclass>
<subclass subnum = "4" id = "C201S004000">
<sctitle>Gas or vapor containing mixture:</sctitle>
<parent ref = "C201S003000" doc = "Class201.sgm">subclass 3</parent>
<scdesc>Processes in which a solid by-product is separated from
a gas or vapor.</scdesc>
<srchout>
<crecord><classnum ref = "C095S000000" doc = "Class095.sgm">95</classnum>
<subref><clstitle>Gas Separation: Processes</clstitle>
<pretext></pretext></subref>
<descript><para>for processes of separation of a solid from a gas,
per se.</para></descript></crecord>
<crecord><classnum ref = "C137S000000" doc = "Class137.sgm">137</classnum>
<subref><clstitle>Fluid Handling</clstitle>
<pretext></pretext>
<subnum range = "p" ref = "C137S544000" doc = "Class137.sgm">544</subnum></subref>
<descript><para> for fluid handling apparatus including means for
separating solid material from a fluid and see &ldquo;SEARCH
THIS CLASS, SUBCLASS&rdquo; and &ldquo;SEARCH CLASS&rdquo; under
subclass 544 for related fields of search.</para></descript></crecord>
<crecord><classnum ref = "C202S000000" doc = "Class202.sgm">202</classnum>
<subref><clstitle>Distillation: Apparatus</clstitle>
<pretext></pretext>
<subnum range = "s" ref = "C202S197000" doc = "Class202.sgm">197</subnum></subref>
<descript><para> for apparatus in which vapor deposits entrained
solid or liquid particles.</para></descript></crecord>
<crecord><classnum ref = "C209S000000" doc = "Class209.sgm">209</classnum>
<subref><clstitle>Classifying, Separating, and Assorting Solids</clstitle>
<pretext></pretext>
<subnum range = "s" ref = "C209S019000" doc = "Class209.sgm">19</subnum></subref>
<descript><para> for a process of using free suspension in a gas
for segregating solid components of a mixture.</para></descript></crecord></srchout></subclass>
<subclass subnum = "5" id = "C201S005000">
<sctitle>AND SHAPING TO DESIRED FORM OR CONFIGURATION:</sctitle>
<parent ref = "C201S000000" doc = "Class201.sgm">the class definition</parent>
<scdesc>Processes under the definition including a step of shaping
solid carbonaceous material into a definite shape or structure.</scdesc>
<notes><note1 notenum = "(1)">
<para>Note. For purposes of this subclass the recitation that the
charge of carbonaceous material fills a container or a carbonizing
zone is not shaping.</para></note1></notes>
<srchin>
<srecord><subnum ref = "C201S040000" doc = "Class201.sgm">40</subnum>
<descript><para>for a process of filling a carbonizing zone with
carbonaceous material and compacting the material therein.</para></descript></srecord></srchin>
<srchout>
<crecord><classnum ref = "C044S000000" doc = "Class044.sgm">44</classnum>
<subref><clstitle>Fuel and Related Compositions</clstitle>
<pretext>appropriate subclasses especially </pretext>
<subnum range = "r" ref = "C044S591000" doc = "Class044.sgm">591</subnum></subref>
<descript><para> and 607, for a fuel product containing a carbonized
component and subclass 599 for a method of making a consolidated
fuel product which includes carbonizing using a specified condition
or technique.</para></descript></crecord>
<crecord><classnum ref = "C249S000000" doc = "Class249.sgm">249</classnum>
<subref><clstitle>Static Molds</clstitle>
<pretext></pretext></subref>
<descript><para>appropriate subclass for a static molding implement.</para></descript></crecord>
<crecord><classnum ref = "C264S000000" doc = "Class264.sgm">264</classnum>
<subref><clstitle>Plastic and Nonmetallic Article Shaping or Treating:
Processes</clstitle>
<pretext>appropriate subclasses for a process of shaping plastic
and nonmetallic articles and particularly </pretext>
<subnum range = "p" ref = "C264S029100" doc = "Class264.sgm">29.1</subnum></subref>
<descript><para> wherein a carbonaceous material is subjected to
a heat treatment in a substantially nonoxidizing atmosphere to produce
a product containing elemental carbon. See Class 264, Plastic and
Nonmetallic Article Shaping or Treating: Processes, section IA3
for the line.</para></descript></crecord>
<crecord><classnum ref = "C425S000000" doc = "Class425.sgm">425</classnum>
<subref><clstitle>Plastic Article or Earthenware Shaping or Treating:
Apparatus</clstitle>
<pretext></pretext></subref>
<descript><para>appropriate subclasses for molding machine to shape
or reshape nonmetals.</para></descript></crecord></srchout></subclass>
<subclass subnum = "6" id = "C201S006000">
<sctitle>Prior to charging to carbonizing zone:</sctitle>
<parent ref = "C201S005000" doc = "Class201.sgm">subclass 5</parent>
<scdesc>Processes in which the shaping of the feed particles occurs
prior to the step of charging them to the carbonizing zone.</scdesc>
<srchout>
<crecord><classnum ref = "C264S000000" doc = "Class264.sgm">264</classnum>
<subref><clstitle>Plastic and Nonmetallic Article Shaping or Treating:
Processes</clstitle>
<pretext></pretext>
<subnum range = "p" ref = "C264S029100" doc = "Class264.sgm">29.1</subnum></subref>
<descript><para> for a process of carbonizing a shaped preform.</para></descript></crecord></srchout></subclass>
<subclass subnum = "7" id = "C201S007000">
<sctitle>WITH COMMINUTING:</sctitle>
<parent ref = "C201S000000" doc = "Class201.sgm">the class definition</parent>
<scdesc>Processes combined with the step of comminuting or at least
a portion of the charge or the residue.</scdesc>
<srchout>
<crecord><classnum ref = "C241S000000" doc = "Class241.sgm">241</classnum>
<subref><clstitle>Solid Material Comminution or Disintegration</clstitle>
<pretext></pretext>
<subnum range = "r" ref = "C241S001000" doc = "Class241.sgm">1</subnum>
<endnum ref = "C241S030000" doc = "Class241.sgm">30</endnum></subref>
<descript><para>, for a process directed to comminuting solid material.</para></descript></crecord>
<crecord><classnum ref = "C264S000000" doc = "Class264.sgm">264</classnum>
<subref><clstitle>Plastic and Nonmetallic Article Shaping or Treating:
Processes</clstitle>
<pretext></pretext>
<subnum range = "p" ref = "C264S500000" doc = "Class264.sgm">500</subnum></subref>
<descript><para> for a process of direct application of fluid pressure
to shape the work and subclasses 239&plus; for a process of
making a solid shape by the application of mechanical force.</para></descript></crecord></srchout></subclass>
<subclass subnum = "8" id = "C201S008000">
<sctitle>Prior to charging to carbonizing zone: </sctitle>
<parent ref = "C201S007000" doc = "Class201.sgm">subclass 7</parent>
<scdesc>Processes in which the solid carbonaceous material is disintegrated
prior to charging to the carbonizing zone.</scdesc></subclass>
<subclass subnum = "9" id = "C201S009000">
<sctitle>AND SURFACE TREATING MATERIAL TO REDUCE OR PREVENT AGGLOMERATING
OR FOAMING OR SWELLING DURING DISTILLATION:</sctitle>
<parent ref = "C201S000000" doc = "Class201.sgm">the class definition</parent>
<scdesc>Processes which include a treatment of the surface of the
particles of the charge to reduce or prevent agglomerating or foaming
or swelling during distillation.</scdesc>
<notes><note1 notenum = "(1)">
<para>Note. Searing the surface of the feed particles to inhibit
swelling during the carbonizing step is &ldquo;Treating&rdquo; within
the purview of this subclass.</para></note1></notes>
<srchout>
<crecord><classnum ref = "C137S000000" doc = "Class137.sgm">137</classnum>
<subref><clstitle>Fluid Handling</clstitle>
<pretext></pretext>
<subnum range = "p" ref = "C137S170100" doc = "Class137.sgm">170.1</subnum></subref>
<descript><para> for apparatus for controlling the degree of foaming
in a gas charged liquid.</para></descript></crecord>
<crecord><classnum ref = "C264S000000" doc = "Class264.sgm">264</classnum>
<subref><clstitle>Plastic and Nonmetallic Article Shaping or Treating:
Processes</clstitle>
<pretext></pretext>
<subnum range = "s" ref = "C264S080000" doc = "Class264.sgm">80</subnum></subref>
<descript><para> for a process of chemically decomposing a surface
portion of a particle by heat.</para></descript></crecord>
<crecord><classnum ref = "C435S000000" doc = "Class435.sgm">435</classnum>
<subref><clstitle>Chemistry: Molecular Biology and Microbiology</clstitle>
<pretext></pretext>
<subnum range = "s" ref = "C435S266000" doc = "Class435.sgm">266</subnum></subref>
<descript><para> for a fermentation process including the step of
treating the foam.</para></descript></crecord>
<crecord><classnum ref = "C516S000000" doc = "Class516.sgm">516</classnum>
<subref><clstitle>Colloid Systems and Wetting Agents; Subcombinations
Thereof; Processes of Making, Stabilizing, Breaking, or Inhibiting</clstitle>
<pretext></pretext>
<subnum range = "p" ref = "C516S113000" doc = "Class516.sgm">113</subnum></subref>
<descript><para> for compositions for or subcombination compositions
for or breaking of or inhibiting of colloid systems (e.g., foam
breaking, emulsion breaking, dispersion inhibiting, suspension settling,
gel breaking, smoke suppressing, coagulating, flocculating), when generically
claimed or when there is no hierarchically superior provision in the
USPC for the specifically claimed art.</para></descript></crecord></srchout></subclass>
<subclass subnum = "10" id = "C201S010000">
<sctitle>BY CONDUCTION USING PREHEATED CHARGE CONTAINER OR PREHEATED
INERT DISPARATE SOLID OR PREHEATED LIQUID:</sctitle>
<parent ref = "C201S000000" doc = "Class201.sgm">the class definition</parent>
<scdesc>Processes in which the distillation is brought about by
heat derived by direct contact with an extraneous, preheated solid
or liquid or container.</scdesc>
<notes><note1 notenum = "(1)">
<para>Note. For purposes of this and indented subclasses a char
is considered &ldquo;an extraneous solid&rdquo; unless it
is disclosed as recycled solid product.</para></note1>
<note1 notenum = "(2)">
<para>Note. A preheated coke oven is a preheated container within
the meaning of this subclass if it contains originally enough heat
to completely carbonize the charge.</para></note1></notes>
<srchin>
<srecord><subnum ref = "C201S020000" doc = "Class201.sgm">20</subnum>
<descript><para>for a process in which a solid or liquid noncarbonaceous
substance is included in the material to be carbonized and subclass
28 for a continuous process in which a recovered product of the
carbonization step is recycled.</para></descript></srecord></srchin>
<srchout>
<crecord><classnum ref = "C165S000000" doc = "Class165.sgm">165</classnum>
<subref><clstitle>Heat Exchange</clstitle>
<pretext></pretext>
<subnum range = "p" ref = "C165S104110" doc = "Class165.sgm">  104.11</subnum></subref>
<descript><para>, for apparatus in which a retained body of fluent
material forming a part of the apparatus, acts as a heat storer
or heat carrier for the apparatus.</para></descript></crecord>
<crecord><classnum ref = "C202S000000" doc = "Class202.sgm">202</classnum>
<subref><clstitle>Distillation: Apparatus</clstitle>
<pretext></pretext>
<subnum range = "s" ref = "C202S219000" doc = "Class202.sgm">219</subnum></subref>
<descript><para> for distillation apparatus in which the retort
contains a mass of fusible substance through which the heat is conveyed
to the retort.</para></descript></crecord>
<crecord><classnum ref = "C588S000000" doc = "Class588.sgm">588</classnum>
<subref><clstitle>Hazardous or Toxic Waste Destruction or Containment</clstitle>
<pretext></pretext>
<subnum range = "s" ref = "C588S314000" doc = "Class588.sgm">314</subnum></subref>
<descript><para> and 321 for the use of preheated inert disparate
solid or preheated liquid to destroy hazardous waste.</para></descript></crecord></srchout></subclass>
<subclass subnum = "11" id = "C201S011000">
<sctitle>Liquid is metal:</sctitle>
<parent ref = "C201S010000" doc = "Class201.sgm">subclass 10</parent>
<scdesc>Processes in which the preheated material is molten metal.</scdesc>
<srchout>
<crecord><classnum ref = "C034S000000" doc = "Class034.sgm">34</classnum>
<subref><clstitle>Drying and Gas or Vapor Contact With Solids</clstitle>
<pretext></pretext>
<subnum range = "p" ref = "C034S329000" doc = "Class034.sgm">329</subnum></subref>
<descript><para>, for a process including contacting the material
being treated with a liquid metal, and see notes thereunder for related
fields of search.</para></descript></crecord>
<crecord><classnum ref = "C048S000000" doc = "Class048.sgm">48</classnum>
<subref><clstitle>Gas: Heating and Illuminating</clstitle>
<pretext></pretext>
<subnum range = "s" ref = "C048S092000" doc = "Class048.sgm">92</subnum></subref>
<descript><para> for a retort containing heated molten metal into
which material to be gasified is injected.</para></descript></crecord>
<crecord><classnum ref = "C165S000000" doc = "Class165.sgm">165</classnum>
<subref><clstitle>Heat Exchange</clstitle>
<pretext></pretext>
<subnum range = "p" ref = "C165S104110" doc = "Class165.sgm">104.11</subnum></subref>
<descript><para> for apparatus in which a retained body of fluent
material forming a part of the apparatus, acts as a heat storer
or heat carrier for the apparatus.</para></descript></crecord></srchout></subclass>
<subclass subnum = "12" id = "C201S012000">
<sctitle>Particulate disparate solid:</sctitle>
<parent ref = "C201S010000" doc = "Class201.sgm">subclass 10</parent>
<scdesc>Processes in which the preheated material is a particulate
solid.</scdesc>
<srchin>
<srecord><subnum ref = "C201S022000" doc = "Class201.sgm">22</subnum>
<descript><para>for a process in which char is incorporated in the
material to be carbonized.</para></descript></srecord>
<srecord><subnum ref = "C201S028000" doc = "Class201.sgm">28</subnum>
<descript><para>for a process in which a hot, solid product of the
carbonization step is recycled to the carbonizing operation.</para></descript></srecord></srchin>
<srchout>
<crecord><classnum ref = "C208S000000" doc = "Class208.sgm">208</classnum>
<subref><clstitle>Mineral Oils: Processes and Products</clstitle>
<pretext></pretext>
<subnum range = "p" ref = "C208S126000" doc = "Class208.sgm">126</subnum></subref>
<descript><para> for a process directed to adding hot solids to
a mineral oil and note &ldquo;SEARCH THIS CLASS, SUBCLASS&rdquo; and &ldquo;SEARCH CLASS&rdquo; under
subclass 126.</para></descript></crecord></srchout></subclass>
<subclass subnum = "13" id = "C201S013000">
<sctitle>USING A CARBONIZATION PRODUCT AS INDIRECT HEAT SOURCE:</sctitle>
<parent ref = "C201S000000" doc = "Class201.sgm">the class definition</parent>
<scdesc>Processes including using a product of the carbonizing step
as an indirect source of heat.</scdesc>
<notes><note1 notenum = "(1)">
<para>Note. A hot product of the thermolytic distillation process
may be utilized as such as an indirect source of heat or further
treated before recovering the heat therefrom by indirect heat exchange.</para></note1></notes>
<srchin>
<srecord><subnum range = "p" ref = "C201S028000" doc = "Class201.sgm">28</subnum>
<descript><para>for a process in which heat is incidently and directly
recovered by recirculating a hot product of the carbonizing step
to the carbonizing zone.</para></descript></srecord></srchin>
<srchout>
<crecord><classnum ref = "C034S000000" doc = "Class034.sgm">34</classnum>
<subref><clstitle>Drying and Gas or Vapor Contact With Solids</clstitle>
<pretext></pretext>
<subnum range = "s" ref = "C034S513000" doc = "Class034.sgm">513</subnum></subref>
<descript><para> for a process including conserving heat by indirect
heat exchange.</para></descript></crecord>
<crecord><classnum ref = "C165S000000" doc = "Class165.sgm">165</classnum>
<subref><clstitle>Heat Exchange</clstitle>
<pretext></pretext>
<subnum range = "p" ref = "C165S004000" doc = "Class165.sgm">4</subnum></subref>
<descript><para> for a device for alternately heating a mass with
a fluid and then heating a second fluid with the stored heat.</para></descript></crecord>
<crecord><classnum ref = "C196S000000" doc = "Class196.sgm">196</classnum>
<subref><clstitle>Mineral Oils: Apparatus</clstitle>
<pretext></pretext>
<subnum range = "s" ref = "C196S134000" doc = "Class196.sgm">134</subnum></subref>
<descript><para> for apparatus for vaporizing mineral oils including
means for heat recovery from the vapor or residuum.</para></descript></crecord>
<crecord><classnum ref = "C202S000000" doc = "Class202.sgm">202</classnum>
<subref><clstitle>Distillation: Apparatus</clstitle>
<pretext></pretext>
<subnum range = "s" ref = "C202S146000" doc = "Class202.sgm">146</subnum></subref>
<descript><para> for a horizontal retort with flues wherein the
air and&sol;or gas combustion is heated by the waste products
of combustion by means of a single-surface heater and subclass 150
for a similar apparatus using a double surface heater.</para></descript></crecord>
<crecord><classnum ref = "C203S000000" doc = "Class203.sgm">203</classnum>
<subref><clstitle>Distillation: Processes, Separatory</clstitle>
<pretext></pretext>
<subnum range = "p" ref = "C203S021000" doc = "Class203.sgm">21</subnum></subref>
<descript><para> for a process of distilling a liquid in which heat
is recovered by indirect heat exchange.</para></descript></crecord>
<crecord><classnum ref = "C237S000000" doc = "Class237.sgm">237</classnum>
<subref><clstitle>Heating Systems</clstitle>
<pretext></pretext></subref>
<descript><para>appropriate subclass, for a heating system which
may use the heat rejected portion of a refrigeration system with
additional heating means.</para></descript></crecord>
<crecord><classnum ref = "C588S000000" doc = "Class588.sgm">588</classnum>
<subref><clstitle>Hazardous or Toxic Waste Destruction or Containment</clstitle>
<pretext></pretext>
<subnum range = "r" ref = "C588S313000" doc = "Class588.sgm">313</subnum>
<endnum ref = "C588S321000" doc = "Class588.sgm">321</endnum></subref>
<descript><para> for the use of a carbonization product as an indirect
heat source to destroy hazardous or toxic waste.</para></descript></crecord></srchout></subclass>
<subclass subnum = "14" id = "C201S014000">
<sctitle>For heating the carbonaceous material:</sctitle>
<parent ref = "C201S013000" doc = "Class201.sgm">subclass 13</parent>
<scdesc>Processes directed to indirectly heating the carbonaceous
charge, at least in part, with heat from a product of the thermolytic
distillation operation.</scdesc>
<srchout>
<crecord><classnum ref = "C196S000000" doc = "Class196.sgm">196</classnum>
<subref><clstitle>Mineral Oils: Apparatus</clstitle>
<pretext></pretext>
<subnum range = "s" ref = "C196S134000" doc = "Class196.sgm">134</subnum></subref>
<descript><para> for a mineral oil vaporizer having means for preheating
the incoming oil by the heat of the vapors or residue.</para></descript></crecord>
<crecord><classnum ref = "C203S000000" doc = "Class203.sgm">203</classnum>
<subref><clstitle>Distillation: Processes, Separatory</clstitle>
<pretext></pretext>
<subnum range = "p" ref = "C203S022000" doc = "Class203.sgm">22</subnum></subref>
<descript><para> and 25&plus; for a process of distilling a
liquid in which the heat recovered by indirect heat exchange is used
to heat the incoming feed or the distillation zone.</para></descript></crecord></srchout></subclass>
<subclass subnum = "15" id = "C201S015000">
<sctitle>Including heat by burning of product:</sctitle>
<parent ref = "C201S014000" doc = "Class201.sgm">subclass 14</parent>
<scdesc>Processes directed to indirectly heating the carbonaceous
charge, at least in part, by the burning of at least a part of a
product of the thermolytic distillation operation.</scdesc>
<notes><note1 notenum = "(1)">
<para>Note. When the cracking of a vapor product is for the production
of heat to assist the thermolytic process and not primarily to produce
a mineral oil, the process is classified in Class 201 instead of
Class 208.</para></note1></notes>
<srchout>
<crecord><classnum ref = "C034S000000" doc = "Class034.sgm">34</classnum>
<subref><clstitle>Drying and Gas or Vapor Contact With Solids</clstitle>
<pretext></pretext>
<subnum range = "s" ref = "C034S513000" doc = "Class034.sgm">513</subnum></subref>
<descript><para>, for a process including conserving heat by burning
the discharged vapors and using the evolved heat.</para></descript></crecord>
<crecord><classnum ref = "C202S000000" doc = "Class202.sgm">202</classnum>
<subref><clstitle>Distillation: Apparatus</clstitle>
<pretext></pretext>
<subnum range = "r" ref = "C202S111000" doc = "Class202.sgm">111</subnum></subref>
<descript><para>, 122, 123, 130, 132, 140, 141&plus;, 146, and
148 for retort system heated by the heat carried off by the products of
combustion.</para></descript></crecord></srchout></subclass>
<subclass subnum = "16" id = "C201S016000">
<sctitle>Solid product:</sctitle>
<parent ref = "C201S015000" doc = "Class201.sgm">subclass 15</parent>
<scdesc>Processes in which the carbonaceous charge is indirectly
heated, at least in part, by burning a solid product of the thermolytic
distillation operation.</scdesc></subclass>
<subclass subnum = "17" id = "C201S017000">
<sctitle>AND REFINING CHAR, E.G., DESULFURIZING COKE:</sctitle>
<parent ref = "C201S000000" doc = "Class201.sgm">the class definition</parent>
<scdesc>Processes combined with the step of removing impurities
from char.</scdesc>
<srchout>
<crecord><classnum ref = "C423S000000" doc = "Class423.sgm">423</classnum>
<subref><clstitle>Chemistry of Inorganic Compounds</clstitle>
<pretext></pretext>
<subnum range = "p" ref = "C423S449100" doc = "Class423.sgm">449.1</subnum></subref>
<descript><para> for processes for producing carbon by a chemical
reaction, e.g., oxidation, etc.</para></descript></crecord>
<crecord><classnum ref = "C502S000000" doc = "Class502.sgm">502</classnum>
<subref><clstitle>Catalyst, Solid Sorbent, or Support Therefor:
Product or Process of Making</clstitle>
<pretext>especially </pretext>
<subnum range = "p" ref = "C502S174000" doc = "Class502.sgm">174</subnum></subref>
<descript><para> and 416&plus; for a catalyst or sorbent containing
carbonized material or process of making such composition.</para></descript></crecord></srchout></subclass>
<subclass subnum = "18" id = "C201S018000">
<sctitle>UTILIZING APPARATUS OF PARTICULAR COMPOSITION:</sctitle>
<parent ref = "C201S000000" doc = "Class201.sgm">the class definition</parent>
<scdesc>Processes directed to using structures having a specific
composition, (e.g., a cast iron sole plate, etc.).</scdesc>
<srchout>
<crecord><classnum ref = "C203S000000" doc = "Class203.sgm">203</classnum>
<subref><clstitle>Distillation: Processes, Separatory</clstitle>
<pretext></pretext>
<subnum range = "s" ref = "C203S086000" doc = "Class203.sgm">86</subnum></subref>
<descript><para> for a process of distilling directed to the use
of an apparatus or element of specific composition.</para></descript></crecord>
<crecord><classnum ref = "C264S000000" doc = "Class264.sgm">264</classnum>
<subref><clstitle>Plastic and Nonmetallic Article Shaping or Treating:
Processes</clstitle>
<pretext></pretext>
<subnum range = "s" ref = "C264S030000" doc = "Class264.sgm">30</subnum></subref>
<descript><para> for forming or repairing furnace linings and see &ldquo;Search
Class&rdquo; thereunder for related fields of search.</para></descript></crecord>
<crecord><classnum ref = "C266S000000" doc = "Class266.sgm">266</classnum>
<subref><clstitle>Metallurgical Apparatus</clstitle>
<pretext></pretext>
<subnum range = "p" ref = "C266S280000" doc = "Class266.sgm">280</subnum></subref>
<descript><para> for the lining construction for metallurgical receptacles.</para></descript></crecord>
<crecord><classnum ref = "C373S000000" doc = "Class373.sgm">373</classnum>
<subref><clstitle>Industrial Electric Heating Furnaces</clstitle>
<pretext></pretext>
<subnum range = "r" ref = "C373S137000" doc = "Class373.sgm">137</subnum></subref>
<descript><para>, 155 and 164 for an electric furnace having a lining
of a specific composition.</para></descript></crecord>
<crecord><classnum ref = "C501S000000" doc = "Class501.sgm">501</classnum>
<subref><clstitle>Compositions: Ceramic</clstitle>
<pretext></pretext>
<subnum range = "p" ref = "C501S094000" doc = "Class501.sgm">94</subnum></subref>
<descript><para> for refractory compositions useful in making refractory
linings.</para></descript></crecord></srchout></subclass>
<subclass subnum = "19" id = "C201S019000">
<sctitle>APPLYING ELECTRICAL ENERGY DIRECTLY TO MATERIAL:</sctitle>
<parent ref = "C201S000000" doc = "Class201.sgm">the class definition</parent>
<scdesc>Processes including applying electrical energy directly
to the material undergoing treatment.</scdesc>
<srchout>
<crecord><classnum ref = "C196S000000" doc = "Class196.sgm">196</classnum>
<subref><clstitle>Mineral Oils: Apparatus</clstitle>
<pretext></pretext>
<subnum range = "p" ref = "C196S120000" doc = "Class196.sgm">120</subnum></subref>
<descript><para> for mineral oil vaporizing apparatus having special
means for heating.</para></descript></crecord>
<crecord><classnum ref = "C209S000000" doc = "Class209.sgm">209</classnum>
<subref><clstitle>Classifying, Separating, and Assorting Solids</clstitle>
<pretext></pretext>
<subnum range = "p" ref = "C209S127100" doc = "Class209.sgm">127.1</subnum></subref>
<descript><para>, for a process of applying an electrostatic charge
for assorting solid material.</para></descript></crecord>
<crecord><classnum ref = "C219S000000" doc = "Class219.sgm">219</classnum>
<subref><clstitle>Electric Heating</clstitle>
<pretext></pretext></subref>
<descript><para>appropriate subclasses for electric heating devices and
electrical heating processes. See also under &ldquo;SEARCH CLASS&rdquo; references
to related fields utilizing electrical heating.</para></descript></crecord>
<crecord><classnum ref = "C264S000000" doc = "Class264.sgm">264</classnum>
<subref><clstitle>Plastic and Nonmetallic Article Shaping or Treating:
Processes</clstitle>
<pretext></pretext>
<subnum range = "p" ref = "C264S405000" doc = "Class264.sgm">405</subnum></subref>
<descript><para> for a process directed to applying electrical or
wave energy directly to the work.</para></descript></crecord>
<crecord><classnum ref = "C423S000000" doc = "Class423.sgm">423</classnum>
<subref><clstitle>Chemistry of Inorganic Compounds</clstitle>
<pretext></pretext>
<subnum range = "p" ref = "C423S449100" doc = "Class423.sgm">449.1</subnum></subref>
<descript><para> for processes for producing carbon by a chemical
reaction, e.g., oxidation, etc.</para></descript></crecord>
<crecord><classnum ref = "C588S000000" doc = "Class588.sgm">588</classnum>
<subref><clstitle>Hazardous or Toxic Waste Destruction or Containment</clstitle>
<pretext></pretext>
<subnum range = "r" ref = "C588S302000" doc = "Class588.sgm">302</subnum>
<endnum ref = "C588S303000" doc = "Class588.sgm">303</endnum></subref>
<descript><para> for the use of electrical energy in the destruction
of hazardous or toxic waste.</para></descript></crecord></srchout></subclass>
<subclass subnum = "20" id = "C201S020000">
<sctitle>ADDING DISPARATE NON-GASEOUS MATERIAL TO FEED:</sctitle>
<parent ref = "C201S000000" doc = "Class201.sgm">the class definition</parent>
<scdesc>Processes directed to incorporating an extraneous, solid
or liquid, noncarbonaceous material into the carbonaceous material
being treated.</scdesc>
<srchout>
<crecord><classnum ref = "C202S000000" doc = "Class202.sgm">202</classnum>
<subref><clstitle>Distillation: Apparatus</clstitle>
<pretext></pretext>
<subnum range = "s" ref = "C202S176000" doc = "Class202.sgm">176</subnum></subref>
<descript><para> for separatory distillation apparatus including
a distilland treating device.</para></descript></crecord>
<crecord><classnum ref = "C203S000000" doc = "Class203.sgm">203</classnum>
<subref><clstitle>Distillation: Processes, Separatory</clstitle>
<pretext></pretext>
<subnum range = "p" ref = "C203S029000" doc = "Class203.sgm">29</subnum></subref>
<descript><para> for a distillation process directed to adding a
material which reacts with a component of the mixture.</para></descript></crecord>
<crecord><classnum ref = "C588S000000" doc = "Class588.sgm">588</classnum>
<subref><clstitle>Hazardous or Toxic Waste Destruction or Containment</clstitle>
<pretext></pretext>
<subnum range = "r" ref = "C588S313000" doc = "Class588.sgm">313</subnum>
<endnum ref = "C588S320000" doc = "Class588.sgm">320</endnum></subref>
<descript><para> for using an added substance to destroy hazardous
or toxic waste.</para></descript></crecord></srchout></subclass>
<subclass subnum = "21" id = "C201S021000">
<sctitle>FEED OF TWO OR MORE CARBONACEOUS MATERIAL (AT LEAST THE PREDOMINATE
ONE BEING SOLID):</sctitle>
<parent ref = "C201S000000" doc = "Class201.sgm">the class definition</parent>
<scdesc>Processes in which the feed material is composed of two
or more carbonaceous substances of which at least the predominate
one is a solid.</scdesc>
<notes><note1 notenum = "(1)">
<para>Note. For purposes of this and indented subclasses, garbage
and waste material which is carbonized is considered a mixture unless
the disclosure specifically states that it is not.</para></note1>
<note1 notenum = "(2)">
<para>Note. For purposes of this and indented subclasses wood, oil
shale or a particular type of coal is considered a distinct material.</para></note1>
<note1 notenum = "(3)">
<para>Note. For purposes of this and indented subclasses a charge
of a mixture of two distinct sizes of particles is considered a mixture,
e.g., a charge consisting of wood blocks and sawdust.</para></note1></notes>
<srchout>
<crecord><classnum ref = "C044S000000" doc = "Class044.sgm">44</classnum>
<subref><clstitle>Fuel and Related Compositions</clstitle>
<pretext>appropriate subclasses especially </pretext>
<subnum range = "r" ref = "C044S591000" doc = "Class044.sgm">591</subnum></subref>
<descript><para> and 607, for a fuel product containing a carbonized
component and subclass 599 for a method of making a consolidated
fuel product which includes carbonizing using a specified condition
or technique.</para></descript></crecord>
<crecord><classnum ref = "C110S000000" doc = "Class110.sgm">110</classnum>
<subref><clstitle>Furnaces</clstitle>
<pretext></pretext>
<subnum range = "s" ref = "C110S235000" doc = "Class110.sgm">235</subnum></subref>
<descript><para> for furnaces for incinerating garbage.</para></descript></crecord>
<crecord><classnum ref = "C252S000000" doc = "Class252.sgm">252</classnum>
<subref><clstitle>Compositions</clstitle>
<pretext></pretext>
<subnum range = "p" ref = "C252S502000" doc = "Class252.sgm">502</subnum></subref>
<descript><para> for electrically conductive compositions containing
carbon which compositions have been carbonized.</para></descript></crecord>
<crecord><classnum ref = "C313S000000" doc = "Class313.sgm">313</classnum>
<subref><clstitle>Electric Lamp and Discharge Devices</clstitle>
<pretext></pretext>
<subnum range = "p" ref = "C313S326000" doc = "Class313.sgm">326</subnum></subref>
<descript><para> for electrodes for electric lamps and electric
discharge devices defined by their structure.</para></descript></crecord>
<crecord><classnum ref = "C373S000000" doc = "Class373.sgm">373</classnum>
<subref><clstitle>Industrial Electric Heating Furnaces</clstitle>
<pretext></pretext>
<subnum range = "p" ref = "C373S088000" doc = "Class373.sgm">88</subnum></subref>
<descript><para> for the composition of electric arc furnace electrodes.</para></descript></crecord></srchout></subclass>
<subclass subnum = "22" id = "C201S022000">
<sctitle>Char containing:</sctitle>
<parent ref = "C201S021000" doc = "Class201.sgm">subclass 21</parent>
<scdesc>Processes in which a component of the feed is char.</scdesc>
<srchin>
<srecord><subnum range = "p" ref = "C201S028000" doc = "Class201.sgm">28</subnum>
<descript><para>for processes in which a char product is recycled
to the carbonizing operation.</para></descript></srecord></srchin></subclass>
<subclass subnum = "23" id = "C201S023000">
<sctitle>Mineral oil containing:</sctitle>
<parent ref = "C201S021000" doc = "Class201.sgm">subclass 21</parent>
<scdesc>Processes in which the feed contains mineral oil.</scdesc>
<notes><note1 notenum = "(1)">
<para>Note. See Class 208, Mineral Oils: Processes and Products, &ldquo;Definition
of Terms,&rdquo; for the scope of the term &ldquo;mineral
oil&rdquo;.</para></note1></notes>
<srchin>
<srecord><subnum ref = "C201S029000" doc = "Class201.sgm">29</subnum>
<descript><para>for a process in which an oil recovered from the
carbonization step is recycled to the carbonization zone.</para></descript></srecord></srchin>
<srchout>
<crecord><classnum ref = "C048S000000" doc = "Class048.sgm">48</classnum>
<subref><clstitle>Gas: Heating and Illuminating</clstitle>
<pretext></pretext>
<subnum range = "s" ref = "C048S201000" doc = "Class048.sgm">201</subnum></subref>
<descript><para> for a process of gasifying a mixture of coal and
oil.</para></descript></crecord></srchout></subclass>
<subclass subnum = "24" id = "C201S024000">
<sctitle>Coals only:</sctitle>
<parent ref = "C201S021000" doc = "Class201.sgm">subclass 21</parent>
<scdesc>Processes in which the feed is a mixture of coal materials.</scdesc>
<notes><note1 notenum = "(1)">
<para>Note. This subclass includes a feed comprising a mixture of
two or more different coals. It also includes a feed of a mixture
two or more specific sizes of coal particles, e.g., a mixture of
4-inch lumps and 1&sol;2-inch lumps.</para></note1></notes></subclass>
<subclass subnum = "25" id = "C201S025000">
<sctitle>FEED OTHER THAN COAL, OIL SHALE OR WOOD:</sctitle>
<parent ref = "C201S000000" doc = "Class201.sgm">the class definition</parent>
<scdesc>Processes in which the feed is a solid carbonaceous material
other than coal, oil shale or wood.</scdesc>
<notes><note1 notenum = "(1)">
<para>Note. Corn cobs, peat and straw are examples of solid carbonaceous
material within the scope of this subclass.</para></note1>
<note1 notenum = "(2)">
<para>Note. For purposes of this subclass the term &ldquo;coal&rdquo; includes
anthracite, all bituminous coals and all lignites.</para></note1>
<note1 notenum = "(3)">
<para>Note. For purposes of this subclass the term &ldquo;wood&rdquo; includes
wood of any type whether in large pieces or as sawdust.</para></note1>
<note1 notenum = "(4)">
<para>Note. For purposes of this subclass the term &ldquo;oil
shale&rdquo; includes tar sands.</para></note1></notes>
<srchout>
<crecord><classnum ref = "C044S000000" doc = "Class044.sgm">44</classnum>
<subref><clstitle>Fuel and Related Compositions</clstitle>
<pretext></pretext>
<subnum range = "p" ref = "C044S490000" doc = "Class044.sgm">490</subnum></subref>
<descript><para> for peat briquettes and processes for preparing
peat for fuel, especially subclass 492 for a process for wet carbonizing
peat</para></descript></crecord></srchout></subclass>
<subclass subnum = "26" id = "C201S026000">
<sctitle>IN PARALLEL STAGES SIMULTANEOUSLY:</sctitle>
<parent ref = "C201S000000" doc = "Class201.sgm">the class definition</parent>
<scdesc>Processes wherein a plurality of solid carbonaceous materials
are separately and simultaneously subjected to carbonizing conditions.</scdesc>
<notes><note1 notenum = "(1)">
<para>Note. To come within the purview of this subclass a plurality
of distinct carbonaceous charges are thermolytically treated substantially
simultaneously in separate and distinct isolated zones.</para></note1></notes>
<srchout>
<crecord><classnum ref = "C034S000000" doc = "Class034.sgm">34</classnum>
<subref><clstitle>Drying and Gas or Vapor Contact With Solids</clstitle>
<pretext></pretext>
<subnum range = "s" ref = "C034S113000" doc = "Class034.sgm">113</subnum></subref>
<descript><para> for a combination of a plurality of interconnected
rotating treating drums.</para></descript></crecord>
<crecord><classnum ref = "C110S000000" doc = "Class110.sgm">110</classnum>
<subref><clstitle>Furnaces</clstitle>
<pretext></pretext>
<subnum range = "s" ref = "C110S208000" doc = "Class110.sgm">208</subnum></subref>
<descript><para> for a plurality of interconnected furnaces in which the
gases from one furnace are passed into an associated furnace.</para></descript></crecord>
<crecord><classnum ref = "C202S000000" doc = "Class202.sgm">202</classnum>
<subref><clstitle>Distillation: Apparatus</clstitle>
<pretext></pretext>
<subnum range = "s" ref = "C202S113000" doc = "Class202.sgm">113</subnum></subref>
<descript><para> for a plurality of retorts connected in series
or parallel.</para></descript></crecord></srchout></subclass>
<subclass subnum = "27" id = "C201S027000">
<sctitle>INCLUDING BURNING OF VAPORIZED PRODUCT:</sctitle>
<parent ref = "C201S000000" doc = "Class201.sgm">the class definition</parent>
<scdesc>Processes in which a volatile product of the carbonization
step is burned.</scdesc>
<srchout>
<crecord><classnum ref = "C588S000000" doc = "Class588.sgm">588</classnum>
<subref><clstitle>Hazardous or Toxic Waste Destruction or Containment</clstitle>
<pretext></pretext>
<subnum range = "r" ref = "C588S313000" doc = "Class588.sgm">313</subnum>
<endnum ref = "C588S320000" doc = "Class588.sgm">320</endnum></subref>
<descript><para>  for the burning of the vaporized product.</para></descript></crecord></srchout></subclass>
<subclass subnum = "28" id = "C201S028000">
<sctitle>SEQUENTIALLY REMOVING, TREATING AND RECYCLING A PRODUCT:</sctitle>
<parent ref = "C201S000000" doc = "Class201.sgm">the class definition</parent>
<scdesc>Processes directed to treating a product of the carbonizing
step and recycling to the carbonizing process at least a part of
the so treated product.</scdesc>
<notes><note1 notenum = "(1)">
<para>Note. The product recycled may be a solid or a liquid or a
gas.</para></note1>
<note1 notenum = "(2)">
<para>Note. The product of the carbonization step may or may not
have been altered after it was removed from the carbonizing zone.</para></note1></notes>
<srchin>
<srecord><subnum range = "p" ref = "C201S013000" doc = "Class201.sgm">13</subnum>
<descript><para>for processes in which the heat of a product of
carbonization is recovered by indirect heat exchange.</para></descript></srecord></srchin></subclass>
<subclass subnum = "29" id = "C201S029000">
<sctitle>Removing and treating vapor:</sctitle>
<parent ref = "C201S028000" doc = "Class201.sgm">subclass 28</parent>
<scdesc>Processes in which the product which is recycled is a volatile.</scdesc>
<srchout>
<crecord><classnum ref = "C196S000000" doc = "Class196.sgm">196</classnum>
<subref><clstitle>Mineral Oils: Apparatus</clstitle>
<pretext></pretext>
<subnum range = "s" ref = "C196S099000" doc = "Class196.sgm">99</subnum></subref>
<descript><para>, for mineral oil distilling apparatus including
the combination of a vaporizer, condensing means with means for
returning a part or all of the condensate to the vaporizer.</para></descript></crecord>
<crecord><classnum ref = "C202S000000" doc = "Class202.sgm">202</classnum>
<subref><clstitle>Distillation: Apparatus</clstitle>
<pretext></pretext>
<subnum range = "s" ref = "C202S109000" doc = "Class202.sgm">109</subnum></subref>
<descript><para>, for apparatus for moving the volatile matter distilled
off in a closed circuit through the retort.</para></descript></crecord></srchout></subclass>
<subclass subnum = "30" id = "C201S030000">
<sctitle>AND FRACTIONALLY CONDENSING VAPORS:</sctitle>
<parent ref = "C201S000000" doc = "Class201.sgm">the class definition</parent>
<scdesc>Processes directed to condensing the vapor evolved during
distillation into a plurality of distinct fractions.</scdesc>
<notes><note1 notenum = "(1)">
<para>Note. The vapor must be removed from the carbonizing zone
and condensed in a plurality of zones having distinct temperatures.</para></note1></notes>
<srchout>
<crecord><classnum ref = "C202S000000" doc = "Class202.sgm">202</classnum>
<subref><clstitle>Distillation: Apparatus</clstitle>
<pretext></pretext>
<subnum range = "s" ref = "C202S199000" doc = "Class202.sgm">199</subnum></subref>
<descript><para> for apparatus in which vapor is passed through
a condensate from itself to surrender high-boiling constituents.</para></descript></crecord>
<crecord><classnum ref = "C203S000000" doc = "Class203.sgm">203</classnum>
<subref><clstitle>Distillation: Processes, Separatory</clstitle>
<pretext></pretext>
<subnum range = "s" ref = "C203S087000" doc = "Class203.sgm">87</subnum></subref>
<descript><para> for a process directed to fractionally condensing
the vapor outside the still and see &ldquo;SEARCH CLASS&rdquo; thereunder.</para></descript></crecord></srchout></subclass>
<subclass subnum = "31" id = "C201S031000">
<sctitle>FLUIDIZED BED:</sctitle>
<parent ref = "C201S000000" doc = "Class201.sgm">the class definition</parent>
<scdesc>Processes directed to carbonizing the carbonaceous material
in a fluidized bed.</scdesc>
<notes><note1 notenum = "(1)">
<para>Note. Fluidized bed for purposes of this subclass is a system
in which an upwardly flowing gas maintains the particles of the
charge in an agitated, more or less suspended condition during carbonization.
Arbitrarily a process including hindered fall of particles during carbonization
by means of an upwardly flowing gas is included in this subclass.</para></note1></notes>
<srchout>
<crecord><classnum ref = "C034S000000" doc = "Class034.sgm">34</classnum>
<subref><clstitle>Drying and Gas or Vapor Contact With Solids</clstitle>
<pretext></pretext>
<subnum range = "s" ref = "C034S359000" doc = "Class034.sgm">359</subnum></subref>
<descript><para> for a process of treating a solid in gas or vapor suspension.</para></descript></crecord>
<crecord><classnum ref = "C208S000000" doc = "Class208.sgm">208</classnum>
<subref><clstitle>Mineral Oils: Processes and Products</clstitle>
<pretext></pretext>
<subnum range = "p" ref = "C208S126000" doc = "Class208.sgm">126</subnum></subref>
<descript><para> for a process directed to adding hot solids to
a mineral oil and note &ldquo;SEARCH THIS CLASS, SUBCLASS&rdquo; and &ldquo;SEARCH CLASS&rdquo; under
subclasses 126 and 127.</para></descript></crecord></srchout></subclass>
<subclass subnum = "32" id = "C201S032000">
<sctitle>IN A MOVING BED:</sctitle>
<parent ref = "C201S000000" doc = "Class201.sgm">the class definition</parent>
<scdesc>Processes in which carbonizing is carried out on a charge
of carbonaceous material which is in motion with respect to the
carbonizing zone.</scdesc>
<notes><note1 notenum = "(1)">
<para>Note. For purposes of this and indented subclasses the individual
particles of a charge may be in motion with respect to each other
and the carbonization zone or a confined charge may be moving with respect
to the carbonization zone.</para></note1></notes>
<srchout>
<crecord><classnum ref = "C202S000000" doc = "Class202.sgm">202</classnum>
<subref><clstitle>Distillation: Apparatus</clstitle>
<pretext></pretext>
<subnum range = "s" ref = "C202S117000" doc = "Class202.sgm">117</subnum></subref>
<descript><para> for apparatus having means for moving the distilland
through it, and note &ldquo;Search This Class, Subclass&rdquo; under subclasses
117&plus; for other apparatus in which the distilland passes
through the retort.</para></descript></crecord>
<crecord><classnum ref = "C373S000000" doc = "Class373.sgm">373</classnum>
<subref><clstitle>Industrial Electric Heating Furnaces</clstitle>
<pretext></pretext>
<subnum range = "r" ref = "C373S084000" doc = "Class373.sgm">84</subnum></subref>
<descript><para> and 85&plus; for a rotating electric arc furnace.</para></descript></crecord></srchout></subclass>
<subclass subnum = "33" id = "C201S033000">
<sctitle>Agitating:</sctitle>
<parent ref = "C201S032000" doc = "Class201.sgm">subclass 32</parent>
<scdesc>Processes directed to positively agitating the charge in
the carbonizing zone.</scdesc>
<srchout>
<crecord><classnum ref = "C034S000000" doc = "Class034.sgm">34</classnum>
<subref><clstitle>Drying and Gas or Vapor Contact With Solids</clstitle>
<pretext></pretext>
<subnum range = "p" ref = "C034S114000" doc = "Class034.sgm">114</subnum></subref>
<descript><para> and 122 for a rotating retort with means for gas or
vapor contact with the treated material.</para></descript></crecord>
<crecord><classnum ref = "C198S000000" doc = "Class198.sgm">198</classnum>
<subref><clstitle>Conveyors: Power-Driven</clstitle>
<pretext></pretext>
<subnum range = "r" ref = "C198S467100" doc = "Class198.sgm">467.1</subnum></subref>
<descript><para>, 513, 545, 548, 550.1, 608, 611&plus;, 468.1,
625, 657&plus; for a screw conveyor, subclasses 409, 429&plus;,
517, 602, 614, 621.1&plus;, 736&plus;, and 750.1&plus; for
a reciprocating conveyor, and subclasses 441&plus;, 450, 550.6,
608, 611&plus; for a rotary conveyor.</para></descript></crecord>
<crecord><classnum ref = "C202S000000" doc = "Class202.sgm">202</classnum>
<subref><clstitle>Distillation: Apparatus</clstitle>
<pretext></pretext>
<subnum range = "r" ref = "C202S118000" doc = "Class202.sgm">118</subnum></subref>
<descript><para>, 131, 136, 216, 218, 238, and 265, for distillation
apparatus including a rotating retort or agitating elements and
see &ldquo;SEARCH CLASS&rdquo; under subclasses 218 and 265.</para></descript></crecord>
<crecord><classnum ref = "C366S000000" doc = "Class366.sgm">366</classnum>
<subref><clstitle>Agitating</clstitle>
<pretext></pretext>
<subnum range = "p" ref = "C366S219000" doc = "Class366.sgm">219</subnum></subref>
<descript><para> for a mixing chamber which moves, in whole or in
part, to effect agitation; also the corresponding method.</para></descript></crecord></srchout></subclass>
<subclass subnum = "34" id = "C201S034000">
<sctitle>Gravitating:</sctitle>
<parent ref = "C201S032000" doc = "Class201.sgm">subclass 32</parent>
<scdesc>Processes directed to carbonizing a gravitating charge of
carbonaceous material in the carbonizing zone.</scdesc>
<srchout>
<crecord><classnum ref = "C202S000000" doc = "Class202.sgm">202</classnum>
<subref><clstitle>Distillation: Apparatus</clstitle>
<pretext></pretext>
<subnum range = "p" ref = "C202S120000" doc = "Class202.sgm">120</subnum></subref>
<descript><para> for apparatus in which the distilland passes through
it in a vertical direction.</para></descript></crecord></srchout></subclass>
<subclass subnum = "35" id = "C201S035000">
<sctitle>CARBONIZING UNDER PNEUMATIC PRESSURE OR VACUUM:</sctitle>
<parent ref = "C201S000000" doc = "Class201.sgm">the class definition</parent>
<scdesc>Processes directed to carbonizing under pneumatic pressure
or vacuum.</scdesc>
<notes><note1 notenum = "(1)">
<para>Note. For purposes of this subclass the claims must clearly
state that the pneumatic pressure in the carbonizing zone materially
differs from ambient pressure.</para></note1>
<note1 notenum = "(2)">
<para>Note. Processes directed to carbonizing in which the charge
is only subjected to container wall pressure are excluded.</para></note1></notes>
<srchout>
<crecord><classnum ref = "C034S000000" doc = "Class034.sgm">34</classnum>
<subref><clstitle>Drying and Gas or Vapor Contact With Solids</clstitle>
<pretext></pretext>
<subnum range = "p" ref = "C034S402000" doc = "Class034.sgm">402</subnum></subref>
<descript><para> for a process of treating a solid under vacuum
or applying gas or vapor under superatmospheric pressure.</para></descript></crecord>
<crecord><classnum ref = "C202S000000" doc = "Class202.sgm">202</classnum>
<subref><clstitle>Distillation: Apparatus</clstitle>
<pretext></pretext>
<subnum range = "s" ref = "C202S110000" doc = "Class202.sgm">110</subnum></subref>
<descript><para> for thermolytic distillation apparatus in which
the distilland is under pressure.</para></descript></crecord>
<crecord><classnum ref = "C203S000000" doc = "Class203.sgm">203</classnum>
<subref><clstitle>Distillation: Processes, Separatory</clstitle>
<pretext></pretext>
<subnum range = "p" ref = "C203S073000" doc = "Class203.sgm">73</subnum></subref>
<descript><para> and 91&plus; for a distillation process in
which the distillation zone is under pressure or vacuum.</para></descript></crecord>
<crecord><classnum ref = "C588S000000" doc = "Class588.sgm">588</classnum>
<subref><clstitle>Hazardous or Toxic Waste Destruction or Containment</clstitle>
<pretext></pretext>
<subnum range = "s" ref = "C588S321000" doc = "Class588.sgm">321</subnum></subref>
<descript><para> for carbonizing, which may include treating under
pressure or a vacuum to destroy hazardous or toxic waste.</para></descript></crecord></srchout></subclass>
<subclass subnum = "36" id = "C201S036000">
<sctitle>AND ADDING DISPARATE GASEOUS MATERIAL TO THE CARBONIZING ZONE:</sctitle>
<parent ref = "C201S000000" doc = "Class201.sgm">the class definition</parent>
<scdesc>Processes directed to positively adding an extraneous gaseous
material to the solid carbonaceous material being acted upon.</scdesc>
<srchout>
<crecord><classnum ref = "C034S000000" doc = "Class034.sgm">34</classnum>
<subref><clstitle>Drying and Gas or Vapor Contact With Solids</clstitle>
<pretext></pretext>
<subnum range = "p" ref = "C034S282000" doc = "Class034.sgm">282</subnum></subref>
<descript><para> for a process for contacting a solid with a gas
or vapor to remove moisture or other vaporizable components and subclasses
114&plus; and 122 for a rotating retort with means for gas or
vapor contact with the treated material.</para></descript></crecord>
<crecord><classnum ref = "C202S000000" doc = "Class202.sgm">202</classnum>
<subref><clstitle>Distillation: Apparatus</clstitle>
<pretext></pretext>
<subnum range = "s" ref = "C202S121000" doc = "Class202.sgm">121</subnum></subref>
<descript><para> for a retort provided with means for injection
of fluid, and see (1) Note and &ldquo;(2) Search Class&rdquo; thereunder
for other apparatus in which fluid is injected.</para></descript></crecord>
<crecord><classnum ref = "C208S000000" doc = "Class208.sgm">208</classnum>
<subref><clstitle>Mineral Oils: Processes and Products</clstitle>
<pretext></pretext>
<subnum range = "p" ref = "C208S126000" doc = "Class208.sgm">126</subnum></subref>
<descript><para> for a process directed to adding hot solids to
a mineral oil and note &ldquo;SEARCH THIS CLASS, SUBCLASS&rdquo; and &ldquo;SEARCH CLASS&rdquo; under
subclass 126.</para></descript></crecord>
<crecord><classnum ref = "C502S000000" doc = "Class502.sgm">502</classnum>
<subref><clstitle>Catalyst, Solid Sorbent, or Support Therefor:
Product or Process of Making</clstitle>
<pretext>especially </pretext>
<subnum range = "p" ref = "C502S174000" doc = "Class502.sgm">174</subnum></subref>
<descript><para> and 416&plus; for a catalyst or sorbent containing
carbonized material or a process of making such composition.</para></descript></crecord>
<crecord><classnum ref = "C588S000000" doc = "Class588.sgm">588</classnum>
<subref><clstitle>Hazardous or Toxic Waste Destruction or Containment</clstitle>
<pretext></pretext>
<subnum range = "s" ref = "C588S312000" doc = "Class588.sgm">312</subnum></subref>
<descript><para> and 313-320 for the use of gaseous material in
a process for destroying hazardous or toxic waste.</para></descript></crecord></srchout></subclass>
<subclass subnum = "37" id = "C201S037000">
<sctitle>Combustion gases:</sctitle>
<parent ref = "C201S036000" doc = "Class201.sgm">subclass 36</parent>
<scdesc>Processes in which the extraneous gaseous material includes
combustion gases.</scdesc>
<srchout>
<crecord><classnum ref = "C034S000000" doc = "Class034.sgm">34</classnum>
<subref><clstitle>Drying and Gas or Vapor Contact With Solids</clstitle>
<pretext></pretext>
<subnum range = "p" ref = "C034S443000" doc = "Class034.sgm">443</subnum></subref>
<descript><para> for a process of treating solid material with the
products of combustion.</para></descript></crecord>
<crecord><classnum ref = "C202S000000" doc = "Class202.sgm">202</classnum>
<subref><clstitle>Distillation: Apparatus</clstitle>
<pretext></pretext>
<subnum range = "r" ref = "C202S111000" doc = "Class202.sgm">111</subnum></subref>
<descript><para>, 121, 123, 130, 132, 140, 141&plus;, 146, and
148 for a retort system heated by the heat carried off by the products
of combustion.</para></descript></crecord></srchout></subclass>
<subclass subnum = "38" id = "C201S038000">
<sctitle>Steam containing:</sctitle>
<parent ref = "C201S036000" doc = "Class201.sgm">subclass 36</parent>
<scdesc>Processes in which the extraneous gaseous material includes
steam.</scdesc>
<srchout>
<crecord><classnum ref = "C048S000000" doc = "Class048.sgm">48</classnum>
<subref><clstitle>Gas: Heating and Illuminating</clstitle>
<pretext></pretext>
<subnum range = "r" ref = "C048S200000" doc = "Class048.sgm">200</subnum></subref>
<descript><para>, 202 and 204&plus;, for a process of gasifying
fuel in which steam is injected into the incandescent fuel.</para></descript></crecord>
<crecord><classnum ref = "C110S000000" doc = "Class110.sgm">110</classnum>
<subref><clstitle>Furnaces</clstitle>
<pretext></pretext>
<subnum range = "p" ref = "C110S188000" doc = "Class110.sgm">188</subnum></subref>
<descript><para>, 199&plus;, 296, and 297&plus; for means
of feeding air and steam to a furnace.</para></descript></crecord></srchout></subclass>
<subclass subnum = "39" id = "C201S039000">
<sctitle>QUENCHING CHAR WITH AN INERT MATERIAL:</sctitle>
<parent ref = "C201S000000" doc = "Class201.sgm">the class definition</parent>
<scdesc>Processes directed to cooling the carbonaceous residue of
the process by quenching in an inert medium.</scdesc>
<notes><note1 notenum = "(1)">
<para>Note. A liquid or gas which does not materially react with
the hot carbonaceous residue is considered inert.</para></note1></notes>
<srchout>
<crecord><classnum ref = "C202S000000" doc = "Class202.sgm">202</classnum>
<subref><clstitle>Distillation: Apparatus</clstitle>
<pretext></pretext>
<subnum range = "s" ref = "C202S095000" doc = "Class202.sgm">95</subnum></subref>
<descript><para> for apparatus including a device for cooling the
residue, subclasses 227&plus; for distillation apparatus including
a quencher and see under subclass 227 &ldquo;SEARCH THIS CLASS,
SUBCLASS&rdquo; and &ldquo;SEARCH CLASS&rdquo; for related
fields of search.</para></descript></crecord></srchout></subclass>
<subclass subnum = "40" id = "C201S040000">
<sctitle>ARRANGING THE CARBONACEOUS MATERIAL IN THE CARBONIZING ZONE:</sctitle>
<parent ref = "C201S000000" doc = "Class201.sgm">the class definition</parent>
<scdesc>Processes including arranging or positioning the carbonaceous
material in the retort to facilitate carbonizing it or to facilitate removing
products.</scdesc>
<notes><note1 notenum = "(1)">
<para>Note. The broad recitation that gas is removed during charging
does not take the process out of this subclass.</para></note1></notes>
<srchout>
<crecord><classnum ref = "C034S000000" doc = "Class034.sgm">34</classnum>
<subref><clstitle>Drying and Gas or Vapor Contact With Solids</clstitle>
<pretext></pretext>
<subnum range = "s" ref = "C034S518000" doc = "Class034.sgm">518</subnum></subref>
<descript><para> for a process of arranging the solid material to promote
contact with gas or vapor passing therethrough.</para></descript></crecord>
<crecord><classnum ref = "C202S000000" doc = "Class202.sgm">202</classnum>
<subref><clstitle>Distillation: Apparatus</clstitle>
<pretext></pretext>
<subnum range = "s" ref = "C202S263000" doc = "Class202.sgm">263</subnum></subref>
<descript><para> for thermolytic distillation apparatus provided
with means for disposing of smoke and fumes produced while charging.</para></descript></crecord>
<crecord><classnum ref = "C414S000000" doc = "Class414.sgm">414</classnum>
<subref><clstitle>Material or Article Handling</clstitle>
<pretext></pretext>
<subnum range = "s" ref = "C414S133000" doc = "Class414.sgm">133</subnum></subref>
<descript><para> for apparatus for forming piles of coal or like
material; also, subclasses 147&plus; or 586&plus; for the
combination, or subcombination, respectively, of a chamber of a
type utilized for a heating function and means for moving material
to, into, within, out of, or from the chamber.</para></descript></crecord></srchout></subclass>
<subclass subnum = "41" id = "C201S041000">
<sctitle>MISCELLANEOUS:</sctitle>
<parent ref = "C201S000000" doc = "Class201.sgm">the class definition</parent>
<scdesc>Processes directed to thermolytically decomposing solid,
carbonaceous material by applying heat not otherwise provided for.</scdesc>
<notes><note1 notenum = "(1)">
<para>Note. In this subclass are combinations not provided for above
and not provided for elsewhere.</para></note1></notes>
<srchout>
<crecord><classnum ref = "C423S000000" doc = "Class423.sgm">423</classnum>
<subref><clstitle>Chemistry of Inorganic Compounds</clstitle>
<pretext></pretext>
<subnum range = "r" ref = "C423S449100" doc = "Class423.sgm">449.1</subnum>
<endnum ref = "C423S449900" doc = "Class423.sgm">449.9</endnum></subref>
<descript><para> for processes for producing carbon by a chemical
reaction, e.g. oxidation, etc.</para></descript></crecord></srchout></subclass></sclasses>
<xrefcols>
<para>The following subclasses represent at least a substantial collection
of patents found elsewhere in the classification of this class,
but merit isolation for aid in searching certain concepts which
do not form appropriate bases for the placement of original patents.
These concepts are as given in the titles and definitions of the
subclasses listed hereunder.</para>
<para>The cross-reference patents contained in these collections
may be of further assistance to the searcher, either as a starting
point in searching this class or as an indication of further related
fields of search inside or outside the class. Thus, there is here
provided a further path of access for retrieval of a limited number
of types of disclosure.</para>
<notes><note1 notenum = "(1)">
<para>Note. Disclosure are placed in these subclasses for their
value as references and as leads to appropriate main or secondary
fields of search, without regard to their original classification
or their claimed subject matter.</para></note1>
<note1 notenum = "(2)">
<para>Note. The disclosures found in the following subclasses are
examples, only, of the indicated subject matter, and in no instance
do they represent the entire extent of the prior art.</para></note1></notes>
<subclass subnum = "42" id = "C201S042000">
<sctitle>PARTICLE SIZE:</sctitle>
<parent ref = "C201S000000" doc = "Class201.sgm">the class definition</parent>
<scdesc>Thermolytic processes as provided for in this class wherein
there is either recited or disclosed a reference to a particular
size or dimension of the particles of at least one component of
the material being acted upon.</scdesc>
<srchout>
<crecord><classnum ref = "C044S000000" doc = "Class044.sgm">44</classnum>
<subref><clstitle>Fuel and Related Compositions</clstitle>
<pretext></pretext>
<subnum range = "p" ref = "C044S500000" doc = "Class044.sgm">500</subnum></subref>
<descript><para> for a particulate solid fuel composition and subclasses
550&plus; for a consolidated fuel solids compositions.</para></descript></crecord>
<crecord><classnum ref = "C149S000000" doc = "Class149.sgm">149</classnum>
<subref><clstitle>Explosive and Thermic Compositions or Charges</clstitle>
<pretext></pretext>
<subnum range = "p" ref = "C149S110000" doc = "Class149.sgm">110</subnum></subref>
<descript><para> for a collection of patents based on the particle size
of a component of an explosive or thermic composition.</para></descript></crecord></srchout></subclass>
<subclass subnum = "43" id = "C201S043000">
<sctitle>AN EXTRANEOUS, CYCLICALLY CIRCULATED, INERT HEATING GAS:</sctitle>
<parent ref = "C201S000000" doc = "Class201.sgm">the class definition</parent>
<scdesc>Thermolytic processes as provided for in this class in which
the charge is heated by means of a hot, extraneous, inert gas cyclicly circulated.</scdesc>
<srchout>
<crecord><classnum ref = "C162S000000" doc = "Class162.sgm">162</classnum>
<subref><clstitle>Paper Making and Fiber Liberation</clstitle>
<pretext></pretext>
<subnum range = "p" ref = "C162S041000" doc = "Class162.sgm">41</subnum></subref>
<descript><para> for a process of fiber liberation including circulating
a hot digesting fluid through the digester and subclasses 248&plus; for
a fiber liberation digester having means to circulate the digesting
fluid.</para></descript></crecord>
<crecord><classnum ref = "C202S000000" doc = "Class202.sgm">202</classnum>
<subref><clstitle>Distillation: Apparatus</clstitle>
<pretext></pretext>
<subnum range = "s" ref = "C202S109000" doc = "Class202.sgm">109</subnum></subref>
<descript><para> for apparatus for moving the volatile matter distilled
off in a closed circuit through the retort.</para></descript></crecord></srchout></subclass>
<subclass subnum = "44" id = "C201S044000">
<sctitle>PLURAL DISTINCT TEMPERATURE STAGES:</sctitle>
<parent ref = "C201S000000" doc = "Class201.sgm">the class definition</parent>
<scdesc>Thermolytic processes as provided for in this class in which
the carbonaceous material is subjected to at least two distinctly
different temperature stages.</scdesc>
<srchout>
<crecord><classnum ref = "C202S000000" doc = "Class202.sgm">202</classnum>
<subref><clstitle>Distillation: Apparatus</clstitle>
<pretext></pretext>
<subnum range = "r" ref = "C202S150000" doc = "Class202.sgm">150</subnum></subref>
<descript><para>, 159 and 177&plus; for distillation apparatus
including a preheating device.</para></descript></crecord>
<crecord><classnum ref = "C203S000000" doc = "Class203.sgm">203</classnum>
<subref><clstitle>Distillation: Processes, Separatory</clstitle>
<pretext></pretext>
<subnum range = "p" ref = "C203S071000" doc = "Class203.sgm">71</subnum></subref>
<descript><para> for plural separatory distillation steps.</para></descript></crecord>
<crecord><classnum ref = "C208S000000" doc = "Class208.sgm">208</classnum>
<subref><clstitle>Mineral Oils: Processes and Products</clstitle>
<pretext></pretext>
<subnum range = "p" ref = "C208S049000" doc = "Class208.sgm">49</subnum></subref>
<descript><para>, 354&plus; and 364&plus; for a process
directed to heating mineral oil at distinct temperature stages.</para></descript></crecord></srchout></subclass>
<subclass subnum = "45" id = "C201S045000">
<sctitle>DISTILLATE TREATMENT OR CONSERVATION:</sctitle>
<parent ref = "C201S000000" doc = "Class201.sgm">the class definition</parent>
<scdesc>Thermolytic processes involving special characteristics
may be obtained from a given distilland.</scdesc></subclass></xrefcols>
</class>
