<?xml version="1.0" encoding="UTF-8"?>
<!DOCTYPE class PUBLIC "-//USPTO//DTD Classification Definitions//EN" "xclassdef.dtd" [

<!-- Begin Document Specific Declarations -->

<!-- End Document Specific Declarations -->

]>
<?xml-stylesheet href="classdef.xsl" type="text/XSL"?>

<class classnum = "231" id = "C231S000000"><title>WHIPS AND WHIP
APPARATUS</title>
<sections><descsect>
<para>This class includes apparatus peculiar to the manufacture
of whips and also novel forms of whips.</para>
</descsect></sections>
<sclasses>
<subclass subnum = "1" id = "C231S001000">
<sctitle>WHIP MACHINES:</sctitle>
<scdesc>Machines peculiar to whip manufacture, mostly rolling, pressing,
and shaping machines.</scdesc>
<srchout>
<crecord><classnum ref = "C069S000000" doc = "Class069.sgm">69</classnum>
<subref><clstitle>Leather Manufactures</clstitle>
<pretext></pretext>
<subnum range = "s" ref = "C069S009000" doc = "Class069.sgm">9</subnum></subref>
<descript><para> for leather splitting and skiving machines.</para></descript></crecord>
<crecord><classnum ref = "C087S000000" doc = "Class087.sgm">87</classnum>
<subref><clstitle>Textiles: Braiding, Netting, and Lace Making</clstitle>
<pretext></pretext></subref>
<descript><para>for pertinent subclass(es) as determined by schedule
review.</para></descript></crecord></srchout></subclass>
<subclass subnum = "2.1" id = "C231S002100">
<sctitle>Whip:</sctitle>
<parent ref = "C231S000000" doc = "Class231.sgm">the class definition</parent>
<scdesc>Subject matter consisting of a device having a handle connected
to a goad or a lash, whereby selective contact of the goad or the lash
with an animal controls the movement or behavior of the animal.</scdesc>
<srchout>
<crecord><classnum ref = "C119S000000" doc = "Class119.sgm">119</classnum>
<subref><clstitle>Animal Husbandry</clstitle>
<pretext></pretext>
<subnum range = "p" ref = "C119S712000" doc = "Class119.sgm">712</subnum></subref>
<descript><para> for a device related to training, breaking or exercising
a horse or other animal, and subclasses 801&plus; for a device manipulated
by an attendant to catch and hold an animal.</para></descript></crecord>
<crecord><classnum ref = "C280S000000" doc = "Class280.sgm">280</classnum>
<subref><clstitle>Land Vehicles</clstitle>
<pretext></pretext>
<subnum range = "p" ref = "C280S170000" doc = "Class280.sgm">170</subnum></subref>
<descript><para> for a whip socket attached to a vehicle.</para></descript></crecord>
<crecord><classnum ref = "C463S000000" doc = "Class463.sgm">463</classnum>
<subref><clstitle>Amusement Devices: Games</clstitle>
<pretext></pretext>
<subnum range = "p" ref = "C463S047200" doc = "Class463.sgm">47.2</subnum></subref>
<descript><para> for a striking type of weapon for use on a human
being (e.g., a police club, billy, etc.).</para></descript></crecord></srchout></subclass>
<subclass subnum = "3" id = "C231S003000">
<sctitle>Convertible whips and canes:</sctitle>
<scdesc>Whips that can be readily converted into walking-canes.</scdesc></subclass>
<subclass subnum = "4" id = "C231S004000">
<sctitle>Lashes:</sctitle>
<scdesc>Lashes or snaps for whips.</scdesc>
<srchout>
<crecord><classnum ref = "C087S000000" doc = "Class087.sgm">87</classnum>
<subref><clstitle>Textiles: Braiding, Netting, and Lace Making</clstitle>
<pretext></pretext>
<subnum range = "s" ref = "C087S008000" doc = "Class087.sgm">8</subnum></subref>
<descript><para>, and indented subclasses where the novelty resides
in a peculiar braid or plat.</para></descript></crecord></srchout></subclass>
<subclass subnum = "5" id = "C231S005000">
<sctitle>Lash and snap fastenings:</sctitle>
<scdesc>Means for fastening the lash or snap to the whip stock or
handle.</scdesc></subclass>
<subclass subnum = "6" id = "C231S006000">
<sctitle>Caps, buttons and joints:</sctitle>
<scdesc>Caps, ferrules, or buttons and whip-joints.</scdesc>
<srchout>
<crecord><classnum ref = "C043S000000" doc = "Class043.sgm">43</classnum>
<subref><clstitle>Fishing, Trapping, and Vermin Destroying</clstitle>
<pretext></pretext>
<subnum range = "s" ref = "C043S018100" doc = "Class043.sgm">18.1</subnum></subref>
<descript><para>.</para></descript></crecord>
<crecord><classnum ref = "C135S000000" doc = "Class135.sgm">135</classnum>
<subref><clstitle>Tent, Canopy, Umbrella, or Cane</clstitle>
<pretext></pretext>
<subnum range = "p" ref = "C135S065000" doc = "Class135.sgm">65</subnum></subref>
<descript><para> for canes, crutches and umbrella sticks, and tip
structures therefor.</para></descript></crecord></srchout></subclass>
<subclass subnum = "7" id = "C231S007000">
<sctitle>Electric prod:</sctitle>
<parent ref = "C231S002100" doc = "Class231.sgm">subclass 2.1</parent>
<scdesc>Subject matter wherein the device has a goad which is electrically
charged and which, when placed in contact with an animal, causes
an electric shock to be produced in the animal.</scdesc>
<srchout>
<crecord><classnum ref = "C361S000000" doc = "Class361.sgm">361</classnum>
<subref><clstitle>Electricity: Electrical Systems and Devices</clstitle>
<pretext></pretext>
<subnum range = "s" ref = "C361S232000" doc = "Class361.sgm">232</subnum></subref>
<descript><para> for electric charge generating or conducting means
specifically designed to provide an electric shock to a living being.
Combinations of subject matter in Class 361, subclass 232, with
a specifically claimed art device are classified with the art device.
If the art device is not provided for or is recited by name only
(see class definition of Class 361) the combination is classified
in Class 361.</para></descript></crecord>
<crecord><classnum ref = "C463S000000" doc = "Class463.sgm">463</classnum>
<subref><clstitle>Amusement Devices: Games</clstitle>
<pretext></pretext>
<subnum range = "s" ref = "C463S047300" doc = "Class463.sgm">47.3</subnum></subref>
<descript><para> for a striking type of weapon for use on a human
being which includes an electric shock feature (e.g., an electric
prod used by police, etc.).</para></descript></crecord>
<crecord><classnum ref = "C607S000000" doc = "Class607.sgm">607</classnum>
<subref><clstitle>Surgery: Light, Thermal, and Electrical Application</clstitle>
<pretext></pretext>
<subnum range = "s" ref = "C607S001000" doc = "Class607.sgm">1</subnum></subref>
<descript><para> for an electric chair for applying electricity to
the human body including those for electrocution purposes and subclass 115
for miscellaneous devices for applying electricity to the human body.</para></descript></crecord></srchout></subclass></sclasses>
</class>
