<?xml version="1.0" encoding="UTF-8"?>
<!DOCTYPE class PUBLIC "-//USPTO//DTD Classification Definitions//EN" "xclassdef.dtd" [

<!-- Begin Document Specific Declarations -->

<!-- End Document Specific Declarations -->

]>
<?xml-stylesheet href="classdef.xsl" type="text/XSL"?>

<class classnum = "283" id = "C283S000000"><title>PRINTED MATTER</title>
<sections><descsect>
<para>This class consists of articles the physical structure of which,
except strips, books, and leaves, is not a part of the inventions
or is deemed to be conventional, bearing indicia which primarily
effect intellectual impressions other than the esthetic, and combinations
of such strips, books and leaves with other things not classifiable
elsewhere.</para>
<notes><note1 notenum = "(1)">
<para>Note.  Inventions relating to the structure of the individual
indicia in three dimensions are excluded.</para></note1></notes>
</descsect>
<linesect>
<para>Geometrical instruments coming within the above definition
are in Class 33, Geometrical Instruments.</para>
<para>For designs for printed matter, see the design classes,  particularly
the Design classes in References to Other Classes, below.</para>
</linesect>
<scsect>
<srchout>
<crecord><classnum ref = "C040S000000" doc = "Class040.sgm">40</classnum>
<subref><clstitle>Card, Picture, or Sign Exhibiting</clstitle>
<pretext></pretext>
<subnum range = "p" ref = "C040S64220" doc = "Class040.sgm">642.02</subnum></subref>
<descript><para> for a label holder, per se, or in combination with
a label; subclasses 124.01&plus; for a card having advertising
matter or pictures thereon; subclass 359 for a folder including identification
means in the form of a label, label holder or a portion intended
to receive indicia and subclass 360 for a sheet including identification
means in the form of a label, label holder or tab to receive indicia.</para></descript></crecord>
<crecord><classnum ref = "C112S000000" doc = "Class112.sgm">112</classnum>
<subref><clstitle>Sewing</clstitle>
<pretext></pretext>
<subnum range = "p" ref = "C112S400000" doc = "Class112.sgm">400</subnum></subref>
<descript><para> for a sewn single or plural layer stock material
product.</para></descript></crecord>
<crecord><classnum ref = "C162S000000" doc = "Class162.sgm">162</classnum>
<subref><clstitle>Paper Making and Fiber Liberation</clstitle>
<pretext>appropriate subclasses for (1) a single-layer, waterlaid, fibrous
sheet or web, or (2) a plural-layer sheet or web including a layer
of fibers applied to a second layer by a process provided for in
that class (162); and particularly </pretext>
<subnum range = "r" ref = "C162S141000" doc = "Class162.sgm">141</subnum>
<endnum ref = "C162S181100" doc = "Class162.sgm">181.1</endnum></subref>
<descript><para>, which include any nonstructural fiber (or fiber-containing
sheet or web) (e.g., a particular blend of fibers), regardless of whether
waterlaid or not.</para></descript></crecord>
<crecord><classnum ref = "C380S000000" doc = "Class380.sgm">380</classnum>
<subref><clstitle>Cryptography</clstitle>
<pretext></pretext></subref>
<descript><para>appropriate subclasses for an encrypted printed
or embossed record, combined with an encryption or decryption devices;
however, a cryptogram or a printed cryptographic form are classified
in this class (283).</para></descript></crecord>
<crecord><classnum ref = "C428S000000" doc = "Class428.sgm">428</classnum>
<subref><clstitle>Stock Material or Miscellaneous Articles</clstitle>
<pretext>appropriate subclasses for a stock material product in
the form of a single or plural layer web or sheet, especially </pretext>
<subnum range = "p" ref = "C428S121000" doc = "Class428.sgm">121</subnum></subref>
<descript><para> for such a product which is folded; subclasses 131&plus; for
such a product including apertures, subclasses 156&plus; for
such a product including a component which varies in thickness,
subclasses 174&plus; for such a product including a component
which is of uniform thickness, but not planar and may include parallel
pleats or folds, and subclasses 411.1&plus; for a composite web
or sheet which is characterized by the compositions of the layers.
 See subclass 927 for metallic stock which is decorative or bears an
indicia.</para></descript></crecord>
<crecord><classnum ref = "CD11S000000" doc = "Classd11.sgm">D11</classnum>
<subref><clstitle>Jewelry, Symbolic Insignia, and Ornaments</clstitle>
<pretext></pretext></subref>
<descript><para>for pertinent subclass (es) as determined by schedule
rewiew.</para></descript></crecord>
<crecord><classnum ref = "CD18S000000" doc = "Classd18.sgm">D18</classnum>
<subref><clstitle>Printing and Office Machinery</clstitle>
<pretext></pretext></subref>
<descript><para>for pertinent subclass (es) as determined by schedule
rewiew.</para></descript></crecord>
<crecord><classnum ref = "CD19S000000" doc = "Classd19.sgm">D19</classnum>
<subref><clstitle>Office Supplies; Artists&quot; and Teachers&quot; Materials.</clstitle>
<pretext></pretext></subref>
<descript><para>for pertinent subclass (es) as determined by schedule
rewiew.</para></descript></crecord>
<crecord><classnum ref = "CD20S000000" doc = "Classd20.sgm">D20</classnum>
<subref><clstitle>Sales and Advertising Equipment</clstitle>
<pretext></pretext></subref>
<descript><para>for pertinent subclass (es) as determined by schedule
rewiew.</para></descript></crecord></srchout>
</scsect>
<glossect>
<glossary><term> BOOK</term>
<def><para>consists of two or more sheets secured together, in the manner
recited in the class definition of Class 281.</para></def>
<term>LEAF</term>
<def><para>A sheet other than a strip.</para></def>
<term>STRIP</term>
<def><para>A sheet folded back and forth along at least two fold lines
and unattached to anything or attached to a backing either at one
or both ends only or in such a way that the folded portions can
be successively released without mutilation, or it is a sheet rolled
up.  Also patents claiming fold lines or other features for so folding
or rolling up sheets are classified as &ldquo;strips&rdquo;.</para></def></glossary></glossect></sections>
<sclasses>
<subclass subnum = "2" id = "C283S002000">
<sctitle>CALENDAR:</sctitle>
<parent ref = "C283S000000" doc = "Class283.sgm">the class definition</parent>
<scdesc>The indicia, in part at least, related to the days and months
in a given year or series of years.</scdesc>
<srchout>
<crecord><classnum ref = "C040S000000" doc = "Class040.sgm">40</classnum>
<subref><clstitle>Card, Picture, or Sign Exhibiting</clstitle>
<pretext></pretext>
<subnum range = "p" ref = "C040S107000" doc = "Class040.sgm">107</subnum></subref>
<descript><para> for calendars in general and subclass 335 for pens
and pencils carrying calendar indicia.</para></descript></crecord></srchout></subclass>
<subclass subnum = "3" id = "C283S003000">
<sctitle>Indexed:</sctitle>
<parent ref = "C283S002000" doc = "Class283.sgm">subclass 2</parent>
<scdesc>The indicia denoting the relation of the time units being
distributed over two or more sheets, there being some means which
facilitate the location of the sheet bearing any particular time
unit.</scdesc></subclass>
<subclass subnum = "4" id = "C283S004000">
<sctitle>Multiple book:</sctitle>
<parent ref = "C283S002000" doc = "Class283.sgm">subclass 2</parent>
<scdesc>A plurality of books being involved in each invention.</scdesc></subclass>
<subclass subnum = "5" id = "C283S005000">
<sctitle>BALLOTS:</sctitle>
<parent ref = "C283S000000" doc = "Class283.sgm">the class definition</parent>
<scdesc>The indicia being of such character as to enable a voter
to express a choice in an election.</scdesc></subclass>
<subclass subnum = "17" id = "C283S017000">
<sctitle>CRYPTOGRAPHIC RECORD TEMPLATE:</sctitle>
<parent ref = "C283S000000" doc = "Class283.sgm">the class definition</parent>
<scdesc>A part or all of the indicia having a hidden meaning.</scdesc>
<srchout>
<crecord><classnum ref = "C235S000000" doc = "Class235.sgm">235</classnum>
<subref><clstitle>Registers</clstitle>
<pretext></pretext>
<subnum range = "s" ref = "C235S495000" doc = "Class235.sgm">495</subnum></subref>
<descript><para> for a tape or card reading template.</para></descript></crecord>
<crecord><classnum ref = "C380S000000" doc = "Class380.sgm">380</classnum>
<subref><clstitle>Cryptography</clstitle>
<pretext></pretext></subref>
<descript><para>appropriate subclasses for a printed or embossed
record including cryptographic structure or circuitry.</para></descript></crecord></srchout></subclass>
<subclass subnum = "23" id = "C283S023000">
<sctitle>TRANSPORTATION:</sctitle>
<parent ref = "C283S000000" doc = "Class283.sgm">the class definition</parent>
<scdesc>The indicia relate to transportation or specially facilitate
keeping records pertaining to transportation.</scdesc></subclass>
<subclass subnum = "24" id = "C283S024000">
<sctitle>Mileage:</sctitle>
<parent ref = "C283S023000" doc = "Class283.sgm">subclass 23</parent>
<scdesc>Including indicia arranged in units covering the same distance
stated in the ordinary units of length or intended to cover such
units.</scdesc></subclass>
<subclass subnum = "25" id = "C283S025000">
<sctitle>Return:</sctitle>
<parent ref = "C283S023000" doc = "Class283.sgm">subclass 23</parent>
<scdesc>The indicia authorize transportation from one stated point
to another stated point and back.</scdesc></subclass>
<subclass subnum = "26" id = "C283S026000">
<sctitle>Commutation:</sctitle>
<parent ref = "C283S023000" doc = "Class283.sgm">subclass 23</parent>
<scdesc>The indicia comprise an authorization for repeated travel
over the same route.</scdesc>
<srchin>
<srecord><subnum ref = "C283S024000" doc = "Class283.sgm">24</subnum>
<descript><para>for mileage-tickets.</para></descript></srecord>
<srecord><subnum ref = "C283S025000" doc = "Class283.sgm">25</subnum>
<descript><para>for return-tickets.</para></descript></srecord></srchin></subclass>
<subclass subnum = "27" id = "C283S027000">
<sctitle>Transfer:</sctitle>
<parent ref = "C283S023000" doc = "Class283.sgm">subclass 23</parent>
<scdesc>Tickets of travel issued to passengers entitling them to
change from one line to another.</scdesc>
<srchin>
<srecord><subnum ref = "C283S080000" doc = "Class283.sgm">80</subnum>
<descript><para></para></descript></srecord></srchin></subclass>
<subclass subnum = "28" id = "C283S028000">
<sctitle>Premium:</sctitle>
<parent ref = "C283S027000" doc = "Class283.sgm">subclass 27</parent>
<scdesc>Premiums being attached to some of the tickets or the indicia
on some of the tickets entitling the holder to some additional service
or commodity.</scdesc></subclass>
<subclass subnum = "29" id = "C283S029000">
<sctitle>Premium:</sctitle>
<parent ref = "C283S023000" doc = "Class283.sgm">subclass 23</parent>
<scdesc>Premiums being attached to some of the tickets or the indicia
on some of the tickets entitling the holder to some additional service
or commodity.</scdesc>
<srchin>
<srecord><subnum ref = "C283S028000" doc = "Class283.sgm">28</subnum>
<descript><para></para></descript></srecord></srchin></subclass>
<subclass subnum = "30" id = "C283S030000">
<sctitle>Cash-fare receipt:</sctitle>
<parent ref = "C283S023000" doc = "Class283.sgm">subclass 23</parent>
<scdesc>The indicia include a receipt with some means for indicating
the amount paid for the transportation.</scdesc></subclass>
<subclass subnum = "31" id = "C283S031000">
<sctitle>Book:</sctitle>
<parent ref = "C283S030000" doc = "Class283.sgm">subclass 30</parent>
<scdesc>Each invention involves a book.</scdesc></subclass>
<subclass subnum = "32" id = "C283S032000">
<sctitle>Reference:</sctitle>
<parent ref = "C283S023000" doc = "Class283.sgm">subclass 23</parent>
<scdesc>Documents of information pertaining to transportation, such
as tables, tariffs, etc.</scdesc></subclass>
<subclass subnum = "33" id = "C283S033000">
<sctitle>Books:</sctitle>
<parent ref = "C283S023000" doc = "Class283.sgm">subclass 23</parent>
<scdesc>Each invention involves a book.</scdesc>
<srchin>
<srecord><subnum ref = "C283S024000" doc = "Class283.sgm">24</subnum>
<descript><para>and 31.</para></descript></srecord></srchin></subclass>
<subclass subnum = "34" id = "C283S034000">
<sctitle>MAPS:</sctitle>
<parent ref = "C283S000000" doc = "Class283.sgm">the class definition</parent>
<scdesc>The indicia delineate geos:graphical features.</scdesc>
<srchout>
<crecord><classnum ref = "C434S000000" doc = "Class434.sgm">434</classnum>
<subref><clstitle>Education and Demonstration</clstitle>
<pretext></pretext>
<subnum range = "p" ref = "C434S130000" doc = "Class434.sgm">130</subnum></subref>
<descript><para> for relief-maps and for apparatus the parts of
which have to be moved with reference to each other, so as to show
some specific geographical facts or relations.</para></descript></crecord></srchout></subclass>
<subclass subnum = "35" id = "C283S035000">
<sctitle>Indexed:</sctitle>
<parent ref = "C283S034000" doc = "Class283.sgm">subclass 34</parent>
<scdesc>The indicia involving means which facilitate finding some
of the geos:graphical features.</scdesc></subclass>
<subclass subnum = "36" id = "C283S036000">
<sctitle>INDEXED:</sctitle>
<parent ref = "C283S000000" doc = "Class283.sgm">the class definition</parent>
<scdesc>The indicia comprising means facilitating the location of
certain items of information.</scdesc>
<srchin>
<srecord><subnum ref = "C283S035000" doc = "Class283.sgm">35</subnum>
<descript><para></para></descript></srecord></srchin>
<srchout>
<crecord><classnum ref = "C040S000000" doc = "Class040.sgm">40</classnum>
<subref><clstitle>Card, Picture, or Sign Exhibiting</clstitle>
<pretext></pretext>
<subnum range = "s" ref = "C040S359000" doc = "Class040.sgm">359</subnum></subref>
<descript><para> for a folder including index means and subclass
360 for a sheet including index means; subclasses 371&plus; for
changeable registers; subclasses 446&plus; for a changeable exhibitor
device and subclasses 530&plus; for a changeable exhibitor including
a plurality of hinged sheets.</para></descript></crecord></srchout></subclass>
<subclass subnum = "37" id = "C283S037000">
<sctitle>Plurality of position markers:</sctitle>
<parent ref = "C283S036000" doc = "Class283.sgm">subclass 36</parent>
<scdesc>The indexing means involving a plurality of position-markers,
usually tabs, for each item of information of at least a part of
the items, so related to each other and to the item that to locate
it one must go in succession from one marker to another until the
item is reached.</scdesc></subclass>
<subclass subnum = "38" id = "C283S038000">
<sctitle>Book:</sctitle>
<parent ref = "C283S037000" doc = "Class283.sgm">subclass 37</parent>
<scdesc>Each invention involving a book.</scdesc></subclass>
<subclass subnum = "39" id = "C283S039000">
<sctitle>Blank position markers:</sctitle>
<parent ref = "C283S036000" doc = "Class283.sgm">subclass 36</parent>
<scdesc>The indicia which give specific index value to some of the
means for marking the position of some of the items of information
being placed elsewhere than upon the position-markers themselves.</scdesc></subclass>
<subclass subnum = "40" id = "C283S040000">
<sctitle>Book:</sctitle>
<parent ref = "C283S039000" doc = "Class283.sgm">subclass 39</parent>
<scdesc>Each invention involving a book.</scdesc></subclass>
<subclass subnum = "41" id = "C283S041000">
<sctitle>Index only:</sctitle>
<parent ref = "C283S036000" doc = "Class283.sgm">subclass 36</parent>
<scdesc>The printed matter not bearing nor intended to bear any
indicia beside the matter which facilitates the location of items
of information.</scdesc></subclass>
<subclass subnum = "42" id = "C283S042000">
<sctitle>Book:</sctitle>
<parent ref = "C283S036000" doc = "Class283.sgm">subclass 36</parent>
<scdesc>Each invention involving a book.</scdesc>
<srchin>
<srecord><subnum ref = "C283S038000" doc = "Class283.sgm">38</subnum>
<descript><para>and 40.</para></descript></srecord></srchin></subclass>
<subclass subnum = "43" id = "C283S043000">
<sctitle>Multiple:</sctitle>
<parent ref = "C283S042000" doc = "Class283.sgm">subclass 42</parent>
<scdesc>Each invention comprising a plurality of books.</scdesc>
<srchin>
<srecord><subnum ref = "C283S038000" doc = "Class283.sgm">38</subnum>
<descript><para>and 40.</para></descript></srecord></srchin></subclass>
<subclass subnum = "44" id = "C283S044000">
<sctitle>MATHEMATICS:</sctitle>
<parent ref = "C283S000000" doc = "Class283.sgm">the class definition</parent>
<scdesc>The indicia pertain to the science of numbers.</scdesc>
<notes><note1 notenum = "(1)">
<para>Note.  Compare apparatus classes such as those in the Search
Class notes below for apparatus the parts of which have to be moved
with reference to each other so as to show a specific numerical
relation. </para></note1></notes>
<srchout>
<crecord><classnum ref = "C033S000000" doc = "Class033.sgm">33</classnum>
<subref><clstitle>Geometrical Instruments</clstitle>
<pretext></pretext></subref>
<descript><para>(see (1) Note above).</para></descript></crecord>
<crecord><classnum ref = "C073S000000" doc = "Class073.sgm">73</classnum>
<subref><clstitle>Measuring and Testing</clstitle>
<pretext></pretext></subref>
<descript><para> (see (1) Note above).</para></descript></crecord>
<crecord><classnum ref = "C235S000000" doc = "Class235.sgm">235</classnum>
<subref><clstitle>Registers</clstitle>
<pretext></pretext></subref>
<descript><para> (see (1) Note above).</para></descript></crecord>
<crecord><classnum ref = "C434S000000" doc = "Class434.sgm">434</classnum>
<subref><clstitle>Education and Demonstration</clstitle>
<pretext></pretext>
<subnum range = "p" ref = "C434S188000" doc = "Class434.sgm">188</subnum></subref>
<descript><para> (see (1) Note above).</para></descript></crecord></srchout></subclass>
<subclass subnum = "45" id = "C283S045000">
<sctitle>WRITING:</sctitle>
<parent ref = "C283S000000" doc = "Class283.sgm">the class definition</parent>
<scdesc>The indicia are adapted to facilitate the making of the
lines involved in penmanship, drawing, and shorthand.</scdesc>
<srchout>
<crecord><classnum ref = "C434S000000" doc = "Class434.sgm">434</classnum>
<subref><clstitle>Education and Demonstration</clstitle>
<pretext></pretext>
<subnum range = "r" ref = "C434S085000" doc = "Class434.sgm">85</subnum></subref>
<descript><para> and 162, and indented subclasses for apparatus
involving more than the printed matter and holders therefor, which
facilitates the making of the lines involved in penmanship, drawing,
and shorthand.</para></descript></crecord></srchout></subclass>
<subclass subnum = "46" id = "C283S046000">
<sctitle>LANGUAGE:</sctitle>
<parent ref = "C283S000000" doc = "Class283.sgm">the class definition</parent>
<scdesc>The indicia facilitate the teaching of language.</scdesc>
<srchin>
<srecord><subnum ref = "C283S045000" doc = "Class283.sgm">45</subnum>
<descript><para>for printed matter which facilitates teaching the
writing of language.</para></descript></srecord></srchin>
<srchout>
<crecord><classnum ref = "C434S000000" doc = "Class434.sgm">434</classnum>
<subref><clstitle>Education and Demonstration</clstitle>
<pretext>particularly </pretext>
<subnum range = "p" ref = "C434S156000" doc = "Class434.sgm">156</subnum></subref>
<descript><para> for apparatus the parts of which have to be moved with
reference to each other so as to show some specific relation which facilitates
the teaching of language.</para></descript></crecord></srchout></subclass>
<subclass subnum = "48.1" id = "C283S048100">
<sctitle>TALLY:</sctitle>
<parent ref = "C283S000000" doc = "Class283.sgm">the class definition</parent>
<scdesc>Subject matter wherein the indicia carried by the indicia
bearing article enable or facilitate keeping a count, score, or
record of successive similar acts or commodities.</scdesc>
<srchin>
<srecord><subnum ref = "C283S024000" doc = "Class283.sgm">24</subnum>
<descript><para>for an article carrying mileage indicia.</para></descript></srecord>
<srecord><subnum ref = "C283S026000" doc = "Class283.sgm">26</subnum>
<descript><para>for an article carrying commutation indicia.</para></descript></srecord></srchin></subclass>
<subclass subnum = "49" id = "C283S049000">
<sctitle>Game:</sctitle>
<parent ref = "C283S048100" doc = "Class283.sgm">subclass 48.1</parent>
<scdesc>Used in keeping game-scores.</scdesc></subclass>
<subclass subnum = "50" id = "C283S050000">
<sctitle>Book:</sctitle>
<parent ref = "C283S049000" doc = "Class283.sgm">subclass 49</parent>
<scdesc>Each invention including a book.</scdesc></subclass>
<subclass subnum = "51" id = "C283S051000">
<sctitle>Coupon:</sctitle>
<parent ref = "C283S048100" doc = "Class283.sgm">subclass 48.1</parent>
<scdesc>At least a part of the like units of the score are represented
as severable parts of the printed matter.</scdesc>
<srchin>
<srecord><subnum ref = "C283S024000" doc = "Class283.sgm">24</subnum>
<descript><para>and 26.</para></descript></srecord></srchin></subclass>
<subclass subnum = "52" id = "C283S052000">
<sctitle>Book:</sctitle>
<parent ref = "C283S051000" doc = "Class283.sgm">subclass 51</parent>
<scdesc>Each invention including a book.</scdesc></subclass>
<subclass subnum = "52.1" id = "C283S052100">
<sctitle>Book:</sctitle>
<parent ref = "C283S048100" doc = "Class283.sgm">subclass 48.1</parent>
<scdesc>Subject matter wherein the indicia bearing tally comprises
two or more sheets secured together in overlapping arrangement only
at their corresponding margins, only at a restricted field within
the margins, or only at their corresponding margins and at a restricted
field within the margins.</scdesc>
<notes><note1 notenum = "(1)">
<para>Note.  A folded sheet is not considered to be a book.  Also,
when a margin of one sheet is attached to a margin of another sheet
to obtain in effect a single sheet of greater area, the resulting
article is still regarded as a sheet rather than a book.</para></note1></notes></subclass>
<subclass subnum = "53" id = "C283S053000">
<sctitle>THEATER TICKETS:</sctitle>
<parent ref = "C283S000000" doc = "Class283.sgm">the class definition</parent>
<scdesc>Documents for admission to the theater.</scdesc></subclass>
<subclass subnum = "54" id = "C283S054000">
<sctitle>INSURANCE:</sctitle>
<parent ref = "C283S000000" doc = "Class283.sgm">the class definition</parent>
<scdesc>Documents relating to insurance.</scdesc></subclass>
<subclass subnum = "55" id = "C283S055000">
<sctitle>INVENTORIES:</sctitle>
<parent ref = "C283S000000" doc = "Class283.sgm">the class definition</parent>
<scdesc>Documents which facilitate the &ldquo;taking of stock&rdquo;.</scdesc></subclass>
<subclass subnum = "56" id = "C283S056000">
<sctitle>ADVERTISING:</sctitle>
<parent ref = "C283S000000" doc = "Class283.sgm">the class definition</parent>
<scdesc>Documents which by virtue of the printed matter thereon
serve a dual purpose, one of which is to advertise some person,
business, or thing, or documents relating solely to advertising.</scdesc></subclass>
<subclass subnum = "57" id = "C283S057000">
<sctitle>BANKING:</sctitle>
<parent ref = "C283S000000" doc = "Class283.sgm">the class definition</parent>
<scdesc>Documents peculiar to banking.</scdesc></subclass>
<subclass subnum = "58" id = "C283S058000">
<sctitle>Checks:</sctitle>
<parent ref = "C283S057000" doc = "Class283.sgm">subclass 57</parent>
<scdesc>Inventions involving bankchecks.</scdesc></subclass>
<subclass subnum = "59" id = "C283S059000">
<sctitle>Certificates of deposit:</sctitle>
<parent ref = "C283S057000" doc = "Class283.sgm">subclass 57</parent>
<scdesc>Inventions involving certificates of deposit.</scdesc></subclass>
<subclass subnum = "60.1" id = "C283S060100">
<sctitle>SALES DOCUMENT:</sctitle>
<parent ref = "C283S000000" doc = "Class283.sgm">the class definition</parent>
<scdesc>Subject matter wherein the indicia carried by the indicia
bearing article facilitate the taking of orders for a purchase or
sale by waiters or other salespersons or facilitate keeping an account
or record of such orders.</scdesc></subclass>
<subclass subnum = "60.2" id = "C283S060200">
<sctitle>Waiter&quot;s check:</sctitle>
<parent ref = "C283S060100" doc = "Class283.sgm">subclass 60.1</parent>
<scdesc>Subject matter wherein the indicia of the sales document
facilitate the taking of orders by waiters or facilitate keeping
an account or record of such orders.</scdesc></subclass>
<subclass subnum = "61" id = "C283S061000">
<sctitle>STRIPS AND LEAVES:</sctitle>
<parent ref = "C283S000000" doc = "Class283.sgm">the class definition</parent>
<scdesc>Each invention comprising a strip and a leaf.</scdesc></subclass>
<subclass subnum = "62" id = "C283S062000">
<sctitle>STRIPS:</sctitle>
<parent ref = "C283S000000" doc = "Class283.sgm">the class definition</parent>
<scdesc>Each invention comprises a strip.</scdesc>
<srchout>
<crecord><classnum ref = "C040S000000" doc = "Class040.sgm">40</classnum>
<subref><clstitle>Card, Picture, or Sign Exhibiting</clstitle>
<pretext></pretext>
<subnum range = "s" ref = "C040S359000" doc = "Class040.sgm">359</subnum></subref>
<descript><para> for a folder (i.e., sheet folded only once) including
identification means in the form of discrete label, label holder
or a portion intended to receive a number, letter or mark.</para></descript></crecord>
<crecord><classnum ref = "C428S000000" doc = "Class428.sgm">428</classnum>
<subref><clstitle>Stock Material or Miscellaneous Articles</clstitle>
<pretext></pretext>
<subnum range = "p" ref = "C428S121000" doc = "Class428.sgm">121</subnum></subref>
<descript><para> for a stock material in the form of a single or
plural layer web or sheet including a fold at the edge thereof,
and subclass 181 for such a product which is of uniform thickness
and nonplanar and includes folds (e.g., pleats).</para></descript></crecord></srchout></subclass>
<subclass subnum = "63.1" id = "C283S063100">
<sctitle>BOOK:</sctitle>
<parent ref = "C283S000000" doc = "Class283.sgm">the class definition</parent>
<scdesc>Subject matter wherein the indicia bearing article comprises
two or more sheets secured together in overlapping arrangement only
at their corresponding margins, only at a restricted field within
the margins, or only at their corresponding margins and at a restricted field
within the margins.</scdesc>
<notes><note1 notenum = "(1)">
<para>Note.  A folded sheet is not considered to be a book.  Also,
when a margin of one sheet is attached to a margin of another sheet
to obtain in effect a single sheet of greater area, the resulting
article is still regarded as a sheet rather than a book.</para></note1></notes>
<srchin>
<srecord><subnum range = "p" ref = "C283S002000" doc = "Class283.sgm">2</subnum>
<descript><para>31, 33, 38, 40, 42&plus; 50, 52, and 52.1, for
a book otherwise classified above.</para></descript></srecord></srchin></subclass>
<subclass subnum = "64" id = "C283S064000">
<sctitle>Covers:</sctitle>
<parent ref = "C283S063100" doc = "Class283.sgm">subclass 63.1</parent>
<scdesc>Inventions restricted to indicia-bearing covers of books.</scdesc></subclass>
<subclass subnum = "64.1" id = "C283S064100">
<sctitle>Accounting book:</sctitle>
<parent ref = "C283S063100" doc = "Class283.sgm">subclass 63.1</parent>
<scdesc>Subject matter wherein the indicia carried by the book relate
to bookkeeping or facilitate keeping a record or list of business
or commercial transactions, commodities, or acts.</scdesc>
<srchin>
<srecord><subnum range = "p" ref = "C283S066100" doc = "Class283.sgm">66.1</subnum>
<descript><para>for an accounting or listing form or sheet.</para></descript></srecord></srchin></subclass>
<subclass subnum = "65" id = "C283S065000">
<sctitle>WITH SLIDING LEAF:</sctitle>
<parent ref = "C283S000000" doc = "Class283.sgm">the class definition</parent>
<scdesc>There is present a leaf mounted to slide over another, so
as to bring it into juxtaposition with any line or column, as the
case may be, of that other leaf.</scdesc>
<srchin>
<srecord><subnum ref = "C283S045000" doc = "Class283.sgm">45</subnum>
<descript><para></para></descript></srecord></srchin></subclass>
<subclass subnum = "66.1" id = "C283S066100">
<sctitle>ACCOUNTING OR LISTING FORM OR SHEET:</sctitle>
<parent ref = "C283S000000" doc = "Class283.sgm">the class definition</parent>
<scdesc>Subject matter wherein the indicia carried by the indicia
bearing article relate to bookkeeping or facilitate keeping a record
or list of business or commercial transactions, commodities, or
acts; and wherein the indicia bearing article comprises (a) a broad,
thin body having two parallel surfaces both dimensions of which
are large in comparison with the third dimension of the body or
(b) a document having blank spaces for the insertion of information.</scdesc>
<srchin>
<srecord><subnum ref = "C283S064100" doc = "Class283.sgm">64.1</subnum>
<descript><para>for an accounting book.</para></descript></srecord></srchin></subclass>
<subclass subnum = "66.2" id = "C283S066200">
<sctitle>Connected:</sctitle>
<parent ref = "C283S066100" doc = "Class283.sgm">subclass 66.1</parent>
<scdesc>Subject matter wherein there are two or more accounting
or listing sheets which are attached to one another.</scdesc></subclass>
<subclass subnum = "67" id = "C283S067000">
<sctitle>METHOD:</sctitle>
<parent ref = "C283S000000" doc = "Class283.sgm">the class definition</parent>
<scdesc>Subject matter drawn to a process of using printed matter
proper in this class.</scdesc>
<srchout>
<crecord><classnum ref = "C101S000000" doc = "Class101.sgm">101</classnum>
<subref><clstitle>Printing</clstitle>
<pretext></pretext>
<subnum range = "r" ref = "C101S032000" doc = "Class101.sgm">32</subnum></subref>
<descript><para> and 483&plus; for processes of printing printed
matter.</para></descript></crecord></srchout></subclass>
<subclass subnum = "68" id = "C283S068000">
<sctitle>Fingerprint:</sctitle>
<parent ref = "C283S067000" doc = "Class283.sgm">subclass 67</parent>
<scdesc>Subject matter wherein the printed matter is provided with
an impression of the lines of a fingertip.</scdesc>
<notes><note1 notenum = "(1)">
<para>Note.  The impression is normally produced or used for purposes
of personal identification.</para></note1></notes>
<srchout>
<crecord><classnum ref = "C040S000000" doc = "Class040.sgm">40</classnum>
<subref><clstitle>Card, Picture, or Sign Exhibiting</clstitle>
<pretext></pretext>
<subnum range = "p" ref = "C040S625000" doc = "Class040.sgm">625</subnum></subref>
<descript><para> for permanent identification devices.</para></descript></crecord>
<crecord><classnum ref = "C434S000000" doc = "Class434.sgm">434</classnum>
<subref><clstitle>Education and Demonstration</clstitle>
<pretext></pretext>
<subnum range = "s" ref = "C434S155000" doc = "Class434.sgm">155</subnum></subref>
<descript><para> for education and demonstration systems used to
teach the identification of people by handwriting analysis.</para></descript></crecord></srchout></subclass>
<subclass subnum = "69" id = "C283S069000">
<sctitle>Identifying:</sctitle>
<parent ref = "C283S068000" doc = "Class283.sgm">subclass 68</parent>
<scdesc>Subject matter wherein the identity of the owner of the
fingertip is determined.</scdesc></subclass>
<subclass subnum = "70" id = "C283S070000">
<sctitle>Identifying:</sctitle>
<parent ref = "C283S067000" doc = "Class283.sgm">subclass 67</parent>
<scdesc>Subject matter drawn to determining the identity of a person,
structure, device, or apparatus.</scdesc></subclass>
<subclass subnum = "71" id = "C283S071000">
<sctitle>STAMP:</sctitle>
<parent ref = "C283S000000" doc = "Class283.sgm">the class definition</parent>
<scdesc>Subject matter providing for structure comprising a relatively
small piece of paper usually issued by an official agency or similar entity,
i.e., a government, and used to indicate payment by a user for a
service, benefit, right or tax performed, allowed, granted or imposed by
the agency.</scdesc>
<notes><note1 notenum = "(1)">
<para>Note.  Stamps are usually issued for payment of postage fees
and various imposed taxes.</para></note1></notes>
<srchout>
<crecord><classnum ref = "C040S000000" doc = "Class040.sgm">40</classnum>
<subref><clstitle>Card, Picture, or Sign Exhibiting</clstitle>
<pretext></pretext>
<subnum range = "p" ref = "C040S29910" doc = "Class040.sgm">299.01</subnum></subref>
<descript><para> for check labels or tags in the form of stamps
in which the stamp is specifically designed or attached to an article.</para></descript></crecord>
<crecord><classnum ref = "C101S000000" doc = "Class101.sgm">101</classnum>
<subref><clstitle>Printing</clstitle>
<pretext></pretext>
<subnum range = "s" ref = "C101S371000" doc = "Class101.sgm">371</subnum></subref>
<descript><para> for printing devices specifically designed to cancel
stamps.</para></descript></crecord>
<crecord><classnum ref = "C428S000000" doc = "Class428.sgm">428</classnum>
<subref><clstitle>Stock Material or Miscellaneous Articles</clstitle>
<pretext></pretext></subref>
<descript><para>for stock materials or miscellaneous articles having
a latent image.</para></descript></crecord></srchout></subclass>
<subclass subnum = "72" id = "C283S072000">
<sctitle>HAVING REVEALABLE CONCEALED INFORMATION, FRAUD PREVENTER OR
DETECTOR, USE PREVENTER OR DETECTOR, OR IDENTIFIER:</sctitle>
<parent ref = "C283S000000" doc = "Class283.sgm">the class definition</parent>
<scdesc>Subject matter provided with structure or means associated
with an indicia bearing article, i.e., printed matter, which either:
(a) obstructs or hides information contained within or on the printed
matter, such information being readable or understandable only by
the use of a chemical, structure, device, or apparatus which is
normally separate from or external to the printed matter, or by
having knowledge of a code used with the printed matter; (b) prevents
or signals an unlawful attempt or act of larceny of the printed
matter, by the use of a chemical, structure, device, or apparatus
which is applied to, acts upon or in some manner interacts with
the printed matter; (c) prevents or signals an undesirable use of
the printed matter, by the use of a chemical, structure, device,
or apparatus which is applied to, acts upon or in some manner interacts
with the printed matter; or (d) prevents or signals an unlawful
or undesirable use of the printed matter, i.e., misrepresentation
of identity.</scdesc>
<srchout>
<crecord><classnum ref = "C101S000000" doc = "Class101.sgm">101</classnum>
<subref><clstitle>Printing</clstitle>
<pretext></pretext></subref>
<descript><para>appropriate subclasses for printing processes and
apparatuses for making printed matter having concealable information
or having fraud prevention or detection means.</para></descript></crecord>
<crecord><classnum ref = "C162S000000" doc = "Class162.sgm">162</classnum>
<subref><clstitle>Paper Making and Fiber Liberation</clstitle>
<pretext></pretext>
<subnum range = "s" ref = "C162S140000" doc = "Class162.sgm">140</subnum></subref>
<descript><para> for identification and fraud preventing paper products
and processes.</para></descript></crecord>
<crecord><classnum ref = "C235S000000" doc = "Class235.sgm">235</classnum>
<subref><clstitle>Registers</clstitle>
<pretext></pretext>
<subnum range = "p" ref = "C235S380000" doc = "Class235.sgm">380</subnum></subref>
<descript><para> for systems controlled by data bearing records,
in particular controlled by a credit card or identification cards; subclasses
487&plus; for register systems combined with different type
of credit cards or identification cards.</para></descript></crecord>
<crecord><classnum ref = "C273S000000" doc = "Class273.sgm">273</classnum>
<subref><clstitle>Amusement Devices:  Games</clstitle>
<pretext></pretext>
<subnum range = "p" ref = "C273S139000" doc = "Class273.sgm">139</subnum></subref>
<descript><para> for printed matter chance devices having a chance
selection means.</para></descript></crecord>
<crecord><classnum ref = "C382S000000" doc = "Class382.sgm">382</classnum>
<subref><clstitle>Image Analysis</clstitle>
<pretext></pretext>
<subnum range = "p" ref = "C382S112000" doc = "Class382.sgm">112</subnum></subref>
<descript><para> for electrical communications systems capable of
recognizing different types of characters of printed matter. </para></descript></crecord>
<crecord><classnum ref = "C427S000000" doc = "Class427.sgm">427</classnum>
<subref><clstitle>Coating Processes</clstitle>
<pretext></pretext>
<subnum range = "s" ref = "C427S007000" doc = "Class427.sgm">7</subnum></subref>
<descript><para> for coating processes for producing fraud or tamper
detecting devices for printed matter.</para></descript></crecord>
<crecord><classnum ref = "C428S000000" doc = "Class428.sgm">428</classnum>
<subref><clstitle>Stock Material or Miscellaneous Articles</clstitle>
<pretext></pretext>
<subnum range = "p" ref = "C428S029000" doc = "Class428.sgm">29</subnum></subref>
<descript><para> for stock material or miscellaneous articles having
a latent image or transformation; subclass 199 for structurally
defined webs or sheets having developed image or soluble portion.</para></descript></crecord>
<crecord><classnum ref = "C430S000000" doc = "Class430.sgm">430</classnum>
<subref><clstitle>Radiation Imagery Chemistry:  Process, Composition,
or Product Thereof</clstitle>
<pretext></pretext>
<subnum range = "s" ref = "C430S010000" doc = "Class430.sgm">10</subnum></subref>
<descript><para> for anti-fraud or tampering image products.</para></descript></crecord>
<crecord><classnum ref = "C434S000000" doc = "Class434.sgm">434</classnum>
<subref><clstitle>Education and Demonstration</clstitle>
<pretext></pretext>
<subnum range = "s" ref = "C434S110000" doc = "Class434.sgm">110</subnum></subref>
<descript><para> for education or demonstration systems for identifying
currency or detecting counterfeit coins or currency.</para></descript></crecord></srchout></subclass>
<subclass subnum = "73" id = "C283S073000">
<sctitle>Cryptogram (e.g., verification, tabular index):</sctitle>
<parent ref = "C283S072000" doc = "Class283.sgm">subclass 72</parent>
<scdesc>Subject matter wherein the printed matter is provided with
obstructed or hidden information readable or understandable only
by the use of a code associated with the obstructed or hidden information.</scdesc>
<srchin>
<srecord><subnum ref = "C283S017000" doc = "Class283.sgm">17</subnum>
<descript><para>for a cryptos:graphic record in which all of the
information is viewable but in which there is a hidden meaning.</para></descript></srecord></srchin>
<srchout>
<crecord><classnum ref = "C380S000000" doc = "Class380.sgm">380</classnum>
<subref><clstitle>Cryptography</clstitle>
<pretext></pretext>
<subnum range = "s" ref = "C380S054000" doc = "Class380.sgm">54</subnum></subref>
<descript><para> for this subject matter combined with an optical
overlay.</para></descript></crecord></srchout></subclass>
<subclass subnum = "74" id = "C283S074000">
<sctitle>Identifier:</sctitle>
<parent ref = "C283S072000" doc = "Class283.sgm">subclass 72</parent>
<scdesc>Subject matter provided with structure or means which particularly
identifies a person or an indicia bearing article.</scdesc>
<notes><note1 notenum = "(1)">
<para>Note.  The structure or means may include, e.g., a picture,
a printed description, a signature, a finger print, or similar descriptors
and identifiers.</para></note1>
<note1 notenum = "(2)">
<para>Note.  The structure or means in this subclass is exclusive
of subject matter primarily intended to conceal information, prevent
or detect fraud, or prevent or detect undesirable use of the structure
or means.</para></note1></notes>
<srchout>
<crecord><classnum ref = "C040S000000" doc = "Class040.sgm">40</classnum>
<subref><clstitle>Card, Picture, or Sign Exhibiting</clstitle>
<pretext></pretext>
<subnum range = "p" ref = "C040S625000" doc = "Class040.sgm">625</subnum></subref>
<descript><para> for identification means in the form of a check,
label or tag, having specific means or configuration designed to
cooperate with an article, object, or person to which the check,
label or tag is to be secured or attached wherein the specific means or
configuration is other than adhesive, particularly adhesive applied
or layered to the back of the check, label or tag: or in which the
identification means in the form of a check, label or tag has means
for securing or attaching the check, label or tag to an article,
object, or person, i.e., wherein the securing or attaching means
is combined with the check, label or tag; or in which the identification
means in the form of a check, label or tag is secured or attached
to an article, object or person, i.e., wherein the check, label
or tag is combined with the article, object, or person.</para></descript></crecord>
<crecord><classnum ref = "C428S000000" doc = "Class428.sgm">428</classnum>
<subref><clstitle>Stock Material or Miscellaneous Articles</clstitle>
<pretext></pretext></subref>
<descript><para>appropriate subclasses, for paper articles used
imprinted matter but without any printed matter.</para></descript></crecord>
<crecord><classnum ref = "C439S000000" doc = "Class439.sgm">439</classnum>
<subref><clstitle>Electrical Connectors</clstitle>
<pretext></pretext>
<subnum range = "p" ref = "C439S488000" doc = "Class439.sgm">488</subnum></subref>
<descript><para> for electric connectors provided with identification
means.</para></descript></crecord></srchout></subclass>
<subclass subnum = "75" id = "C283S075000">
<sctitle>Personal:</sctitle>
<parent ref = "C283S074000" doc = "Class283.sgm">subclass 74</parent>
<scdesc>Subject matter wherein a person is identified.</scdesc>
<srchout>
<crecord><classnum ref = "C040S000000" doc = "Class040.sgm">40</classnum>
<subref><clstitle>Card, Picture, or Sign Exhibiting</clstitle>
<pretext></pretext>
<subnum range = "s" ref = "C040S314000" doc = "Class040.sgm">314</subnum></subref>
<descript><para> for brush or combs provided with identifying means;
subclass 330 for keys provided with identifying means.</para></descript></crecord></srchout></subclass>
<subclass subnum = "76" id = "C283S076000">
<sctitle>Having microfilm or microfiche:</sctitle>
<parent ref = "C283S075000" doc = "Class283.sgm">subclass 75</parent>
<scdesc>Subject matter provided with a film upon which information
is photographed greatly reduced in size, i.e., microfilm, or a sheet
of microfilm of uniform standard size capable of storing a large
number of pages of information, i.e., microfiche.</scdesc>
<notes><note1 notenum = "(1)">
<para>Note.  The uniform size of microfiche is generally four by
six inches.</para></note1></notes></subclass>
<subclass subnum = "77" id = "C283S077000">
<sctitle>Having photograph:</sctitle>
<parent ref = "C283S075000" doc = "Class283.sgm">subclass 75</parent>
<scdesc>Subject matter wherein structure or means particularly identifying
a person is provided in the form of an image likeness of the person recorded
by a camera and reproduced by on a photosensitive surface.</scdesc></subclass>
<subclass subnum = "78" id = "C283S078000">
<sctitle>Having fingerprint:</sctitle>
<parent ref = "C283S075000" doc = "Class283.sgm">subclass 75</parent>
<scdesc>Subject matter wherein the means or structure is provided
with an impression of the lines of a fingertip.</scdesc>
<srchout>
<crecord><classnum ref = "C118S000000" doc = "Class118.sgm">118</classnum>
<subref><clstitle>Coating Apparatus</clstitle>
<pretext></pretext>
<subnum range = "s" ref = "C118S031500" doc = "Class118.sgm">31.5</subnum></subref>
<descript><para> for apparatus for producing fingerprints.</para></descript></crecord>
<crecord><classnum ref = "C427S000000" doc = "Class427.sgm">427</classnum>
<subref><clstitle>Coating Processes</clstitle>
<pretext></pretext>
<subnum range = "s" ref = "C427S001000" doc = "Class427.sgm">1</subnum></subref>
<descript><para> for processes of producing fingerprints.</para></descript></crecord></srchout></subclass>
<subclass subnum = "79" id = "C283S079000">
<sctitle>Stock indicator:</sctitle>
<parent ref = "C283S074000" doc = "Class283.sgm">subclass 74</parent>
<scdesc>Subject matter for structure or means which particularly
identifies an indicia bearing article is configured to be attached
to or associated with stock in bulk or in process of manufacture to
indicate its quantity, its condition in the process of manufacture,
or some other characteristic.</scdesc>
<srchout>
<crecord><classnum ref = "C040S000000" doc = "Class040.sgm">40</classnum>
<subref><clstitle>Card, Picture, or Sign Exhibiting</clstitle>
<pretext></pretext>
<subnum range = "s" ref = "C040S306000" doc = "Class040.sgm">306</subnum></subref>
<descript><para> for stock indicators specifically designed for
or carried on barrel can or round box articles; subclass 310 for
stock indicators specifically designed for or carried on bottles;
subclass 312 for stock indicators specifically designed for or carried
on boxes.</para></descript></crecord></srchout></subclass>
<subclass subnum = "80" id = "C283S080000">
<sctitle>Baggage:</sctitle>
<parent ref = "C283S074000" doc = "Class283.sgm">subclass 74</parent>
<scdesc>Subject matter for structure or means which particularly
identifies an indicia bearing article is configured to be attached
to or associated with articles utilized to carry the belongings
of a person while traveling.</scdesc></subclass>
<subclass subnum = "81" id = "C283S081000">
<sctitle>Label:</sctitle>
<parent ref = "C283S074000" doc = "Class283.sgm">subclass 74</parent>
<scdesc>Subject matter for structure or means which particularly
identifies an indicia bearing article is provided with a tacky glue,
cement, or similar substance used to attach the structure or means
to a receptacle or other object.</scdesc></subclass>
<subclass subnum = "82" id = "C283S082000">
<sctitle>In incorporated magnetic material:</sctitle>
<parent ref = "C283S072000" doc = "Class283.sgm">subclass 72</parent>
<scdesc>Subject matter provided with material capable of being magnetized.</scdesc>
<notes><note1 notenum = "(1)">
<para>Note.  The magnetic material usually is either encoded with
information which is readable or made understandable to a person
by a device or machine, or encoded with information which signals an
attempted theft or alteration of the printed matter.</para></note1></notes></subclass>
<subclass subnum = "83" id = "C283S083000">
<sctitle>And electrically conductive material:</sctitle>
<parent ref = "C283S072000" doc = "Class283.sgm">subclass 72</parent>
<scdesc>Subject matter provided with material capable of conducting
electricity.</scdesc></subclass>
<subclass subnum = "84" id = "C283S084000">
<sctitle>Overlaying vaporizable material revealing information:</sctitle>
<parent ref = "C283S083000" doc = "Class283.sgm">subclass 83</parent>
<scdesc>Subject matter wherein the electrically conductive material
is layered, coated, or otherwise positioned over indicia or other
information on the article and is composed of a substance which
when subject to an electrical current vaporizes thereby revealing
the indicia or other information.</scdesc></subclass>
<subclass subnum = "85" id = "C283S085000">
<sctitle>Utilizing electromagnetic radiation:</sctitle>
<parent ref = "C283S072000" doc = "Class283.sgm">subclass 72</parent>
<scdesc>Subject matter wherein either the hidden or obstructed information
is made readable or understandable, or the larceny prevention or signalling
occurs by the use of a specific frequency or range of frequencies
of electromagnetic radiation.</scdesc>
<notes><note1 notenum = "(1)">
<para>Note.  The electromagnetic radiation utilized may be of any
or a variation of frequencies such as infrared, visible, or ultraviolet;
additionally, coherent monochromatic visible light, i.e., lasers,
may be used with subject matter of this and indented subclasses
to either reveal the information or to prevent or signal the attempted
larceny.</para></note1></notes></subclass>
<subclass subnum = "86" id = "C283S086000">
<sctitle>Laser on incorporated hologram:</sctitle>
<parent ref = "C283S085000" doc = "Class283.sgm">subclass 85</parent>
<scdesc>Subject matter wherein the information is made readable
or understandable by the use of a coherent monochromatic visible
light source, i.e., a laser, illuminating a developed photographic
plate which was exposed solely by the use of a coherent monochromatic
visible light source, i.e., a hologram, and further wherein the
hologram is integral with or is permanently attached or associated
with the printed matter.</scdesc>
<srchout>
<crecord><classnum ref = "C359S000000" doc = "Class359.sgm">359</classnum>
<subref><clstitle>Optical:  Systems and Elements</clstitle>
<pretext></pretext>
<subnum range = "p" ref = "C359S001000" doc = "Class359.sgm">1</subnum></subref>
<descript><para> for holographic systems or elements.</para></descript></crecord></srchout></subclass>
<subclass subnum = "87" id = "C283S087000">
<sctitle>And incorporated radiation filter:</sctitle>
<parent ref = "C283S085000" doc = "Class283.sgm">subclass 85</parent>
<scdesc>Subject matter provided with a filter in the form of means
or structure which allows or permits either: (a) only a specific
range of frequencies of electromagnetic radiation to pass therethrough;
or (b) polarized visible light to pass therethrough only when the
filter is properly oriented relative to the angle of polarization
of the light and wherein either (a) or (b), the filter is integral
with or permanently attached or associated with the printed matter.</scdesc>
<srchout>
<crecord><classnum ref = "C359S000000" doc = "Class359.sgm">359</classnum>
<subref><clstitle>Optical:  Systems and Elements</clstitle>
<pretext></pretext></subref>
<descript><para>appropriate subclasses for optical filters or optical
systems or elements utilizing various types of radiation filters.</para></descript></crecord></srchout></subclass>
<subclass subnum = "88" id = "C283S088000">
<sctitle>Infrared filter:</sctitle>
<parent ref = "C283S087000" doc = "Class283.sgm">subclass 87</parent>
<scdesc>Subject matter wherein the filter allows or permits electromagnetic
radiation in the infrared range of the electromagnetic spectrum
to pass therethrough.</scdesc></subclass>
<subclass subnum = "89" id = "C283S089000">
<sctitle>Ultraviolet filter:</sctitle>
<parent ref = "C283S087000" doc = "Class283.sgm">subclass 87</parent>
<scdesc>Subject matter wherein the filter allows or permits electromagnetic
radiation in the ultraviolet range of the electromagnetic spectrum
to pass therethrough.</scdesc></subclass>
<subclass subnum = "90" id = "C283S090000">
<sctitle>Polarized:</sctitle>
<parent ref = "C283S087000" doc = "Class283.sgm">subclass 87</parent>
<scdesc>Subject matter wherein the filter allows polarized visible
light to pass therethrough only when the filter is properly oriented
relative to the angle of polarization of the light.</scdesc></subclass>
<subclass subnum = "91" id = "C283S091000">
<sctitle>Specific spectral transmittance and reflectance:</sctitle>
<parent ref = "C283S087000" doc = "Class283.sgm">subclass 87</parent>
<scdesc>Subject matter wherein the printed matter is provided with
means which allows or permits only a specific frequency or range
of frequencies of electromagnetic radiation to pass therethrough
and is designed or structured to cause a specific frequency or range
of frequencies of electromagnetic radiation to bounce off or rebound,
i.e., reflect, from the means of the printed matter.</scdesc></subclass>
<subclass subnum = "92" id = "C283S092000">
<sctitle>On incorporated fluorescent material:</sctitle>
<parent ref = "C283S085000" doc = "Class283.sgm">subclass 85</parent>
<scdesc>Subject matter wherein the printed matter is provided with
material which when irradiated by electromagnetic radiation will
emit electromagnetic radiation, generally of a different frequency
other than that of the irradiating frequency.</scdesc></subclass>
<subclass subnum = "93" id = "C283S093000">
<sctitle>Having dot pattern:</sctitle>
<parent ref = "C283S085000" doc = "Class283.sgm">subclass 85</parent>
<scdesc>Subject matter wherein the printed matter is provided with
structure in the form of a specific arrangement of a plurality of
small geometric marks generally made by an imprinting process.</scdesc>
<notes><note1 notenum = "(1)">
<para>Note.  The arrangement is generally readable or understandable
only by a or by the use of machine or device and conveys a notice
or signal, e.g., a VOID mark, thereby preventing either unauthorized
copying or other use of the printed matter.</para></note1></notes></subclass>
<subclass subnum = "94" id = "C283S094000">
<sctitle>Utilizing superposed layers:</sctitle>
<parent ref = "C283S072000" doc = "Class283.sgm">subclass 72</parent>
<scdesc>Subject matter wherein the article is provided with multiple
layers of printed matter or multiple layers of indicia wherein a
first layer is specially constructed to be virtually unalterable and
the relation of this layer to any other layer is such that an alteration
of said other layer is easily and readily detected.</scdesc></subclass>
<subclass subnum = "95" id = "C283S095000">
<sctitle>Utilizing chemical:</sctitle>
<parent ref = "C283S072000" doc = "Class283.sgm">subclass 72</parent>
<scdesc>Subject matter wherein the information is made readable
or understandable, or the larceny prevention or signaling occurs
by the use of a substance which is capable of chemically reacting with
a portion of the printed matter.</scdesc></subclass>
<subclass subnum = "96" id = "C283S096000">
<sctitle>Utilizing solvent:</sctitle>
<parent ref = "C283S072000" doc = "Class283.sgm">subclass 72</parent>
<scdesc>Subject matter wherein the information is made readable
or understandable, or the larceny prevention or signalling occurs
by the use of a substance which is capable of dissolving a portion
of the printed matter.</scdesc></subclass>
<subclass subnum = "97" id = "C283S097000">
<sctitle>Water:</sctitle>
<parent ref = "C283S096000" doc = "Class283.sgm">subclass 96</parent>
<scdesc>Subject matter wherein the substance is a clear, colorless,
inert liquid chemically described as HOH.</scdesc></subclass>
<subclass subnum = "98" id = "C283S098000">
<sctitle>By mating or cooperating separable components:</sctitle>
<parent ref = "C283S072000" doc = "Class283.sgm">subclass 72</parent>
<scdesc>Subject matter wherein the information is made readable
or understandable, or the larceny prevention or signalling occurs
by the use of the printed matter being composed of plural dividable
parts specifically configured to closely join together, i.e., mate
together, or which work together, i.e., cooperate.</scdesc></subclass>
<subclass subnum = "99" id = "C283S099000">
<sctitle>By moveable components:</sctitle>
<parent ref = "C283S072000" doc = "Class283.sgm">subclass 72</parent>
<scdesc>Subject matter wherein the information is made readable
or understandable or the larceny prevention or signalling occurs
by the use of the printed matter being composed of plural attached
relatively moveable parts.</scdesc></subclass>
<subclass subnum = "100" id = "C283S100000">
<sctitle>By removeable material:</sctitle>
<parent ref = "C283S072000" doc = "Class283.sgm">subclass 72</parent>
<scdesc>Subject matter wherein the information is made readable
or understandable or the larceny prevention or signalling occurs
by the use of material either integral with or attached to the printed
matter such material being configured or so composed to be relatively
easily separated or detached from the printed matter.</scdesc></subclass>
<subclass subnum = "101" id = "C283S101000">
<sctitle>Adhesively attached:</sctitle>
<parent ref = "C283S100000" doc = "Class283.sgm">subclass 100</parent>
<scdesc>Subject matter wherein the material is attached to the printed
matter by a tacky glue, cement, or similar substance.</scdesc>
<srchout>
<crecord><classnum ref = "C428S000000" doc = "Class428.sgm">428</classnum>
<subref><clstitle>Stock Material or Miscellaneous Articles</clstitle>
<pretext></pretext>
<subnum range = "p" ref = "C428S040100" doc = "Class428.sgm">40.1</subnum></subref>
<descript><para> for stock material or miscellaneous articles composed
of multiple layers, one of which is removable and attached to other layers
by adhesive.</para></descript></crecord></srchout></subclass>
<subclass subnum = "102" id = "C283S102000">
<sctitle>Erasable:</sctitle>
<parent ref = "C283S100000" doc = "Class283.sgm">subclass 100</parent>
<scdesc>Subject matter wherein the material is composed of a substance
that can be separated or detached by the use of a rubbing, wiping
or scraping action.</scdesc></subclass>
<subclass subnum = "103" id = "C283S103000">
<sctitle>Tearable:</sctitle>
<parent ref = "C283S100000" doc = "Class283.sgm">subclass 100</parent>
<scdesc>Subject matter wherein the material is so configured that
it can be separated or detached by the use of a pulling apart or
rending action.</scdesc></subclass>
<subclass subnum = "104" id = "C283S104000">
<sctitle>And cutting attachment:</sctitle>
<parent ref = "C283S103000" doc = "Class283.sgm">subclass 103</parent>
<scdesc>Subject matter provided with a device affixed to and capable
of performing a cutting operation on the material.</scdesc></subclass>
<subclass subnum = "105" id = "C283S105000">
<sctitle>Perforated:</sctitle>
<parent ref = "C283S100000" doc = "Class283.sgm">subclass 100</parent>
<scdesc>Subject matter wherein the material is provided with a hole
produced by a piercing, punching, or boring operation.</scdesc></subclass>
<subclass subnum = "106" id = "C283S106000">
<sctitle>By folded portion:</sctitle>
<parent ref = "C283S072000" doc = "Class283.sgm">subclass 72</parent>
<scdesc>Subject matter wherein the information if made readable
or understandable or the larceny prevention or signalling occurs
by the use of a portion of the printed matter that has been bent over
or doubled unto itself.</scdesc></subclass>
<subclass subnum = "107" id = "C283S107000">
<sctitle>Having plastic laminate:</sctitle>
<parent ref = "C283S072000" doc = "Class283.sgm">subclass 72</parent>
<scdesc>Subject matter wherein the printed matter is provided with
a layer composed of a complex organic compound produced by polymerization.</scdesc></subclass>
<subclass subnum = "108" id = "C283S108000">
<sctitle>And differentiable sections:</sctitle>
<parent ref = "C283S107000" doc = "Class283.sgm">subclass 107</parent>
<scdesc>Subject matter wherein the printed matter is composed of
a plurality of distinct layers structured, upon being subjected
to a separating force, to disassociate into distinct, predictable portions.</scdesc></subclass>
<subclass subnum = "109" id = "C283S109000">
<sctitle>And transparent laminate:</sctitle>
<parent ref = "C283S107000" doc = "Class283.sgm">subclass 107</parent>
<scdesc>Subject matter wherein the printed matter is provided with
a layer of material capable of transmitting light such that information
thereunder can be observed.</scdesc></subclass>
<subclass subnum = "110" id = "C283S110000">
<sctitle>And translucent coating or laminate:</sctitle>
<parent ref = "C283S109000" doc = "Class283.sgm">subclass 109</parent>
<scdesc>Subject matter further provided either with a layer of material
which is initially fluent and which is applied and hardened to a
surface, i.e., a coating; or a thin plate or sheet, i.e., a laminate,
wherein the coating or laminate can transmit only a portion of visible
light impinging thereon.</scdesc></subclass>
<subclass subnum = "111" id = "C283S111000">
<sctitle>And opaque laminate:</sctitle>
<parent ref = "C283S107000" doc = "Class283.sgm">subclass 107</parent>
<scdesc>Subject matter wherein the printed matter is provided with
a layer of material impenetrable by light.</scdesc></subclass>
<subclass subnum = "112" id = "C283S112000">
<sctitle>And photograph:</sctitle>
<parent ref = "C283S107000" doc = "Class283.sgm">subclass 107</parent>
<scdesc>Subject matter wherein the printed matter is provided with
an image recorded by a camera and reproduced on a photosensitive
surface.</scdesc></subclass>
<subclass subnum = "113" id = "C283S113000">
<sctitle>Having watermark:</sctitle>
<parent ref = "C283S072000" doc = "Class283.sgm">subclass 72</parent>
<scdesc>Subject matter wherein the information is made readable
or understandable or the larceny prevention or signalling occurs
by the use of a translucent design impressed upon the printed matter
during manufacture and visible when the printed matter is placed
between an observer and a strong visible light source.</scdesc></subclass>
<subclass subnum = "114" id = "C283S114000">
<sctitle>Having specific color:</sctitle>
<parent ref = "C283S072000" doc = "Class283.sgm">subclass 72</parent>
<scdesc>Subject matter provided with means or structure which when
illuminated absorbs all of the frequencies of the visible light
range except for a specific range or frequency designated for a particular
color.</scdesc>
<notes><note1 notenum = "(1)">
<para>Note.  The means or structure in this subclass is usually
some type of colored laminate or coating which by its colored nature
co-operates with the printed matter to perform the information revelation or
the larceny prevention or signalling.</para></note1></notes></subclass>
<subclass subnum = "115" id = "C283S115000">
<sctitle>CHART OR GRAPH:</sctitle>
<parent ref = "C283S000000" doc = "Class283.sgm">the class definition</parent>
<scdesc>Subject matter wherein the indicia carried by the indicia
bearing article facilitate the presentation of information in the
form of a diagram, table, drawing, or other pictorial device or
representation.</scdesc>
<srchin>
<srecord><subnum range = "p" ref = "C283S034000" doc = "Class283.sgm">34</subnum>
<descript><para>for an indicia bearing article in which the indicia
relate to maps or otherwise facilitate delineation of geographical, navigational,
or astronomical features.</para></descript></srecord>
<srecord><subnum ref = "C283S044000" doc = "Class283.sgm">44</subnum>
<descript><para>for an indicia bearing article in which the indicia
pertain to mathematics or otherwise pertain to that group of sciences
which deal with quantities, magnitudes, and forms, and to their relationships,
attributes, etc., by the use of numbers and symbols.</para></descript></srecord></srchin></subclass>
<subclass subnum = "116" id = "C283S116000">
<sctitle>ENVELOPE:</sctitle>
<parent ref = "C283S000000" doc = "Class283.sgm">the class definition</parent>
<scdesc>Subject matter wherein the indicia bearing article comprises
a substantially flat receptacle having two walls joined at their
edges to form a pocket-like closure made of paper or a paper substitute
material, and wherein the receptacle is disclosed to be for use
as an enclosure for a sheetlike article (e.g., a document) while
it is being transported (e.g., mailed).</scdesc>
<srchout>
<crecord><classnum ref = "C229S000000" doc = "Class229.sgm">229</classnum>
<subref><clstitle>Envelopes, Wrappers, and Paperboard Boxes</clstitle>
<pretext></pretext>
<subnum range = "p" ref = "C229S068100" doc = "Class229.sgm">68.1</subnum></subref>
<descript><para> for an envelope in which the physical structure
of the envelope is a part of the invention or is deemed to be unconventional.</para></descript></crecord></srchout></subclass>
<subclass subnum = "117" id = "C283S117000">
<sctitle>MISCELLANEOUS:</sctitle>
<parent ref = "C283S000000" doc = "Class283.sgm">the class definition</parent>
<scdesc>Subject matter not otherwise classified above.</scdesc></subclass></sclasses>
<xrefcols>
<para>The documents in the following collections have been placed
without regard to their original classification or to their claimed
subject matter and are therefore not exhaustive of the art subject
matter but are only examples of the art. Consequently, a complete
search for an art subject matter provided here would require a review of
the higher portions of this classification schedule.</para>
<subclass subnum = "900" id = "C283S900000">
<sctitle>MEDICAL RECORD:</sctitle>
<scdesc>Cross-reference art collection drawn to printed matter in
the form of a record of a medical history of a person.</scdesc></subclass>
<subclass subnum = "901" id = "C283S901000">
<sctitle>CONCEALED DATA:</sctitle>
<scdesc>Cross-reference art collection drawn to printed matter normally
hidden or sealed from view.</scdesc></subclass>
<subclass subnum = "902" id = "C283S902000">
<sctitle>ANTI-PHOTOCOPY:</sctitle>
<scdesc>Cross-reference art collection drawn to printed matter provided
with means or structure preventing a portion of the printed matter
from being reproduced by a photosensitive process.</scdesc></subclass>
<subclass subnum = "903" id = "C283S903000">
<sctitle>LOTTERY TICKET:</sctitle>
<scdesc>Cross-reference art collection drawn to printed matter used
in a contest in which tickets are distributed or sold, the winning
ticket being secretly predetermined or ultimately selected in a
chance drawing.</scdesc>
<srchout>
<crecord><classnum ref = "C273S000000" doc = "Class273.sgm">273</classnum>
<subref><clstitle>Amusement Devices:  Games</clstitle>
<pretext></pretext>
<subnum range = "s" ref = "C273S139000" doc = "Class273.sgm">139</subnum></subref>
<descript><para> for chance devices provided with a chance selection
means.</para></descript></crecord></srchout></subclass>
<subclass subnum = "904" id = "C283S904000">
<sctitle>CREDIT CARD:</sctitle>
<scdesc>Cross-reference art collection drawn to printed matter used
to facilitate business transactions.</scdesc>
<srchout>
<crecord><classnum ref = "C235S000000" doc = "Class235.sgm">235</classnum>
<subref><clstitle>Registers</clstitle>
<pretext></pretext>
<subnum range = "p" ref = "C235S380000" doc = "Class235.sgm">380</subnum></subref>
<descript><para> for register systems combined with credit cards;
subclass 487 for registers provided with credit card type of records.</para></descript></crecord></srchout></subclass></xrefcols>
</class>
