<?xml version="1.0" encoding="UTF-8"?>
<!DOCTYPE class PUBLIC "-//USPTO//DTD Classification Definitions//EN" "xclassdef.dtd" [

<!-- Begin Document Specific Declarations -->

<!-- End Document Specific Declarations -->

]>
<?xml-stylesheet href="classdef.xsl" type="text/XSL"?>

<class classnum = "298" id = "C298S000000"><title>LAND VEHICLES:
 DUMPING</title>
<sections><descsect>
<para>Vehicles other than track or rail vehicles and commonly known
as dumping-wagons, dump-carts, dumping-sleighs, dumping-barrows,
chute-wagons, etc., adapted for carrying a freight-load and so constructed
and arranged that by manipulation of the whole or a part of the
vehicle the load or some considerable part thereof will move by
gravity to unload the vehicle.</para>
</descsect>
<linesect>
<para>For dump-cars see Class 105, Railway Rolling Stock, subclass
239, and indented subclasses.</para>
<para>For a self-loading or unloading vehicle having a load receiving
portion which is pivotable relative to the horizontal, see Class
414, Material Article Handling, subclasses 469&plus;, and see
especially the search note to this class (298) which appears in
subclass 469.</para>
<para>For a device for emptying a portable receptacle, see Class
414, Material or Article Handling, subclasses 403&plus;, and
see particularly indented subclasses 419&plus;.</para>
</linesect>
<scsect>
<srchout>
<crecord><classnum ref = "C049S000000" doc = "Class049.sgm">49</classnum>
<subref><clstitle>Movable or Removable Closures</clstitle>
<pretext></pretext></subref>
<descript><para>appropriate subclasses, for closures of the type
provided for and see the search notes thereto in section IV for
the loci of closures in other classes.</para></descript></crecord>
<crecord><classnum ref = "C222S000000" doc = "Class222.sgm">222</classnum>
<subref><clstitle>Dispensing</clstitle>
<pretext></pretext></subref>
<descript><para>appropriate subclasses, for other dispensing devices.</para></descript></crecord>
<crecord><classnum ref = "C280S000000" doc = "Class280.sgm">280</classnum>
<subref><clstitle>Land Vehicles</clstitle>
<pretext></pretext>
<subnum range = "p" ref = "C280S047170" doc = "Class280.sgm">47.17</subnum></subref>
<descript><para> for handle-propelled tiltable vehicles, and see
the search note under indented subclass 47.26 referring to Class
298.</para></descript></crecord></srchout>
</scsect></sections>
<sclasses>
<subclass subnum = "1" id = "C298S001000">
<sctitle>MISCELLANEOUS:</sctitle>
<parent ref = "C298S000000" doc = "Class298.sgm">the class definition</parent>
<scdesc>Patents falling within this class and not properly classifiable
in other subclasses thereof.</scdesc></subclass>
<subclass subnum = "2" id = "C298S002000">
<sctitle>HAND TRUCKS AND BARROWS:</sctitle>
<parent ref = "C298S000000" doc = "Class298.sgm">the class definition</parent>
<scdesc>Specially adapted to be propelled by hand.</scdesc></subclass>
<subclass subnum = "3" id = "C298S003000">
<sctitle>Single wheel:</sctitle>
<parent ref = "C298S002000" doc = "Class298.sgm">subclass 2</parent>
<scdesc>Mounted on one wheel.</scdesc></subclass>
<subclass subnum = "4" id = "C298S004000">
<sctitle>SLEDS:</sctitle>
<parent ref = "C298S000000" doc = "Class298.sgm">the class definition</parent>
<scdesc>Supported on runners.</scdesc></subclass>
<subclass subnum = "5" id = "C298S005000">
<sctitle>TWO-WHEEL:</sctitle>
<parent ref = "C298S000000" doc = "Class298.sgm">the class definition</parent>
<scdesc>Dumping-vehicles of all types mounted on two wheels.</scdesc></subclass>
<subclass subnum = "6" id = "C298S006000">
<sctitle>With cover or end gate control:</sctitle>
<parent ref = "C298S005000" doc = "Class298.sgm">subclass 5</parent>
<scdesc>Those of the type indicated where means is provided to operate
an end-gate or cover through the dumping operation of the vehicle or
means for doing so manually where such means is located at a distance
from the end-gate or cover.</scdesc></subclass>
<subclass subnum = "7" id = "C298S007000">
<sctitle>WITH LOAD-DELIVERING CHUTE:</sctitle>
<parent ref = "C298S000000" doc = "Class298.sgm">the class definition</parent>
<scdesc>Dumping-vehicles of any type having some modification of
the vehicle to adapt a delivery chute thereto or some combined structure
of the vehicle and delivery-chute.</scdesc>
<srchout>
<crecord><classnum ref = "C193S000000" doc = "Class193.sgm">193</classnum>
<subref><clstitle>Conveyors, Chutes, Skids, Guides, and Ways</clstitle>
<pretext></pretext>
<subnum range = "p" ref = "C193S004000" doc = "Class193.sgm">4</subnum></subref>
<descript><para> for chutes, per se, </para></descript></crecord></srchout></subclass>
<subclass subnum = "8" id = "C298S008000">
<sctitle>PLURAL LOAD UNITS:</sctitle>
<parent ref = "C298S000000" doc = "Class298.sgm">the class definition</parent>
<scdesc>Dumping-vehicles of any type where the load is divided into
separate units and can be separately dumped, excepting that a tiltable load-receptacle
having removable partitions is not included, but is found in other
subclasses of this class under proper type.</scdesc></subclass>
<subclass subnum = "9" id = "C298S009000">
<sctitle>ROTATING ABOUT VERTICAL AXIS AND TILTING:</sctitle>
<parent ref = "C298S000000" doc = "Class298.sgm">the class definition</parent>
<scdesc>Dumping vehicles in which the load-receptacle is rotatable
about a vertical axis prior to, during or after tilting thereof.</scdesc></subclass>
<subclass subnum = "10" id = "C298S010000">
<sctitle>ROTATING TO OVERTURN ABOUT FIXED AXIS:</sctitle>
<parent ref = "C298S000000" doc = "Class298.sgm">the class definition</parent>
<scdesc>Those in which the load-receptacle rotates about a fixed
pivot to turn the load out of the open top of the receptacle.</scdesc></subclass>
<subclass subnum = "11" id = "C298S011000">
<sctitle>ELEVATING AND TILTING:</sctitle>
<parent ref = "C298S000000" doc = "Class298.sgm">the class definition</parent>
<scdesc>Where the load-receptacle is tilted to permit the load to
slide off the bottom of the receptacle, there being also an elevation
of the load-receptacle as a whole.</scdesc>
<srchout>
<crecord><classnum ref = "C414S000000" doc = "Class414.sgm">414</classnum>
<subref><clstitle>Material or Article Handling</clstitle>
<pretext></pretext>
<subnum range = "p" ref = "C414S697000" doc = "Class414.sgm">697</subnum></subref>
<descript><para>, for material moving devices with a vertical swinging
load support of the tilting shovel or fork type.</para></descript></crecord></srchout></subclass>
<subclass subnum = "12" id = "C298S012000">
<sctitle>SLIDING AND TILTING:</sctitle>
<parent ref = "C298S000000" doc = "Class298.sgm">the class definition</parent>
<scdesc>Dumping vehicles in which the load-receptacle as a whole
is movable in a horizontal or downwardly inclined direction prior
to, during or after tilting thereof.</scdesc></subclass>
<subclass subnum = "13" id = "C298S013000">
<sctitle>Side delivery only:</sctitle>
<parent ref = "C298S012000" doc = "Class298.sgm">subclass 12</parent>
<scdesc>Those of the type indicated where the load is dumped at
the side of the vehicle.</scdesc></subclass>
<subclass subnum = "14" id = "C298S014000">
<sctitle>Operating mechanism:</sctitle>
<parent ref = "C298S012000" doc = "Class298.sgm">subclass 12</parent>
<scdesc>Provided with additional means for effecting any of the
movements of the load-receptacle, either to dump the load or return
the receptacle to its load-carrying position, or both.</scdesc></subclass>
<subclass subnum = "15" id = "C298S015000">
<sctitle>Vehicle-motion controlled:</sctitle>
<parent ref = "C298S014000" doc = "Class298.sgm">subclass 14</parent>
<scdesc>Where the operation is effected by a movement of the vehicle
as a whole or through the movement of some substantial part thereof.</scdesc></subclass>
<subclass subnum = "16" id = "C298S016000">
<sctitle>Vehicle-motor controlled:</sctitle>
<parent ref = "C298S014000" doc = "Class298.sgm">subclass 14</parent>
<scdesc>Operated by the power plant that propels the vehicle.</scdesc></subclass>
<subclass subnum = "17" id = "C298S017000">
<sctitle>TILTING:</sctitle>
<parent ref = "C298S000000" doc = "Class298.sgm">the class definition</parent>
<scdesc>Where the load-receptacle is capable of assuming an inclined
or tilted position to permit the load to slide off the inclined
bottom of the receptacle.</scdesc>
<srchout>
<crecord><classnum ref = "C222S000000" doc = "Class222.sgm">222</classnum>
<subref><clstitle>Dispensing</clstitle>
<pretext></pretext>
<subnum range = "s" ref = "C222S166000" doc = "Class222.sgm">166</subnum></subref>
<descript><para>.</para></descript></crecord></srchout></subclass>
<subclass subnum = "17.5" id = "C298S017500">
<sctitle>Tilting about plural or shifting fulcrums:</sctitle>
<parent ref = "C298S017000" doc = "Class298.sgm">subclass 17</parent>
<scdesc>Devices in which the load-receptacle is (1) selectively
tiltable about at least one of a plurality of pivot axes or (2)
tiltable about an axis which progressively changes concurrently
with the tilting (e.g., rocking support).</scdesc></subclass>
<subclass subnum = "17.6" id = "C298S017600">
<sctitle>Selectively tiltable in different directions:</sctitle>
<parent ref = "C298S017500" doc = "Class298.sgm">subclass 17.5</parent>
<scdesc>Devices in which the load-receptacle is optionally tiltable
in a selected one of a plurality of different directions (e.g.,
towards either side).</scdesc></subclass>
<subclass subnum = "17.7" id = "C298S017700">
<sctitle>Side or end delivery:</sctitle>
<parent ref = "C298S017600" doc = "Class298.sgm">subclass 17.6</parent>
<scdesc>Devices in which the load-receptacle is optionally tiltable
to either an end or a side.</scdesc></subclass>
<subclass subnum = "17.8" id = "C298S017800">
<sctitle>Progressive fulcrum points:</sctitle>
<parent ref = "C298S017600" doc = "Class298.sgm">subclass 17.6</parent>
<scdesc>Devices wherein the pivot axis about which the load-receptacle
is tilted, during at least one tilting cycle, sequentially moves
from one to another of a plurality of fulcrum points, (e.g., rocking
support).</scdesc></subclass>
<subclass subnum = "18" id = "C298S018000">
<sctitle>Side delivery only:</sctitle>
<parent ref = "C298S017000" doc = "Class298.sgm">subclass 17</parent>
<scdesc>Where the load is dumped at the side of the vehicle.</scdesc></subclass>
<subclass subnum = "19" id = "C298S019000">
<sctitle>Operating mechanism:</sctitle>
<parent ref = "C298S017000" doc = "Class298.sgm">subclass 17</parent>
<scdesc>Provided with additional means for effecting the tilting
of the load-receptacle or returning it to its load-carrying position,
or both.</scdesc></subclass>
<subclass subnum = "20" id = "C298S020000">
<sctitle>Vehicle-motion controlled:</sctitle>
<parent ref = "C298S019000" doc = "Class298.sgm">subclass 19</parent>
<scdesc>Where the operation is effected by a movement of the vehicle
as a whole or through the movement of some substantial part thereof.</scdesc></subclass>
<subclass subnum = "21" id = "C298S021000">
<sctitle>Vehicle-motor controlled:</sctitle>
<parent ref = "C298S019000" doc = "Class298.sgm">subclass 19</parent>
<scdesc>Operated by the power plant that propels the vehicle.</scdesc></subclass>
<subclass subnum = "22" id = "C298S022000">
<sctitle>Fluid-pressure operators:</sctitle>
<parent ref = "C298S019000" doc = "Class298.sgm">subclass 19</parent>
<scdesc>Provided with fluid-pressure operators.</scdesc></subclass>
<subclass subnum = "23" id = "C298S023000">
<sctitle>With cover or endgate control:</sctitle>
<parent ref = "C298S017000" doc = "Class298.sgm">subclass 17</parent>
<scdesc>Those of the type indicated where means is provided to operate
an end-gate or cover through the dumping operation of the vehicle or
means for doing so manually where such means is located at a distance
from the end-gate or cover.</scdesc></subclass>
<subclass subnum = "24" id = "C298S024000">
<sctitle>HOPPER TYPE:</sctitle>
<parent ref = "C298S000000" doc = "Class298.sgm">the class definition</parent>
<scdesc>Consisting of a box-container having a movable part or parts
adapted, when moved, to permit the load to fall by gravity.</scdesc>
<srchout>
<crecord><classnum ref = "C222S000000" doc = "Class222.sgm">222</classnum>
<subref><clstitle>Dispensing</clstitle>
<pretext>particularly </pretext>
<subnum range = "s" ref = "C222S476000" doc = "Class222.sgm">476</subnum></subref>
<descript><para>, et seq.</para></descript></crecord></srchout></subclass>
<subclass subnum = "25" id = "C298S025000">
<sctitle>Pivoted sections:</sctitle>
<parent ref = "C298S024000" doc = "Class298.sgm">subclass 24</parent>
<scdesc>Consisting of sections pivoted together.</scdesc>
<srchin>
<srecord><subnum range = "p" ref = "C298S029000" doc = "Class298.sgm">29</subnum>
<descript><para></para></descript></srecord></srchin></subclass>
<subclass subnum = "26" id = "C298S026000">
<sctitle>Tilting bottom:</sctitle>
<parent ref = "C298S024000" doc = "Class298.sgm">subclass 24</parent>
<scdesc>Where the bottom as a whole is pivoted to tilt to permit
the load to slide by gravity.</scdesc>
<srchin>
<srecord><subnum range = "p" ref = "C298S029000" doc = "Class298.sgm">29</subnum>
<descript><para>where the bottom is divided and each section is
pivoted.</para></descript></srecord></srchin></subclass>
<subclass subnum = "27" id = "C298S027000">
<sctitle>Bottom opening:</sctitle>
<parent ref = "C298S024000" doc = "Class298.sgm">subclass 24</parent>
<scdesc>Where the bottom of the load-receptacle can be opened to
permit the load to drop by gravity to a position under the vehicle.</scdesc></subclass>
<subclass subnum = "28" id = "C298S028000">
<sctitle>Removable bottom boards:</sctitle>
<parent ref = "C298S027000" doc = "Class298.sgm">subclass 27</parent>
<scdesc>The load-receptacle is provided with the removable part
or parts indicated.</scdesc></subclass>
<subclass subnum = "29" id = "C298S029000">
<sctitle>Hinged doors:</sctitle>
<parent ref = "C298S024000" doc = "Class298.sgm">subclass 24</parent>
<scdesc>Where the bottom of the load-carrier consists of a door
or doors hinged to open and permit the load to drop.</scdesc>
<srchin>
<srecord><subnum ref = "C298S025000" doc = "Class298.sgm">25</subnum>
<descript><para></para></descript></srecord></srchin></subclass>
<subclass subnum = "30" id = "C298S030000">
<sctitle>Transversely hinged only:</sctitle>
<parent ref = "C298S029000" doc = "Class298.sgm">subclass 29</parent>
<scdesc>Where the hinge extends transversely of the vehicle only.</scdesc></subclass>
<subclass subnum = "31" id = "C298S031000">
<sctitle>Longitudinally hinged only:</sctitle>
<parent ref = "C298S029000" doc = "Class298.sgm">subclass 29</parent>
<scdesc>Where the hinge extends longitudinally of the vehicle only.</scdesc></subclass>
<subclass subnum = "32" id = "C298S032000">
<sctitle>Parallel swinging:</sctitle>
<parent ref = "C298S031000" doc = "Class298.sgm">subclass 31</parent>
<scdesc>Having a plurality of doors so hinged that they swing parallel
to each other.</scdesc></subclass>
<subclass subnum = "33" id = "C298S033000">
<sctitle>Oppositely swinging:</sctitle>
<parent ref = "C298S031000" doc = "Class298.sgm">subclass 31</parent>
<scdesc>So hinged that the doors swing in opposite directions.</scdesc></subclass>
<subclass subnum = "34" id = "C298S034000">
<sctitle>Inwardly only:</sctitle>
<parent ref = "C298S033000" doc = "Class298.sgm">subclass 33</parent>
<scdesc>Swinging in opposite directions and toward a median of the
vehicle in dropping the load.</scdesc></subclass>
<subclass subnum = "35" id = "C298S035000">
<sctitle>Outwardly only:</sctitle>
<parent ref = "C298S033000" doc = "Class298.sgm">subclass 33</parent>
<scdesc>Swinging in opposite directions and toward the outside of
the vehicle to drop the load.</scdesc></subclass>
<subclass subnum = "36" id = "C298S036000">
<sctitle>Vertically movable:</sctitle>
<parent ref = "C298S035000" doc = "Class298.sgm">subclass 35</parent>
<scdesc>Also movable in a vertical direction.</scdesc></subclass>
<subclass subnum = "37" id = "C298S037000">
<sctitle>Closing equalizers:</sctitle>
<parent ref = "C298S035000" doc = "Class298.sgm">subclass 35</parent>
<scdesc>Those of the type indicated having a single door-closing
operator so constructed that all the doors are tightly closed. 
Such devices also permit the closing of one door in advance of another.</scdesc></subclass>
<subclass subnum = "38" id = "C298S038000">
<sctitle>CATCHES:</sctitle>
<parent ref = "C298S000000" doc = "Class298.sgm">the class definition</parent>
<scdesc>Holding devices adapted to releasably hold a movable part
of a dump-wagon in its normal or load-carrying position.</scdesc>
<srchout>
<crecord><classnum ref = "C292S000000" doc = "Class292.sgm">292</classnum>
<subref><clstitle>Closure Fasteners</clstitle>
<pretext></pretext></subref>
<descript><para>for closure-fasteners of general utility.</para></descript></crecord></srchout></subclass></sclasses>
</class>
