<?xml version="1.0" encoding="UTF-8"?>
<!DOCTYPE class PUBLIC "-//USPTO//DTD Classification Definitions//EN" "xclassdef.dtd" [

<!-- Begin Document Specific Declarations -->

<!-- End Document Specific Declarations -->

]>
<?xml-stylesheet href="classdef.xsl" type="text/XSL"?>

<class classnum = "237" id = "C237S000000"><title>HEATING SYSTEMS</title>
<sections><descsect>
<para>Apparatus and processes for heating rooms, chambers, houses,
and other enclosing structures, including combinations of two or
more heat generators and combinations of a heat generator with means
for distributing a fluid heated thereby.</para>
<notes><note1 notenum = "(1)">
<para>Note. This class does not include the distributing means alone
unless it is peculiarly adapted for heating, nor the heat generator alone.</para></note1>
<note1 notenum = "(2)">
<para>Note. The term &ldquo;water&rdquo; is used in the generic
sense of &ldquo;liquid&rdquo;.</para></note1></notes>
</descsect>
<linesect>
<para>For steam traps adapted for heating systems see Class 137,
Fluid Handling, subclasses 171&plus;, and Class 236, Automatic
Temperature and Humidity Regulation.</para>
<para>For methods and apparatus for heating rooms, chambers, houses
and other enclosing structures where the source of heat is claimed
to be a solar collector, classification  in the appropriate subclass
in Class 126, Stoves and Furnaces.</para>
</linesect>
<scsect>
<srchout>
<crecord><classnum ref = "C034S000000" doc = "Class034.sgm">34</classnum>
<subref><clstitle>Drying and Gas or Vapor Contact With Solids</clstitle>
<pretext></pretext></subref>
<descript><para>and see the Note to the class definition of Class 34
for the line with Class 237.</para></descript></crecord>
<crecord><classnum ref = "C060S000000" doc = "Class060.sgm">60</classnum>
<subref><clstitle>Power Plants</clstitle>
<pretext></pretext></subref>
<descript><para>for power plants combined with heating apparatus
which does not constitute a heating system.</para></descript></crecord>
<crecord><classnum ref = "C062S000000" doc = "Class062.sgm">62</classnum>
<subref><clstitle>Refrigeration</clstitle>
<pretext>particularly </pretext>
<subnum range = "r" ref = "C062S090000" doc = "Class062.sgm">90</subnum></subref>
<descript><para>, 159&plus;, 238.1&plus;, 260, and 324.1&plus; for
a refrigeration system, per se, which may utilize the heat rejecting
portion.</para></descript></crecord>
<crecord><classnum ref = "C122S000000" doc = "Class122.sgm">122</classnum>
<subref><clstitle>Liquid Heaters and Vaporizers</clstitle>
<pretext></pretext></subref>
<descript><para>for a boiler that may include a heat system for
other than heating an enclosure.</para></descript></crecord>
<crecord><classnum ref = "C126S000000" doc = "Class126.sgm">126</classnum>
<subref><clstitle>Stoves and Furnaces</clstitle>
<pretext></pretext></subref>
<descript><para>for a heating means that may provide heat for a
heating system.</para></descript></crecord>
<crecord><classnum ref = "C137S000000" doc = "Class137.sgm">137</classnum>
<subref><clstitle>Fluid Handling</clstitle>
<pretext>appropriate subclasses, for fluid handling and distributing
systems not otherwise classifiable; see particularly </pretext>
<subnum range = "p" ref = "C137S334000" doc = "Class137.sgm">334</subnum></subref>
<descript><para> for combinations of such systems with means to
heat the system or its contents (see (3) Note above).</para></descript></crecord>
<crecord><classnum ref = "C148S000000" doc = "Class148.sgm">148</classnum>
<subref><clstitle>Metal Treatment</clstitle>
<pretext></pretext></subref>
<descript><para>appropriate subclasses for processes of treating
solid or semi-solid metal to modify or maintain the internal physical structure
(i.e., microstructure) or chemical property of the metal.</para></descript></crecord>
<crecord><classnum ref = "C165S000000" doc = "Class165.sgm">165</classnum>
<subref><clstitle>Heat Exchange</clstitle>
<pretext></pretext>
<subnum range = "p" ref = "C165S058000" doc = "Class165.sgm">58</subnum></subref>
<descript><para>; 201&plus; for combined heating and cooling
processes; subclasses 201&plus; for automatic control of a heating and
cooling system; subclasses 48.1&plus; for an installed heating
and cooling system; subclasses 58&plus; for a heating and cooling
system; and appropriate subclasses for structure for exchanging
heat between two noncommunicating fluids not having features specializing
it for use in a heating system.</para></descript></crecord>
<crecord><classnum ref = "C219S000000" doc = "Class219.sgm">219</classnum>
<subref><clstitle>Electric Heating</clstitle>
<pretext></pretext></subref>
<descript><para>for heating by electric current.</para></descript></crecord>
<crecord><classnum ref = "C236S000000" doc = "Class236.sgm">236</classnum>
<subref><clstitle>Automatic Temperature and Humidity Regulation</clstitle>
<pretext></pretext></subref>
<descript><para>for automatic heat regulation for heating systems
when the heating system is not specifically defined, the modifications
relating wholly to the control (see (3) Note above).</para></descript></crecord>
<crecord><classnum ref = "C248S000000" doc = "Class248.sgm">248</classnum>
<subref><clstitle>Supports</clstitle>
<pretext></pretext></subref>
<descript><para>for stands, etc., adapted to support heating apparatus.</para></descript></crecord>
<crecord><classnum ref = "C252S000000" doc = "Class252.sgm">252</classnum>
<subref><clstitle>Compositions</clstitle>
<pretext>particularly </pretext>
<subnum range = "p" ref = "C252S067000" doc = "Class252.sgm">67</subnum></subref>
<descript><para> and 71&plus;. Patents are placed in Class 252
(1) claiming admixtures of ingredients, or claims to an old compound,
limited to use in a heat transfer agent, (2) processes of transferring
heat comprising known heating system steps broadly recited, distinguished
solely by the composition or compound used, and (3) apparatus with the
composition or compound therein, where characteristics of apparatus
structure are not claimed. The preceding are placed in Class 252,
Compositions, even though freezing or boiling points or temperatures
of use are specified.</para></descript></crecord>
<crecord><classnum ref = "C376S000000" doc = "Class376.sgm">376</classnum>
<subref><clstitle>Induced Nuclear Reactions: Processes, Systems,
and Elements</clstitle>
<pretext>appropriate subclasses, particularly </pretext>
<subnum range = "p" ref = "C376S402000" doc = "Class376.sgm">402</subnum></subref>
<descript><para> for reactor structures which may be adaptable for
general heating systems purposes.</para></descript></crecord>
<crecord><classnum ref = "C405S000000" doc = "Class405.sgm">405</classnum>
<subref><clstitle>Hydraulic and Earth Engineering</clstitle>
<pretext></pretext>
<subnum range = "s" ref = "C405S056000" doc = "Class405.sgm">56</subnum></subref>
<descript><para> for a method or apparatus for heating or cooling
the earth surrounding a fluid storage cavity; and subclasses 130&plus; for
heating or cooling of an earthen formation in general</para></descript></crecord>
<crecord><classnum ref = "C417S000000" doc = "Class417.sgm">417</classnum>
<subref><clstitle>Pumps</clstitle>
<pretext></pretext></subref>
<descript><para>for pumps, per se.</para></descript></crecord>
<crecord><classnum ref = "C418S000000" doc = "Class418.sgm">418</classnum>
<subref><clstitle>Rotary Expansible Chamber Devices</clstitle>
<pretext></pretext></subref>
<descript><para>for rotary expansible chamber pumps, per se.</para></descript></crecord>
<crecord><classnum ref = "C432S000000" doc = "Class432.sgm">432</classnum>
<subref><clstitle>Heating</clstitle>
<pretext></pretext>
<subnum range = "p" ref = "C432S121000" doc = "Class432.sgm">121</subnum></subref>
<descript><para> for a residual work chamber having both heating
and work handling means; subclasses 159&plus; for a residual work
heating chamber in which work is heated by contact with combustion
products; and appropriate subclass for a residual work chamber heated
without the use of a distribution system between the generator and
chamber space.</para></descript></crecord>
<crecord><classnum ref = "C454S000000" doc = "Class454.sgm">454</classnum>
<subref><clstitle>Ventilation</clstitle>
<pretext></pretext></subref>
<descript><para>for means specialized for distributing air to rooms
or buildings, even with a conventional heating apparatus, and for
rooms, buildings, cars, etc., with hollow walls for the passage
of air.</para></descript></crecord></srchout>
</scsect></sections>
<sclasses>
<subclass subnum = "1" id = "C237S001000">
<sctitle>MISCELLANEOUS:</sctitle>
<parent ref = "C237S000000" doc = "Class237.sgm">the class definition</parent>
<scdesc>Means for heating not otherwise provided for.</scdesc></subclass>
<subclass subnum = "2" id = "C237S002000">
<sctitle>AUTOMATIC CONTROL:</sctitle>
<parent ref = "C237S000000" doc = "Class237.sgm">the class definition</parent>
<scdesc>Heating systems with means for regulating temperature and
pressure independent of manual control.</scdesc>
<srchout>
<crecord><classnum ref = "C236S000000" doc = "Class236.sgm">236</classnum>
<subref><clstitle>Automatic Temperature and Humidity Regulation</clstitle>
<pretext></pretext></subref>
<descript><para>for automatic controllers when the structure of
the apparatus for heating is not specifically defined.</para></descript></crecord></srchout></subclass>
<subclass subnum = "3" id = "C237S003000">
<sctitle>Brooder and incubator:</sctitle>
<parent ref = "C237S002000" doc = "Class237.sgm">subclass 2</parent>
<scdesc>Automatic control for heating apparatus for brooders and
incubators.</scdesc>
<srchout>
<crecord><classnum ref = "C119S000000" doc = "Class119.sgm">119</classnum>
<subref><clstitle>Animal Husbandry</clstitle>
<pretext></pretext>
<subnum range = "r" ref = "C119S030000" doc = "Class119.sgm">30</subnum></subref>
<descript><para>, 31&plus;, and 35&plus; for brooder and
incubator structure including heating systems.</para></descript></crecord></srchout></subclass>
<subclass subnum = "4" id = "C237S004000">
<sctitle>Water:</sctitle>
<parent ref = "C237S003000" doc = "Class237.sgm">subclass 3</parent>
<scdesc>Automatic control for water-circulating heaters for incubators.</scdesc></subclass>
<subclass subnum = "5" id = "C237S005000">
<sctitle>Car:</sctitle>
<parent ref = "C237S002000" doc = "Class237.sgm">subclass 2</parent>
<scdesc>Automatic control for heating apparatus for cars, either
freight or passenger.</scdesc>
<srchout>
<crecord><classnum ref = "C126S000000" doc = "Class126.sgm">126</classnum>
<subref><clstitle>Stoves and Furnaces</clstitle>
<pretext></pretext></subref>
<descript><para>for stove structure.</para></descript></crecord></srchout></subclass>
<subclass subnum = "6" id = "C237S006000">
<sctitle>Steam:</sctitle>
<parent ref = "C237S005000" doc = "Class237.sgm">subclass 5</parent>
<scdesc>Automatic control for steam heating apparatus.</scdesc>
<srchout>
<crecord><classnum ref = "C236S000000" doc = "Class236.sgm">236</classnum>
<subref><clstitle>Automatic Temperature and Humidity Regulation</clstitle>
<pretext>especially </pretext>
<subnum range = "s" ref = "C236S022000" doc = "Class236.sgm">22</subnum></subref>
<descript><para>, for automatic control, per se.</para></descript></crecord></srchout></subclass>
<subclass subnum = "7" id = "C237S007000">
<sctitle>Combined radiator and boiler:</sctitle>
<parent ref = "C237S002000" doc = "Class237.sgm">subclass 2</parent>
<scdesc>Automatic control of a unitary structure consisting of steam
or water radiators combined with a boiler.</scdesc>
<srchout>
<crecord><classnum ref = "C122S000000" doc = "Class122.sgm">122</classnum>
<subref><clstitle>Liquid Heaters and Vaporizers</clstitle>
<pretext>for a boiler that may include a heat system for other than
heating an enclosure, </pretext>
<subnum range = "s" ref = "C122S013300" doc = "Class122.sgm">13.3</subnum></subref>
<descript><para> for a stand boiler (e.g., water heater, etc.) having
a delivery means to a dispense a feature (e.g., faucet, shower,
washing machine, dishwasher, etc.).</para></descript></crecord>
<crecord><classnum ref = "C236S000000" doc = "Class236.sgm">236</classnum>
<subref><clstitle>Automatic Temperature and Humidity Regulation</clstitle>
<pretext></pretext></subref>
<descript><para>for controller, per se.</para></descript></crecord></srchout></subclass>
<subclass subnum = "8" id = "C237S008000">
<sctitle>Water:</sctitle>
<parent ref = "C237S002000" doc = "Class237.sgm">subclass 2</parent>
<scdesc>Automatic control of water heating systems.</scdesc>
<srchin>
<srecord><subnum ref = "C237S004000" doc = "Class237.sgm">4</subnum>
<descript><para>for incubator heaters.</para></descript></srecord>
<srecord><subnum ref = "C237S005000" doc = "Class237.sgm">5</subnum>
<descript><para>for car heaters.</para></descript></srecord>
<srecord><subnum ref = "C237S007000" doc = "Class237.sgm">7</subnum>
<descript><para>for combined heater and boiler.</para></descript></srecord></srchin></subclass>
<subclass subnum = "9" id = "C237S009000">
<sctitle>Steam:</sctitle>
<parent ref = "C237S002000" doc = "Class237.sgm">subclass 2</parent>
<scdesc>Automatic control of steam heating systems.</scdesc>
<srchin>
<srecord><subnum ref = "C237S006000" doc = "Class237.sgm">6</subnum>
<descript><para>for car heaters.</para></descript></srecord>
<srecord><subnum ref = "C237S007000" doc = "Class237.sgm">7</subnum>
<descript><para>for combined heater and boiler.</para></descript></srecord></srchin>
<srchout>
<crecord><classnum ref = "C034S000000" doc = "Class034.sgm">34</classnum>
<subref><clstitle>Drying and Gas or Vapor Contact With Solids</clstitle>
<pretext></pretext>
<subnum range = "p" ref = "C034S535000" doc = "Class034.sgm">535</subnum></subref>
<descript><para> and 549&plus;, for heaters peculiar to Class
34 apparatus.</para></descript></crecord></srchout></subclass>
<subclass subnum = "10" id = "C237S010000">
<sctitle>Gas displaced:</sctitle>
<parent ref = "C237S009000" doc = "Class237.sgm">subclass 9</parent>
<scdesc>Steam heating systems which displace the steam in the radiators
by a gas, such as air or products of combustion.</scdesc></subclass>
<subclass subnum = "11" id = "C237S011000">
<sctitle>Compressed air:</sctitle>
<parent ref = "C237S002000" doc = "Class237.sgm">subclass 2</parent>
<scdesc>Automatic control in which air is compressed and thereby
heated and circulated through the radiators.</scdesc></subclass>
<subclass subnum = "12" id = "C237S012000">
<sctitle>Processes:</sctitle>
<parent ref = "C237S002000" doc = "Class237.sgm">subclass 2</parent>
<scdesc>Processes for the automatic control of heating systems.</scdesc></subclass>
<subclass subnum = "12.1" id = "C237S012100">
<sctitle>HEAT AND POWER PLANTS:</sctitle>
<parent ref = "C237S000000" doc = "Class237.sgm">the class definition</parent>
<scdesc>Systems combining means for generating and distributing
heat to buildings or other enclosures with means for the production
of power by a motor.</scdesc>
<srchout>
<crecord><classnum ref = "C060S000000" doc = "Class060.sgm">60</classnum>
<subref><clstitle>Power Plants</clstitle>
<pretext></pretext>
<subnum range = "s" ref = "C060S648000" doc = "Class060.sgm">648</subnum></subref>
<descript><para> for a power plant that in operation supplies heat
for external use or produces a withdrawable hot gas product.</para></descript></crecord></srchout></subclass>
<subclass subnum = "12.2" id = "C237S012200">
<sctitle>Fire engine:</sctitle>
<parent ref = "C237S012100" doc = "Class237.sgm">subclass 12.1</parent>
<scdesc>Combinations including a fire engine.</scdesc></subclass>
<subclass subnum = "12.3" id = "C237S012300">
<sctitle>Vehicle:</sctitle>
<parent ref = "C237S012100" doc = "Class237.sgm">subclass 12.1</parent>
<scdesc>Combinations including a heating system for a vehicle other
than a railway car or train.</scdesc>
<srchin>
<srecord><subnum ref = "C237S002000" doc = "Class237.sgm">2</subnum>
<descript><para>for similar systems claiming automatic controls.</para></descript></srecord></srchin>
<srchout>
<crecord><classnum ref = "C123S000000" doc = "Class123.sgm">123</classnum>
<subref><clstitle>Internal-Combustion Engines</clstitle>
<pretext></pretext>
<subnum range = "s" ref = "C123S142500" doc = "Class123.sgm">142.5</subnum></subref>
<descript><para>, for internal combustion engines combined with
means to heat the engine or engine parts there provided for and
see notes in that subclass (142.5).</para></descript></crecord>
<crecord><classnum ref = "C165S000000" doc = "Class165.sgm">165</classnum>
<subref><clstitle>Heat Exchange</clstitle>
<pretext></pretext>
<subnum range = "p" ref = "C165S043000" doc = "Class165.sgm">43</subnum></subref>
<descript><para> for a heated and cooled vehicle with a common power
and heat source.</para></descript></crecord>
<crecord><classnum ref = "C454S000000" doc = "Class454.sgm">454</classnum>
<subref><clstitle>Ventilation</clstitle>
<pretext></pretext>
<subnum range = "p" ref = "C454S159000" doc = "Class454.sgm">159</subnum></subref>
<descript><para> for automobile heating and ventilating.</para></descript></crecord></srchout></subclass>
<subclass subnum = "12.4" id = "C237S012400">
<sctitle>Car:</sctitle>
<parent ref = "C237S012100" doc = "Class237.sgm">subclass 12.1</parent>
<scdesc>Heating systems for a car or train, combined with the locomotive
or other power plant.</scdesc></subclass>
<subclass subnum = "12.5" id = "C237S012500">
<sctitle>Smoke:</sctitle>
<parent ref = "C237S012400" doc = "Class237.sgm">subclass 12.4</parent>
<scdesc>Heating systems in which the car or train is heated directly
by the furnace gases from the power plant.</scdesc></subclass>
<subclass subnum = "12.6" id = "C237S012600">
<sctitle>Air:</sctitle>
<parent ref = "C237S012400" doc = "Class237.sgm">subclass 12.4</parent>
<scdesc>Heating systems in which the car or train is heated by a
supply of warm air supplied by the power plant.</scdesc></subclass>
<subclass subnum = "12.7" id = "C237S012700">
<sctitle>Radiator:</sctitle>
<parent ref = "C237S012600" doc = "Class237.sgm">subclass 12.6</parent>
<scdesc>Heating systems in which the warm air is passed through
radiators.</scdesc></subclass>
<subclass subnum = "12.8" id = "C237S012800">
<sctitle>Steam:</sctitle>
<parent ref = "C237S012400" doc = "Class237.sgm">subclass 12.4</parent>
<scdesc>Heating systems in which the car or train is heated by steam,
usually from the power plant.</scdesc></subclass>
<subclass subnum = "13" id = "C237S013000">
<sctitle>PLANTS:</sctitle>
<parent ref = "C237S000000" doc = "Class237.sgm">the class definition</parent>
<scdesc>Systems combining means for generating heat at one place
and distributing it to other buildings, including mains or conduits
having no other apparent use than with these systems.</scdesc>
<srchout>
<crecord><classnum ref = "C137S000000" doc = "Class137.sgm">137</classnum>
<subref><clstitle>Fluid Handling</clstitle>
<pretext>for fluid distributing and handling systems not otherwise provided
for, see particularly </pretext>
<subnum range = "s" ref = "C137S236100" doc = "Class137.sgm">236.1</subnum></subref>
<descript><para> for fluid distributing systems including geographic
features and subclasses 356&plus; for such systems having as
a support a structural member immovably joined to the ground.</para></descript></crecord>
<crecord><classnum ref = "C138S000000" doc = "Class138.sgm">138</classnum>
<subref><clstitle>Pipes and Tubular Conduits</clstitle>
<pretext></pretext></subref>
<descript><para>for conduits and underground ways adapted for use
in heating plants and otherwise.</para></descript></crecord></srchout></subclass>
<subclass subnum = "14" id = "C237S014000">
<sctitle>BROODER AND INCUBATOR:</sctitle>
<parent ref = "C237S000000" doc = "Class237.sgm">the class definition</parent>
<scdesc>Heating systems peculiarly adapted for subclasses 302&plus; and
311&plus; incubators and brooders.</scdesc>
<srchin>
<srecord><subnum ref = "C237S003000" doc = "Class237.sgm">3</subnum>
<descript><para>for automatic control.</para></descript></srecord></srchin>
<srchout>
<crecord><classnum ref = "C119S000000" doc = "Class119.sgm">119</classnum>
<subref><clstitle>Animal Husbandry</clstitle>
<pretext></pretext></subref>
<descript><para>for specific brooder and incubator structure combined
with the heating means.</para></descript></crecord>
<crecord><classnum ref = "C122S000000" doc = "Class122.sgm">122</classnum>
<subref><clstitle>Liquid Heaters and Vaporizers</clstitle>
<pretext></pretext></subref>
<descript><para>for structure of a closed water heater.</para></descript></crecord>
<crecord><classnum ref = "C126S000000" doc = "Class126.sgm">126</classnum>
<subref><clstitle>Stoves and Furnaces</clstitle>
<pretext></pretext></subref>
<descript><para>for structure of air heaters and stoves.</para></descript></crecord>
<crecord><classnum ref = "C236S000000" doc = "Class236.sgm">236</classnum>
<subref><clstitle>Automatic Temperature and Humidity Regulation</clstitle>
<pretext></pretext></subref>
<descript><para>for automatic control</para></descript></crecord></srchout></subclass>
<subclass subnum = "15" id = "C237S015000">
<sctitle>Water:</sctitle>
<parent ref = "C237S014000" doc = "Class237.sgm">subclass 14</parent>
<scdesc>Systems in which the heating medium is water.</scdesc>
<srchin>
<srecord><subnum ref = "C237S004000" doc = "Class237.sgm">4</subnum>
<descript><para>for automatic control</para></descript></srecord></srchin>
<srchout>
<crecord><classnum ref = "C236S000000" doc = "Class236.sgm">236</classnum>
<subref><clstitle>Automatic Temperature and Humidity Regulation</clstitle>
<pretext></pretext></subref>
<descript><para>for automatic control, per se.</para></descript></crecord></srchout></subclass>
<subclass subnum = "16" id = "C237S016000">
<sctitle>COMBINED RADIATOR AND BOILER:</sctitle>
<parent ref = "C237S000000" doc = "Class237.sgm">the class definition</parent>
<scdesc>Heating systems comprising steam or water radiators combined
with a boiler in a unitary structure.</scdesc>
<srchin>
<srecord><subnum ref = "C237S007000" doc = "Class237.sgm">7</subnum>
<descript><para>for automatic control.</para></descript></srecord></srchin>
<srchout>
<crecord><classnum ref = "C122S000000" doc = "Class122.sgm">122</classnum>
<subref><clstitle>Liquid Heaters and Vaporizers</clstitle>
<pretext>for a boiler that may include a heat system for other than
heating an enclosure, </pretext>
<subnum range = "s" ref = "C122S013300" doc = "Class122.sgm">13.3</subnum></subref>
<descript><para> for a stand boiler (e.g., water heater, etc.) having
a delivery means to dispense a feature (e.g., faucet, shower, washing
machine, dishwasher, etc.).</para></descript></crecord>
<crecord><classnum ref = "C219S000000" doc = "Class219.sgm">219</classnum>
<subref><clstitle>Electric Heating</clstitle>
<pretext></pretext></subref>
<descript><para>for electrically heated radiators.</para></descript></crecord>
<crecord><classnum ref = "C236S000000" doc = "Class236.sgm">236</classnum>
<subref><clstitle>Automatic Temperature and Humidity Regulation</clstitle>
<pretext></pretext></subref>
<descript><para>for automatic control.</para></descript></crecord></srchout></subclass>
<subclass subnum = "17" id = "C237S017000">
<sctitle>Fluid fuel:</sctitle>
<parent ref = "C237S016000" doc = "Class237.sgm">subclass 16</parent>
<scdesc>Combined radiators and boilers heated by combustion of fluid
fuel.</scdesc></subclass>
<subclass subnum = "18" id = "C237S018000">
<sctitle>Solid fuel :</sctitle>
<parent ref = "C237S016000" doc = "Class237.sgm">subclass 16</parent>
<scdesc>Combined radiators and boilers heated by combustion of solid
fuel.</scdesc></subclass>
<subclass subnum = "19" id = "C237S019000">
<sctitle>COMBINED WITH WATER HEATER:</sctitle>
<parent ref = "C237S000000" doc = "Class237.sgm">the class definition</parent>
<scdesc>Heating systems having means for heating the fluid used
in the system and also for additional volume of water.</scdesc>
<srchout>
<crecord><classnum ref = "C122S000000" doc = "Class122.sgm">122</classnum>
<subref><clstitle>Liquid Heaters and Vaporizers</clstitle>
<pretext></pretext>
<subnum range = "s" ref = "C122S020000" doc = "Class122.sgm">20</subnum></subref>
<descript><para>, for subsidiary boilers.</para></descript></crecord>
<crecord><classnum ref = "C126S000000" doc = "Class126.sgm">126</classnum>
<subref><clstitle>Stoves and Furnaces</clstitle>
<pretext></pretext>
<subnum range = "s" ref = "C126S005000" doc = "Class126.sgm">5</subnum></subref>
<descript><para> for a steam or hot water generator for house heating,
power, or cooking; subclasses 350.1-350.2 for a fluid fuel burner
other than a top-accessible liquid heating vessel; subclasses 367.1 and
368.1 for a solid fuel burner submerged underneath the surface of
the liquid that may be held in an open-top vessel, or subclasses
513 and 514 for a fireplace or accessory having a liquid heater.</para></descript></crecord></srchout></subclass>
<subclass subnum = "28" id = "C237S028000">
<sctitle>VEHICLE:</sctitle>
<parent ref = "C237S000000" doc = "Class237.sgm">the class definition</parent>
<scdesc>Heating systems specialized for a vehicle.</scdesc>
<srchout>
<crecord><classnum ref = "C126S000000" doc = "Class126.sgm">126</classnum>
<subref><clstitle>Stoves and Furnaces</clstitle>
<pretext></pretext>
<subnum range = "r" ref = "C126S056000" doc = "Class126.sgm">56</subnum></subref>
<descript><para> and 57 for car stoves.</para></descript></crecord>
<crecord><classnum ref = "C169S000000" doc = "Class169.sgm">169</classnum>
<subref><clstitle>Fire Extinguishers</clstitle>
<pretext></pretext>
<subnum range = "s" ref = "C169S055000" doc = "Class169.sgm">55</subnum></subref>
<descript><para> for fire extinguishers associated with car heaters.</para></descript></crecord>
<crecord><classnum ref = "C219S000000" doc = "Class219.sgm">219</classnum>
<subref><clstitle>Electric Heating</clstitle>
<pretext></pretext></subref>
<descript><para>for systems including electric heaters.</para></descript></crecord></srchout></subclass>
<subclass subnum = "29" id = "C237S029000">
<sctitle>Stove:</sctitle>
<parent ref = "C237S028000" doc = "Class237.sgm">subclass 28</parent>
<scdesc>Vehicle-heating systems comprising stoves combined with
vehicle structure.</scdesc>
<srchout>
<crecord><classnum ref = "C126S000000" doc = "Class126.sgm">126</classnum>
<subref><clstitle>Stoves and Furnaces</clstitle>
<pretext>for stove structures, especially </pretext>
<subnum range = "r" ref = "C126S056000" doc = "Class126.sgm">56</subnum></subref>
<descript><para> and 57.</para></descript></crecord></srchout></subclass>
<subclass subnum = "30" id = "C237S030000">
<sctitle>Air casing:</sctitle>
<parent ref = "C237S029000" doc = "Class237.sgm">subclass 29</parent>
<scdesc>Vehicle-heating stoves having a casing for heating the air.</scdesc>
<srchout>
<crecord><classnum ref = "C126S000000" doc = "Class126.sgm">126</classnum>
<subref><clstitle>Stoves and Furnaces</clstitle>
<pretext></pretext>
<subnum range = "p" ref = "C126S067000" doc = "Class126.sgm">67</subnum></subref>
<descript><para> for hot air stoves, per se.</para></descript></crecord></srchout></subclass>
<subclass subnum = "31" id = "C237S031000">
<sctitle>Depending:</sctitle>
<parent ref = "C237S029000" doc = "Class237.sgm">subclass 29</parent>
<scdesc>Vehicle-heating systems comprising a stove depending from
the vehicle.</scdesc>
<srchout>
<crecord><classnum ref = "C126S000000" doc = "Class126.sgm">126</classnum>
<subref><clstitle>Stoves and Furnaces</clstitle>
<pretext></pretext>
<subnum range = "s" ref = "C126S056000" doc = "Class126.sgm">56</subnum></subref>
<descript><para> for car stoves.</para></descript></crecord></srchout></subclass>
<subclass subnum = "32" id = "C237S032000">
<sctitle>Fluid fuel:</sctitle>
<parent ref = "C237S028000" doc = "Class237.sgm">subclass 28</parent>
<scdesc>Vehicle-heating systems utilizing a fluid-fuel burning apparatus.</scdesc>
<srchout>
<crecord><classnum ref = "C126S000000" doc = "Class126.sgm">126</classnum>
<subref><clstitle>Stoves and Furnaces</clstitle>
<pretext></pretext></subref>
<descript><para>appropriate subclasses, for heater, per se.</para></descript></crecord></srchout></subclass>
<subclass subnum = "33" id = "C237S033000">
<sctitle>Radiator:</sctitle>
<parent ref = "C237S032000" doc = "Class237.sgm">subclass 32</parent>
<scdesc>Vehicle-heating systems with a radiator through which the
products of combustion pass.</scdesc>
<srchout>
<crecord><classnum ref = "C126S000000" doc = "Class126.sgm">126</classnum>
<subref><clstitle>Stoves and Furnaces</clstitle>
<pretext></pretext>
<subnum range = "s" ref = "C126S091000" doc = "Class126.sgm">91</subnum></subref>
<descript><para> for heater.</para></descript></crecord></srchout></subclass>
<subclass subnum = "34" id = "C237S034000">
<sctitle>Water:</sctitle>
<parent ref = "C237S028000" doc = "Class237.sgm">subclass 28</parent>
<scdesc>Vehicle-heating systems utilizing a hot water circulating
system.</scdesc>
<srchin>
<srecord><subnum ref = "C237S012400" doc = "Class237.sgm">12.4</subnum>
<descript><para>for car heater combined with power plants.</para></descript></srecord></srchin></subclass>
<subclass subnum = "35" id = "C237S035000">
<sctitle>Car boiler:</sctitle>
<parent ref = "C237S034000" doc = "Class237.sgm">subclass 34</parent>
<scdesc>Vehicle-heating systems having a boiler located on the vehicle
and piping for heating and circulating water.</scdesc></subclass>
<subclass subnum = "36" id = "C237S036000">
<sctitle>Fluid fuel:</sctitle>
<parent ref = "C237S035000" doc = "Class237.sgm">subclass 35</parent>
<scdesc>Subject matter in which the boiler is heated by fluid fuel.</scdesc>
<srchout>
<crecord><classnum ref = "C122S000000" doc = "Class122.sgm">122</classnum>
<subref><clstitle>Liquid Heaters and Vaporizers</clstitle>
<pretext></pretext></subref>
<descript><para>for boilers, per se.</para></descript></crecord></srchout></subclass>
<subclass subnum = "37" id = "C237S037000">
<sctitle>Train steam:</sctitle>
<parent ref = "C237S035000" doc = "Class237.sgm">subclass 35</parent>
<scdesc>Subject matter with additional means for heating the water
by steam from the train pipe.</scdesc></subclass>
<subclass subnum = "38" id = "C237S038000">
<sctitle>Injected:</sctitle>
<parent ref = "C237S037000" doc = "Class237.sgm">subclass 37</parent>
<scdesc>Subject matter having means for injecting steam from the
train pipe into the water circuit.</scdesc></subclass>
<subclass subnum = "39" id = "C237S039000">
<sctitle>Train steam:</sctitle>
<parent ref = "C237S034000" doc = "Class237.sgm">subclass 34</parent>
<scdesc>Subject matter having means for heating the water circuit
by steam from the train pipe.</scdesc></subclass>
<subclass subnum = "40" id = "C237S040000">
<sctitle>Steam:</sctitle>
<parent ref = "C237S028000" doc = "Class237.sgm">subclass 28</parent>
<scdesc>Heating systems utilizing steam radiators.</scdesc>
<srchin>
<srecord><subnum ref = "C237S006000" doc = "Class237.sgm">6</subnum>
<descript><para>for automatic control of the system.</para></descript></srecord></srchin></subclass>
<subclass subnum = "41" id = "C237S041000">
<sctitle>Car boiler:</sctitle>
<parent ref = "C237S040000" doc = "Class237.sgm">subclass 40</parent>
<scdesc>Steam heating systems in which the steam is formed in a
boiler on the car.</scdesc></subclass>
<subclass subnum = "42" id = "C237S042000">
<sctitle>Train steam:</sctitle>
<parent ref = "C237S041000" doc = "Class237.sgm">subclass 41</parent>
<scdesc>Subject matter having also means whereby steam may be admitted
to the radiators from the train pipe.</scdesc></subclass>
<subclass subnum = "43" id = "C237S043000">
<sctitle>Heated floor:</sctitle>
<parent ref = "C237S028000" doc = "Class237.sgm">subclass 28</parent>
<scdesc>Heating systems in which the floor is heated from beneath,
as by steam, hot water, or hot air circulation.</scdesc>
<srchin>
<srecord><subnum ref = "C237S069000" doc = "Class237.sgm">69</subnum>
<descript><para>for means for heating floors of other than vehicles.</para></descript></srecord></srchin></subclass>
<subclass subnum = "44" id = "C237S044000">
<sctitle>Heat accumulator:</sctitle>
<parent ref = "C237S028000" doc = "Class237.sgm">subclass 28</parent>
<scdesc>Heating systems comprising apparatus for storing heat on
the vehicle by heat absorbing bodies.</scdesc>
<srchin>
<srecord><subnum ref = "C237S045000" doc = "Class237.sgm">45</subnum>
<descript><para>for incased radiators.</para></descript></srecord>
<srecord><subnum ref = "C237S075000" doc = "Class237.sgm">75</subnum>
<descript><para>for heat accumulators, per se.</para></descript></srecord></srchin></subclass>
<subclass subnum = "45" id = "C237S045000">
<sctitle>Encased radiator:</sctitle>
<parent ref = "C237S028000" doc = "Class237.sgm">subclass 28</parent>
<scdesc>Heating systems comprising radiators in casings, through
which air may pass.</scdesc>
<srchout>
<crecord><classnum ref = "C392S000000" doc = "Class392.sgm">392</classnum>
<subref><clstitle>Electric Resistance Heating Devices</clstitle>
<pretext></pretext>
<subnum range = "p" ref = "C392S407000" doc = "Class392.sgm">407</subnum></subref>
<descript><para> for electrically heated radiators including heat,
storage or transfer means.</para></descript></crecord></srchout></subclass>
<subclass subnum = "46" id = "C237S046000">
<sctitle>VENTILATING:</sctitle>
<parent ref = "C237S000000" doc = "Class237.sgm">the class definition</parent>
<scdesc>Heating systems for rooms, chambers, or other enclosures
provided with means for removing air from the rooms.</scdesc>
<notes><note1 notenum = "(1)">
<para>Note. Apparatus for only admitting fresh air and heating it
are not included.</para></note1></notes>
<srchout>
<crecord><classnum ref = "C126S000000" doc = "Class126.sgm">126</classnum>
<subref><clstitle>Stoves and Furnaces</clstitle>
<pretext></pretext>
<subnum range = "s" ref = "C126S084000" doc = "Class126.sgm">84</subnum></subref>
<descript><para> for combined stove and ventilator, and subclass
293 for combined damper and ventilator.</para></descript></crecord>
<crecord><classnum ref = "C165S000000" doc = "Class165.sgm">165</classnum>
<subref><clstitle>Heat Exchange</clstitle>
<pretext></pretext>
<subnum range = "p" ref = "C165S248000" doc = "Class165.sgm">248</subnum></subref>
<descript><para> for the automatic control of ventilation in a heating
and cooling system; subclass 54 for heat exchanger installed in
a wall traversing passage; and subclass 59 for a heating and cooling
system with a ventilation feature.</para></descript></crecord>
<crecord><classnum ref = "C454S000000" doc = "Class454.sgm">454</classnum>
<subref><clstitle>Ventilating</clstitle>
<pretext></pretext></subref>
<descript><para>for specific ventilating apparatus combined with
an undefined heater.</para></descript></crecord></srchout></subclass>
<subclass subnum = "47" id = "C237S047000">
<sctitle>Stove:</sctitle>
<parent ref = "C237S046000" doc = "Class237.sgm">subclass 46</parent>
<scdesc>Ventilating heating-systems having a stove as a heater.</scdesc>
<srchout>
<crecord><classnum ref = "C126S000000" doc = "Class126.sgm">126</classnum>
<subref><clstitle>Stoves and Furnaces</clstitle>
<pretext></pretext>
<subnum range = "r" ref = "C126S080000" doc = "Class126.sgm">80</subnum></subref>
<descript><para>, 84, 216, and 293, for stove and ventilator combinations.</para></descript></crecord>
<crecord><classnum ref = "C454S000000" doc = "Class454.sgm">454</classnum>
<subref><clstitle>Ventilation</clstitle>
<pretext></pretext>
<subnum range = "s" ref = "C454S043000" doc = "Class454.sgm">43</subnum></subref>
<descript><para> for flue heated ventilators.</para></descript></crecord></srchout></subclass>
<subclass subnum = "48" id = "C237S048000">
<sctitle>Furnace:</sctitle>
<parent ref = "C237S046000" doc = "Class237.sgm">subclass 46</parent>
<scdesc>Ventilating heating-apparatus having a hot-air furnace as
a heater.</scdesc></subclass>
<subclass subnum = "49" id = "C237S049000">
<sctitle>Enclosed radiator:</sctitle>
<parent ref = "C237S046000" doc = "Class237.sgm">subclass 46</parent>
<scdesc>Ventilating heating apparatus having radiators enclosed
in an air flue.</scdesc>
<srchin>
<srecord><subnum ref = "C237S045000" doc = "Class237.sgm">45</subnum>
<descript><para>for similar devices on vehicles.</para></descript></srecord>
<srecord><subnum ref = "C237S079000" doc = "Class237.sgm">79</subnum>
<descript><para>for radiator shields.</para></descript></srecord></srchin></subclass>
<subclass subnum = "50" id = "C237S050000">
<sctitle>AIR:</sctitle>
<parent ref = "C237S000000" doc = "Class237.sgm">the class definition</parent>
<scdesc>Heating systems in which air is heated directly by a combustion
apparatus and distributed.</scdesc>
<srchout>
<crecord><classnum ref = "C126S000000" doc = "Class126.sgm">126</classnum>
<subref><clstitle>Stoves and Furnaces</clstitle>
<pretext></pretext></subref>
<descript><para>for structure of heater.</para></descript></crecord></srchout></subclass>
<subclass subnum = "52" id = "C237S052000">
<sctitle>Stove:</sctitle>
<parent ref = "C237S050000" doc = "Class237.sgm">subclass 50</parent>
<scdesc>Air heating-systems having a stove as the source of heat.</scdesc>
<srchin>
<srecord><subnum ref = "C237S029000" doc = "Class237.sgm">29</subnum>
<descript><para>for similar devices on vehicles.</para></descript></srecord>
<srecord><subnum ref = "C237S047000" doc = "Class237.sgm">47</subnum>
<descript><para>for ventilating heating systems using a stove.</para></descript></srecord></srchin></subclass>
<subclass subnum = "53" id = "C237S053000">
<sctitle>Furnace:</sctitle>
<parent ref = "C237S050000" doc = "Class237.sgm">subclass 50</parent>
<scdesc>Air heating-systems having a hot-air furnace as the source
of heat.</scdesc>
<srchin>
<srecord><subnum ref = "C237S048000" doc = "Class237.sgm">48</subnum>
<descript><para>for ventilating heating systems using a furnace.</para></descript></srecord></srchin></subclass>
<subclass subnum = "54" id = "C237S054000">
<sctitle>Upper-room drum:</sctitle>
<parent ref = "C237S050000" doc = "Class237.sgm">subclass 50</parent>
<scdesc>Air heating-systems having a drum in an upper room of the
building, through which products of combustion pass.</scdesc></subclass>
<subclass subnum = "55" id = "C237S055000">
<sctitle>Flue heated:</sctitle>
<parent ref = "C237S050000" doc = "Class237.sgm">subclass 50</parent>
<scdesc>Air heating-systems ...  in which the air is heated in a
smoke flue.</scdesc>
<srchout>
<crecord><classnum ref = "C126S000000" doc = "Class126.sgm">126</classnum>
<subref><clstitle>Stoves and Furnaces</clstitle>
<pretext></pretext>
<subnum range = "p" ref = "C126S523000" doc = "Class126.sgm">523</subnum></subref>
<descript><para> for fireplace-type heater.</para></descript></crecord></srchout></subclass>
<subclass subnum = "56" id = "C237S056000">
<sctitle>WATER:</sctitle>
<parent ref = "C237S000000" doc = "Class237.sgm">the class definition</parent>
<scdesc>Heating system in which the room or building is heated by
the circulation of water or some other liquid.</scdesc>
<srchin>
<srecord><subnum ref = "C237S008000" doc = "Class237.sgm">8</subnum>
<descript><para>for automatic control.</para></descript></srecord>
<srecord><subnum ref = "C237S012400" doc = "Class237.sgm">12.4</subnum>
<descript><para>for car heaters.</para></descript></srecord>
<srecord><subnum ref = "C237S015000" doc = "Class237.sgm">15</subnum>
<descript><para>for brooder heaters.</para></descript></srecord>
<srecord><subnum ref = "C237S017000" doc = "Class237.sgm">17</subnum>
<descript><para>18, for combined radiator and boiler.</para></descript></srecord>
<srecord><subnum range = "p" ref = "C237S034000" doc = "Class237.sgm">34</subnum>
<descript><para>for vehicle heaters.</para></descript></srecord></srchin></subclass>
<subclass subnum = "57" id = "C237S057000">
<sctitle>Fluid fuel:</sctitle>
<parent ref = "C237S056000" doc = "Class237.sgm">subclass 56</parent>
<scdesc>Water heating-systems in which the water is heated by fluid
fuel.</scdesc></subclass>
<subclass subnum = "58" id = "C237S058000">
<sctitle>Steam:</sctitle>
<parent ref = "C237S056000" doc = "Class237.sgm">subclass 56</parent>
<scdesc>Water heating-systems where the water is heated by steam.</scdesc>
<srchin>
<srecord><subnum range = "p" ref = "C237S037000" doc = "Class237.sgm">37</subnum>
<descript><para>for train steam heaters.</para></descript></srecord>
<srecord><subnum range = "p" ref = "C237S071000" doc = "Class237.sgm">71</subnum>
<descript><para>for steam radiators.</para></descript></srecord></srchin></subclass>
<subclass subnum = "59" id = "C237S059000">
<sctitle>Circulation:</sctitle>
<parent ref = "C237S056000" doc = "Class237.sgm">subclass 56</parent>
<scdesc>Water heating systems having special means for circulating
the heating liquid.</scdesc>
<srchout>
<crecord><classnum ref = "C138S000000" doc = "Class138.sgm">138</classnum>
<subref><clstitle>Pipes and Tubular Conduits</clstitle>
<pretext></pretext>
<subnum range = "p" ref = "C138S037000" doc = "Class138.sgm">37</subnum></subref>
<descript><para> for fittings and pipes of general utility having
means therein to direct the flow of fluid therein and even though
intended to be used in a heating system.</para></descript></crecord></srchout></subclass>
<subclass subnum = "60" id = "C237S060000">
<sctitle>Geyser boiler:</sctitle>
<parent ref = "C237S059000" doc = "Class237.sgm">subclass 59</parent>
<scdesc>Subject matter in which the water is heated and forced out
of a boiler by intermittent pulsations.</scdesc></subclass>
<subclass subnum = "61" id = "C237S061000">
<sctitle>Auxiliary boiler:</sctitle>
<parent ref = "C237S059000" doc = "Class237.sgm">subclass 59</parent>
<scdesc>Subject matter having an auxiliary boiler for aiding the
circulation.</scdesc>
<srchin>
<srecord><subnum range = "p" ref = "C237S037000" doc = "Class237.sgm">37</subnum>
<descript><para>for train steam boiler combinations.</para></descript></srecord></srchin></subclass>
<subclass subnum = "62" id = "C237S062000">
<sctitle>Boiler loop:</sctitle>
<parent ref = "C237S059000" doc = "Class237.sgm">subclass 59</parent>
<scdesc>Subject matter in which only a part of the water is bypassed
through a boiler.</scdesc></subclass>
<subclass subnum = "63" id = "C237S063000">
<sctitle>Pump:</sctitle>
<parent ref = "C237S059000" doc = "Class237.sgm">subclass 59</parent>
<scdesc>Subject matter having a pump for circulating the water.</scdesc></subclass>
<subclass subnum = "64" id = "C237S064000">
<sctitle>Steam displacing:</sctitle>
<parent ref = "C237S063000" doc = "Class237.sgm">subclass 63</parent>
<scdesc>Subject matter wherein the pump consists of a chamber where
water enters and is forced out by means of steam pressure.</scdesc></subclass>
<subclass subnum = "65" id = "C237S065000">
<sctitle>Pressure regulator:</sctitle>
<parent ref = "C237S056000" doc = "Class237.sgm">subclass 56</parent>
<scdesc>Water heating-systems with means for regulating or varying
the pressure on the circulating system.</scdesc>
<srchout>
<crecord><classnum ref = "C137S000000" doc = "Class137.sgm">137</classnum>
<subref><clstitle>Fluid Handling</clstitle>
<pretext></pretext>
<subnum range = "p" ref = "C137S455000" doc = "Class137.sgm">455</subnum></subref>
<descript><para> for line condition change responsive valves, particularly
subclasses 505&plus; for fluid pressure regulators, per se.</para></descript></crecord>
<crecord><classnum ref = "C236S000000" doc = "Class236.sgm">236</classnum>
<subref><clstitle>Automatic Temperature and Humidity Regulation</clstitle>
<pretext></pretext></subref>
<descript><para>appropriate subclasses.</para></descript></crecord></srchout></subclass>
<subclass subnum = "66" id = "C237S066000">
<sctitle>Expansion tanks:</sctitle>
<parent ref = "C237S056000" doc = "Class237.sgm">subclass 56</parent>
<scdesc>Tanks or chambers limited in use to provide for the expansion
of the water in the circulating pipes and radiators of water heating
systems.</scdesc>
<srchout>
<crecord><classnum ref = "C137S000000" doc = "Class137.sgm">137</classnum>
<subref><clstitle>Fluid Handling</clstitle>
<pretext>appropriate subclasses for fluid handling apparatus including
tanks in combination with other fluid handling means, see particularly </pretext>
<subnum range = "s" ref = "C137S593000" doc = "Class137.sgm">593</subnum></subref>
<descript><para> for such systems including an expansion chamber
in combination.</para></descript></crecord>
<crecord><classnum ref = "C220S000000" doc = "Class220.sgm">220</classnum>
<subref><clstitle>Receptacles</clstitle>
<pretext></pretext></subref>
<descript><para>for tank structure not necessarily limited to water
heating systems.</para></descript></crecord></srchout></subclass>
<subclass subnum = "67" id = "C237S067000">
<sctitle>STEAM:</sctitle>
<parent ref = "C237S000000" doc = "Class237.sgm">the class definition</parent>
<scdesc>Systems for heating buildings, rooms, or chambers by means
of steam circulating through conduits or passing through radiators.</scdesc>
<srchin>
<srecord><subnum ref = "C237S006000" doc = "Class237.sgm">6</subnum>
<descript><para>for automatic control of car heating.</para></descript></srecord>
<srecord><subnum ref = "C237S009000" doc = "Class237.sgm">9</subnum>
<descript><para>for automatic control.</para></descript></srecord>
<srecord><subnum ref = "C237S012800" doc = "Class237.sgm">12.8</subnum>
<descript><para>for car heating.</para></descript></srecord>
<srecord><subnum ref = "C237S040000" doc = "Class237.sgm">40</subnum>
<descript><para>for vehicle heaters.</para></descript></srecord></srchin>
<srchout>
<crecord><classnum ref = "C034S000000" doc = "Class034.sgm">34</classnum>
<subref><clstitle>Drying and Gas or Vapor Contact With Solids</clstitle>
<pretext></pretext>
<subnum range = "r" ref = "C034S119000" doc = "Class034.sgm">119</subnum></subref>
<descript><para> and 124 for heaters for dryers.</para></descript></crecord></srchout></subclass>
<subclass subnum = "68" id = "C237S068000">
<sctitle>Air discharge:</sctitle>
<parent ref = "C237S067000" doc = "Class237.sgm">subclass 67</parent>
<scdesc>Steam heating systems with special means for removing the
incondensable gases in the system.</scdesc>
<srchout>
<crecord><classnum ref = "C137S000000" doc = "Class137.sgm">137</classnum>
<subref><clstitle>Fluid Handling</clstitle>
<pretext></pretext>
<subnum range = "p" ref = "C137S197000" doc = "Class137.sgm">197</subnum></subref>
<descript><para> for discriminating outlets for gas (gas vents which
do not pass liquid).</para></descript></crecord>
<crecord><classnum ref = "C236S000000" doc = "Class236.sgm">236</classnum>
<subref><clstitle>Automatic Temperature and Humidity Regulation</clstitle>
<pretext></pretext></subref>
<descript><para>for thermal valves.</para></descript></crecord>
<crecord><classnum ref = "C417S000000" doc = "Class417.sgm">417</classnum>
<subref><clstitle>Pumps</clstitle>
<pretext></pretext></subref>
<descript><para>for pumps, per se.</para></descript></crecord></srchout></subclass>
<subclass subnum = "69" id = "C237S069000">
<sctitle>HEATED FLOOR:</sctitle>
<parent ref = "C237S000000" doc = "Class237.sgm">the class definition</parent>
<scdesc>Heating systems in which the room is heated by heated fluid
circulated within or beneath or caused to contact with the underside of
a floor.</scdesc>
<srchin>
<srecord><subnum ref = "C237S043000" doc = "Class237.sgm">43</subnum>
<descript><para>for the heating of vehicle floors.</para></descript></srecord></srchin>
<srchout>
<crecord><classnum ref = "C454S000000" doc = "Class454.sgm">454</classnum>
<subref><clstitle>Ventilation</clstitle>
<pretext></pretext>
<subnum range = "p" ref = "C454S185000" doc = "Class454.sgm">185</subnum></subref>
<descript><para> for hollow walls and floors having vents for passage
of air.</para></descript></crecord></srchout></subclass>
<subclass subnum = "70" id = "C237S070000">
<sctitle>HEAT RADIATORS:</sctitle>
<parent ref = "C237S000000" doc = "Class237.sgm">the class definition</parent>
<scdesc>Hollow bodies of considerable surface area peculiarly adapted
to have a heating fluid passed through it and to radiate heat from
the surface. Radiators must be absolutely limited to heating purposes
by radiation in order to fall within this subclass and those indented
thereunder.</scdesc>
<srchout>
<crecord><classnum ref = "C165S000000" doc = "Class165.sgm">165</classnum>
<subref><clstitle>Heat Exchange</clstitle>
<pretext></pretext>
<subnum range = "p" ref = "C165S128000" doc = "Class165.sgm">128</subnum></subref>
<descript><para> for a heat exchanger having vertically extending
flues for producing a thermosyphonic flow of fluid not having features
specializing it to use in heating air within a chamber; subclasses 168&plus; for
a panel with conducting passages for a heat exchange fluid; and subclasses
172&plus; for an assembly of tubes for transferring heat.</para></descript></crecord></srchout></subclass>
<subclass subnum = "71" id = "C237S071000">
<sctitle>Water, steam:</sctitle>
<parent ref = "C237S070000" doc = "Class237.sgm">subclass 70</parent>
<scdesc>Radiators adapted to contain water heated by steam.</scdesc>
<srchin>
<srecord><subnum ref = "C237S075000" doc = "Class237.sgm">75</subnum>
<descript><para>for steam heat accumulator.</para></descript></srecord></srchin></subclass>
<subclass subnum = "72" id = "C237S072000">
<sctitle>Injected:</sctitle>
<parent ref = "C237S071000" doc = "Class237.sgm">subclass 71</parent>
<scdesc>Radiators containing water heated by steam either injected
into the water or heated by steam passing through conduits that
heat the water, the steam finally coming into contact with the water
in the radiator. These radiators may also be convertible as steam
radiators or water radiators heated by steam.</scdesc>
<srchin>
<srecord><subnum ref = "C237S074000" doc = "Class237.sgm">74</subnum>
<descript><para>for injecting means for steam circuits.</para></descript></srecord></srchin></subclass>
<subclass subnum = "73" id = "C237S073000">
<sctitle>Steam:</sctitle>
<parent ref = "C237S070000" doc = "Class237.sgm">subclass 70</parent>
<scdesc>Radiators limited to the use of steam as a heating fluid
and incapable of being used as a condenser for steam.</scdesc>
<srchin>
<srecord><subnum ref = "C237S040000" doc = "Class237.sgm">40</subnum>
<descript><para>for steam heaters for vehicles.</para></descript></srecord></srchin></subclass>
<subclass subnum = "74" id = "C237S074000">
<sctitle>Circuit:</sctitle>
<parent ref = "C237S073000" doc = "Class237.sgm">subclass 73</parent>
<scdesc>Steam-heated radiators having injecting means for causing
a continued circulation of steam through or around within the radiator
or for injecting air into the radiator or for circulating water
therein.</scdesc>
<srchin>
<srecord><subnum ref = "C237S072000" doc = "Class237.sgm">72</subnum>
<descript><para>for means to inject steam into the water.</para></descript></srecord></srchin></subclass>
<subclass subnum = "75" id = "C237S075000">
<sctitle>Heat accumulator:</sctitle>
<parent ref = "C237S073000" doc = "Class237.sgm">subclass 73</parent>
<scdesc>Steam-heated radiators having either a liquid or solid therein
which absorb heat from the steam, stores it therein, and radiates
the heat after the steam is turned off.</scdesc>
<srchin>
<srecord><subnum ref = "C237S044000" doc = "Class237.sgm">44</subnum>
<descript><para>for systems having heat accumulators on vehicles.</para></descript></srecord>
<srecord><subnum ref = "C237S069000" doc = "Class237.sgm">69</subnum>
<descript><para>for floor heaters.</para></descript></srecord>
<srecord><subnum ref = "C237S076000" doc = "Class237.sgm">76</subnum>
<descript><para>for ceramic radiators.</para></descript></srecord></srchin></subclass>
<subclass subnum = "76" id = "C237S076000">
<sctitle>Ceramic:</sctitle>
<parent ref = "C237S070000" doc = "Class237.sgm">subclass 70</parent>
<scdesc>Radiators made in whole or in part of ceramic material (earthy
plastic) or natural stone.</scdesc>
<srchin>
<srecord><subnum ref = "C237S069000" doc = "Class237.sgm">69</subnum>
<descript><para>for floor-type heating systems.</para></descript></srecord></srchin></subclass>
<subclass subnum = "77" id = "C237S077000">
<sctitle>Foot warmer:</sctitle>
<parent ref = "C237S070000" doc = "Class237.sgm">subclass 70</parent>
<scdesc>Radiators with special features for warming the feet.</scdesc>
<srchout>
<crecord><classnum ref = "C126S000000" doc = "Class126.sgm">126</classnum>
<subref><clstitle>Stoves and Furnaces</clstitle>
<pretext></pretext>
<subnum range = "p" ref = "C126S204000" doc = "Class126.sgm">204</subnum></subref>
<descript><para> for other body warmers.</para></descript></crecord>
<crecord><classnum ref = "C248S000000" doc = "Class248.sgm">248</classnum>
<subref><clstitle>Supports</clstitle>
<pretext></pretext>
<subnum range = "p" ref = "C248S205100" doc = "Class248.sgm">205.1</subnum></subref>
<descript><para> for a non-heated footrest having general utility.</para></descript></crecord>
<crecord><classnum ref = "C297S000000" doc = "Class297.sgm">297</classnum>
<subref><clstitle>Chairs and Seats</clstitle>
<pretext></pretext>
<subnum range = "p" ref = "C297S423100" doc = "Class297.sgm">423.1</subnum></subref>
<descript><para> for a nonheated footrest.</para></descript></crecord></srchout></subclass>
<subclass subnum = "78" id = "C237S078000">
<sctitle>Air moistener:</sctitle>
<parent ref = "C237S070000" doc = "Class237.sgm">subclass 70</parent>
<scdesc>Radiators combined with means for moistening the air or
air moistening apparatus necessitating its application to a radiator
when in use.</scdesc>
<srchout>
<crecord><classnum ref = "C236S000000" doc = "Class236.sgm">236</classnum>
<subref><clstitle>Automatic Temperature and Humidity Regulation</clstitle>
<pretext></pretext>
<subnum range = "p" ref = "C236S012100" doc = "Class236.sgm">12.1</subnum></subref>
<descript><para> for fluid mixers and 44, for humidity control.</para></descript></crecord>
<crecord><classnum ref = "C261S000000" doc = "Class261.sgm">261</classnum>
<subref><clstitle>Gas and Liquid Contact Apparatus</clstitle>
<pretext></pretext></subref>
<descript><para>appropriate subclasses for contact structure.</para></descript></crecord>
<crecord><classnum ref = "C454S000000" doc = "Class454.sgm">454</classnum>
<subref><clstitle>Ventilation</clstitle>
<pretext></pretext>
<subnum range = "r" ref = "C454S110000" doc = "Class454.sgm">110</subnum></subref>
<descript><para>, 157, 223, 291, 328, and 337 for ventilators having
liquid contact devices.</para></descript></crecord></srchout></subclass>
<subclass subnum = "79" id = "C237S079000">
<sctitle>Shields:</sctitle>
<parent ref = "C237S070000" doc = "Class237.sgm">subclass 70</parent>
<scdesc>Heat shields applied to radiators or air directors combined
with dust guards.</scdesc>
<srchout>
<crecord><classnum ref = "C148S000000" doc = "Class148.sgm">148</classnum>
<subref><clstitle>Metal Treatment</clstitle>
<pretext></pretext>
<subnum range = "p" ref = "C148S640000" doc = "Class148.sgm">640</subnum></subref>
<descript><para> for processes which utilize a protective or insulating
shield of metal from heat in a method of treating solid or semi-solid
metal to modify or maintain the internal physical structure (i.e.,
microstructure) or chemical property of metal.</para></descript></crecord>
<crecord><classnum ref = "C165S000000" doc = "Class165.sgm">165</classnum>
<subref><clstitle>Heat Exchange</clstitle>
<pretext></pretext>
<subnum range = "s" ref = "C165S055000" doc = "Class165.sgm">55</subnum></subref>
<descript><para> for a wall mounted heat exchanger with a projecting
shield; subclass 129 for a heat exchanger equally adapted for conducting
heating or cooling fluid arranged with a distinct flue forming enclosure;
and subclass 134 for a heat exchanger with a protector.</para></descript></crecord>
<crecord><classnum ref = "C454S000000" doc = "Class454.sgm">454</classnum>
<subref><clstitle>Ventilation</clstitle>
<pretext></pretext>
<subnum range = "p" ref = "C454S245000" doc = "Class454.sgm">245</subnum></subref>
<descript><para> and 284&plus; for floor and wall registers.</para></descript></crecord></srchout></subclass>
<subclass subnum = "80" id = "C237S080000">
<sctitle>ANTIFREEZING DEVICES:</sctitle>
<parent ref = "C237S000000" doc = "Class237.sgm">the class definition</parent>
<scdesc>Devices for preventing freezing in heating conduits or other
hollow heaters or for thawing out heating conduits not provided
for in other classes.</scdesc>
<srchout>
<crecord><classnum ref = "C137S000000" doc = "Class137.sgm">137</classnum>
<subref><clstitle>Fluid Handling</clstitle>
<pretext>for fluid handling systems including means to prevent freezing
see particularly </pretext>
<subnum range = "p" ref = "C137S059000" doc = "Class137.sgm">59</subnum></subref>
<descript><para>, 301&plus; and 375.</para></descript></crecord>
<crecord><classnum ref = "C138S000000" doc = "Class138.sgm">138</classnum>
<subref><clstitle>Pipes and Tubular Conduits</clstitle>
<pretext></pretext>
<subnum range = "p" ref = "C138S032000" doc = "Class138.sgm">32</subnum></subref>
<descript><para> for antifreezing devices for pipes of general utility,
though intended to be used in a heating system.</para></descript></crecord>
<crecord><classnum ref = "C428S000000" doc = "Class428.sgm">428</classnum>
<subref><clstitle>Stock Material or Miscellaneous Articles</clstitle>
<pretext>appropriate subclasses, for a stock material product in
the form of a single or plural layer web or sheet, and especially </pretext>
<subnum range = "p" ref = "C428S304400" doc = "Class428.sgm">304.4</subnum></subref>
<descript><para> for such a product embodying a component which
is porous or cellular.</para></descript></crecord></srchout></subclass>
<subclass subnum = "81" id = "C237S081000">
<sctitle>PROCESSES:</sctitle>
<parent ref = "C237S000000" doc = "Class237.sgm">the class definition</parent>
<scdesc>Processes for heating houses, rooms, or other enclosures,
except processes involving automatic control.</scdesc>
<srchin>
<srecord><subnum ref = "C237S012000" doc = "Class237.sgm">12</subnum>
<descript><para>for processes including automatic control.</para></descript></srecord></srchin></subclass></sclasses>
</class>
