<?xml version="1.0" encoding="UTF-8"?>
<!DOCTYPE class PUBLIC "-//USPTO//DTD Classification Definitions//EN" "xclassdef.dtd" [

<!-- Begin Document Specific Declarations -->

<!-- End Document Specific Declarations -->

]>
<?xml-stylesheet href="classdef.xsl" type="text/XSL"?>

<class classnum = "199" id = "C199S000000"><title>TYPE CASTING</title>
<sections><descsect>
<para>Means for forming from material while in a fluid state the
elements, either separately or in the form of a bar or line, that
are adapted to be set up to constitute a printing-form.</para>
<para>Note.  Does not include the casting of stereotype-plates nor
forging or molding type from plastic material by pressure.  By &ldquo;fluid&rdquo; is
meant a condition wherein the cohering particles of the mass seek
a level under gravity, implying adaptability to be poured.</para>
</descsect></sections>
<sclasses>
<subclass subnum = "1" id = "C199S001000">
<sctitle>INTEGRAL LINE:</sctitle>
<parent ref = "C199S000000" doc = "Class199.sgm">the class definition</parent>
<scdesc>Subject matter having means for casting in single operations
printing elements in the form of integral lines or bars bearing
words or several characters, as distinguished from means for casting
each character separately.</scdesc></subclass>
<subclass subnum = "2" id = "C199S002000">
<sctitle>Nonreleasing matrix machines:</sctitle>
<parent ref = "C199S001000" doc = "Class199.sgm">subclass 1</parent>
<scdesc>Subject matter drawn to machines having selectable matrices
in which each matrix is confined to its individual guide or conveyer during
the entire operation.</scdesc></subclass>
<subclass subnum = "3" id = "C199S003000">
<sctitle>Wire guide:</sctitle>
<parent ref = "C199S002000" doc = "Class199.sgm">subclass 2</parent>
<scdesc>Subject matter, wherein the matrices traveling along wires
or the like.</scdesc></subclass>
<subclass subnum = "4" id = "C199S004000">
<sctitle>Matrix-manipulating mechanisms:</sctitle>
<parent ref = "C199S003000" doc = "Class199.sgm">subclass 3</parent>
<scdesc>Subject matter, having means limited in function to handling
the matrices, there being no improvement in the casting part of
the machine.</scdesc></subclass>
<subclass subnum = "5" id = "C199S005000">
<sctitle>Rotary matrix carrier:</sctitle>
<parent ref = "C199S002000" doc = "Class199.sgm">subclass 2</parent>
<scdesc>Subject matter, having a series of members, each carrying
a complete set of matrix characters, having a movement of rotation
to assemble in line before the mold the desired characters of the
different sets.</scdesc>
<notes><note1 notenum = "(1)">
<para>Note.  Compare this class, subclass 73, and indented subclass.</para></note1></notes></subclass>
<subclass subnum = "6" id = "C199S006000">
<sctitle>Slidable matrix carrier:</sctitle>
<parent ref = "C199S002000" doc = "Class199.sgm">subclass 2</parent>
<scdesc>Subject matter, having a series of long-bars, each carrying
a complete set of matrix characters, having a sliding movement to
assemble in line before the mold the desired characters of the different
sets.</scdesc>
<notes><note1 notenum = "(1)">
<para>Note.  Compare this class, subclass 75.</para></note1></notes></subclass>
<subclass subnum = "7" id = "C199S007000">
<sctitle>Matrix-manipulating mechanisms:</sctitle>
<parent ref = "C199S006000" doc = "Class199.sgm">subclass 6</parent>
<scdesc>Subject matter, having means limited in function to handling
the matrices, there being no improvement in the casting part of
the machine.</scdesc></subclass>
<subclass subnum = "8" id = "C199S008000">
<sctitle>Multiple-character-bar machines:</sctitle>
<parent ref = "C199S001000" doc = "Class199.sgm">subclass 1</parent>
<scdesc>Subject matter, drawn to machines in which bars of variable
length carrying a plurality of different matrix characters are released
from their individual compartments and assembled together before
the mold, each bar being stopped at a point to bring the desired
characters into line, the same mechanism which releases the bar
operating to determine its stopping-point and the bars after casting
being returned to their respective compartments.</scdesc>
<notes><note1 notenum = "(1)">
<para>Note.  These are known as &ldquo;circulating machines&rdquo;.
 (See definition of this class, subclass 11).</para></note1></notes></subclass>
<subclass subnum = "9" id = "C199S009000">
<sctitle>Assembling, casting and distributing:</sctitle>
<parent ref = "C199S008000" doc = "Class199.sgm">subclass 8</parent>
<scdesc>Subject matter comprising means for both assembling and
distributing the matrices and also casting the line.</scdesc></subclass>
<subclass subnum = "10" id = "C199S010000">
<sctitle>Assembling and distributing:</sctitle>
<parent ref = "C199S008000" doc = "Class199.sgm">subclass 8</parent>
<scdesc>Subject matter comprising means for both assembling and
distributing the matrices, but including no casting mechanism.</scdesc></subclass>
<subclass subnum = "11" id = "C199S011000">
<sctitle>Assembling, casting and distributing:</sctitle>
<parent ref = "C199S001000" doc = "Class199.sgm">subclass 1</parent>
<scdesc>Subject matter wherein the matrices are released from their
individual channels, brought into line-casting position before the mold,
and thereafter restored to their respective channels.</scdesc>
<notes><note1 notenum = "(1)">
<para>Note.  Machines of this subclass are known as &ldquo;circulating
machines&rdquo;.  A circulating machine comprises three zones, each
having a different function, as follows:</para></note1>
<note1 notenum = "(1)">
<para>Assembling, including means for releasing the matrices from
the storage-magazines and delivering them in a composed line to
a holder which is designed to present them to the mold.</para></note1>
<note1 notenum = "(2)">
<para>Casting, including means for presenting the composed matrices
to the mold and withdrawing them therefrom and such casting mechanism
as is peculiarly adapted to these machines.</para></note1>
<note1 notenum = "(3)">
<para>Distributing, including means for withdrawing the matrices
from the holder which presented them to the mold and for restoring
them to their respective magazine channels.</para>
<para>Improvements in the storage-magazines not involving any assembling
or distributing features are provided for in separate subclasses.</para>
<para>This subclass includes means for performing all three operations.</para></note1>
<note1 notenum = "(1)">
<para>Note.  Compare this class, subclass 72.</para></note1>
<note1 notenum = "(2)">
<para>Note.  For means for setting and distributing type in a manner
analogous to the matrix assembling and distributing mechanism of
these machines, see Class 276, Typesetting.</para></note1></notes></subclass>
<subclass subnum = "12" id = "C199S012000">
<sctitle>Nonscrew-feed distributer machines:</sctitle>
<parent ref = "C199S011000" doc = "Class199.sgm">subclass 11</parent>
<scdesc>Subject matter comprising means other than a screw to feed
the matrices in the sorting mechanism.</scdesc></subclass>
<subclass subnum = "13" id = "C199S013000">
<sctitle>Assembling and casting:</sctitle>
<parent ref = "C199S001000" doc = "Class199.sgm">subclass 1</parent>
<scdesc>Subject matter having means for both assembling the matrices
and casting the line, but including no distributing mechanism.</scdesc></subclass>
<subclass subnum = "14" id = "C199S014000">
<sctitle>Assembling and distributing:</sctitle>
<parent ref = "C199S001000" doc = "Class199.sgm">subclass 1</parent>
<scdesc>Subject matter having means for both assembling and distributing
the matrices, but including no casting mechanism.</scdesc></subclass>
<subclass subnum = "15" id = "C199S015000">
<sctitle>Multiple-magazine machines:</sctitle>
<parent ref = "C199S014000" doc = "Class199.sgm">subclass 14</parent>
<scdesc>Subject matter employing a plurality of magazines, each
magazine consisting of a group of channels adapted to hold matrices
of the different characters.</scdesc></subclass>
<subclass subnum = "16" id = "C199S016000">
<sctitle>Movable magazine:</sctitle>
<parent ref = "C199S015000" doc = "Class199.sgm">subclass 15</parent>
<scdesc>Subject matter wherein magazines moved to bring any one
into operative position.</scdesc></subclass>
<subclass subnum = "17" id = "C199S017000">
<sctitle>Collector mechanism:</sctitle>
<parent ref = "C199S015000" doc = "Class199.sgm">subclass 15</parent>
<scdesc>Subject matter having improvements in the means for bringing
the matrices together into line after being discharged from their
individual channels and passages.</scdesc></subclass>
<subclass subnum = "18" id = "C199S018000">
<sctitle>Assembling:</sctitle>
<parent ref = "C199S001000" doc = "Class199.sgm">subclass 1</parent>
<scdesc>Subject matter limited to the means for releasing the matrices
from the storage-magazines and delivering them in a composed line
to a holder which is designed to present them to the mold.</scdesc></subclass>
<subclass subnum = "19" id = "C199S019000">
<sctitle>Multiple-magazine machines:</sctitle>
<parent ref = "C199S018000" doc = "Class199.sgm">subclass 18</parent>
<scdesc>Subject matter employing a plurality of magazines, each
magazine comprising a group of channels adapted to hold the matrices
of the different characters.</scdesc>
<srchin>
<srecord><subnum ref = "C199S015000" doc = "Class199.sgm">15</subnum>
<descript><para></para></descript></srecord></srchin></subclass>
<subclass subnum = "20" id = "C199S020000">
<sctitle>Movable magazine:</sctitle>
<parent ref = "C199S019000" doc = "Class199.sgm">subclass 19</parent>
<scdesc>Subject matter wherein magazines are moved to bring any
one into operative position.</scdesc>
<srchin>
<srecord><subnum ref = "C199S016000" doc = "Class199.sgm">16</subnum>
<descript><para></para></descript></srecord></srchin></subclass>
<subclass subnum = "21" id = "C199S021000">
<sctitle>Collector mechanism:</sctitle>
<parent ref = "C199S019000" doc = "Class199.sgm">subclass 19</parent>
<scdesc>Subject matter having improvements in the means for bringing
the matrices together into line after discharge from their individual
channels and passages.</scdesc></subclass>
<subclass subnum = "22" id = "C199S022000">
<sctitle>Space-band mechanisms:</sctitle>
<parent ref = "C199S018000" doc = "Class199.sgm">subclass 18</parent>
<scdesc>Subject matter having means peculiarly adapted for placing
blanks between or after words in composing the line.</scdesc></subclass>
<subclass subnum = "23" id = "C199S023000">
<sctitle>Escapement and collector mechanisms:</sctitle>
<parent ref = "C199S018000" doc = "Class199.sgm">subclass 18</parent>
<scdesc> Subject matter having means for both releasing the matrices
from their individual channels and bringing them together into a
composed line.</scdesc></subclass>
<subclass subnum = "24" id = "C199S024000">
<sctitle>Multiple-channel automatic-shift mechanisms:</sctitle>
<parent ref = "C199S018000" doc = "Class199.sgm">subclass 18</parent>
<scdesc>Subject matter having means for automatically changing the
delivery of matrices from one channel to another where matrices
of the same character are stored in a plurality of channels.</scdesc></subclass>
<subclass subnum = "25" id = "C199S025000">
<sctitle>Power-operating mechanisms:</sctitle>
<parent ref = "C199S018000" doc = "Class199.sgm">subclass 18</parent>
<scdesc>Subject matter having means for releasing matrices actuated
by a motor controlled by the operator or by pattern.</scdesc></subclass>
<subclass subnum = "26" id = "C199S026000">
<sctitle>Collector and transfer mechanisms:</sctitle>
<parent ref = "C199S018000" doc = "Class199.sgm">subclass 18</parent>
<scdesc>Subject matter having means both for bringing the matrices
together into line after having been discharged from their individual
channels and passages and for conveying the composed line to the
holder for presenting the line to the mold.</scdesc></subclass>
<subclass subnum = "27" id = "C199S027000">
<sctitle>Collector mechanisms:</sctitle>
<parent ref = "C199S018000" doc = "Class199.sgm">subclass 18</parent>
<scdesc>Subject matter limited to means for bringing the matrices
together into line after having been discharged from their individual
channels and passages.</scdesc>
<srchin>
<srecord><subnum ref = "C199S017000" doc = "Class199.sgm">17</subnum>
<descript><para>21, 23, and 26.</para></descript></srecord></srchin></subclass>
<subclass subnum = "28" id = "C199S028000">
<sctitle>Chute springs:</sctitle>
<parent ref = "C199S027000" doc = "Class199.sgm">subclass 27</parent>
<scdesc>Subject matter having spring structures adapted to guide
and control the matrices as they are delivered into the matrix-receiver.</scdesc></subclass>
<subclass subnum = "29" id = "C199S029000">
<sctitle>Matrix receivers:</sctitle>
<parent ref = "C199S027000" doc = "Class199.sgm">subclass 27</parent>
<scdesc>Subject matter having composing sticks or channels into
which the matrices are delivered as they are assembled in line.</scdesc></subclass>
<subclass subnum = "30" id = "C199S030000">
<sctitle>Slide attachments:</sctitle>
<parent ref = "C199S029000" doc = "Class199.sgm">subclass 29</parent>
<scdesc>Subject matter having various devices connected to a sliding
member which is advanced by the matrices as they are delivered into
the receiver.</scdesc></subclass>
<subclass subnum = "31" id = "C199S031000">
<sctitle>Shifting mechanisms:</sctitle>
<parent ref = "C199S029000" doc = "Class199.sgm">subclass 29</parent>
<scdesc>Subject matter having means for shifting the matrix-receiver.</scdesc></subclass>
<subclass subnum = "32" id = "C199S032000">
<sctitle>Transfer mechanisms:</sctitle>
<parent ref = "C199S018000" doc = "Class199.sgm">subclass 18</parent>
<scdesc>Subject matter having means for moving and guiding the assembled
line from the matrix-receiver to the matrix-holder of the casting mechanism.</scdesc>
<srchin>
<srecord><subnum ref = "C199S026000" doc = "Class199.sgm">26</subnum>
<descript><para>and 36.</para></descript></srecord></srchin></subclass>
<subclass subnum = "33" id = "C199S033000">
<sctitle>Distributing:</sctitle>
<parent ref = "C199S001000" doc = "Class199.sgm">subclass 1</parent>
<scdesc>Subject matter limited to means for withdrawing the matrices
from the holder, which presented them to the mold, and for restoring
them to their respective magazine-channels.</scdesc></subclass>
<subclass subnum = "34" id = "C199S034000">
<sctitle>Special matrix:</sctitle>
<parent ref = "C199S033000" doc = "Class199.sgm">subclass 33</parent>
<scdesc>Subject matter having means peculiarly adapted for distributing
matrices of other than the normal font.</scdesc></subclass>
<subclass subnum = "35" id = "C199S035000">
<sctitle>Nonscrew-feed distributer:</sctitle>
<parent ref = "C199S033000" doc = "Class199.sgm">subclass 33</parent>
<scdesc>Subject matter having distributing means other than those
employing a screw to feed the matrices in the sorting mechanism.</scdesc>
<srchin>
<srecord><subnum ref = "C199S012000" doc = "Class199.sgm">12</subnum>
<descript><para></para></descript></srecord></srchin></subclass>
<subclass subnum = "36" id = "C199S036000">
<sctitle>Transfer mechanisms:</sctitle>
<parent ref = "C199S033000" doc = "Class199.sgm">subclass 33</parent>
<scdesc>Subject matter having means for moving or guiding the line
of matrices from the holder, which presented it to the mold, to
a receiver, which is to carry it to a distributing position.</scdesc></subclass>
<subclass subnum = "37" id = "C199S037000">
<sctitle>Matrix carriers:</sctitle>
<parent ref = "C199S033000" doc = "Class199.sgm">subclass 33</parent>
<scdesc>Subject matter having means for conveying the matrices after
discharge from the holder of the casting mechanism to position for
sorting them into their individual channels.</scdesc></subclass>
<subclass subnum = "38" id = "C199S038000">
<sctitle>Odd font-detecting mechanisms:</sctitle>
<parent ref = "C199S033000" doc = "Class199.sgm">subclass 33</parent>
<scdesc>Subject matter having means for detecting matrices other
than of a given font or fonts in order that they may be rejected.</scdesc></subclass>
<subclass subnum = "39" id = "C199S039000">
<sctitle>To multiple magazines:</sctitle>
<parent ref = "C199S033000" doc = "Class199.sgm">subclass 33</parent>
<scdesc>Subject matter employing a plurality of magazines, each
magazine consisting of a group of channels adapted to hold matrices
of the different characters.</scdesc>
<srchin>
<srecord><subnum ref = "C199S015000" doc = "Class199.sgm">15</subnum>
<descript><para>and indented subclasses.</para></descript></srecord></srchin></subclass>
<subclass subnum = "40" id = "C199S040000">
<sctitle>Font-sorting:</sctitle>
<parent ref = "C199S039000" doc = "Class199.sgm">subclass 39</parent>
<scdesc>Subject matter having means for separating the different
fonts.</scdesc></subclass>
<subclass subnum = "41" id = "C199S041000">
<sctitle>Matrix separator:</sctitle>
<parent ref = "C199S040000" doc = "Class199.sgm">subclass 40</parent>
<scdesc>Subject matter with means for separating each matrix in
turn from the undistributed line.</scdesc></subclass>
<subclass subnum = "42" id = "C199S042000">
<sctitle>Matrix separator:</sctitle>
<parent ref = "C199S033000" doc = "Class199.sgm">subclass 33</parent>
<scdesc>Subject matter having means for separating each matrix in
turn from the undistributed line.</scdesc></subclass>
<subclass subnum = "43" id = "C199S043000">
<sctitle>Automatic stops:</sctitle>
<parent ref = "C199S033000" doc = "Class199.sgm">subclass 33</parent>
<scdesc>Subject matter having means for stopping the operation when
improper conditions arise in the distributing mechanism.</scdesc></subclass>
<subclass subnum = "44" id = "C199S044000">
<sctitle>Magazines:</sctitle>
<parent ref = "C199S001000" doc = "Class199.sgm">subclass 1</parent>
<scdesc>Subject matter having magazine structure, per se, and supports
therefor not invovling any assembling or distributing means.</scdesc></subclass>
<subclass subnum = "45" id = "C199S045000">
<sctitle>Movable multiple magazine:</sctitle>
<parent ref = "C199S044000" doc = "Class199.sgm">subclass 44</parent>
<scdesc>Subject matter having means for moving multiple magazines
into and out of operative position, including registering and locking
means or other construction peculiar to multiple magazines.</scdesc>
<srchin>
<srecord><subnum ref = "C199S016000" doc = "Class199.sgm">16</subnum>
<descript><para>20 and 39, and indented subclasses.</para></descript></srecord></srchin></subclass>
<subclass subnum = "46" id = "C199S046000">
<sctitle>Removing attachments:</sctitle>
<parent ref = "C199S044000" doc = "Class199.sgm">subclass 44</parent>
<scdesc>Subject matter having attachments to facilitate the removal
of the magazine from operative position.</scdesc></subclass>
<subclass subnum = "47" id = "C199S047000">
<sctitle>Casting mechanisms:</sctitle>
<parent ref = "C199S001000" doc = "Class199.sgm">subclass 1</parent>
<scdesc>Subject matter having means for casting a type-bar or integral
line of type and essential accessories, including the presentation
of a composed line of matrices to the mold and the withdrawal of
the same therefrom, but not selective manipulation of the matrices.</scdesc></subclass>
<subclass subnum = "48" id = "C199S048000">
<sctitle>Multiple mold:</sctitle>
<parent ref = "C199S047000" doc = "Class199.sgm">subclass 47</parent>
<scdesc>Subject matter employing a plurality of molds.</scdesc></subclass>
<subclass subnum = "49" id = "C199S049000">
<sctitle>Matrix holders:</sctitle>
<parent ref = "C199S047000" doc = "Class199.sgm">subclass 47</parent>
<scdesc>Subject matter having means for receiving the matrices as
they are transferred from the assembling mechanism, presenting them
to the mold, and withdrawing them therefrom to a position from which
they may be transferred to the distributing mechanism.</scdesc></subclass>
<subclass subnum = "50" id = "C199S050000">
<sctitle>Vises:</sctitle>
<parent ref = "C199S047000" doc = "Class199.sgm">subclass 47</parent>
<scdesc>Subject matter having means for clamping the ends of the
composed line of matrices while in position before the mold.</scdesc></subclass>
<subclass subnum = "51" id = "C199S051000">
<sctitle>Justifying mechanisms:</sctitle>
<parent ref = "C199S047000" doc = "Class199.sgm">subclass 47</parent>
<scdesc>Subject matter having means for modifying the spaces between
the words, so as to bring the line of matrices to standard length,
including modifications of the machine peculiarly adapted for facilitating
the operation.</scdesc>
<notes><note1 notenum = "(1)">
<para>Note.  Compare Class 276, Typesetting, subclass 28.</para></note1></notes></subclass>
<subclass subnum = "52" id = "C199S052000">
<sctitle>Automatic stops:</sctitle>
<parent ref = "C199S047000" doc = "Class199.sgm">subclass 47</parent>
<scdesc>Subject matter having mechanism for automatically preventing
casting if the matrix-line is not properly presented to the mold
or other improper conditions exist.</scdesc></subclass>
<subclass subnum = "53" id = "C199S053000">
<sctitle>Squirt preventers:</sctitle>
<parent ref = "C199S052000" doc = "Class199.sgm">subclass 52</parent>
<scdesc>Subject matter limited to means for automatically preventing
the discharge of molten material from the melting pot.</scdesc>
<notes><note1 notenum = "(1)">
<para>Note.  Compare this class, subclass 90.</para></note1></notes></subclass>
<subclass subnum = "54" id = "C199S054000">
<sctitle>Molds and cutters:</sctitle>
<parent ref = "C199S047000" doc = "Class199.sgm">subclass 47</parent>
<scdesc>Subject matter having chambers for receiving the molten
material for solidification and means for trimming the type-bar.</scdesc></subclass>
<subclass subnum = "55" id = "C199S055000">
<sctitle>Molds:</sctitle>
<parent ref = "C199S047000" doc = "Class199.sgm">subclass 47</parent>
<scdesc>Subject matter having chambers for receiving molten material
for solidification, including modifications in the throat, through
which the material is received, and means for causing accurate registration
of the matrix-line with the chamber.</scdesc>
<notes><note1 notenum = "(1)">
<para>Note.  See this class, subclass 48 for means within the definition
of subclass 47 in which a plurality of molds is employed.</para></note1>
<note1 notenum = "(2)">
<para>Note.  Compare this class, subclass 91, and indented subclasses.</para></note1></notes>
<srchout>
<crecord><classnum ref = "C249S000000" doc = "Class249.sgm">249</classnum>
<subref><clstitle>Static Molds</clstitle>
<pretext></pretext></subref>
<descript><para>appropriate subclasses for molds, per se.</para></descript></crecord></srchout></subclass>
<subclass subnum = "56" id = "C199S056000">
<sctitle>Cooling devices:</sctitle>
<parent ref = "C199S055000" doc = "Class199.sgm">subclass 55</parent>
<scdesc>Subject matter having means peculiarly adapted for cooling
the type-bar mold.</scdesc></subclass>
<subclass subnum = "57" id = "C199S057000">
<sctitle>Modified liner:</sctitle>
<parent ref = "C199S055000" doc = "Class199.sgm">subclass 55</parent>
<scdesc>Subject matter wherein the invention alleged includes specific
structure of the pieces to be inserted between the cap and body
of the mold to form its end wall, as well as other parts of the
mold.</scdesc></subclass>
<subclass subnum = "58" id = "C199S058000">
<sctitle>Liners:</sctitle>
<parent ref = "C199S055000" doc = "Class199.sgm">subclass 55</parent>
<scdesc>Subject matter limited to pieces to be inserted between
the cap and body of the mold to constitute its end walls, including
parts of the mold immediately cooperating with these pieces.</scdesc></subclass>
<subclass subnum = "59" id = "C199S059000">
<sctitle>Cutters:</sctitle>
<parent ref = "C199S047000" doc = "Class199.sgm">subclass 47</parent>
<scdesc>Subject matter having attachments for trimming the cast
type-bars.</scdesc>
<srchin>
<srecord><subnum ref = "C199S054000" doc = "Class199.sgm">54</subnum>
<descript><para></para></descript></srecord></srchin></subclass>
<subclass subnum = "60" id = "C199S060000">
<sctitle>Ejectors:</sctitle>
<parent ref = "C199S047000" doc = "Class199.sgm">subclass 47</parent>
<scdesc>Subject matter having means for forcing the type-bar out
of the mold.</scdesc>
<srchout>
<crecord><classnum ref = "C249S000000" doc = "Class249.sgm">249</classnum>
<subref><clstitle>Static Molds</clstitle>
<pretext></pretext>
<subnum range = "p" ref = "C249S066100" doc = "Class249.sgm">66.1</subnum></subref>
<descript><para> for means permanently combined with a mold to eject
the molded product.</para></descript></crecord></srchout></subclass>
<subclass subnum = "61" id = "C199S061000">
<sctitle>Deliveries:</sctitle>
<parent ref = "C199S047000" doc = "Class199.sgm">subclass 47</parent>
<scdesc>Subject matter having means for handling completed type-bars.</scdesc>
<notes><note1 notenum = "(1)">
<para>Note.  Compare this class, subclass 95.</para></note1></notes></subclass>
<subclass subnum = "62" id = "C199S062000">
<sctitle>Cleaning attachments:</sctitle>
<parent ref = "C199S047000" doc = "Class199.sgm">subclass 47</parent>
<scdesc>Subject matter having attachments for removing accumulations
of waste material from various parts of the casting apparatus.</scdesc></subclass>
<subclass subnum = "63" id = "C199S063000">
<sctitle>Matrices:</sctitle>
<parent ref = "C199S047000" doc = "Class199.sgm">subclass 47</parent>
<scdesc>Subject matter wherein counterparts of the characters to
be cast are adapted to be presented to the mold and form the characters
in the casting operation.</scdesc>
<notes><note1 notenum = "(1)">
<para>Note.  Modifications of the construction of the matrices to
cooperate with space-bands are classifiable in this class, subclass
68.</para></note1>
<note1 notenum = "(2)">
<para>Note.  Compare this class, subclass 96 and Class 164, Metal
Founding, subclasses 139&plus;.</para></note1></notes></subclass>
<subclass subnum = "64" id = "C199S064000">
<sctitle>Distributer features:</sctitle>
<parent ref = "C199S063000" doc = "Class199.sgm">subclass 63</parent>
<scdesc>Subject matter having those parts that characterize and
distinguish by the distributing mechanism different matrices for
selection and engagement.</scdesc></subclass>
<subclass subnum = "65" id = "C199S065000">
<sctitle>Multiple character:</sctitle>
<parent ref = "C199S063000" doc = "Class199.sgm">subclass 63</parent>
<scdesc>Subject matter wherein the matrices having a plurality of
characters.</scdesc></subclass>
<subclass subnum = "66" id = "C199S066000">
<sctitle>Special design face:</sctitle>
<parent ref = "C199S063000" doc = "Class199.sgm">subclass 63</parent>
<scdesc>Subject matter having matrices modified so as to produce
particular printed characters.</scdesc></subclass>
<subclass subnum = "67" id = "C199S067000">
<sctitle>Space bands:</sctitle>
<parent ref = "C199S047000" doc = "Class199.sgm">subclass 47</parent>
<scdesc>Subject matter having members adapted to be assembled between
the words of matrices to facilitate bringing the line to standard
length.</scdesc></subclass>
<subclass subnum = "68" id = "C199S068000">
<sctitle>Wedge:</sctitle>
<parent ref = "C199S067000" doc = "Class199.sgm">subclass 67</parent>
<scdesc>Subject matter having portions of increasing thickness adapted
to be inserted different distances within the line.</scdesc></subclass>
<subclass subnum = "69" id = "C199S069000">
<sctitle>SEPARATE TYPE:</sctitle>
<parent ref = "C199S000000" doc = "Class199.sgm">the class definition</parent>
<scdesc>Subject matter having means for casting each printing character,
with its supporting-body separately, as distinguished from casting a
plurality of characters integrally united to form a type-bar.</scdesc>
<notes><note1 notenum = "(1)">
<para>Note.  For mechanism for manipulating printing-type in a manner
analogous to the means for moving the matrices in this group see
Class 400, Typewriting Machines.</para></note1></notes></subclass>
<subclass subnum = "70" id = "C199S070000">
<sctitle>Surplus-type supply machines:</sctitle>
<parent ref = "C199S069000" doc = "Class199.sgm">subclass 69</parent>
<scdesc>Subject matter having wherein the type is stored in magazines
prior to composition.</scdesc></subclass>
<subclass subnum = "71" id = "C199S071000">
<sctitle>Individually movable matrix machines:</sctitle>
<parent ref = "C199S069000" doc = "Class199.sgm">subclass 69</parent>
<scdesc>Subject matter drawn to machines employing matrices adapted
to move individually into position for casting without moving the remaining
characters of the font.</scdesc></subclass>
<subclass subnum = "72" id = "C199S072000">
<sctitle>Releasing matrix:</sctitle>
<parent ref = "C199S071000" doc = "Class199.sgm">subclass 71</parent>
<scdesc>Subject matter wherein the matrices being released from
their individual channels, brought into casting position before
the mold, and thereafter restored to their respective channels.</scdesc>
<notes><note1 notenum = "(1)">
<para>Note.  Compare this class, subclass 11, and indented subclass.</para></note1></notes></subclass>
<subclass subnum = "73" id = "C199S073000">
<sctitle>Rotary matrix-carrier machines:</sctitle>
<parent ref = "C199S069000" doc = "Class199.sgm">subclass 69</parent>
<scdesc>Subject matter drawn to machines employing a carrier for
a plurality of matrix characters and capable of rotation for bringing
a desired character to casting position with or without additional
sliding movement.</scdesc>
<notes><note1 notenum = "(1)">
<para>Note.  Compare this class, subclass 5.</para></note1></notes></subclass>
<subclass subnum = "74" id = "C199S074000">
<sctitle>Pattern control:</sctitle>
<parent ref = "C199S073000" doc = "Class199.sgm">subclass 73</parent>
<scdesc>Subject matter having a previously-prepared member adapted
to govern the operation of the means to select the desired matrices.</scdesc>
<notes><note1 notenum = "(1)">
<para>Note.  Compare this class, subclass 77.</para></note1></notes></subclass>
<subclass subnum = "75" id = "C199S075000">
<sctitle>Slidable matrix-carrier machines:</sctitle>
<parent ref = "C199S069000" doc = "Class199.sgm">subclass 69</parent>
<scdesc>Subject matter drawn to machines employing a carrier for
a plurality of matrix characters and capable of bringing the desired
character to casting position by rectilinear movement only.</scdesc>
<notes><note1 notenum = "(1)">
<para>Note.  Compare this class, subclasses 6 and 7.</para></note1></notes></subclass>
<subclass subnum = "76" id = "C199S076000">
<sctitle>Two-way movement:</sctitle>
<parent ref = "C199S075000" doc = "Class199.sgm">subclass 75</parent>
<scdesc>Subject matter wherein the matrix-carrier is slidable in
two directions.</scdesc></subclass>
<subclass subnum = "77" id = "C199S077000">
<sctitle>Pattern control:</sctitle>
<parent ref = "C199S076000" doc = "Class199.sgm">subclass 76</parent>
<scdesc>Subject matter having a previously prepared member adapted
to govern the operation of the means to select the desired matrices.</scdesc>
<notes><note1 notenum = "(1)">
<para>Note.  Compare this class, subclass 74.</para></note1></notes></subclass>
<subclass subnum = "78" id = "C199S078000">
<sctitle>Keyboard control:</sctitle>
<parent ref = "C199S076000" doc = "Class199.sgm">subclass 76</parent>
<scdesc>Subject matter having a plurality of manually operatable
members for selecting the desired matrix-characters.</scdesc></subclass>
<subclass subnum = "79" id = "C199S079000">
<sctitle>Matrix cases:</sctitle>
<parent ref = "C199S076000" doc = "Class199.sgm">subclass 76</parent>
<scdesc>Subject matter limited to the holder structure for matrices.</scdesc></subclass>
<subclass subnum = "80" id = "C199S080000">
<sctitle>Casting mechanisms:</sctitle>
<parent ref = "C199S069000" doc = "Class199.sgm">subclass 69</parent>
<scdesc>Subject matter having means for casting individual types
and essential accessories, but not involving selective manipulation
of the matrices.</scdesc>
<notes><note1 notenum = "(1)">
<para>Note.  Compare Class 164, Metal Founding, subclass 139 for
apparatus for casting printing plates and subclass 303 for metal
injecting apparatus of general utility.</para></note1></notes>
<srchin>
<srecord><subnum ref = "C199S047000" doc = "Class199.sgm">47</subnum>
<descript><para></para></descript></srecord></srchin></subclass>
<subclass subnum = "81" id = "C199S081000">
<sctitle>With finishing mechanisms:</sctitle>
<parent ref = "C199S080000" doc = "Class199.sgm">subclass 80</parent>
<scdesc>Subject matter having also means for removing surplus material
and completing the type.</scdesc>
<notes><note1 notenum = "(1)">
<para>Note.  Compare this class, subclasses 54 and 59, and Class
29, Metal Working, subclass 24.  Also Class 164, Metal Founding,
subclass 140.</para></note1></notes></subclass>
<subclass subnum = "82" id = "C199S082000">
<sctitle>Mold-side-ejector mold:</sctitle>
<parent ref = "C199S081000" doc = "Class199.sgm">subclass 81</parent>
<scdesc>Subject matter with molds in which one side thereof is moved
into the chamber for forcing the type out through the opposite side.</scdesc>
<srchin>
<srecord><subnum ref = "C199S084000" doc = "Class199.sgm">84</subnum>
<descript><para>and indented subclasses, 92 and 93.</para></descript></srecord></srchin></subclass>
<subclass subnum = "83" id = "C199S083000">
<sctitle>Two-part mold:</sctitle>
<parent ref = "C199S081000" doc = "Class199.sgm">subclass 81</parent>
<scdesc>Subject matter with molds composed of two sections which
open and close at every operation, each section containing part
of the chamber.</scdesc></subclass>
<subclass subnum = "84" id = "C199S084000">
<sctitle>Mold-side-ejector mold:</sctitle>
<parent ref = "C199S081000" doc = "Class199.sgm">subclass 81</parent>
<scdesc>Subject matter having molds in which one side thereof is
moved into the chamber for forcing the type out through the opposite
side.</scdesc>
<srchin>
<srecord><subnum ref = "C199S082000" doc = "Class199.sgm">82</subnum>
<descript><para>92, and 93.</para></descript></srecord></srchin></subclass>
<subclass subnum = "85" id = "C199S085000">
<sctitle>Low quad:</sctitle>
<parent ref = "C199S084000" doc = "Class199.sgm">subclass 84</parent>
<scdesc>Subject matter adapted to produce nonprinting filling members
of less than normal height.</scdesc>
<srchin>
<srecord><subnum ref = "C199S093000" doc = "Class199.sgm">93</subnum>
<descript><para></para></descript></srecord></srchin></subclass>
<subclass subnum = "86" id = "C199S086000">
<sctitle>Moving mold:</sctitle>
<parent ref = "C199S084000" doc = "Class199.sgm">subclass 84</parent>
<scdesc>Subject matter wherein the entire mold travels from one
position to another.</scdesc></subclass>
<subclass subnum = "87" id = "C199S087000">
<sctitle>Two-part mold:</sctitle>
<parent ref = "C199S080000" doc = "Class199.sgm">subclass 80</parent>
<scdesc>Subject matter having molds composed of two sections which
open and close at every operation, each section containing a part
of the chamber.</scdesc>
<srchin>
<srecord><subnum ref = "C199S083000" doc = "Class199.sgm">83</subnum>
<descript><para>and 94.</para></descript></srecord></srchin></subclass>
<subclass subnum = "88" id = "C199S088000">
<sctitle>Moving mold:</sctitle>
<parent ref = "C199S087000" doc = "Class199.sgm">subclass 87</parent>
<scdesc>Subject matter wherein the entire mold traveling from one
position to another.</scdesc></subclass>
<subclass subnum = "89" id = "C199S089000">
<sctitle>Moving mold	:</sctitle>
<parent ref = "C199S080000" doc = "Class199.sgm">subclass 80</parent>
<scdesc>Subject matter wherein the entire mold travels from one
position to another.</scdesc>
<notes><note1 notenum = "(1)">
<para>Note.  Compare Class 164, Metal Founding, subclasses 323&plus;.</para></note1></notes>
<srchin>
<srecord><subnum ref = "C199S086000" doc = "Class199.sgm">86</subnum>
<descript><para>and 88.</para></descript></srecord></srchin></subclass>
<subclass subnum = "90" id = "C199S090000">
<sctitle>Squirt preventers:</sctitle>
<parent ref = "C199S080000" doc = "Class199.sgm">subclass 80</parent>
<scdesc>Subject matter having means for automatically preventing
the discharge of molten material from the melting-pot.</scdesc>
<notes><note1 notenum = "(1)">
<para>Note.  Compare this class, subclass 53.</para></note1></notes></subclass>
<subclass subnum = "91" id = "C199S091000">
<sctitle>Molds:</sctitle>
<parent ref = "C199S080000" doc = "Class199.sgm">subclass 80</parent>
<scdesc>Subject matter limited to the receptacles or molds only
for receiving the molten material for solidification.</scdesc>
<notes><note1 notenum = "(1)">
<para>Note.  Compare this class, subclasses 54 and 55, and indented
subclasses.</para></note1></notes>
<srchout>
<crecord><classnum ref = "C249S000000" doc = "Class249.sgm">249</classnum>
<subref><clstitle>Static Molds</clstitle>
<pretext></pretext></subref>
<descript><para>appropriate subclasses for molds, per se.</para></descript></crecord></srchout></subclass>
<subclass subnum = "92" id = "C199S092000">
<sctitle>Mold-side ejector:</sctitle>
<parent ref = "C199S091000" doc = "Class199.sgm">subclass 91</parent>
<scdesc>Subject matter having one side being movable into the chamber
for forcing the type out through the opposite side.</scdesc>
<srchin>
<srecord><subnum ref = "C199S082000" doc = "Class199.sgm">82</subnum>
<descript><para>and 84, and indented subclasses.</para></descript></srecord></srchin></subclass>
<subclass subnum = "93" id = "C199S093000">
<sctitle>Low quad:</sctitle>
<parent ref = "C199S092000" doc = "Class199.sgm">subclass 92</parent>
<scdesc>Subject matter for producing non-printing filling members
of less than normal height.</scdesc>
<srchin>
<srecord><subnum ref = "C199S085000" doc = "Class199.sgm">85</subnum>
<descript><para></para></descript></srecord></srchin></subclass>
<subclass subnum = "94" id = "C199S094000">
<sctitle>Two-part:</sctitle>
<parent ref = "C199S091000" doc = "Class199.sgm">subclass 91</parent>
<scdesc>Subject matter composed of two sections which open and close
at every operation each section containing a part of the chamber.</scdesc>
<srchin>
<srecord><subnum ref = "C199S083000" doc = "Class199.sgm">83</subnum>
<descript><para>87 and 88, for similar subject matter.</para></descript></srecord></srchin>
<srchout>
<crecord><classnum ref = "C249S000000" doc = "Class249.sgm">249</classnum>
<subref><clstitle>Static Molds</clstitle>
<pretext></pretext>
<subnum range = "p" ref = "C249S160000" doc = "Class249.sgm">160</subnum></subref>
<descript><para> for molds, per se, having plural sections.</para></descript></crecord></srchout></subclass>
<subclass subnum = "95" id = "C199S095000">
<sctitle>Deliveries:</sctitle>
<parent ref = "C199S080000" doc = "Class199.sgm">subclass 80</parent>
<scdesc>Subject matter having means for handling the completed type.</scdesc>
<notes><note1 notenum = "(1)">
<para>Note.  Compare this class, subclasses 61 and 81, indented
subclasses.</para></note1></notes></subclass>
<subclass subnum = "96" id = "C199S096000">
<sctitle>Matrices:</sctitle>
<parent ref = "C199S080000" doc = "Class199.sgm">subclass 80</parent>
<scdesc>Subject matter wherein the counterparts of the characters
to be cast, are adapted to be presented to the mold and form the
characters in the casting operation.</scdesc>
<notes><note1 notenum = "(1)">
<para>Note.  Compare this class, subclass 63, and indented subclasses.</para></note1></notes></subclass></sclasses>
</class>
