<?xml version="1.0" encoding="UTF-8"?>
<!DOCTYPE class PUBLIC "-//USPTO//DTD Classification Definitions//EN" "xclassdef.dtd" [

<!-- Begin Document Specific Declarations -->

<!-- End Document Specific Declarations -->

]>
<?xml-stylesheet href="classdef.xsl" type="text/XSL"?>

<class classnum = "300" id = "C300S000000"><title>BRUSH, BROOM,
AND MOP MAKING</title>
<sections><descsect>
<para>This class is intended to cover machines, appliances, and
processes involving or for the performance of one or more of the
operations necessary in the manufacture of brushes, brooms, or mops,
except those of such general application to other arts or articles
as to have acquired a distinct status elsewhere--as, for example,
in nailing and stapling, sewing-machines, wire-working, folding-machines,
woodworking.</para>
<para>In the terminology of the present classification the words &ldquo;brush&rdquo; and &ldquo;broom&rdquo; are
not used as synonymous, but as connoting, in general, certain distinctions--as,
for example, of greater coarseness and stiffness in a broom than
in a brush, and of animal bristles, hair, or equivalent in a brush,
rather than the vegetable straw, splints, or equivalent of brooms;
also of the uniformly smooth periphery and substantially circular
cross-section which generally characterize bristles, properly so called,
in distinction from broom materials.</para>
<para>Under brush-making machines are placed those which deal with
natural or artificial bristles of animal or vegetable origin and
of the characteristics above mentioned or which handle metal bristles
in an equivalent way to produce an implement whose working face
consists of the ends of a mass of such bristles lying in substantially parallel
and generally mutually contacting relation. Those employing means
for cutting wire into uniform lengths and separately inserting them
in a backing are excluded along with means for molding rubber bristles integrally
with a backing. The latter is placed in Class 425, Plastic Article
or Earthenware Shaping or Treating: Apparatus.</para>
<para>Under broom-making machines are included those which handle
broom &ldquo;straw&rdquo; or equivalent material or splints
or equivalents which are too stiff, heavy, coarse, or angular in
cross-section to be properly termed &ldquo;bristles&rdquo;.</para>
<para>Because of indicated differences in the character of the material
handled the types of machines placed under the respective stated
heads are so different as to make it extremely unlikely that a structure
placed under one head could anticipate one falling under the other.</para>
<para>Under mop-making machines are placed those dealing with sheets,
folds, fibers, or strands of spun, woven, or other fabric in such
manner as to assemble them into a more or less amorphous mass capable
of acting as a wiper, rather than as a brush or broom, and in general
of capillary absorption and retention of foreign matter or of a
suitable cleaning or polishing substance. It is to be noted that
in the use of a wiper for cleaning purposes foreign matter to be
removed is carried away with the wiper, which is not the case with
brushes or brooms.</para>
<para>In the Encyclopedia Americana, edition of 1920, is an article
on brushes and brooms whose perusal will often prove useful as a
preliminary to a search in this class, due allowance being made
for some inaccuracies and omissions.</para>
</descsect>
<scsect>
<srchout>
<crecord><classnum ref = "C029S000000" doc = "Class029.sgm">29</classnum>
<subref><clstitle>Metal Working</clstitle>
<pretext>appropriate subclasses under 592 &plus; for a method
including a step of nailing, stapling or clip clenching and not
elsewhere classified, and </pretext>
<subnum range = "p" ref = "C029S033500" doc = "Class029.sgm">33.5</subnum></subref>
<descript><para> and 243.5&plus; for overedge assembly apparatus.
See the note to Class 227 below.</para></descript></crecord>
<crecord><classnum ref = "C112S000000" doc = "Class112.sgm">112</classnum>
<subref><clstitle>Sewing</clstitle>
<pretext></pretext>
<subnum range = "s" ref = "C112S006000" doc = "Class112.sgm">6</subnum></subref>
<descript><para>, for a sewing machine disclosed for use in making
brooms.</para></descript></crecord>
<crecord><classnum ref = "C156S000000" doc = "Class156.sgm">156</classnum>
<subref><clstitle>Adhesive Bonding and Miscellaneous Chemical Manufacture</clstitle>
<pretext></pretext>
<subnum range = "s" ref = "C156S072000" doc = "Class156.sgm">72</subnum></subref>
<descript><para>, for the setting or embedding or tufts or discrete
elements onto a backing.</para></descript></crecord>
<crecord><classnum ref = "C227S000000" doc = "Class227.sgm">227</classnum>
<subref><clstitle>Elongated-Member-Driving Apparatus</clstitle>
<pretext></pretext></subref>
<descript><para>appropriate subclass for apparatus, of general utility, for
applying a member, e.g., nail, to work and see the reference above.</para></descript></crecord>
<crecord><classnum ref = "C264S000000" doc = "Class264.sgm">264</classnum>
<subref><clstitle>Plastic and Nonmetallic Article Shaping or Treating:
Processes</clstitle>
<pretext>particularly </pretext>
<subnum range = "s" ref = "C264S243000" doc = "Class264.sgm">243</subnum></subref>
<descript><para> which pertains specifically to bristle or tufted article
making by molding or shaping of plastic materials.</para></descript></crecord>
<crecord><classnum ref = "C425S000000" doc = "Class425.sgm">425</classnum>
<subref><clstitle>Plastic Article or Earthenware Shaping or Treating:
Apparatus</clstitle>
<pretext></pretext>
<subnum range = "s" ref = "C425S805000" doc = "Class425.sgm">805</subnum></subref>
<descript><para> for a cross-reference collection of apparatus disclosed
to make a brush or comb.</para></descript></crecord></srchout>
</scsect></sections>
<sclasses>
<subclass subnum = "1" id = "C300S001000">
<sctitle>MISCELLANEOUS:</sctitle>
<parent ref = "C300S000000" doc = "Class300.sgm">the class definition</parent>
<scdesc>Miscellaneous inventions relating to the making of brushes,
brooms, mops, or similar articles, not specifically classifiable
under succeeding titles in this class and not having as sole function
or operating one so generally useful as to warrant placing them
in some other specific art-such, for example, as nailing and stapling,
sewing-machines, boring-machines, folding-machines, etc.</scdesc></subclass>
<subclass subnum = "2" id = "C300S002000">
<sctitle>BRUSH-MAKING MACHINES:</sctitle>
<parent ref = "C300S000000" doc = "Class300.sgm">the class definition</parent>
<scdesc>Machines for making brushes--i.e., implements whose working
face is constituted by the ends of a mass of natural or artificial bristles
assembled in parallel relation, in distinction from brooms, composed
of assembled splints, stalks of broom-corn, or equivalent material,
and from mops, composed of assembled folds, strips, sheets, or strands
of spun or woven fabric.</scdesc>
<notes><note1 notenum = "(1)">
<para>Note. Devices for drilling, filling, tuft-gathering, feeding,
or setting are excluded from this subclass, being placed in subclasses
3 to 9, of this class; also work-holders, for which see subclasses
10 and 11 of this class.</para></note1></notes>
<srchout>
<crecord><classnum ref = "C029S000000" doc = "Class029.sgm">29</classnum>
<subref><clstitle>Metal Working</clstitle>
<pretext></pretext></subref>
<descript><para>see the search class note in the definition of this
class (300).</para></descript></crecord>
<crecord><classnum ref = "C227S000000" doc = "Class227.sgm">227</classnum>
<subref><clstitle>Elongated-Member-Driving Apparatus</clstitle>
<pretext></pretext></subref>
<descript><para>appropriate subclass for apparatus of general utility,
for applying a member, e.g., nail, to work, which is not provided
for in the above definition.</para></descript></crecord></srchout></subclass>
<subclass subnum = "3" id = "C300S003000">
<sctitle>Drilling and tuft setting:</sctitle>
<parent ref = "C300S002000" doc = "Class300.sgm">subclass 2</parent>
<scdesc>Devices for drilling holes in brush-backs and setting bunches,
knots, or tufts of bristles in the holes to form a brush.</scdesc></subclass>
<subclass subnum = "4" id = "C300S004000">
<sctitle>Tuft feeding and setting:</sctitle>
<parent ref = "C300S002000" doc = "Class300.sgm">subclass 2</parent>
<scdesc>Devices for feeding formed bunches, knots, or tufts of bristles
to a brush-back and setting them in previously-prepared holes in
the back.</scdesc>
<srchout>
<crecord><classnum ref = "C221S000000" doc = "Class221.sgm">221</classnum>
<subref><clstitle>Article Dispensing</clstitle>
<pretext></pretext></subref>
<descript><para>appropriate subclasses for article dispensers (feeders) not
otherwise provided for, and see the class definition of Class 221
for a statement of the class lines and for the disposition of related
disclosures of article and strip feeding processes and apparatus.</para></descript></crecord></srchout></subclass>
<subclass subnum = "5" id = "C300S005000">
<sctitle>Tuft gathering and setting:</sctitle>
<parent ref = "C300S002000" doc = "Class300.sgm">subclass 2</parent>
<scdesc>Devices for gathering bunches, knots or tufts, of bristles
from a stored mass and setting them in previously-prepared holes
in a brush-back.</scdesc>
<srchin>
<srecord><subnum ref = "C300S006000" doc = "Class300.sgm">6</subnum>
<descript><para></para></descript></srecord></srchin></subclass>
<subclass subnum = "6" id = "C300S006000">
<sctitle>Drawn work:</sctitle>
<parent ref = "C300S005000" doc = "Class300.sgm">subclass 5</parent>
<scdesc>Devices for gathering bunches, knots, or tufts of bristles
from a stored mass and setting them in previously-prepared perforations
in a brush-back by means of a looped cord or wire passing through
the perforations and about the tuft and afterward drawn taut.</scdesc></subclass>
<subclass subnum = "7" id = "C300S007000">
<sctitle>Tuft gathering:</sctitle>
<parent ref = "C300S002000" doc = "Class300.sgm">subclass 2</parent>
<scdesc>Devices for gathering bunches, knots, or tufts of bristles
from a stored mass or magazine preparatory to insertion in a hole
or socket in a brush-back.</scdesc></subclass>
<subclass subnum = "8" id = "C300S008000">
<sctitle>Tuft setting:</sctitle>
<parent ref = "C300S002000" doc = "Class300.sgm">subclass 2</parent>
<scdesc>Devices for setting formed bunches, knots, or tufts of bristles
in holes in brush backs.</scdesc></subclass>
<subclass subnum = "9" id = "C300S009000">
<sctitle>Filling:</sctitle>
<parent ref = "C300S002000" doc = "Class300.sgm">subclass 2</parent>
<scdesc>Devices for filling holes in brush-backs with bristles individually
deposited from a mass or magazine, generally by shaking or other
agitation, to form tufts, one for each hole.</scdesc></subclass>
<subclass subnum = "10" id = "C300S010000">
<sctitle>Work holders:</sctitle>
<parent ref = "C300S002000" doc = "Class300.sgm">subclass 2</parent>
<scdesc>Devices for holding brush-backs or blocks while being subjected
to drilling, tuft-setting, filling, or other brush-making operations, except
those for automatically positioning the back or block to bring to
the working point successive areas corresponding to the desired positions
of the tufts in the completed brush, for which see this class, ...
 .</scdesc>
<srchout>
<crecord><classnum ref = "C269S000000" doc = "Class269.sgm">269</classnum>
<subref><clstitle>Work Holders</clstitle>
<pretext></pretext></subref>
<descript><para>appropriate subclasses. Class 269 is the residual
locus for patents to a device for clamping, supporting and&sol;or
holding an article (or articles) in position to be operated on or
treated. See notes thereunder for other related loci.</para></descript></crecord></srchout></subclass>
<subclass subnum = "11" id = "C300S011000">
<sctitle>	Positioning devices:</sctitle>
<parent ref = "C300S010000" doc = "Class300.sgm">subclass 10</parent>
<scdesc>Holders for brush-backs or blocks operating to properly
position with respect to a drill and tufting device, a tufting device
alone, or other brush-making tool, successive areas of the block
or back corresponding to the desired positions of the tufts in the
completed brush.</scdesc></subclass>
<subclass subnum = "12" id = "C300S012000">
<sctitle>BROOM-MAKING MACHINES:</sctitle>
<parent ref = "C300S000000" doc = "Class300.sgm">the class definition</parent>
<scdesc>Machines for making brooms--i.e., implements whose working
face is constituted by the ends of assembled splints, broom-corn cuttings,
or equivalent material, as distinguished from the bristles of brushes,
or the folds, strips, sheets, or strands, of spun or woven fabric
of mops, and excluding those employing nails or staples, wound wire,
or wire band.</scdesc>
<srchin>
<srecord><subnum ref = "C300S002000" doc = "Class300.sgm">2</subnum>
<descript><para>for machines for making brushes.</para></descript></srecord>
<srecord><subnum ref = "C300S013000" doc = "Class300.sgm">13</subnum>
<descript><para>14, 15, for machines employing nails or staples,
wound wire, or wire bands.</para></descript></srecord>
<srecord><subnum ref = "C300S016000" doc = "Class300.sgm">16</subnum>
<descript><para>for mop making machines.</para></descript></srecord></srchin></subclass>
<subclass subnum = "13" id = "C300S013000">
<sctitle>Nailing and stapling:</sctitle>
<parent ref = "C300S012000" doc = "Class300.sgm">subclass 12</parent>
<scdesc>Broom-making machines characterized by the presence of nailing
or stapling means especially adapted for securing broom material
in place.</scdesc>
<srchout>
<crecord><classnum ref = "C029S000000" doc = "Class029.sgm">29</classnum>
<subref><clstitle>Metal Working</clstitle>
<pretext></pretext></subref>
<descript><para> See the search class note in the definition of
this class (300).</para></descript></crecord>
<crecord><classnum ref = "C227S000000" doc = "Class227.sgm">227</classnum>
<subref><clstitle>Elongated-Member-Driving Apparatus</clstitle>
<pretext></pretext></subref>
<descript><para>appropriate subclass for apparatus, of general utility,
for applying a member, e.g., nail, to work, which is not provided
for in the above definition.</para></descript></crecord></srchout></subclass>
<subclass subnum = "14" id = "C300S014000">
<sctitle>Winding:</sctitle>
<parent ref = "C300S012000" doc = "Class300.sgm">subclass 12</parent>
<scdesc>Broom-making machines characterized by special means for
winding wire about the broom material and handle or stick to secure
them together.</scdesc>
<srchout>
<crecord><classnum ref = "C057S000000" doc = "Class057.sgm">57</classnum>
<subref><clstitle>Textiles: Spinning, Twisting, and Twining</clstitle>
<pretext></pretext>
<subnum range = "s" ref = "C057S004000" doc = "Class057.sgm">4</subnum></subref>
<descript><para> for machines for making strands of indefinite length
by twisting hair or grass and winding a wrapping spirally thereon.</para></descript></crecord></srchout></subclass>
<subclass subnum = "15" id = "C300S015000">
<sctitle>Wire banding:</sctitle>
<parent ref = "C300S012000" doc = "Class300.sgm">subclass 12</parent>
<scdesc>Broom-making machines having provision for encircling the
broom material with an annular wire and compressing the same to
shape the broom and secure the material thereof to the stick or
handle.</scdesc></subclass>
<subclass subnum = "16" id = "C300S016000">
<sctitle>MOP-MAKING MACHINES:</sctitle>
<parent ref = "C300S000000" doc = "Class300.sgm">the class definition</parent>
<scdesc>Machines for so handling and securing sheets, strips, or
strands of spun, woven, or other fabric as to constitute a mop,
in distinction from a brush or broom.</scdesc></subclass>
<subclass subnum = "17" id = "C300S017000">
<sctitle>BRUSH AND BROOM TRIMMING:</sctitle>
<parent ref = "C300S000000" doc = "Class300.sgm">the class definition</parent>
<scdesc>Devices for cutting off or otherwise removing irregularities
of otherwise-completed brushes or brooms, so as to trim them to desired
size and shape.</scdesc></subclass>
<subclass subnum = "18" id = "C300S018000">
<sctitle>DRESSING AND ASSORTING:</sctitle>
<parent ref = "C300S000000" doc = "Class300.sgm">the class definition</parent>
<scdesc>Devices for combing or otherwise arranging bristles or other
brush or broom materials with their ends in a common plane or for
sorting them according to length or other characteristic, or both.</scdesc>
<srchout>
<crecord><classnum ref = "C019S000000" doc = "Class019.sgm">19</classnum>
<subref><clstitle>Textiles: Fiber Preparation</clstitle>
<pretext></pretext></subref>
<descript><para>appropriate subclasses.</para></descript></crecord></srchout></subclass>
<subclass subnum = "19" id = "C300S019000">
<sctitle>IMPLEMENTS:</sctitle>
<parent ref = "C300S000000" doc = "Class300.sgm">the class definition</parent>
<scdesc>Tools for performing some operation involved in the making
of brushes, brooms, or mops and not elsewhere classified because
of their special adaptation to this art.</scdesc></subclass>
<subclass subnum = "20" id = "C300S020000">
<sctitle>HANDLE SETTING:</sctitle>
<parent ref = "C300S000000" doc = "Class300.sgm">the class definition</parent>
<scdesc>Devices for setting handles in otherwise completed brushes,
brooms or mops.</scdesc>
<srchout>
<crecord><classnum ref = "C029S000000" doc = "Class029.sgm">29</classnum>
<subref><clstitle>Metal Working</clstitle>
<pretext></pretext></subref>
<descript><para>see the search class note in the definition of this
class (300).</para></descript></crecord>
<crecord><classnum ref = "C227S000000" doc = "Class227.sgm">227</classnum>
<subref><clstitle>Elongated-Member-Driving Apparatus</clstitle>
<pretext></pretext></subref>
<descript><para>appropriate subclass for apparatus, of general utility,
for applying a member, e.g., nail, to work which is not provided
for in the above definition.</para></descript></crecord></srchout></subclass>
<subclass subnum = "21" id = "C300S021000">
<sctitle>PROCESSES:</sctitle>
<parent ref = "C300S000000" doc = "Class300.sgm">the class definition</parent>
<scdesc>Inventions relating to special methods, manipulations, or
processes employed in the manufacture of brushes, brooms or mops.</scdesc></subclass></sclasses>
</class>
