<?xml version="1.0" encoding="UTF-8"?>
<!DOCTYPE class PUBLIC "-//USPTO//DTD Classification Definitions//EN" "xclassdef.dtd" [

<!-- Begin Document Specific Declarations -->

<!-- End Document Specific Declarations -->

]>
<?xml-stylesheet href="classdef.xsl" type="text/XSL"?>

<class classnum = "159" id = "C159S000000"><title> CONCENTRATING
EVAPORATORS</title>
<sections><descsect>
<para>This class relates to apparatus and processes, which are not
more specifically provided for elsewhere, peculiar to the concentration
of solids held in solution or suspension, by evaporation of the
liquid containing them in solution or suspension, and the recovery
of the concentrate.  The concentration may be carried to the point
of crystallization or to dryness.</para>
</descsect>
<notesect>
<notes><note1 notenum = "(1)">
<para>Note.  Processes involving significant chemical changes are
excluded.</para></note1>
<note1 notenum = "(2)">
<para>Note.  Machines, processes, and treatments of a specialized
character (e.g., heat treatments) directed to the preparation or
purification of a particular substance, which are not simply a mode
or means of concentrating by evaporation, of general application are
excluded.  However, processes and apparatus solely for concentrating
by evaporation are here even though the particular material concentrated
is specified.</para></note1>
<note1 notenum = "(3)">
<para>Note.  Evaporating apparatus involving the recovery or treatment
of the vapors evolved either as vapors or condensate (e.g., stills) is
excluded.  This does not exclude the recovery of heat in the vapors.</para></note1></notes>
</notesect>
<linesect>
<para>This class is superior to Class 165, Heat Exchange, in that
means for the transfer of heat for the specific purpose of concentration
by evaporation is found here.  This class is superior to Class 122,
Liquid Heaters and Vaporizers, in that means for vaporizing liquid
for the specific purpose of concentration of attendant solids is found
here.  This class is superior to Class 261, Gas and Liquid Contact
Apparatus, in that means for contacting gas and liquid for the specific
purpose of concentration by evaporation is found here.  This class
is differentiated from Class 34, Drying and Gas or Vapor Contact
With Solids, in that the substance under treatment is initially in
a liquid or fluent condition.</para>
</linesect>
<scsect>
<srchout>
<crecord><classnum ref = "C023S000000" doc = "Class023.sgm">23</classnum>
<subref><clstitle>Chemistry:  Physical Processes</clstitle>
<pretext></pretext>
<subnum range = "p" ref = "C023S295000" doc = "Class023.sgm">295</subnum></subref>
<descript><para> for processes involving purification of salt or
separation of different salts, but where merely the evaporation
and concentration of a saline solution with attendant crystallization
is concerned, the patents are found here.</para></descript></crecord>
<crecord><classnum ref = "C062S000000" doc = "Class062.sgm">62</classnum>
<subref><clstitle>Refrigeration</clstitle>
<pretext></pretext>
<subnum range = "p" ref = "C062S123000" doc = "Class062.sgm">123</subnum></subref>
<descript><para> and 532&plus; for separation of a constituent
of a liquid mixture by refrigeration.</para></descript></crecord>
<crecord><classnum ref = "C117S000000" doc = "Class117.sgm">117</classnum>
<subref><clstitle>Single-Crystal, Oriented-Crystal, and Epitaxy Growth
Processes; Non-Coating Apparatus Therefor</clstitle>
<pretext></pretext></subref>
<descript><para>appropriate subclasses for processes and non-coating
apparatus for growing therein-defined single-crystal of all types
of materials, including use of or means including a concentrating
evaporator.</para></descript></crecord>
<crecord><classnum ref = "C126S000000" doc = "Class126.sgm">126</classnum>
<subref><clstitle>Stoves and Furnaces</clstitle>
<pretext></pretext></subref>
<descript><para>appropriate subclasses for open water heaters having
no structure specially directed to the concentration of the solids in
solution or suspension.</para></descript></crecord>
<crecord><classnum ref = "C422S000000" doc = "Class422.sgm">422</classnum>
<subref><clstitle>Chemical Apparatus and Process Disinfecting, Deodorizing,
Preserving, or Sterilizing</clstitle>
<pretext></pretext>
<subnum range = "p" ref = "C422S198000" doc = "Class422.sgm">198</subnum></subref>
<descript><para> and 285&plus; for concentrating apparatus for
that class.</para></descript></crecord></srchout>
</scsect></sections>
<sclasses>
<subclass subnum = "1.1" id = "C159S001100">
<sctitle>MISCELLANEOUS:</sctitle>
<parent ref = "C159S000000" doc = "Class159.sgm">the class definition</parent>
<scdesc>Subject matter not provided for below or elsewhere.</scdesc></subclass>
<subclass subnum = "2.1" id = "C159S002100">
<sctitle>SUPERHEATING AND PRESSURE RELEASE:</sctitle>
<parent ref = "C159S000000" doc = "Class159.sgm">the class definition</parent>
<scdesc>Apparatus comprising a closed vessel adapted to heat a liquid,
but to maintain sufficient ebullition in communication with a space of
less pressure into which the heated liquid is discharged to cause
evaporation.</scdesc>
<srchout>
<crecord><classnum ref = "C122S000000" doc = "Class122.sgm">122</classnum>
<subref><clstitle>Liquid Heaters and Vaporizers</clstitle>
<pretext></pretext>
<subnum range = "s" ref = "C122S040000" doc = "Class122.sgm">40</subnum></subref>
<descript><para> for boilers in which liquid is flashed into steam.</para></descript></crecord></srchout></subclass>
<subclass subnum = "2.2" id = "C159S002200">
<sctitle>With extruder:</sctitle>
<parent ref = "C159S002100" doc = "Class159.sgm">subclass 2.1</parent>
<scdesc>Apparatus having means to force or press out the material
being concentrated.</scdesc></subclass>
<subclass subnum = "2.3" id = "C159S002300">
<sctitle>Multistage:</sctitle>
<parent ref = "C159S002100" doc = "Class159.sgm">subclass 2.1</parent>
<scdesc>Apparatus functioning in plural operations.</scdesc></subclass>
<subclass subnum = "3" id = "C159S003000">
<sctitle>SPRAY TYPE:</sctitle>
<parent ref = "C159S000000" doc = "Class159.sgm">the class definition</parent>
<scdesc>Apparatus comprising means to spray a liquid in combination
with a collecting chamber or receptacle.</scdesc>
<srchout>
<crecord><classnum ref = "C202S000000" doc = "Class202.sgm">202</classnum>
<subref><clstitle>Distillation:  Apparatus</clstitle>
<pretext></pretext>
<subnum range = "s" ref = "C202S236000" doc = "Class202.sgm">236</subnum></subref>
<descript><para> for a still having means for introducing the distilland
in the form of a spray.</para></descript></crecord>
<crecord><classnum ref = "C203S000000" doc = "Class203.sgm">203</classnum>
<subref><clstitle>Distillation:  Processes, Separatory</clstitle>
<pretext></pretext>
<subnum range = "s" ref = "C203S090000" doc = "Class203.sgm">90</subnum></subref>
<descript><para> for a process of introducing the distilland into
the vaporization zone in the form of a spray.</para></descript></crecord>
<crecord><classnum ref = "C239S000000" doc = "Class239.sgm">239</classnum>
<subref><clstitle>Fluid Sprinkling, Spraying, and Diffusing</clstitle>
<pretext></pretext></subref>
<descript><para>appropriate subclasses for spraying devices, per
se.</para></descript></crecord></srchout></subclass>
<subclass subnum = "4.01" id = "C159S004010">
<sctitle>Gaseous current:</sctitle>
<parent ref = "C159S003000" doc = "Class159.sgm">subclass 3</parent>
<scdesc>Apparatus provided with means for directing a gaseous current
through the spray or spray chamber.</scdesc>
<srchout>
<crecord><classnum ref = "C034S000000" doc = "Class034.sgm">34</classnum>
<subref><clstitle>Drying and Gas or Vapor Contact With Solids</clstitle>
<pretext></pretext>
<subnum range = "r" ref = "C034S359000" doc = "Class034.sgm">359</subnum></subref>
<descript><para> and 576&plus; for processes and apparatus which employ
a fluid current to move the material being worked upon.</para></descript></crecord>
<crecord><classnum ref = "C062S000000" doc = "Class062.sgm">62</classnum>
<subref><clstitle>Refrigeration</clstitle>
<pretext></pretext>
<subnum range = "r" ref = "C062S074000" doc = "Class062.sgm">74</subnum></subref>
<descript><para> and 347 for refrigeration processes in which the
raw material is sprayed or dripped.</para></descript></crecord>
<crecord><classnum ref = "C261S000000" doc = "Class261.sgm">261</classnum>
<subref><clstitle>Gas and Liquid Contact Apparatus</clstitle>
<pretext></pretext>
<subnum range = "p" ref = "C261S075000" doc = "Class261.sgm">75</subnum></subref>
<descript><para> for liquids sprayed into contact with gases.</para></descript></crecord>
<crecord><classnum ref = "C422S000000" doc = "Class422.sgm">422</classnum>
<subref><clstitle>Chemical Apparatus and Process Disinfecting, Deodorizing,
Preserving, or Sterilizing</clstitle>
<pretext></pretext>
<subnum range = "s" ref = "C422S289000" doc = "Class422.sgm">289</subnum></subref>
<descript><para> for concentrating evaporator specialized to chemistry
in which hot gases, etc., are contacted with liquids.</para></descript></crecord></srchout></subclass>
<subclass subnum = "4.02" id = "C159S004020">
<sctitle>Combustion product gas:</sctitle>
<parent ref = "C159S00410" doc = "Class159.sgm">subclass 4.01</parent>
<scdesc>Apparatus wherein the gaseous current is a product of a
combustible gas.</scdesc></subclass>
<subclass subnum = "4.03" id = "C159S004030">
<sctitle>Antibridging:</sctitle>
<parent ref = "C159S00410" doc = "Class159.sgm">subclass 4.01</parent>
<scdesc>Apparatus for preventing buildup of solids on the evaporator
wall or the inlet or outlet of the same.</scdesc></subclass>
<subclass subnum = "4.04" id = "C159S004040">
<sctitle>Countercurrent:</sctitle>
<parent ref = "C159S00410" doc = "Class159.sgm">subclass 4.01</parent>
<scdesc>Apparatus for providing a gas flow counter to that of the
spray.</scdesc></subclass>
<subclass subnum = "4.05" id = "C159S004050">
<sctitle>Intermediate gas outlet or inlet:</sctitle>
<parent ref = "C159S00410" doc = "Class159.sgm">subclass 4.01</parent>
<scdesc>Apparatus having either an inlet or outlet located approximately
on the axial center of the evaporator.</scdesc></subclass>
<subclass subnum = "4.06" id = "C159S004060">
<sctitle>Bottom sprayer:</sctitle>
<parent ref = "C159S00410" doc = "Class159.sgm">subclass 4.01</parent>
<scdesc>Apparatus wherein the sprayer is located on or near the
bottom of the apparatus and the liquid is sprayed upwardly.</scdesc></subclass>
<subclass subnum = "4.07" id = "C159S004070">
<sctitle>Horizontal sprayer:</sctitle>
<parent ref = "C159S00410" doc = "Class159.sgm">subclass 4.01</parent>
<scdesc>Apparatus with means spraying the liquid on an horizontal
plane.</scdesc></subclass>
<subclass subnum = "4.08" id = "C159S004080">
<sctitle>Impinging jets:</sctitle>
<parent ref = "C159S00410" doc = "Class159.sgm">subclass 4.01</parent>
<scdesc>Apparatus wherein the liquid is introduced in several jets
which impinge each other.</scdesc></subclass>
<subclass subnum = "4.09" id = "C159S004090">
<sctitle>Multistaging:</sctitle>
<parent ref = "C159S00410" doc = "Class159.sgm">subclass 4.01</parent>
<scdesc>Apparatus for carrying out the spraying in plural operations.</scdesc></subclass>
<subclass subnum = "4.1" id = "C159S004100">
<sctitle>Heat recovery:</sctitle>
<parent ref = "C159S00410" doc = "Class159.sgm">subclass 4.01</parent>
<scdesc>Apparatus with means to recover heat.</scdesc></subclass>
<subclass subnum = "4.2" id = "C159S004200">
<sctitle>Spinning sprayer:</sctitle>
<parent ref = "C159S00410" doc = "Class159.sgm">subclass 4.01</parent>
<scdesc>Apparatus wherein the sprayer rotates.</scdesc></subclass>
<subclass subnum = "4.3" id = "C159S004300">
<sctitle>Rotary drum with sprayer:</sctitle>
<parent ref = "C159S00410" doc = "Class159.sgm">subclass 4.01</parent>
<scdesc>Apparatus with a revolving drum having spray means.</scdesc></subclass>
<subclass subnum = "4.4" id = "C159S004400">
<sctitle>Steam drying or atomizing:</sctitle>
<parent ref = "C159S00410" doc = "Class159.sgm">subclass 4.01</parent>
<scdesc>Apparatus using steam to dry or atomize.</scdesc></subclass>
<subclass subnum = "5" id = "C159S005000">
<sctitle>FILM TYPE:</sctitle>
<parent ref = "C159S000000" doc = "Class159.sgm">the class definition</parent>
<scdesc>Apparatus especially designed to evaporate a liquid in film
or thin layer form.</scdesc>
<srchout>
<crecord><classnum ref = "C118S000000" doc = "Class118.sgm">118</classnum>
<subref><clstitle>Coating Apparatus</clstitle>
<pretext></pretext></subref>
<descript><para>appropriate subclasses for apparatus for applying
liquid coating material to work.</para></descript></crecord>
<crecord><classnum ref = "C202S000000" doc = "Class202.sgm">202</classnum>
<subref><clstitle>Distillation:  Apparatus</clstitle>
<pretext></pretext>
<subnum range = "s" ref = "C202S236000" doc = "Class202.sgm">236</subnum></subref>
<descript><para> for a still in which the distilland to be vaporized
is in a thin film.</para></descript></crecord>
<crecord><classnum ref = "C203S000000" doc = "Class203.sgm">203</classnum>
<subref><clstitle>Distillation:  Processes, Separatory</clstitle>
<pretext></pretext>
<subnum range = "r" ref = "C203S072000" doc = "Class203.sgm">72</subnum></subref>
<descript><para> and 89 for a process of introducing the distilland
into the vaporization zone by spreading it in a thin film over a
surface.</para></descript></crecord>
<crecord><classnum ref = "C454S000000" doc = "Class454.sgm">454</classnum>
<subref><clstitle>Ventilation</clstitle>
<pretext></pretext>
<subnum range = "r" ref = "C454S110000" doc = "Class454.sgm">110</subnum></subref>
<descript><para>, 157, 223, 291, 328, and 337 for air-moistening attachments
for registers.</para></descript></crecord></srchout></subclass>
<subclass subnum = "6.1" id = "C159S006100">
<sctitle>Centrifugal:</sctitle>
<parent ref = "C159S005000" doc = "Class159.sgm">subclass 5</parent>
<scdesc>Apparatus in which the liquid is maintained as a film on
a supporting surface by means of centrifugal force.</scdesc>
<srchout>
<crecord><classnum ref = "C118S000000" doc = "Class118.sgm">118</classnum>
<subref><clstitle>Coating Apparatus</clstitle>
<pretext></pretext>
<subnum range = "p" ref = "C118S052000" doc = "Class118.sgm">52</subnum></subref>
<descript><para> for coating apparatus having means to centrifuge
the work.</para></descript></crecord>
<crecord><classnum ref = "C165S000000" doc = "Class165.sgm">165</classnum>
<subref><clstitle>Heat Exchange</clstitle>
<pretext></pretext>
<subnum range = "p" ref = "C165S086000" doc = "Class165.sgm">86</subnum></subref>
<descript><para> for a heat exchanger having a movable attempering
surface.</para></descript></crecord>
<crecord><classnum ref = "C261S000000" doc = "Class261.sgm">261</classnum>
<subref><clstitle>Gas and Liquid Contact Apparatus</clstitle>
<pretext></pretext>
<subnum range = "s" ref = "C261S085000" doc = "Class261.sgm">85</subnum></subref>
<descript><para> for gas and liquid contact apparatus comprising
rotating hollow cylinders.</para></descript></crecord></srchout></subclass>
<subclass subnum = "6.2" id = "C159S006200">
<sctitle>Wiped film:</sctitle>
<parent ref = "C159S006100" doc = "Class159.sgm">subclass 6.1</parent>
<scdesc>Apparatus wherein means contact the film adjacently to its
flow.</scdesc></subclass>
<subclass subnum = "6.3" id = "C159S006300">
<sctitle>Horizontally:</sctitle>
<parent ref = "C159S006200" doc = "Class159.sgm">subclass 6.2</parent>
<scdesc>Apparatus wherein means contact the film in a horizontal
direction.</scdesc></subclass>
<subclass subnum = "7" id = "C159S007000">
<sctitle>Moving-film support:</sctitle>
<parent ref = "C159S005000" doc = "Class159.sgm">subclass 5</parent>
<scdesc>Apparatus in which the film is spread or supported on a
traveling surface for evaporation.</scdesc>
<srchout>
<crecord><classnum ref = "C034S000000" doc = "Class034.sgm">34</classnum>
<subref><clstitle>Drying and Gas or Vapor Contact With Solids</clstitle>
<pretext></pretext></subref>
<descript><para>appropriate subclasses for driers of the endless
carrier or rotary type.</para></descript></crecord>
<crecord><classnum ref = "C165S000000" doc = "Class165.sgm">165</classnum>
<subref><clstitle>Heat Exchange</clstitle>
<pretext></pretext>
<subnum range = "p" ref = "C165S086000" doc = "Class165.sgm">86</subnum></subref>
<descript><para> for a movable heat exchange surface not specialized
to the evaporation of liquid.</para></descript></crecord>
<crecord><classnum ref = "C425S000000" doc = "Class425.sgm">425</classnum>
<subref><clstitle>Plastic Article or Earthenware Shaping or Treating:
 Apparatus</clstitle>
<pretext></pretext>
<subnum range = "s" ref = "C425S223000" doc = "Class425.sgm">223</subnum></subref>
<descript><para> for a flake-forming apparatus comprising means
for casting a film on a moving endless surface and a means to remove
the hardened film as flakes.</para></descript></crecord></srchout></subclass>
<subclass subnum = "8" id = "C159S008000">
<sctitle>Gaseous current:</sctitle>
<parent ref = "C159S007000" doc = "Class159.sgm">subclass 7</parent>
<scdesc>Apparatus in which a gaseous current is directed against
or in proximity to the surface of the film on the moving support.</scdesc>
<srchout>
<crecord><classnum ref = "C261S000000" doc = "Class261.sgm">261</classnum>
<subref><clstitle>Gas and Liquid Contact Apparatus</clstitle>
<pretext></pretext>
<subnum range = "s" ref = "C261S080000" doc = "Class261.sgm">80</subnum></subref>
<descript><para> for gas and liquid contact comprising endless belts.</para></descript></crecord></srchout></subclass>
<subclass subnum = "9.1" id = "C159S009100">
<sctitle>Rotary drum or disk:</sctitle>
<parent ref = "C159S008000" doc = "Class159.sgm">subclass 8</parent>
<scdesc>Apparatus in which the moving support carrying the film
is a rotary drum or disk.</scdesc>
<srchout>
<crecord><classnum ref = "C261S000000" doc = "Class261.sgm">261</classnum>
<subref><clstitle>Gas and Liquid Contact Apparatus</clstitle>
<pretext></pretext>
<subnum range = "p" ref = "C261S083000" doc = "Class261.sgm">83</subnum></subref>
<descript><para> for contact devices having a rotary movement.</para></descript></crecord></srchout></subclass>
<subclass subnum = "9.2" id = "C159S009200">
<sctitle>Treated material inside drum:</sctitle>
<parent ref = "C159S009100" doc = "Class159.sgm">subclass 9.1</parent>
<scdesc>Apparatus in which the rotary drum supports the film interior
thereof.</scdesc></subclass>
<subclass subnum = "10" id = "C159S010000">
<sctitle>Exterior surface:</sctitle>
<parent ref = "C159S009100" doc = "Class159.sgm">subclass 9.1</parent>
<scdesc>Apparatus in which the rotary drum or disk supports the
film on its exterior surface.</scdesc>
<srchout>
<crecord><classnum ref = "C261S000000" doc = "Class261.sgm">261</classnum>
<subref><clstitle>Gas and Liquid Contact Apparatus</clstitle>
<pretext></pretext>
<subnum range = "p" ref = "C261S091000" doc = "Class261.sgm">91</subnum></subref>
<descript><para> for rotating impellers arranged to dip in liquid
to effect gas and liquid contact.</para></descript></crecord></srchout></subclass>
<subclass subnum = "11.1" id = "C159S011100">
<sctitle>Rotary drum or disk:</sctitle>
<parent ref = "C159S005000" doc = "Class159.sgm">subclass 5</parent>
<scdesc>Apparatus in which the moving film support is a rotary drum
or disk.</scdesc>
<srchout>
<crecord><classnum ref = "C034S000000" doc = "Class034.sgm">34</classnum>
<subref><clstitle>Drying and Gas or Vapor Contact With Solids</clstitle>
<pretext></pretext>
<subnum range = "p" ref = "C034S108000" doc = "Class034.sgm">108</subnum></subref>
<descript><para> for apparatus including a hollow drum rotating
about an axis through, over, by, or  in which the material is carried to
be treated, and subclass 173 for apparatus of the gravity-flow type with
shelf to shelf or zigzag treated material flow in which there is
a rotary shelf or stirrer.</para></descript></crecord>
<crecord><classnum ref = "C165S000000" doc = "Class165.sgm">165</classnum>
<subref><clstitle>Heat Exchange</clstitle>
<pretext></pretext>
<subnum range = "p" ref = "C165S089000" doc = "Class165.sgm">89</subnum></subref>
<descript><para> for a heated or cooled rotary drum not specialized
to evaporation.</para></descript></crecord>
<crecord><classnum ref = "C492S000000" doc = "Class492.sgm">492</classnum>
<subref><clstitle>Roll or Roller</clstitle>
<pretext></pretext></subref>
<descript><para>appropriate subclasses for a roll, per se, not elsewhere
provided for, and see the notes thereunder.</para></descript></crecord></srchout></subclass>
<subclass subnum = "11.2" id = "C159S011200">
<sctitle>Internal film:</sctitle>
<parent ref = "C159S011100" doc = "Class159.sgm">subclass 11.1</parent>
<scdesc>Apparatus wherein the film contacts the internal surface
of the drum or disk.</scdesc></subclass>
<subclass subnum = "11.3" id = "C159S011300">
<sctitle>Rotary disk:</sctitle>
<parent ref = "C159S011200" doc = "Class159.sgm">subclass 11.2</parent>
<scdesc>Apparatus consisting of a revolving disk.</scdesc></subclass>
<subclass subnum = "12" id = "C159S012000">
<sctitle>Inclosing chamber:</sctitle>
<parent ref = "C159S011100" doc = "Class159.sgm">subclass 11.1</parent>
<scdesc>Apparatus in which the traveling surface is enclosed in
a chamber.</scdesc></subclass>
<subclass subnum = "13.1" id = "C159S013100">
<sctitle>Moving film:</sctitle>
<parent ref = "C159S005000" doc = "Class159.sgm">subclass 5</parent>
<scdesc>Apparatus adapted to maintain the liquid to be concentrated
in a moving film.</scdesc>
<srchout>
<crecord><classnum ref = "C122S000000" doc = "Class122.sgm">122</classnum>
<subref><clstitle>Liquid Heaters and Vaporizers</clstitle>
<pretext></pretext>
<subnum range = "s" ref = "C122S039000" doc = "Class122.sgm">39</subnum></subref>
<descript><para> for boilers in which liquid flows over the heating
surface in a thin stream.</para></descript></crecord>
<crecord><classnum ref = "C165S000000" doc = "Class165.sgm">165</classnum>
<subref><clstitle>Heat Exchange</clstitle>
<pretext></pretext>
<subnum range = "p" ref = "C165S115000" doc = "Class165.sgm">115</subnum></subref>
<descript><para> for a trickler-type heat exchanger of general utility.</para></descript></crecord>
<crecord><classnum ref = "C261S000000" doc = "Class261.sgm">261</classnum>
<subref><clstitle>Gas and Liquid Contact Apparatus</clstitle>
<pretext></pretext>
<subnum range = "p" ref = "C261S075000" doc = "Class261.sgm">75</subnum></subref>
<descript><para> for devices for contact gases and liquids.</para></descript></crecord></srchout></subclass>
<subclass subnum = "13.2" id = "C159S013200">
<sctitle>Contacting tube:</sctitle>
<parent ref = "C159S013100" doc = "Class159.sgm">subclass 13.1</parent>
<scdesc>Apparatus wherein the film comes in contact with a tube.</scdesc></subclass>
<subclass subnum = "13.3" id = "C159S013300">
<sctitle>Outside of tube:</sctitle>
<parent ref = "C159S013200" doc = "Class159.sgm">subclass 13.2</parent>
<scdesc>Apparatus wherein the film contacts the outer portion of
the tube.</scdesc></subclass>
<subclass subnum = "13.4" id = "C159S013400">
<sctitle>With gas wiping:</sctitle>
<parent ref = "C159S013100" doc = "Class159.sgm">subclass 13.1</parent>
<scdesc>Apparatus having means for injected vapor or generated vapor
to flow adjacent the film and relative thereto.</scdesc></subclass>
<subclass subnum = "14" id = "C159S014000">
<sctitle>Climbing:</sctitle>
<parent ref = "C159S013100" doc = "Class159.sgm">subclass 13.1</parent>
<scdesc>Apparatus in which the moving film ascends.</scdesc>
<srchout>
<crecord><classnum ref = "C122S000000" doc = "Class122.sgm">122</classnum>
<subref><clstitle>Liquid Heaters and Vaporizers</clstitle>
<pretext></pretext>
<subnum range = "s" ref = "C122S034000" doc = "Class122.sgm">34</subnum></subref>
<descript><para> for devices in which the fluid is indirectly heated
by another separate fluid and including an internal separator.</para></descript></crecord></srchout></subclass>
<subclass subnum = "15" id = "C159S015000">
<sctitle>Zigzag:</sctitle>
<parent ref = "C159S013100" doc = "Class159.sgm">subclass 13.1</parent>
<scdesc>Apparatus in which the film follows a zigzag path.</scdesc>
<srchout>
<crecord><classnum ref = "C034S000000" doc = "Class034.sgm">34</classnum>
<subref><clstitle>Drying and Gas or Vapor Contact With Solids</clstitle>
<pretext></pretext>
<subnum range = "p" ref = "C034S165000" doc = "Class034.sgm">165</subnum></subref>
<descript><para>, particularly subclasses 171&plus; and 178
for apparatus of the gravity-flow type with shelf to shelf or zigzag
treated material flow.</para></descript></crecord>
<crecord><classnum ref = "C122S000000" doc = "Class122.sgm">122</classnum>
<subref><clstitle>Liquid Heaters and Vaporizers</clstitle>
<pretext></pretext>
<subnum range = "s" ref = "C122S355000" doc = "Class122.sgm">355</subnum></subref>
<descript><para> for zigzag water tubes.</para></descript></crecord>
<crecord><classnum ref = "C165S000000" doc = "Class165.sgm">165</classnum>
<subref><clstitle>Heat Exchange</clstitle>
<pretext></pretext>
<subnum range = "s" ref = "C165S116000" doc = "Class165.sgm">116</subnum></subref>
<descript><para> for a trickler of the shelf to shelf type of general
utility.</para></descript></crecord>
<crecord><classnum ref = "C261S000000" doc = "Class261.sgm">261</classnum>
<subref><clstitle>Gas and Liquid Contact Apparatus</clstitle>
<pretext></pretext>
<subnum range = "p" ref = "C261S127000" doc = "Class261.sgm">127</subnum></subref>
<descript><para> for contact fluids heated through the medium of
other fluids out of contact therewith, and subclasses 108&plus; for
contact apparatus including stationary baffles over which liquid
flows in contact with gases.</para></descript></crecord></srchout></subclass>
<subclass subnum = "16.1" id = "C159S016100">
<sctitle>GASEOUS BLAST OR CURRENT:</sctitle>
<parent ref = "C159S000000" doc = "Class159.sgm">the class definition</parent>
<scdesc>Apparatus designed to pass a current of air or moisture-absorbing
gas over or through a body or liquid.</scdesc>
<srchout>
<crecord><classnum ref = "C062S000000" doc = "Class062.sgm">62</classnum>
<subref><clstitle>Refrigeration</clstitle>
<pretext></pretext>
<subnum range = "p" ref = "C062S304000" doc = "Class062.sgm">304</subnum></subref>
<descript><para> for a gas-liquid contact cooler cooling material
out of contact with the contacting fluids.</para></descript></crecord>
<crecord><classnum ref = "C126S000000" doc = "Class126.sgm">126</classnum>
<subref><clstitle>Stoves and Furnaces</clstitle>
<pretext></pretext>
<subnum range = "s" ref = "C126S113000" doc = "Class126.sgm">113</subnum></subref>
<descript><para> for air moisteners in connection with hot air furnaces.</para></descript></crecord>
<crecord><classnum ref = "C422S000000" doc = "Class422.sgm">422</classnum>
<subref><clstitle>Chemical Apparatus and Process Disinfecting, Deodorizing,
Preserving, or Sterilizing</clstitle>
<pretext></pretext>
<subnum range = "s" ref = "C422S290000" doc = "Class422.sgm">290</subnum></subref>
<descript><para> for concentrating apparatus specialized to chemistry
with similar heating means.</para></descript></crecord></srchout></subclass>
<subclass subnum = "16.2" id = "C159S016200">
<sctitle>Submerged combustion:</sctitle>
<parent ref = "C159S016100" doc = "Class159.sgm">subclass 16.1</parent>
<scdesc>Apparatus providing a burning operation under the liquid.</scdesc></subclass>
<subclass subnum = "16.3" id = "C159S016300">
<sctitle>Steam injection:</sctitle>
<parent ref = "C159S016100" doc = "Class159.sgm">subclass 16.1</parent>
<scdesc>Apparatus wherein the blast or current is injected steam.</scdesc></subclass>
<subclass subnum = "17.1" id = "C159S017100">
<sctitle>MULTIPLE EFFECTS:</sctitle>
<parent ref = "C159S000000" doc = "Class159.sgm">the class definition</parent>
<scdesc>Apparatus relating to a series of two or more vessels in
communication, adapted to cause evaporation of their liquid content
at unequal pressures.  The communication may be either for the purpose
of transmitting the vapors evolved in one vessel to the heating
element of another operating at a different pressure, or for transmitting
liquid material from one vessel to another operating at a different pressure
for evaporation.</scdesc></subclass>
<subclass subnum = "17.2" id = "C159S017200">
<sctitle>Parallel fluid flow:</sctitle>
<parent ref = "C159S017100" doc = "Class159.sgm">subclass 17.1</parent>
<scdesc>Apparatus wherein the fluids are in whole or in part introduced
or removed from the system in parallel streams.</scdesc></subclass>
<subclass subnum = "17.3" id = "C159S017300">
<sctitle>Variant multistaging:</sctitle>
<parent ref = "C159S017100" doc = "Class159.sgm">subclass 17.1</parent>
<scdesc>Apparatus wherein the evaporation varies in kind in the
different stages.</scdesc></subclass>
<subclass subnum = "17.4" id = "C159S017400">
<sctitle>Contiguous evaporators:</sctitle>
<parent ref = "C159S017100" doc = "Class159.sgm">subclass 17.1</parent>
<scdesc>Apparatus wherein evaporators share a common wall structure.</scdesc></subclass>
<subclass subnum = "18" id = "C159S018000">
<sctitle>Superimposed:</sctitle>
<parent ref = "C159S017100" doc = "Class159.sgm">subclass 17.1</parent>
<scdesc>Apparatus in which the vessels are placed one above the
other, so that the vapors evolved in the lower vessel will rise
by gravity into contact with the bottom of the heating element of the
next vessel above.</scdesc>
<srchin>
<srecord><subnum range = "p" ref = "C159S013100" doc = "Class159.sgm">13.1</subnum>
<descript><para>for superimposed films.</para></descript></srecord>
<srecord><subnum ref = "C159S021000" doc = "Class159.sgm">21</subnum>
<descript><para>for combined open and closed pans.</para></descript></srecord></srchin></subclass>
<subclass subnum = "19" id = "C159S019000">
<sctitle>Combined closed and open:</sctitle>
<parent ref = "C159S017100" doc = "Class159.sgm">subclass 17.1</parent>
<scdesc>Apparatus in which the liquid undergoing treatment is evaporated
in both closed and open pans at unequal pressures.</scdesc>
<srchin>
<srecord><subnum range = "p" ref = "C159S002100" doc = "Class159.sgm">2.1</subnum>
<descript><para>for evaporators employing superheating and pressure
release.</para></descript></srecord>
<srecord><subnum ref = "C159S018000" doc = "Class159.sgm">18</subnum>
<descript><para>for superimposed multiple effect evaporators.</para></descript></srecord>
<srecord><subnum ref = "C159S021000" doc = "Class159.sgm">21</subnum>
<descript><para>for combined open and closed pan evaporators.</para></descript></srecord></srchin></subclass>
<subclass subnum = "20.1" id = "C159S020100">
<sctitle>Variable or counterflow:</sctitle>
<parent ref = "C159S017100" doc = "Class159.sgm">subclass 17.1</parent>
<scdesc>Apparatus in which the direction of flow from vessel to
vessel of the liquid undergoing evaporation is not parallel to the
flow of the evolved vapors or is variable with respect thereto,
or the order of the pans in the series with respect to the flow
of either vapor of liquid is variable.</scdesc></subclass>
<subclass subnum = "20.2" id = "C159S020200">
<sctitle>With effect switching means:</sctitle>
<parent ref = "C159S020100" doc = "Class159.sgm">subclass 20.1</parent>
<scdesc>Apparatus having means to shift the flow of the material
treated.</scdesc></subclass>
<subclass subnum = "21" id = "C159S021000">
<sctitle>COMBINED CLOSED AND OPEN PANS:</sctitle>
<parent ref = "C159S000000" doc = "Class159.sgm">the class definition</parent>
<scdesc>Apparatus in which the liquid undergoing treatment is evaporated
in both closed and open pans at substantially equal pressure.</scdesc>
<srchin>
<srecord><subnum range = "p" ref = "C159S002100" doc = "Class159.sgm">2.1</subnum>
<descript><para>for evaporators employing superheating and pressure
release.</para></descript></srecord>
<srecord><subnum ref = "C159S018000" doc = "Class159.sgm">18</subnum>
<descript><para>for superimposed multiple effect evaporators.</para></descript></srecord>
<srecord><subnum ref = "C159S019000" doc = "Class159.sgm">19</subnum>
<descript><para>for combined open and closed pans in which the evaporation
is at unequal pressure.</para></descript></srecord></srchin></subclass>
<subclass subnum = "22" id = "C159S022000">
<sctitle>CLOSED EVAPORATING CHAMBERS:</sctitle>
<parent ref = "C159S000000" doc = "Class159.sgm">the class definition</parent>
<scdesc>Vessels provided with covers adapted to close the surface
of the evaporating liquid from the atmosphere.</scdesc>
<srchout>
<crecord><classnum ref = "C062S000000" doc = "Class062.sgm">62</classnum>
<subref><clstitle>Refrigeration</clstitle>
<pretext></pretext>
<subnum range = "r" ref = "C062S100000" doc = "Class062.sgm">100</subnum></subref>
<descript><para>, 169&plus;, and 268&plus; for processes
and apparatus utilizing vacuum to cool a product.</para></descript></crecord>
<crecord><classnum ref = "C422S000000" doc = "Class422.sgm">422</classnum>
<subref><clstitle>Chemical Apparatus and Process Disinfecting, Deodorizing,
Preserving, or Sterilizing</clstitle>
<pretext></pretext>
<subnum range = "p" ref = "C422S198000" doc = "Class422.sgm">198</subnum></subref>
<descript><para> and 285&plus; for similar devices specialized
to chemistry.</para></descript></crecord></srchout></subclass>
<subclass subnum = "23" id = "C159S023000">
<sctitle>Indirectly heated:</sctitle>
<parent ref = "C159S022000" doc = "Class159.sgm">subclass 22</parent>
<scdesc>Vessel in which heat is conducted through the closed vessel
to the liquid undergoing evaporation.  The vessel is heated otherwise
than by direct communication with a primary source of heat, such
as a furnace.</scdesc>
<srchout>
<crecord><classnum ref = "C122S000000" doc = "Class122.sgm">122</classnum>
<subref><clstitle>Liquid Heaters and Vaporizers</clstitle>
<pretext></pretext>
<subnum range = "p" ref = "C122S032000" doc = "Class122.sgm">32</subnum></subref>
<descript><para> for devices in which the fluid is indirectly heated
by a separate fluid.</para></descript></crecord>
<crecord><classnum ref = "C126S000000" doc = "Class126.sgm">126</classnum>
<subref><clstitle>Stoves and Furnaces</clstitle>
<pretext></pretext>
<subnum range = "s" ref = "C126S378100" doc = "Class126.sgm">378.1</subnum></subref>
<descript><para> for an open-top liquid heating vessel that may
include a lid having a closed chamber or coiled pipe to confine
or direct a liquid or steam used to heat the vessel.</para></descript></crecord>
<crecord><classnum ref = "C165S000000" doc = "Class165.sgm">165</classnum>
<subref><clstitle>Heat Exchange</clstitle>
<pretext></pretext></subref>
<descript><para>appropriate subclasses for a vessel having heat exchange
means.</para></descript></crecord></srchout></subclass>
<subclass subnum = "24.1" id = "C159S024100">
<sctitle>Regenerative:</sctitle>
<parent ref = "C159S023000" doc = "Class159.sgm">subclass 23</parent>
<scdesc>Closed vessels in which the temperature of the vapors evolved
by the evaporation is raised, and the vapors are employed to produce
further evaporation.</scdesc></subclass>
<subclass subnum = "24.2" id = "C159S024200">
<sctitle>Heat recovery or regeneration:</sctitle>
<parent ref = "C159S024100" doc = "Class159.sgm">subclass 24.1</parent>
<scdesc>Apparatus having means capturing or using usually waster
heat to preheat or reuse heat in the apparatus.</scdesc></subclass>
<subclass subnum = "24.3" id = "C159S024300">
<sctitle>Thermocompression:</sctitle>
<parent ref = "C159S024200" doc = "Class159.sgm">subclass 24.2</parent>
<scdesc>Apparatus wherein the spent vapor is compressed by injector
means employing high pressure steam as a motive agent and introducing
the combined steam as a heating agent in the evaporator.</scdesc></subclass>
<subclass subnum = "25.1" id = "C159S025100">
<sctitle>Rotatable agitator or coil:</sctitle>
<parent ref = "C159S023000" doc = "Class159.sgm">subclass 23</parent>
<scdesc>Closed vessels provided with a agitator or heating coil
adapted to be rotated.</scdesc>
<srchout>
<crecord><classnum ref = "C165S000000" doc = "Class165.sgm">165</classnum>
<subref><clstitle>Heat Exchange</clstitle>
<pretext></pretext>
<subnum range = "s" ref = "C165S092000" doc = "Class165.sgm">92</subnum></subref>
<descript><para> for a heat exchanger of general utility including an
agitating or stirring coil.</para></descript></crecord>
<crecord><classnum ref = "C366S000000" doc = "Class366.sgm">366</classnum>
<subref><clstitle>Agitating</clstitle>
<pretext></pretext>
<subnum range = "p" ref = "C366S279000" doc = "Class366.sgm">279</subnum></subref>
<descript><para> for rotating agitator in a fixed receptacle.</para></descript></crecord></srchout></subclass>
<subclass subnum = "25.2" id = "C159S025200">
<sctitle>Vertical axis agitator:</sctitle>
<parent ref = "C159S025100" doc = "Class159.sgm">subclass 25.1</parent>
<scdesc>Apparatus wherein the agitator is rotated about a vertical
axis.</scdesc></subclass>
<subclass subnum = "26.1" id = "C159S026100">
<sctitle>Heated tube:</sctitle>
<parent ref = "C159S023000" doc = "Class159.sgm">subclass 23</parent>
<scdesc>Closed vessels comprising a tube or tubes of heat-conducting
material heated on the exterior and through which the liquid undergoing
evaporation is passed.</scdesc>
<srchin>
<srecord><subnum ref = "C159S037000" doc = "Class159.sgm">37</subnum>
<descript><para>for steam-heated open pans.</para></descript></srecord></srchin>
<srchout>
<crecord><classnum ref = "C122S000000" doc = "Class122.sgm">122</classnum>
<subref><clstitle>Liquid Heaters and Vaporizers</clstitle>
<pretext></pretext>
<subnum range = "p" ref = "C122S235110" doc = "Class122.sgm">235.11</subnum></subref>
<descript><para> for water tube boilers.</para></descript></crecord></srchout></subclass>
<subclass subnum = "26.2" id = "C159S026200">
<sctitle>Inclined:</sctitle>
<parent ref = "C159S026100" doc = "Class159.sgm">subclass 26.1</parent>
<scdesc>Apparatus wherein the tube structure is located on an inclined
plane.</scdesc></subclass>
<subclass subnum = "27.1" id = "C159S027100">
<sctitle>Vertical:</sctitle>
<parent ref = "C159S026100" doc = "Class159.sgm">subclass 26.1</parent>
<scdesc>Closed vessels in which the liquid-containing heated tube
or tubes are vertically arranged.</scdesc>
<srchout>
<crecord><classnum ref = "C122S000000" doc = "Class122.sgm">122</classnum>
<subref><clstitle>Liquid Heaters and Vaporizers</clstitle>
<pretext></pretext>
<subnum range = "p" ref = "C122S332000" doc = "Class122.sgm">332</subnum></subref>
<descript><para> for water tube boilers in which the tubes are vertically arranged.</para></descript></crecord></srchout></subclass>
<subclass subnum = "27.2" id = "C159S027200">
<sctitle>Detached separator:</sctitle>
<parent ref = "C159S027100" doc = "Class159.sgm">subclass 27.1</parent>
<scdesc>Apparatus having a separator detached from the main apparatus.</scdesc></subclass>
<subclass subnum = "27.3" id = "C159S027300">
<sctitle>Multieffect in one casing:</sctitle>
<parent ref = "C159S027100" doc = "Class159.sgm">subclass 27.1</parent>
<scdesc>Apparatus wherein the fluid flows downwardly contrary to
the material thermosphonic flow of the heated liquid.</scdesc></subclass>
<subclass subnum = "27.4" id = "C159S027400">
<sctitle>Downflow:</sctitle>
<parent ref = "C159S027100" doc = "Class159.sgm">subclass 27.1</parent>
<scdesc>Apparatus wherein the fluid flows downwardly contrary to
the material thermosphonic flow of the heated liquid.</scdesc></subclass>
<subclass subnum = "27.5" id = "C159S027500">
<sctitle>Floating calandria:</sctitle>
<parent ref = "C159S027100" doc = "Class159.sgm">subclass 27.1</parent>
<scdesc>Apparatus wherein the heat exchanger is centrally disposed
and the downcomer is the annulus between the heat exchanger and
the casing.</scdesc></subclass>
<subclass subnum = "28.1" id = "C159S028100">
<sctitle>Heating elements:</sctitle>
<parent ref = "C159S023000" doc = "Class159.sgm">subclass 23</parent>
<scdesc>Devices relating to the means for maintaining the heating
medium separate from, but in heating contact with, the liquid or
the surface of the liquid container.</scdesc>
<srchout>
<crecord><classnum ref = "C122S000000" doc = "Class122.sgm">122</classnum>
<subref><clstitle>Liquid Heaters and Vaporizers</clstitle>
<pretext></pretext>
<subnum range = "p" ref = "C122S044100" doc = "Class122.sgm">44.1</subnum></subref>
<descript><para> for fire tube boilers.</para></descript></crecord>
<crecord><classnum ref = "C165S000000" doc = "Class165.sgm">165</classnum>
<subref><clstitle>Heat Exchange</clstitle>
<pretext></pretext></subref>
<descript><para>appropriate subclasses, for the attemperator, per
se.</para></descript></crecord></srchout></subclass>
<subclass subnum = "28.2" id = "C159S028200">
<sctitle>Baffled:</sctitle>
<parent ref = "C159S028100" doc = "Class159.sgm">subclass 28.1</parent>
<scdesc>Apparatus wherein the steam chest has obstructing means
causing the heating medium to flow in a predetermined path among
the tubes.</scdesc></subclass>
<subclass subnum = "28.3" id = "C159S028300">
<sctitle>Spur tubes:</sctitle>
<parent ref = "C159S028100" doc = "Class159.sgm">subclass 28.1</parent>
<scdesc>Apparatus wherein the heat exchange tubes are closed at
one end.</scdesc></subclass>
<subclass subnum = "28.4" id = "C159S028400">
<sctitle>Coils:</sctitle>
<parent ref = "C159S028100" doc = "Class159.sgm">subclass 28.1</parent>
<scdesc>Apparatus wherein the heat exchange means is in the form
of a coil.</scdesc></subclass>
<subclass subnum = "28.5" id = "C159S028500">
<sctitle>Tubular inserts:</sctitle>
<parent ref = "C159S028100" doc = "Class159.sgm">subclass 28.1</parent>
<scdesc>Apparatus wherein the heat exchange means are space fillers
in tubes for confining the liquid.</scdesc></subclass>
<subclass subnum = "28.6" id = "C159S028600">
<sctitle>Plate-type evaporator:</sctitle>
<parent ref = "C159S028100" doc = "Class159.sgm">subclass 28.1</parent>
<scdesc>Apparatus wherein the heat exchange means is in the form
of a plate-like evaporator.</scdesc>
<srchout>
<crecord><classnum ref = "C122S000000" doc = "Class122.sgm">122</classnum>
<subref><clstitle>Liquid Heaters and Vaporizers</clstitle>
<pretext></pretext>
<subnum range = "s" ref = "C122S040000" doc = "Class122.sgm">40</subnum></subref>
<descript><para> for boilers in which liquid is flashed into steam.</para></descript></crecord></srchout></subclass>
<subclass subnum = "29" id = "C159S029000">
<sctitle>Directly heated:</sctitle>
<parent ref = "C159S022000" doc = "Class159.sgm">subclass 22</parent>
<scdesc>Closed vessels combined with a heat-producing means.</scdesc>
<srchout>
<crecord><classnum ref = "C122S000000" doc = "Class122.sgm">122</classnum>
<subref><clstitle>Liquid Heaters and Vaporizers</clstitle>
<pretext></pretext></subref>
<descript><para>appropriate subclasses for boilers.</para></descript></crecord>
<crecord><classnum ref = "C126S000000" doc = "Class126.sgm">126</classnum>
<subref><clstitle>Stoves and Furnaces</clstitle>
<pretext></pretext>
<subnum range = "r" ref = "C126S344000" doc = "Class126.sgm">344</subnum>
<endnum ref = "C126S363100" doc = "Class126.sgm">363.1</endnum></subref>
<descript><para> for a liquid heater that may include a kettle,
a steam generator, stove pipe for use with a stove, a domestic water
heater or boiler (e.g., kitchen boiler, range boiler, etc.) for use
with a stove or furnace.</para></descript></crecord>
<crecord><classnum ref = "C422S000000" doc = "Class422.sgm">422</classnum>
<subref><clstitle>Chemical Apparatus and Process Disinfecting, Deodorizing,
Preserving, or Sterilizing</clstitle>
<pretext></pretext>
<subnum range = "s" ref = "C422S129100" doc = "Class422.sgm">129.1</subnum></subref>
<descript><para> for similar apparatus used in the production of soaps.</para></descript></crecord></srchout></subclass>
<subclass subnum = "30" id = "C159S030000">
<sctitle>Samplers:</sctitle>
<parent ref = "C159S022000" doc = "Class159.sgm">subclass 22</parent>
<scdesc>Closed vessels in combination with means for withdrawing
a small quantity of the liquid under evaporation for examination.</scdesc>
<srchout>
<crecord><classnum ref = "C073S000000" doc = "Class073.sgm">73</classnum>
<subref><clstitle>Measuring and Testing</clstitle>
<pretext></pretext>
<subnum range = "p" ref = "C073S863810" doc = "Class073.sgm">863.81</subnum></subref>
<descript><para> for a sampler designed to remove a sample from
a closed container.</para></descript></crecord></srchout></subclass>
<subclass subnum = "31" id = "C159S031000">
<sctitle>Liquid traps or separators:</sctitle>
<parent ref = "C159S022000" doc = "Class159.sgm">subclass 22</parent>
<scdesc>Closed vessels in combination with means for trapping and
separating the entrained liquid from the vapors.</scdesc>
<srchout>
<crecord><classnum ref = "C096S000000" doc = "Class096.sgm">96</classnum>
<subref><clstitle>Gas Separation:  Apparatus</clstitle>
<pretext></pretext></subref>
<descript><para>appropriate subclasses for apparatus for separating
liquid from a gas, per se. </para></descript></crecord>
<crecord><classnum ref = "C122S000000" doc = "Class122.sgm">122</classnum>
<subref><clstitle>Liquid Heaters and Vaporizers</clstitle>
<pretext></pretext>
<subnum range = "s" ref = "C122S034000" doc = "Class122.sgm">34</subnum></subref>
<descript><para> for separators in liquid heaters and vaporizers.</para></descript></crecord></srchout></subclass>
<subclass subnum = "32" id = "C159S032000">
<sctitle>OPEN PANS:</sctitle>
<parent ref = "C159S000000" doc = "Class159.sgm">the class definition</parent>
<scdesc>Vessels particularly designed for concentrating liquid material
by evaporation and not provided with means to prevent access of
the atmosphere to the surface of the liquid.</scdesc>
<srchout>
<crecord><classnum ref = "C126S000000" doc = "Class126.sgm">126</classnum>
<subref><clstitle>Stoves and Furnaces</clstitle>
<pretext></pretext>
<subnum range = "r" ref = "C126S373100" doc = "Class126.sgm">373.1</subnum>
<endnum ref = "C126S390100" doc = "Class126.sgm">390.1</endnum></subref>
<descript><para> for an open-top liquid heating vessel that may
include a lid.</para></descript></crecord>
<crecord><classnum ref = "C210S000000" doc = "Class210.sgm">210</classnum>
<subref><clstitle>Liquid Purification or Separation</clstitle>
<pretext></pretext>
<subnum range = "p" ref = "C210S175000" doc = "Class210.sgm">175</subnum></subref>
<descript><para> for a heater or heat exchanger in combination with
a separator.</para></descript></crecord></srchout></subclass>
<subclass subnum = "33" id = "C159S033000">
<sctitle>With rakes:</sctitle>
<parent ref = "C159S032000" doc = "Class159.sgm">subclass 32</parent>
<scdesc>Open pans in combination with means to scrape from the interior
surface of the pan solids deposited thereon.</scdesc>
<srchin>
<srecord><subnum range = "p" ref = "C159S025100" doc = "Class159.sgm">25.1</subnum>
<descript><para>for rotating scraper arms in closed pans.</para></descript></srecord></srchin>
<srchout>
<crecord><classnum ref = "C034S000000" doc = "Class034.sgm">34</classnum>
<subref><clstitle>Drying and Gas or Vapor Contact With Solids</clstitle>
<pretext></pretext>
<subnum range = "p" ref = "C034S179000" doc = "Class034.sgm">179</subnum></subref>
<descript><para> for contact apparatus including a stationary receptacle
or tube combined with an agitator or conveyor.</para></descript></crecord>
<crecord><classnum ref = "C209S000000" doc = "Class209.sgm">209</classnum>
<subref><clstitle>Classifying, Separating, and Assorting Solids</clstitle>
<pretext></pretext>
<subnum range = "s" ref = "C209S453000" doc = "Class209.sgm">453</subnum></subref>
<descript><para> for rotary pans and stirrers.</para></descript></crecord>
<crecord><classnum ref = "C422S000000" doc = "Class422.sgm">422</classnum>
<subref><clstitle>Chemical Apparatus and Process Disinfecting, Deodorizing,
Preserving, or Sterilizing</clstitle>
<pretext></pretext>
<subnum range = "p" ref = "C422S129000" doc = "Class422.sgm">129</subnum></subref>
<descript><para> and 245.1&plus; for non-coating crystallizer apparatus
excluded from Class 159 and not provided for elsewhere.</para></descript></crecord></srchout></subclass>
<subclass subnum = "34" id = "C159S034000">
<sctitle>Tiltable, removable, or portable:</sctitle>
<parent ref = "C159S032000" doc = "Class159.sgm">subclass 32</parent>
<scdesc>Open pans so mounted or designed that they may be tilted
in or readily removed from their supports or pans especially adapted
for portage.</scdesc>
<srchout>
<crecord><classnum ref = "C126S000000" doc = "Class126.sgm">126</classnum>
<subref><clstitle>Stoves and Furnaces</clstitle>
<pretext></pretext>
<subnum range = "s" ref = "C126S349000" doc = "Class126.sgm">349</subnum></subref>
<descript><para> for a liquid heating and tilting kettle furnace.</para></descript></crecord></srchout></subclass>
<subclass subnum = "35" id = "C159S035000">
<sctitle>Interposed liquid receptacle:</sctitle>
<parent ref = "C159S032000" doc = "Class159.sgm">subclass 32</parent>
<scdesc>Open pans provided with a liquid receptacle between them
and a source of heat.  The liquid receptacle contains a liquid other
than that undergoing concentration.</scdesc>
<srchin>
<srecord><subnum ref = "C159S021000" doc = "Class159.sgm">21</subnum>
<descript><para>for combined open and closed pans.</para></descript></srecord></srchin>
<srchout>
<crecord><classnum ref = "C126S000000" doc = "Class126.sgm">126</classnum>
<subref><clstitle>Stoves and Furnaces</clstitle>
<pretext></pretext>
<subnum range = "s" ref = "C126S347000" doc = "Class126.sgm">347</subnum></subref>
<descript><para> for a liquid heating kettle furnace having a horizontal
combustion chamber or subclasses 377.1-392.1 for an open-top liquid
heating vessel that may include a lid having a confining, directing,
or shielding feature for a liquid or steam used to heat the vessel.</para></descript></crecord>
<crecord><classnum ref = "C220S000000" doc = "Class220.sgm">220</classnum>
<subref><clstitle>Receptacles</clstitle>
<pretext></pretext>
<subnum range = "p" ref = "C220S573400" doc = "Class220.sgm">573.4</subnum></subref>
<descript><para> for double boilers.</para></descript></crecord></srchout></subclass>
<subclass subnum = "36" id = "C159S036000">
<sctitle>Steam and furnace heated:</sctitle>
<parent ref = "C159S032000" doc = "Class159.sgm">subclass 32</parent>
<scdesc>Open pans in which both steam and furnace are employed as
heating agents.  </scdesc>
<notes><note1 notenum = "(1)">
<para>Note.  Compare with this Class, subclasses 17.1 and 19, where
the evaporation is effected at unequal pressure and the heating
steam is evolved from the liquid undergoing evaporation.</para></note1></notes></subclass>
<subclass subnum = "37" id = "C159S037000">
<sctitle>Steam heated:</sctitle>
<parent ref = "C159S032000" doc = "Class159.sgm">subclass 32</parent>
<scdesc>Open pans provided with heating elements adapted to be connected
with a source of steam.</scdesc>
<srchin>
<srecord><subnum range = "p" ref = "C159S026100" doc = "Class159.sgm">26.1</subnum>
<descript><para>for closed evaporating chambers with heated tubes.</para></descript></srecord></srchin></subclass>
<subclass subnum = "38" id = "C159S038000">
<sctitle>Furnace heated:</sctitle>
<parent ref = "C159S032000" doc = "Class159.sgm">subclass 32</parent>
<scdesc>Open pans combined with a furnace.</scdesc>
<srchout>
<crecord><classnum ref = "C126S000000" doc = "Class126.sgm">126</classnum>
<subref><clstitle>Stoves and Furnaces</clstitle>
<pretext></pretext>
<subnum range = "s" ref = "C126S345000" doc = "Class126.sgm">345</subnum></subref>
<descript><para> for kettle furnaces.</para></descript></crecord></srchout></subclass>
<subclass subnum = "39" id = "C159S039000">
<sctitle>Liquid tubes in flue:</sctitle>
<parent ref = "C159S038000" doc = "Class159.sgm">subclass 38</parent>
<scdesc>Open pans in which tubes are provided for communicating
with the interior of the pan to circulate the liquid undergoing
evaporation through the furnace or flue.</scdesc>
<srchin>
<srecord><subnum range = "p" ref = "C159S026100" doc = "Class159.sgm">26.1</subnum>
<descript><para>for closed evaporating chambers with heated tubes.</para></descript></srecord></srchin>
<srchout>
<crecord><classnum ref = "C122S000000" doc = "Class122.sgm">122</classnum>
<subref><clstitle>Liquid Heaters and Vaporizers</clstitle>
<pretext></pretext>
<subnum range = "p" ref = "C122S235110" doc = "Class122.sgm">235.11</subnum></subref>
<descript><para> and 406.1&plus; for water-tube structure and
arrangement.</para></descript></crecord></srchout></subclass>
<subclass subnum = "40" id = "C159S040000">
<sctitle>Flues in pan:</sctitle>
<parent ref = "C159S038000" doc = "Class159.sgm">subclass 38</parent>
<scdesc>Open pans in which conduits are provided communicating with
the flue or combustion chamber for carrying the hot gases within
the outside dimensions of the pan.</scdesc>
<srchin>
<srecord><subnum ref = "C159S028100" doc = "Class159.sgm">28.1</subnum>
<descript><para>for heating elements for closed pans.</para></descript></srecord></srchin>
<srchout>
<crecord><classnum ref = "C122S000000" doc = "Class122.sgm">122</classnum>
<subref><clstitle>Liquid Heaters and Vaporizers</clstitle>
<pretext></pretext>
<subnum range = "p" ref = "C122S044100" doc = "Class122.sgm">44.1</subnum></subref>
<descript><para> for heating-tube structure and arrangement.</para></descript></crecord></srchout></subclass>
<subclass subnum = "41" id = "C159S041000">
<sctitle>With dampers:</sctitle>
<parent ref = "C159S038000" doc = "Class159.sgm">subclass 38</parent>
<scdesc>Open pans combined with furnaces and means to regulate or
positively control the direction of flow of the hot gases about
the pan.</scdesc>
<srchout>
<crecord><classnum ref = "C126S000000" doc = "Class126.sgm">126</classnum>
<subref><clstitle>Stoves and Furnaces</clstitle>
<pretext></pretext>
<subnum range = "p" ref = "C126S285000" doc = "Class126.sgm">285</subnum></subref>
<descript><para> for dampers generally.</para></descript></crecord></srchout></subclass>
<subclass subnum = "42" id = "C159S042000">
<sctitle>STRAINERS OR SKIMMERS:</sctitle>
<parent ref = "C159S000000" doc = "Class159.sgm">the class definition</parent>
<scdesc>Subject matter combined with strainers or skimmers for removing
or particularly designed to remove impurities from a liquid.</scdesc>
<srchout>
<crecord><classnum ref = "C210S000000" doc = "Class210.sgm">210</classnum>
<subref><clstitle>Liquid Purification or Separation</clstitle>
<pretext></pretext>
<subnum range = "p" ref = "C210S175000" doc = "Class210.sgm">175</subnum></subref>
<descript><para> for a heater or heat exchanger in combination with
a separator, especially subclasses 184&plus;.</para></descript></crecord></srchout></subclass>
<subclass subnum = "43.1" id = "C159S043100">
<sctitle>FLUID FEED OR DISCHARGE DEVICES:</sctitle>
<parent ref = "C159S000000" doc = "Class159.sgm">the class definition</parent>
<scdesc>Subject matter including means specifically designed for
feeding liquid to, or discharging concentrate from, the liquid container or
for feeding a heating fluid to, or discharging it from, the container.</scdesc></subclass>
<subclass subnum = "43.2" id = "C159S043200">
<sctitle>With alternating operating means:</sctitle>
<parent ref = "C159S043100" doc = "Class159.sgm">subclass 43.1</parent>
<scdesc>Subject matter with means operating either or both of the
feed or discharge devices successively in any arrangement.</scdesc></subclass>
<subclass subnum = "44" id = "C159S044000">
<sctitle>Automatic:</sctitle>
<parent ref = "C159S043100" doc = "Class159.sgm">subclass 43.1</parent>
<scdesc>Subject matter in which the feed or discharge is automatically
controlled.</scdesc>
<srchout>
<crecord><classnum ref = "C137S000000" doc = "Class137.sgm">137</classnum>
<subref><clstitle>Fluid Handling</clstitle>
<pretext>appropriate subclasses for fluid handling devices of general
application, particularly </pretext>
<subnum range = "p" ref = "C137S386000" doc = "Class137.sgm">386</subnum></subref>
<descript><para> for the control of liquid flow in response to changes
in liquid level.</para></descript></crecord></srchout></subclass>
<subclass subnum = "45" id = "C159S045000">
<sctitle>APPARATUS FOR GRAINING AND SEPARATING CRYSTALS:</sctitle>
<parent ref = "C159S000000" doc = "Class159.sgm">the class definition</parent>
<scdesc>Apparatus specifically designed for effecting crystallization
by evaporation in combination with means for collecting the crystals and
discharging them from the evaporator.</scdesc>
<srchin>
<srecord><subnum range = "p" ref = "C159S025100" doc = "Class159.sgm">25.1</subnum>
<descript><para>for rotating scraper arms.</para></descript></srecord>
<srecord><subnum ref = "C159S033000" doc = "Class159.sgm">33</subnum>
<descript><para>for rakes or scrapers for graining and raking crystals
from the bottom of open pans.</para></descript></srecord></srchin>
<srchout>
<crecord><classnum ref = "C117S000000" doc = "Class117.sgm">117</classnum>
<subref><clstitle>Single-Crystal, Oriented-Crystal, and Epitaxy
Growth Processes; Non-Coating Apparatus Therefor</clstitle>
<pretext></pretext></subref>
<descript><para>appropriate subclasses for processes and non-coating
apparatus for growing therein-defined single-crystal of all types
of materials, including use of or means including a concentrating
evaporator.</para></descript></crecord>
<crecord><classnum ref = "C422S000000" doc = "Class422.sgm">422</classnum>
<subref><clstitle>Chemical Apparatus and Process Disinfecting, Deodorizing,
Preserving, or Sterilizing</clstitle>
<pretext></pretext>
<subnum range = "p" ref = "C422S129000" doc = "Class422.sgm">129</subnum></subref>
<descript><para> or 245.1&plus; for non-coating crystallizer
apparatus excluded from Class 159 and not provided for elsewhere.</para></descript></crecord></srchout></subclass>
<subclass subnum = "46" id = "C159S046000">
<sctitle>PRELIMINARY HEATERS AND HEAT ECONOMIZERS:</sctitle>
<parent ref = "C159S000000" doc = "Class159.sgm">the class definition</parent>
<scdesc>Apparatus combined with or specifically designed for use
in combination with means to effect a saving of heat.</scdesc>
<srchin>
<srecord><subnum range = "p" ref = "C159S017100" doc = "Class159.sgm">17.1</subnum>
<descript><para>for concentrating apparatus with multiple effects.</para></descript></srecord></srchin>
<srchout>
<crecord><classnum ref = "C122S000000" doc = "Class122.sgm">122</classnum>
<subref><clstitle>Liquid Heaters and Vaporizers</clstitle>
<pretext></pretext>
<subnum range = "p" ref = "C122S412000" doc = "Class122.sgm">412</subnum></subref>
<descript><para> for feed heaters for boilers generally.</para></descript></crecord></srchout></subclass>
<subclass subnum = "47.1" id = "C159S047100">
<sctitle>PROCESSES:</sctitle>
<parent ref = "C159S000000" doc = "Class159.sgm">the class definition</parent>
<scdesc>Subject matter relating to methods of concentration.</scdesc>
<srchout>
<crecord><classnum ref = "C023S000000" doc = "Class023.sgm">23</classnum>
<subref><clstitle>Chemistry: Physical Processes</clstitle>
<pretext></pretext>
<subnum range = "p" ref = "C023S295000" doc = "Class023.sgm">295</subnum></subref>
<descript><para> for processes of concentration by evaporation combined
with significant crystallization.</para></descript></crecord>
<crecord><classnum ref = "C127S000000" doc = "Class127.sgm">127</classnum>
<subref><clstitle>Sugar, Starch, and Carbohydrates</clstitle>
<pretext></pretext>
<subnum range = "p" ref = "C127S061000" doc = "Class127.sgm">61</subnum></subref>
<descript><para> for a concentration process peculiar to sugar.</para></descript></crecord>
<crecord><classnum ref = "C210S000000" doc = "Class210.sgm">210</classnum>
<subref><clstitle>Liquid Purification or Separation</clstitle>
<pretext></pretext>
<subnum range = "p" ref = "C210S774000" doc = "Class210.sgm">774</subnum></subref>
<descript><para> for a process of separating combined with heating
or cooling.</para></descript></crecord>
<crecord><classnum ref = "C424S000000" doc = "Class424.sgm">424</classnum>
<subref><clstitle>Drug, Bio-Affecting and Body Treating Compositions</clstitle>
<pretext></pretext></subref>
<descript><para>appropriate subclasses for a process for producing
a concentrate composition of that class; e.g., concentrating animal
extracts such as fish liver oils to obtain a vitamin composition,
etc.</para></descript></crecord>
<crecord><classnum ref = "C426S000000" doc = "Class426.sgm">426</classnum>
<subref><clstitle>Food or Edible Material:  Processes, Compositions,
and Products</clstitle>
<pretext></pretext></subref>
<descript><para>appropriate subclasses for a food working operation
combined with the step concentrating.</para></descript></crecord></srchout></subclass>
<subclass subnum = "47.2" id = "C159S047200">
<sctitle>Involving urea:</sctitle>
<parent ref = "C159S047100" doc = "Class159.sgm">subclass 47.1</parent>
<scdesc>Processes wherein an urea containing material is concentrated.</scdesc></subclass>
<subclass subnum = "47.3" id = "C159S047300">
<sctitle>Involving waste liquid:</sctitle>
<parent ref = "C159S047100" doc = "Class159.sgm">subclass 47.1</parent>
<scdesc>Processes wherein a liquid by product is concentrated.</scdesc></subclass>
<subclass subnum = "48.1" id = "C159S048100">
<sctitle>Spraying:</sctitle>
<parent ref = "C159S047100" doc = "Class159.sgm">subclass 47.1</parent>
<scdesc>Process in which the liquid to be concentrated is reduced
to the form of a spray during concentration.</scdesc>
<srchout>
<crecord><classnum ref = "C203S000000" doc = "Class203.sgm">203</classnum>
<subref><clstitle>Distillation:  Processes, Separatory</clstitle>
<pretext></pretext>
<subnum range = "s" ref = "C203S090000" doc = "Class203.sgm">90</subnum></subref>
<descript><para> for a separatory distillation process in which
the distillant is introduced into the vaporization zone in the form
of a spray.</para></descript></crecord></srchout></subclass>
<subclass subnum = "48.2" id = "C159S048200">
<sctitle>Producing liquid product:</sctitle>
<parent ref = "C159S048100" doc = "Class159.sgm">subclass 48.1</parent>
<scdesc>Process for making a product which is liquid in its final
form.</scdesc></subclass>
<subclass subnum = "49" id = "C159S049000">
<sctitle>Film:</sctitle>
<parent ref = "C159S047100" doc = "Class159.sgm">subclass 47.1</parent>
<scdesc>Processes in which the liquid to be concentrated is spread
in the form of a film or thin layer for evaporation.</scdesc>
<srchout>
<crecord><classnum ref = "C203S000000" doc = "Class203.sgm">203</classnum>
<subref><clstitle>Distillation:  Processes, Separatory</clstitle>
<pretext></pretext>
<subnum range = "r" ref = "C203S072000" doc = "Class203.sgm">72</subnum></subref>
<descript><para> and 89 for a separatory distillation process in
which the distilland is spread on a surface in a thin film.</para></descript></crecord></srchout></subclass></sclasses>
<xrefcols>
<subclass subnum = "900" id = "C159S900000">
<sctitle>USING VIBRATORY FORCE:</sctitle>
<parent ref = "C159S000000" doc = "Class159.sgm">the class definition</parent>
<scdesc>Art collection for encouraging positive circulatory motion.</scdesc></subclass>
<subclass subnum = "901" id = "C159S901000">
<sctitle>PROMOTING CIRCULATION:</sctitle>
<parent ref = "C159S000000" doc = "Class159.sgm">the class definition</parent>
<scdesc>Art collection for encouraging positive circulatory motion.</scdesc></subclass>
<subclass subnum = "902" id = "C159S902000">
<sctitle>USING NATURAL HEAT:</sctitle>
<parent ref = "C159S000000" doc = "Class159.sgm">the class definition</parent>
<scdesc>Art collection for using natural heat in any of its forms.</scdesc></subclass>
<subclass subnum = "903" id = "C159S903000">
<sctitle>Solar:</sctitle>
<scdesc>Art collection under 902 wherein the sun furnishes heat.</scdesc></subclass>
<subclass subnum = "904" id = "C159S904000">
<sctitle>Floating solar still:</sctitle>
<scdesc>Art collection under 903 in the form of solar still means.</scdesc></subclass>
<subclass subnum = "905" id = "C159S905000">
<sctitle>SEWAGE TREATMENT:</sctitle>
<parent ref = "C159S000000" doc = "Class159.sgm">the class definition</parent>
<scdesc>Art collection involving concentrating sewage.</scdesc></subclass>
<subclass subnum = "906" id = "C159S906000">
<sctitle>WICK:</sctitle>
<parent ref = "C159S000000" doc = "Class159.sgm">the class definition</parent>
<scdesc>Art collection involving use of a wick.</scdesc></subclass></xrefcols>
</class>
