<?xml version="1.0" encoding="UTF-8"?>
<!DOCTYPE class PUBLIC "-//USPTO//DTD Classification Definitions//EN" "xclassdef.dtd" [

<!-- Begin Document Specific Declarations -->

<!-- End Document Specific Declarations -->

]>
<?xml-stylesheet href="classdef.xsl" type="text/XSL"?>

<class classnum = "291" id = "C291S000000"><title>TRACK SANDERS</title>
<sections><descsect>
<para>Means for applying sand or like material to vehicle-wheel
treads or to vehicle-tracks, such as automobile-roads or railway-rails,
or to both the wheel-treads and tracks, for the purpose of increasing
the tractive effect between such wheels and roads or rails.</para>
</descsect>
<scsect>
<srchout>
<crecord><classnum ref = "C118S000000" doc = "Class118.sgm">118</classnum>
<subref><clstitle>Coating Apparatus</clstitle>
<pretext>appropriate subclasses for coating apparatus, per se, and
especially </pretext>
<subnum range = "p" ref = "C118S308000" doc = "Class118.sgm">308</subnum></subref>
<descript><para> for apparatus for projecting particulate material
on work pieces.</para></descript></crecord>
<crecord><classnum ref = "C222S000000" doc = "Class222.sgm">222</classnum>
<subref><clstitle>Dispensing</clstitle>
<pretext></pretext></subref>
<descript><para>for dispensing apparatus in general and see the
classes noted in sections 12, 16, and 17 of the class definition.</para></descript></crecord>
<crecord><classnum ref = "C239S000000" doc = "Class239.sgm">239</classnum>
<subref><clstitle>Fluid Sprinkling, Spraying, and Diffusing</clstitle>
<pretext></pretext>
<subnum range = "p" ref = "C239S650000" doc = "Class239.sgm">650</subnum></subref>
<descript><para> for vehicles the sole purpose of which is to distribute
sand on highways for use by other vehicles, and comprising a container
for nonfluid material (sand) and means to scatter or strew the material
over an extended area.</para></descript></crecord></srchout>
</scsect></sections>
<sclasses>
<subclass subnum = "1" id = "C291S001000">
<sctitle>MISCELLANEOUS:</sctitle>
<parent ref = "C291S000000" doc = "Class291.sgm"> the class definition</parent>
<scdesc>Track-sanders not specifically provided for below.</scdesc></subclass>
<subclass subnum = "2" id = "C291S002000">
<sctitle>WHEEL-SLIP CONTROL:</sctitle>
<parent ref = "C291S000000" doc = "Class291.sgm"> the class definition</parent>
<scdesc>The sand-dispensing device is automatically operated by
the slipping or skidding of a traction-wheel or the relative slipping
of two or more traction-wheels.</scdesc></subclass>
<subclass subnum = "3" id = "C291S003000">
<sctitle>FLUID DELIVERY:</sctitle>
<parent ref = "C291S000000" doc = "Class291.sgm"> the class definition</parent>
<scdesc>Devices in which the sand is displaced and propelled or
after gravity release is propelled through the delivery-pipe by
either air, steam, water, or engine exhaust-gases.</scdesc>
<srchout>
<crecord><classnum ref = "C222S000000" doc = "Class222.sgm">222</classnum>
<subref><clstitle>Dispensing</clstitle>
<pretext></pretext>
<subnum range = "p" ref = "C222S630000" doc = "Class222.sgm">630</subnum></subref>
<descript><para> for dispensers involving fluid flow discharge.</para></descript></crecord>
<crecord><classnum ref = "C406S000000" doc = "Class406.sgm">406</classnum>
<subref><clstitle>Conveyors:  Fluid Current</clstitle>
<pretext></pretext></subref>
<descript><para>for pertinent subclass(es) as determined by schedule
review.</para></descript></crecord>
<crecord><classnum ref = "C451S000000" doc = "Class451.sgm">451</classnum>
<subref><clstitle>Abrading</clstitle>
<pretext></pretext>
<subnum range = "p" ref = "C451S075000" doc = "Class451.sgm">75</subnum></subref>
<descript><para> for a sandblast apparatus, generally.</para></descript></crecord></srchout></subclass>
<subclass subnum = "4" id = "C291S004000">
<sctitle>Smoke and cinder:</sctitle>
<parent ref = "C291S003000" doc = "Class291.sgm">subclass 3</parent>
<scdesc>The cinders or smoke and cinders from a steam-locomotive
smoke-stack are utilized instead of sand.</scdesc></subclass>
<subclass subnum = "5" id = "C291S005000">
<sctitle>Reversing:</sctitle>
<parent ref = "C291S003000" doc = "Class291.sgm">subclass 3</parent>
<scdesc>Reversing means for fluid-pressure sand-delivery apparatus
to effect track-sanding in front of or at the rear of the traction-wheels
at will.</scdesc></subclass>
<subclass subnum = "6" id = "C291S006000">
<sctitle>Movable trap valve:</sctitle>
<parent ref = "C291S003000" doc = "Class291.sgm">subclass 3</parent>
<scdesc>The sand-blast trap has a movable valve for determining
which delivery-pipe is to be used and the other cut out.</scdesc></subclass>
<subclass subnum = "7" id = "C291S007000">
<sctitle>Gravity conversion:</sctitle>
<parent ref = "C291S003000" doc = "Class291.sgm">subclass 3</parent>
<scdesc>Supplemental attachments for fluid sand-delivery apparatus,
so that in case of absence of or failure of fluid-pressure or at
will a gravity sand-feed may be thrown into operation.</scdesc></subclass>
<subclass subnum = "8" id = "C291S008000">
<sctitle>Bypass:</sctitle>
<parent ref = "C291S007000" doc = "Class291.sgm">subclass 7</parent>
<scdesc>The gravity-feed pipe has a cut-off valve and the sand-blast
feed is through a by-pass around the gravity cut-off valve.</scdesc></subclass>
<subclass subnum = "9" id = "C291S009000">
<sctitle>Horizontal trap axis:</sctitle>
<parent ref = "C291S007000" doc = "Class291.sgm">subclass 7</parent>
<scdesc>The sand-trap is located either in the side walls or below
the floor of the sand-dome and is swung in a vertical plane to clear
the opening to the discharge-pipe for gravity feed.</scdesc></subclass>
<subclass subnum = "10" id = "C291S010000">
<sctitle>Vertical trap axis:</sctitle>
<parent ref = "C291S007000" doc = "Class291.sgm">subclass 7</parent>
<scdesc>The sand-trap, usually on the floor of the sand-dome, is
moveably mounted and is swung horizontally to uncover the sand-outlet
for gravity operation.</scdesc></subclass>
<subclass subnum = "11.1" id = "C291S011100">
<sctitle>Including sand trap:</sctitle>
<parent ref = "C291S003000" doc = "Class291.sgm">subclass 3</parent>
<scdesc>Service comprising a retaining obstruction or horizontal
passage to which the sand is delivered for engagement thereat by
the air, steam, water, engine exhaust gas or other fluid. The fluid
moves the sand over the obstruction or along the passage into the
delivery pipe.</scdesc></subclass>
<subclass subnum = "11.2" id = "C291S011200">
<sctitle>Multiple fluid inlets for delivery pipe:</sctitle>
<parent ref = "C291S011100" doc = "Class291.sgm">subclass 11.1</parent>
<scdesc>Device having two openings or nozzles through which the
fluid flows to engage and move the sand to or through the delivery
pipe.</scdesc>
<notes><note1 notenum = "(1)">
<para>Note.  A service must have two openings or nozzles associated
with a single, common delivery pipe for inclusion in this subclass.</para></note1>
<note1 notenum = "(2)">
<para>Note.  In a device of this subclass, the fluid can flow from
the two openings or nozzles concurrently or at different times.
 Devices having a particular fluid delivery nozzle in combination
with a cleanout blast nozzle or stirring nozzle are included in
this subclass.</para></note1>
<note1 notenum = "(3)">
<para>Note.  A device in which fluid flowing from one opening or
nozzle induces additional flow from a second opening or nozzle is
included in this subclass.</para></note1></notes></subclass>
<subclass subnum = "11.3" id = "C291S011300">
<sctitle>Specified means to alter inlet fluid flow:</sctitle>
<parent ref = "C291S011100" doc = "Class291.sgm">subclass 11.1</parent>
<scdesc>Device wherein significance is attributed to means to change
the character of a flowing fluid prior to its engagement with the
sand.</scdesc>
<notes><note1 notenum = "(1)">
<para>Note.  The character of a flowing fluid may be changed by
altering the flow rate, the location of the flow, etc.</para></note1>
<note1 notenum = "(2)">
<para>Note.  A device comprising a mere valve or control means located
upstream of the trap which changes the character of the fluid flow
is not included in this subclass unless particular structure of
the valve or control means is provided or unless particular valve
or control means operation or structure is recited.</para></note1></notes>
<srchin>
<srecord><subnum ref = "C291S011200" doc = "Class291.sgm">11.2</subnum>
<descript><para>for fluid delivery devices having a sand-trap and
multiple fluid inlets for propelling sand to or though a delivery
pipe, particularly those devices wherein fluid flow from the two
inlets is adjusted interdependently.</para></descript></srecord></srchin></subclass>
<subclass subnum = "12" id = "C291S012000">
<sctitle>Blast-nozzle cleaners:</sctitle>
<parent ref = "C291S003000" doc = "Class291.sgm">subclass 3</parent>
<scdesc>Movable mechanical cleaning elements, as wires or pins,
for removing sand from the blast-nozzles in sand-traps.</scdesc></subclass>
<subclass subnum = "13" id = "C291S013000">
<sctitle>Air ports and screens:</sctitle>
<parent ref = "C291S003000" doc = "Class291.sgm">subclass 3</parent>
<scdesc>Special forms of ports in blast-nozzles to impart a special
form to the air-jet or to prevent sand from backing up into the
blast-nozzle and screens or strainers for preventing the sand from
backing up through the blast-nozzles.</scdesc></subclass>
<subclass subnum = "14" id = "C291S014000">
<sctitle>BRAKE-HANDLE CONTROL:</sctitle>
<parent ref = "C291S000000" doc = "Class291.sgm"> the class definition</parent>
<scdesc>The movement of the brake or engineer&quot;s valve handle
at a determined point in its movement engages an abutment, which
operates the control-valve of fluid sand-delivery apparatus or the
sand-feeding device in a gravity sand apparatus or opens a port
to control the sand-feeding device.</scdesc></subclass>
<subclass subnum = "15" id = "C291S015000">
<sctitle>BRAKE-SYSTEM CONTROL:</sctitle>
<parent ref = "C291S000000" doc = "Class291.sgm"> the class definition</parent>
<scdesc>The movement of some valve other than the engineer&quot;s
brake-valve or of some movable member of a brake system operates the
control-valve of a fluid-operated sanding device or a sand-feeding
device in a gravity sanding apparatus.</scdesc></subclass>
<subclass subnum = "16" id = "C291S016000">
<sctitle>HAND-VALVE CONTROL:</sctitle>
<parent ref = "C291S000000" doc = "Class291.sgm"> the class definition</parent>
<scdesc>Hand-operated valves for control of fluid-pressure sanders.</scdesc></subclass>
<subclass subnum = "17" id = "C291S017000">
<sctitle>ALARMS:</sctitle>
<parent ref = "C291S000000" doc = "Class291.sgm"> the class definition</parent>
<scdesc>Sound-producing devices, air-blowers, or indicators to give
warning as to the operation of the sand-delivery mechanism.</scdesc></subclass>
<subclass subnum = "18" id = "C291S018000">
<sctitle>JET IN HOPPER:</sctitle>
<parent ref = "C291S000000" doc = "Class291.sgm"> the class definition</parent>
<scdesc>An air or steam jet discharges into the top of the hopper
for effecting pressure on the mass of sand or discharges into the
mass of sand for the purposes of heating, drying, or breaking up
caked sand.  This subclass does not include devices for blowing
sand out of the hopper.</scdesc></subclass>
<subclass subnum = "19" id = "C291S019000">
<sctitle>HEATERS:</sctitle>
<parent ref = "C291S000000" doc = "Class291.sgm"> the class definition</parent>
<scdesc>Heating devices for heating or drying the sand, the compressed
air, or the sand-delivery apparatus, as by hot air, gas-engine exhaust,
etc.</scdesc>
<srchout>
<crecord><classnum ref = "C222S000000" doc = "Class222.sgm">222</classnum>
<subref><clstitle>Dispensing</clstitle>
<pretext></pretext>
<subnum range = "r" ref = "C222S113000" doc = "Class222.sgm">113</subnum></subref>
<descript><para>, 131, and 146.1&plus; for other dispensers
combined with heaters.</para></descript></crecord></srchout></subclass>
<subclass subnum = "20" id = "C291S020000">
<sctitle>Electric:</sctitle>
<parent ref = "C291S019000" doc = "Class291.sgm">subclass 19</parent>
<scdesc>Electric-resistance heaters for sand, air, sand-hoppers,
and delivery-pipes.</scdesc>
<srchout>
<crecord><classnum ref = "C222S000000" doc = "Class222.sgm">222</classnum>
<subref><clstitle>Dispensing</clstitle>
<pretext></pretext>
<subnum range = "s" ref = "C222S333000" doc = "Class222.sgm">333</subnum></subref>
<descript><para> for electric motor operated impelling devices for dispensers.</para></descript></crecord></srchout></subclass>
<subclass subnum = "21" id = "C291S021000">
<sctitle>Steam:</sctitle>
<parent ref = "C291S019000" doc = "Class291.sgm">subclass 19</parent>
<scdesc>Steam chambers and pipes for heating sand and sand-delivery
pipes by radiation.</scdesc>
<srchout>
<crecord><classnum ref = "C222S000000" doc = "Class222.sgm">222</classnum>
<subref><clstitle>Dispensing</clstitle>
<pretext></pretext>
<subnum range = "s" ref = "C222S334000" doc = "Class222.sgm">334</subnum></subref>
<descript><para> for fluid motor operated impellers for dispensers.</para></descript></crecord></srchout></subclass>
<subclass subnum = "22" id = "C291S022000">
<sctitle>POWER-ACTUATED:</sctitle>
<parent ref = "C291S000000" doc = "Class291.sgm"> the class definition</parent>
<scdesc>The sand-dispensing mechanism is driven by power, as by
connection with a car wheel or axle.</scdesc>
<srchout>
<crecord><classnum ref = "C222S000000" doc = "Class222.sgm">222</classnum>
<subref><clstitle>Dispensing</clstitle>
<pretext></pretext>
<subnum range = "p" ref = "C222S611100" doc = "Class222.sgm">611.1</subnum></subref>
<descript><para> for ambulant dispensers adapted to travel on rails
or tracks, and subclasses 613&plus; for ground wheel operated
dispensers.</para></descript></crecord></srchout></subclass>
<subclass subnum = "23" id = "C291S023000">
<sctitle>Electric:</sctitle>
<parent ref = "C291S022000" doc = "Class291.sgm">subclass 22</parent>
<scdesc>The sand is dispensed by the operation of an electric motor
or solenoid.</scdesc></subclass>
<subclass subnum = "24" id = "C291S024000">
<sctitle>Fluid:</sctitle>
<parent ref = "C291S022000" doc = "Class291.sgm">subclass 22</parent>
<scdesc>The sand-dispensing mechanism is operated by a rotary or
reciprocating pneumatic motor.</scdesc></subclass>
<subclass subnum = "25" id = "C291S025000">
<sctitle>SAND FEEDERS:</sctitle>
<parent ref = "C291S000000" doc = "Class291.sgm"> the class definition</parent>
<scdesc>Devices for releasing the sand so that it may fall by gravity
to the wheel or track. The term &ldquo;sand-feeders&rdquo; is
also used to include devices for stirring up sand in the hoppers
preliminary to feeding it out.</scdesc>
<srchout>
<crecord><classnum ref = "C222S000000" doc = "Class222.sgm">222</classnum>
<subref><clstitle>Dispensing</clstitle>
<pretext></pretext></subref>
<descript><para>appropriate subclasses for dispensers in general.</para></descript></crecord></srchout></subclass>
<subclass subnum = "26" id = "C291S026000">
<sctitle>Reversing:</sctitle>
<parent ref = "C291S025000" doc = "Class291.sgm">subclass 25</parent>
<scdesc>Sand-feeding apparatus operable at will for delivering sand
either in front of or behind the vehicle traction-wheels.</scdesc></subclass>
<subclass subnum = "27" id = "C291S027000">
<sctitle>Chain:</sctitle>
<parent ref = "C291S025000" doc = "Class291.sgm">subclass 25</parent>
<scdesc>The sand is fed to the delivery-pipe by a moving-chain feed.</scdesc></subclass>
<subclass subnum = "28" id = "C291S028000">
<sctitle>Oscillatory:</sctitle>
<parent ref = "C291S025000" doc = "Class291.sgm">subclass 25</parent>
<scdesc>The sand releasing and stirring members have an angular
to-and-fro movement about axes at right angles to the plane of rotation.
 The releasing members are hinged doors, cylindrical segments, recessed
or smooth, or of the perforated-plug-valve type.</scdesc></subclass>
<subclass subnum = "29" id = "C291S029000">
<sctitle>Cup:</sctitle>
<parent ref = "C291S028000" doc = "Class291.sgm">subclass 28</parent>
<scdesc>The pivoted cups cap the hopper discharge- openings.</scdesc></subclass>
<subclass subnum = "30" id = "C291S030000">
<sctitle>Hopper:</sctitle>
<parent ref = "C291S028000" doc = "Class291.sgm">subclass 28</parent>
<scdesc>The entire sand-hopper is tilted to cause a discharge of
the sand.</scdesc></subclass>
<subclass subnum = "31" id = "C291S031000">
<sctitle>Spout cutoff:</sctitle>
<parent ref = "C291S028000" doc = "Class291.sgm">subclass 28</parent>
<scdesc>The pipes for delivering sand to the track are hinged adjacent
the hoppers, are flexible, or are bodily movable, so that when the
pipes are moved or bent the sand-discharge is cut off.</scdesc></subclass>
<subclass subnum = "32" id = "C291S032000">
<sctitle>Rotary:</sctitle>
<parent ref = "C291S025000" doc = "Class291.sgm">subclass 25</parent>
<scdesc>Rotary plates and cylindrical members adapted to rotate
either continuously in the same direction or through a complete
revolution.  This subclass also includes centrifugal sowers.</scdesc></subclass>
<subclass subnum = "33" id = "C291S033000">
<sctitle>Screw:</sctitle>
<parent ref = "C291S025000" doc = "Class291.sgm">subclass 25</parent>
<scdesc>Sand mixers or discharge devices of helical or screw form.</scdesc></subclass>
<subclass subnum = "34" id = "C291S034000">
<sctitle>Longitudinal slide:</sctitle>
<parent ref = "C291S025000" doc = "Class291.sgm">subclass 25</parent>
<scdesc>Sand-discharging and mixing plates or members having rectilinear
sliding movement in the sides or bottoms of the sand-hoppers.</scdesc></subclass>
<subclass subnum = "35" id = "C291S035000">
<sctitle>Pivoted slide:</sctitle>
<parent ref = "C291S025000" doc = "Class291.sgm">subclass 25</parent>
<scdesc>Plates with pivot-axes at right angles to the plates, so
that the plane of the plate and its plane of movement are the same.</scdesc></subclass>
<subclass subnum = "36" id = "C291S036000">
<sctitle>Vertical plunger:</sctitle>
<parent ref = "C291S025000" doc = "Class291.sgm">subclass 25</parent>
<scdesc>The plungers pass upwardly into the interior of the sand-hoppers
and so are usually combined mixers and discharge-valves.</scdesc></subclass>
<subclass subnum = "37" id = "C291S037000">
<sctitle>Helical guide:</sctitle>
<parent ref = "C291S036000" doc = "Class291.sgm">subclass 36</parent>
<scdesc>Same as 36 with addition of means for giving the plunger
a turning movement as it moves up and down in the hopper.</scdesc></subclass>
<subclass subnum = "38" id = "C291S038000">
<sctitle>SAND HOPPERS:</sctitle>
<parent ref = "C291S000000" doc = "Class291.sgm"> the class definition</parent>
<scdesc>Details of sand-hoppers not otherwise classified below.</scdesc></subclass>
<subclass subnum = "39" id = "C291S039000">
<sctitle>Wheel guard:</sctitle>
<parent ref = "C291S038000" doc = "Class291.sgm">subclass 38</parent>
<scdesc>Sand-reservoirs combined with the wheel-guards of automobiles.</scdesc></subclass>
<subclass subnum = "40" id = "C291S040000">
<sctitle>Dome:</sctitle>
<parent ref = "C291S038000" doc = "Class291.sgm">subclass 38</parent>
<scdesc>Dome-shaped sand -reservoirs located on top of steam-locomotive
boilers.</scdesc></subclass>
<subclass subnum = "41" id = "C291S041000">
<sctitle>SAND-DELIVERY PIPE:</sctitle>
<parent ref = "C291S000000" doc = "Class291.sgm"> the class definition</parent>
<scdesc>Details of sand-delivery spouts and pipes not otherwise
classified below.</scdesc></subclass>
<subclass subnum = "42" id = "C291S042000">
<sctitle>Cleaners:</sctitle>
<parent ref = "C291S041000" doc = "Class291.sgm">subclass 41</parent>
<scdesc>Movable devices inside the sand-pipes for cleaning them.</scdesc>
<srchout>
<crecord><classnum ref = "C222S000000" doc = "Class222.sgm">222</classnum>
<subref><clstitle>Dispensing</clstitle>
<pretext></pretext>
<subnum range = "p" ref = "C222S148000" doc = "Class222.sgm">148</subnum></subref>
<descript><para> for other dispensers combined with a cleaner.</para></descript></crecord></srchout></subclass>
<subclass subnum = "43" id = "C291S043000">
<sctitle>Fluid:</sctitle>
<parent ref = "C291S042000" doc = "Class291.sgm">subclass 42</parent>
<scdesc>A current of air or steam is blown through the delivery-pipe.
 In case of a delivery-pipe in fluid sanding system the cleaning-current
is additional to the sand, air, or steam blast for moving the sand.</scdesc></subclass>
<subclass subnum = "44" id = "C291S044000">
<sctitle>Flexible:</sctitle>
<parent ref = "C291S041000" doc = "Class291.sgm">subclass 41</parent>
<scdesc>Flexible and articulated delivery-pipes designed to accommodate
relative movement between traction-wheel frames and other parts of
the vehicle due to relative vertical movements of such parts or
to relative angular movement when rounding curves.</scdesc>
<srchout>
<crecord><classnum ref = "C222S000000" doc = "Class222.sgm">222</classnum>
<subref><clstitle>Dispensing</clstitle>
<pretext></pretext>
<subnum range = "p" ref = "C222S527000" doc = "Class222.sgm">527</subnum></subref>
<descript><para> for other flexible dispenser outlet pipes or nozzles.</para></descript></crecord></srchout></subclass>
<subclass subnum = "45" id = "C291S045000">
<sctitle>Telescopic:</sctitle>
<parent ref = "C291S041000" doc = "Class291.sgm">subclass 41</parent>
<scdesc>A plurality of sections of sand-delivery pipes having sliding
connection with each other.</scdesc>
<srchout>
<crecord><classnum ref = "C222S000000" doc = "Class222.sgm">222</classnum>
<subref><clstitle>Dispensing</clstitle>
<pretext></pretext>
<subnum range = "s" ref = "C222S523000" doc = "Class222.sgm">523</subnum></subref>
<descript><para> for other telescopic delivery pipes or nozzles.</para></descript></crecord></srchout></subclass>
<subclass subnum = "46" id = "C291S046000">
<sctitle>Nozzles:</sctitle>
<parent ref = "C291S041000" doc = "Class291.sgm">subclass 41</parent>
<scdesc>Details or nozzles, such as sleeves, inserts, and tip forms.</scdesc>
<srchout>
<crecord><classnum ref = "C222S000000" doc = "Class222.sgm">222</classnum>
<subref><clstitle>Dispensing</clstitle>
<pretext></pretext>
<subnum range = "p" ref = "C222S566000" doc = "Class222.sgm">566</subnum></subref>
<descript><para> for other dispenser nozzles.</para></descript></crecord></srchout></subclass>
<subclass subnum = "47" id = "C291S047000">
<sctitle>Pivoted:</sctitle>
<parent ref = "C291S046000" doc = "Class291.sgm">subclass 46</parent>
<scdesc>This includes nozzle-tips pivoted to the pipe adjacent the
wheel or track.</scdesc>
<srchout>
<crecord><classnum ref = "C222S000000" doc = "Class222.sgm">222</classnum>
<subref><clstitle>Dispensing</clstitle>
<pretext></pretext>
<subnum range = "p" ref = "C222S526000" doc = "Class222.sgm">526</subnum></subref>
<descript><para> for other movable dispenser nozzles and see the notes
for other subclasses having such subject matter, subclasses 533&plus; having
swingable nozzles.</para></descript></crecord></srchout></subclass>
<subclass subnum = "48" id = "C291S048000">
<sctitle>SAND SCREENS:</sctitle>
<parent ref = "C291S000000" doc = "Class291.sgm"> the class definition</parent>
<scdesc>Devices for preventing the passage of pebbles or coarse
foreign matter to the sand-delivery devices.</scdesc></subclass></sclasses>
</class>
