<?xml version="1.0" encoding="UTF-8"?>
<!DOCTYPE class PUBLIC "-//USPTO//DTD Classification Definitions//EN" "xclassdef.dtd" [

<!-- Begin Document Specific Declarations -->

<!-- End Document Specific Declarations -->

]>
<?xml-stylesheet href="classdef.xsl" type="text/XSL"?>

<class classnum = "290" id = "C290S000000"><title>PRIME-MOVER DYNAMO
PLANTS</title>
<sections><descsect>
<para>This class includes patents for the production and transmission
of electric power and does not include any specific use to which
the power is put. (Note. The mere reference to or the inclusion
in a claim of an energy-consuming device, broadly stated--as, for
example, a &ldquo;lamp&rdquo;, &ldquo;heater&rdquo;,
or &ldquo;tool&rdquo;--is not sufficient to exclude the patent
from this class). It includes the following groups when the invention
includes some motor other than a dynamo electric machine in combination
with a dynamo electric machine:</para>
<para>Wherein a proximate function of the entire combination is
the generation of electricity by a dynamo-electric machine or such
generation combined with the transmission, storage, or control of
the current generated. There may be an additional function of production, transmission,
storage, or control of some power other than electrical.</para>
<para>Wherein a proximate function of the entire combination is
that of an electric motor. There may be an additional function of
production, transmission, storage, or control of some power other
than electrical.</para>
<para>Wherein the direction in which the energy flows (whether from
the dynamo electric machine to the motor or from the motor to the
dynamo-electric machine) is not essential to the invention. These
are mostly structural combinations. Includes the combination of
an internal-combustion engine and magneto unless the ignition system
is claimed. A magneto in combination with a timing means is regarded
as a subcombination of an internal-combustion engine.</para>
<para>Wherein the operation involves an interchange of energy between
the motor and the dynamo-electric machine and the dynamo electric
machine is not subsidiary to the motor, but may as well be a source
of external energy as the motor. A magneto connected with an ignition
system of an internal-combustion engine is considered subsidiary
to the internal-combustion engine.</para>
<para>Dynamo electric-machine starters for engines, the dynamo electric
machine being mechanically connected to the engine to drive the
same. Claims including an engine and starter, if the latter is shown
as a dynamo electric machine starter, are included. Dynamo electric machines
disclosed as starters for engines are included, even through the
engine is not claimed, provided the elements claimed require for
their operation a reversal of energy flow to and from the engine.</para>
<para>Power production and transmission systems wherein the dynamo
electric machine above referred to charges a storage battery.</para>
<notes><note1 notenum = "(1)">
<para>Note. Pumps operated by motors, which motors are controlled
by fluid-pressure or other fluid condition produced by the pump,
are excluded.</para></note1>
<note1 notenum = "(2)">
<para>Note. All patents in this class disclosing dynamo electric
machines having a &ldquo;rotary field and armature&rdquo;,
special internal-combustion-engine &ldquo;ignition&rdquo;,
prime-mover &ldquo;starting-motors&rdquo;, or &ldquo;engine-control&rdquo; features
may be found by searching the subclasses having these terms in their
titles.</para></note1>
<note1 notenum = "(3)">
<para>Note. All patents disclosing batteries may be found by searching
subclasses 16, 41 and 50, and the &ldquo;starting-motor&rdquo; subclasses.</para></note1></notes>
</descsect>
<linesect>
<para>A compilation of all types of motors will be found in the Notes
to the class definition of Class 60.</para>
</linesect>
<scsect>
<srchout>
<crecord><classnum ref = "C074S000000" doc = "Class074.sgm">74</classnum>
<subref><clstitle>Machine Element or Mechanism, and 192, Clutches
and Power-Stop Control</clstitle>
<pretext></pretext></subref>
<descript><para>for the combinations of this class where the starter
is merely a cranking means for the engine and the invention resides
in the gearing or clutch connecting the starter to the engine, respectively.</para></descript></crecord>
<crecord><classnum ref = "C123S000000" doc = "Class123.sgm">123</classnum>
<subref><clstitle>Internal-Combustion Engines</clstitle>
<pretext></pretext></subref>
<descript><para>for the combinations of this class where the starter
is merely a cranking means adjunctive to means modifying the operation
of an internal-combustion engine, and no other structure of the
starter of its relation to the engine is claimed than would be set
forth by the mere inclusion of the electric motor as an element
of the combination.</para></descript></crecord></srchout>
</scsect></sections>
<sclasses>
<subclass subnum = "1" id = "C290S001000">
<sctitle>MISCELLANEOUS:</sctitle>
<parent ref = "C290S000000" doc = "Class290.sgm">the class definition</parent>
<scdesc>Inventions not otherwise classified.</scdesc></subclass>
<subclass subnum = "2" id = "C290S002000">
<sctitle>HEATING PLANTS:</sctitle>
<parent ref = "C290S000000" doc = "Class290.sgm">the class definition</parent>
<scdesc>Prime-mover dynamo plants having as a function the production
of heat.</scdesc>
<srchout>
<crecord><classnum ref = "C237S000000" doc = "Class237.sgm">237</classnum>
<subref><clstitle>Heating Systems</clstitle>
<pretext></pretext>
<subnum range = "s" ref = "C237S012300" doc = "Class237.sgm">12.3</subnum></subref>
<descript><para> for heat and power plants.</para></descript></crecord></srchout></subclass>
<subclass subnum = "3" id = "C290S003000">
<sctitle>TRAIN:</sctitle>
<parent ref = "C290S000000" doc = "Class290.sgm">the class definition</parent>
<scdesc>Prime-mover dynamo plants peculiarly adapted to use on trains
of vehicles. The particular construction of the vehicle is not included.</scdesc></subclass>
<subclass subnum = "4" id = "C290S004000">
<sctitle>PLURAL PRIME MOVER:</sctitle>
<parent ref = "C290S000000" doc = "Class290.sgm">the class definition</parent>
<scdesc>Prime-mover dynamo plants involving two or more motors other
than dynamo-electric machines.</scdesc>
<srchin>
<srecord><subnum ref = "C290S003000" doc = "Class290.sgm">3</subnum>
<descript><para></para></descript></srecord></srchin></subclass>
<subclass subnum = "5" id = "C290S005000">
<sctitle>ALTERNATING CURRENT, ROTARY FIELD AND ARMATURE:</sctitle>
<parent ref = "C290S000000" doc = "Class290.sgm">the class definition</parent>
<scdesc>Prime-mover dynamo plants including an alternating-current
dynamo electric machine having a field and armature, both of which
are rotatable.</scdesc></subclass>
<subclass subnum = "6" id = "C290S006000">
<sctitle>MULTIPLE-ARMATURE DYNAMO:</sctitle>
<parent ref = "C290S000000" doc = "Class290.sgm">the class definition</parent>
<scdesc>Prime-mover dynamo plants having a dynamo-electric machine
which comprises two or more armatures threaded by a single magnetic
flux.</scdesc>
<srchin>
<srecord><subnum ref = "C290S005000" doc = "Class290.sgm">5</subnum>
<descript><para>for plants of this character comprising dynamo electric
machines having fields and armatures both of which rotate.</para></descript></srecord></srchin></subclass>
<subclass subnum = "7" id = "C290S007000">
<sctitle>ELECTRIC CONTROL:</sctitle>
<parent ref = "C290S000000" doc = "Class290.sgm">the class definition</parent>
<scdesc>Prime-mover dynamo plants including control of, by or through
an electric circuit.</scdesc>
<srchin>
<srecord><subnum ref = "C290S003000" doc = "Class290.sgm">3</subnum>
<descript><para>4 and 5.</para></descript></srecord></srchin></subclass>
<subclass subnum = "8" id = "C290S008000">
<sctitle>Excitation dynamo:</sctitle>
<parent ref = "C290S007000" doc = "Class290.sgm">subclass 7</parent>
<scdesc>Prime-mover dynamo plants comprising a dynamo in a field-excitation
circuit of which is another dynamo for furnishing or controlling current
in the field-excitation circuit.</scdesc></subclass>
<subclass subnum = "-2" id = "C290S009&ast;&ast;1">
<sctitle>Electric-control, Traction.</sctitle>
<scdesc>Electric-control prime-mover dynamo plants wherein a function
of the combination is to move a load. The load may be moved by the prime
mover or by a dynamo-electric machine operating as a motor. The
load moved is generally that moved by the traction-wheels of a motor-vehicle.</scdesc></subclass>
<subclass subnum = "9" id = "C290S009000">
<sctitle>Electric traction motor:</sctitle>
<parent ref = "C290S000000" doc = "Class290.sgm">unnumbered subclass,
Traction</parent>
<scdesc>Electric-control traction prime-mover dynamo plants having
as a function thereof the movement of a load by a dynamo electric
machine operating as a motor. The load moved is generally that moved
by the traction-wheels of a motor-vehicle.</scdesc>
<srchout>
<crecord><classnum ref = "C318S000000" doc = "Class318.sgm">318</classnum>
<subref><clstitle>Electricity: Motive Power Systems</clstitle>
<pretext></pretext>
<subnum range = "p" ref = "C318S140000" doc = "Class318.sgm">140</subnum></subref>
<descript><para> for generator fed motor systems having generator
control.</para></descript></crecord></srchout></subclass>
<subclass subnum = "10" id = "C290S010000">
<sctitle>With starting and generating dynamo:</sctitle>
<parent ref = "C290S009000" doc = "Class290.sgm">subclass 9</parent>
<scdesc>Electric-control prime-mover dynamo plants having a dynamo
electric machine which acts as a traction-motor and in addition
a dynamo electric machine which acts as a motor for starting the
prime mover and as a generator.</scdesc></subclass>
<subclass subnum = "11" id = "C290S011000">
<sctitle>With generator:</sctitle>
<parent ref = "C290S010000" doc = "Class290.sgm">subclass 10</parent>
<scdesc>Electric-control prime-mover dynamo plants having in addition
to a dynamo electric machine which acts as a traction-motor another dynamo-electric
machine which acts as a motor for starting the prime mover and as
a generator and a third dynamo electric machine which acts as a
generator.</scdesc></subclass>
<subclass subnum = "12" id = "C290S012000">
<sctitle>Rotary field and armature:</sctitle>
<parent ref = "C290S010000" doc = "Class290.sgm">subclass 10</parent>
<scdesc>Electric-control traction-motor prime-mover dynamo plants
having in addition to the traction-motor a starting and generating
dynamo and wherein one or more of the dynamo electric machines have
both field and armature rotatable.</scdesc></subclass>
<subclass subnum = "13" id = "C290S013000">
<sctitle>Ignition:</sctitle>
<parent ref = "C290S010000" doc = "Class290.sgm">subclass 10</parent>
<scdesc>Electric-control prime-mover dynamo plants including an
electric traction-motor, a starting and generating dynamo, and an
internal-combustion engine which is provided with special igniting
means.</scdesc></subclass>
<subclass subnum = "14" id = "C290S014000">
<sctitle>With generator:</sctitle>
<parent ref = "C290S009000" doc = "Class290.sgm">subclass 9</parent>
<scdesc>Electric-control prime-mover dynamo plants including an
electric traction-motor and a dynamo electric machine which operated
as a generator.</scdesc></subclass>
<subclass subnum = "15" id = "C290S015000">
<sctitle>Rotary field and armature:</sctitle>
<parent ref = "C290S014000" doc = "Class290.sgm">subclass 14</parent>
<scdesc>Electric-control prime-mover dynamo plants including a dynamo
electric machine which acts as a traction-motor and a dynamo electric machine
which acts as a generator, one or both of said dynamo electric machines
having both field and armature rotatable.</scdesc></subclass>
<subclass subnum = "16" id = "C290S016000">
<sctitle>Battery:</sctitle>
<parent ref = "C290S014000" doc = "Class290.sgm">subclass 14</parent>
<scdesc>Electric-control prime-mover dynamo plants including a dynamo
electric machine which acts as a traction-motor, a dynamo electric machine
which acts as a generator, and a battery.</scdesc></subclass>
<subclass subnum = "17" id = "C290S017000">
<sctitle>Engine control:</sctitle>
<parent ref = "C290S014000" doc = "Class290.sgm">subclass 14</parent>
<scdesc>Electric-control prime-mover dynamo plants including a dynamo
electric machine which acts as a traction-motor, a dynamo electric machine
which acts as a generator, and a prime mover provided with controlling
means therefor.</scdesc></subclass>
<subclass subnum = "18" id = "C290S018000">
<sctitle>As starter:</sctitle>
<parent ref = "C290S009000" doc = "Class290.sgm">subclass 9</parent>
<scdesc>Electric-control prime-mover dynamo plants including a dynamo
electric machine which acts as a traction-motor and also as a motor
for starting the prime mover.</scdesc></subclass>
<subclass subnum = "19" id = "C290S019000">
<sctitle>As generator:</sctitle>
<parent ref = "C290S018000" doc = "Class290.sgm">subclass 18</parent>
<scdesc>Electric-control prime-mover dynamo plants including a dynamo
electric machine which acts as a traction-motor, as a motor for
starting the prime mover, and as an electric generator.</scdesc></subclass>
<subclass subnum = "20" id = "C290S020000">
<sctitle>Rotary field and armature:</sctitle>
<parent ref = "C290S019000" doc = "Class290.sgm">subclass 19</parent>
<scdesc>Electric-control prime-mover dynamo plants including a dynamo
electric machine which acts as a traction-motor, as a motor for
starting the prime mover, and as an electric generator, the field
and armature of said machine being both rotatable.</scdesc></subclass>
<subclass subnum = "21" id = "C290S021000">
<sctitle>Engine control:</sctitle>
<parent ref = "C290S018000" doc = "Class290.sgm">subclass 18</parent>
<scdesc>Electric-control prime-mover dynamo plants including a dynamo
electric machine which acts as a traction-motor and as a motor for starting
the prime mover, the prime mover being provided with means for controlling
the same.</scdesc></subclass>
<subclass subnum = "22" id = "C290S022000">
<sctitle>Starting and generating dynamo:</sctitle>
<parent ref = "C290S000000" doc = "Class290.sgm">unnumbered subclass,
Traction</parent>
<scdesc>Electric-control traction prime-mover dynamo plants including
a dynamo electric machine which acts as a motor for starting the
prime mover and as a generator.</scdesc></subclass>
<subclass subnum = "23" id = "C290S023000">
<sctitle>Rotary field and armature:</sctitle>
<parent ref = "C290S022000" doc = "Class290.sgm">subclass 22</parent>
<scdesc>Electric-control traction prime-mover dynamo plants including
a dynamo electric machine which acts as a motor for starting the
prime mover and as an electric generator and having a field and
armature, both of which rotate.</scdesc></subclass>
<subclass subnum = "24" id = "C290S024000">
<sctitle>Engine control:</sctitle>
<parent ref = "C290S023000" doc = "Class290.sgm">subclass 23</parent>
<scdesc>Electric-control traction prime-mover dynamo plants including
a dynamo electric machine which acts as a motor for starting the
prime mover and as a generator and has a field and armature, both
of which rotate, and a prime mover provided with means for controlling
the same.</scdesc></subclass>
<subclass subnum = "25" id = "C290S025000">
<sctitle>Engine control:</sctitle>
<parent ref = "C290S022000" doc = "Class290.sgm">subclass 22</parent>
<scdesc>Electric-control traction prime-mover dynamo plants including
a dynamo electric machine which acts as a motor to start the prime
mover and as a generator and a prime mover which is provided with
means for controlling the same.</scdesc></subclass>
<subclass subnum = "26" id = "C290S026000">
<sctitle>Ignition:</sctitle>
<parent ref = "C290S025000" doc = "Class290.sgm">subclass 25</parent>
<scdesc>Electric-control traction prime-mover dynamo plants including
a dynamo electric machine which acts as a motor for starting the
prime mover and as a generator and an internal-combustion engine
which is provided with special igniting means.</scdesc></subclass>
<subclass subnum = "27" id = "C290S027000">
<sctitle>Electric-starting motor with generator:</sctitle>
<parent ref = "C290S000000" doc = "Class290.sgm">unnumbered subclass,
Traction</parent>
<scdesc>Electric-control traction prime-mover dynamo plants including
a dynamo electric machine which acts as a motor for starting the
prime mover and in addition a dynamo electric machine which acts
as a generator.</scdesc></subclass>
<subclass subnum = "28" id = "C290S028000">
<sctitle>Electric-starting motor:</sctitle>
<parent ref = "C290S000000" doc = "Class290.sgm">unnumbered subclass,
Traction</parent>
<scdesc>Electric-control traction prime-mover dynamo plants including
a dynamo electric machine which acts as a motor for starting the
prime mover.</scdesc></subclass>
<subclass subnum = "29" id = "C290S029000">
<sctitle>Rotary field and armature:</sctitle>
<parent ref = "C290S000000" doc = "Class290.sgm">unnumbered subclass,
Traction</parent>
<scdesc>Electric-control traction prime-mover dynamo plants which
include a dynamo electric machine having a field and armature, both
of which rotate.</scdesc></subclass>
<subclass subnum = "30" id = "C290S030000">
<sctitle>Demand starters:</sctitle>
<parent ref = "C290S007000" doc = "Class290.sgm">subclass 7</parent>
<scdesc>Prime-mover dynamo plants including a prime mover which
operates a generator to supply current to a translating circuit
and provided with means for automatically starting the prime mover
when the translating circuit is closed or in response to predetermined
electrical conditions.</scdesc></subclass>
<subclass subnum = "31" id = "C290S031000">
<sctitle>Starting and generating dynamo:</sctitle>
<parent ref = "C290S007000" doc = "Class290.sgm">subclass 7</parent>
<scdesc>Electric-control prime-mover dynamo plants including a dynamo
electric machine which acts as a motor for starting the prime mover and
as a generator.</scdesc>
<srchin>
<srecord><subnum ref = "C290S030000" doc = "Class290.sgm">30</subnum>
<descript><para></para></descript></srecord></srchin></subclass>
<subclass subnum = "32" id = "C290S032000">
<sctitle>With generator:</sctitle>
<parent ref = "C290S031000" doc = "Class290.sgm">subclass 31</parent>
<scdesc>Electric-control prime-mover dynamo plants including a dynamo
electric machine which acts as a motor for starting the prime mover and
as a generator and in addition a dynamo electric machine which acts
as a generator.</scdesc></subclass>
<subclass subnum = "33" id = "C290S033000">
<sctitle>Ignition:</sctitle>
<parent ref = "C290S032000" doc = "Class290.sgm">subclass 32</parent>
<scdesc>Electric-control prime-mover dynamo plants including a dynamo
electric machine which acts as a motor for starting the prime mover and
as a generator, in addition a dynamo electric machine which acts
as a generator and an internal combustion engine which is provided with
special igniting means. The last-mentioned generator in general
furnishes current for the ignition.</scdesc></subclass>
<subclass subnum = "34" id = "C290S034000">
<sctitle>Engine control:</sctitle>
<parent ref = "C290S007000" doc = "Class290.sgm">subclass 7</parent>
<scdesc>Electric-control prime-mover dynamo plants including a dynamo
electric machine which acts as a motor for starting the prime mover and
as a generator, the prime mover having means for controlling the
same.</scdesc></subclass>
<subclass subnum = "35" id = "C290S035000">
<sctitle>Ignition:</sctitle>
<parent ref = "C290S034000" doc = "Class290.sgm">subclass 34</parent>
<scdesc>Electric-control prime-mover dynamo plants including a dynamo
electric machine which acts as a motor for starting the prime mover and
as a generator, together with an internal-combustion engine which
is provided with special igniting means.</scdesc>
<srchin>
<srecord><subnum ref = "C290S030000" doc = "Class290.sgm">30</subnum>
<descript><para></para></descript></srecord></srchin></subclass>
<subclass subnum = "36" id = "C290S036000">
<sctitle>Electric-starting motor with generator:</sctitle>
<parent ref = "C290S007000" doc = "Class290.sgm">subclass 7</parent>
<scdesc>Electric-control prime-mover dynamo plants including a dynamo
electric machine which acts as a motor for starting the prime mover and
in addition a dynamo electric machine which acts as a generator.</scdesc>
<srchin>
<srecord><subnum ref = "C290S030000" doc = "Class290.sgm">30</subnum>
<descript><para></para></descript></srecord></srchin></subclass>
<subclass subnum = "37" id = "C290S037000">
<sctitle>Ignition:</sctitle>
<parent ref = "C290S036000" doc = "Class290.sgm">subclass 36</parent>
<scdesc>Electric-control prime-mover dynamo plants including a dynamo
electric machine which acts as a motor for starting the prime mover,
an additional dynamo electric machine which acts as a generator,
and an internal-combustion engine which is provided with special
igniting means.</scdesc>
<srchin>
<srecord><subnum ref = "C290S030000" doc = "Class290.sgm">30</subnum>
<descript><para></para></descript></srecord></srchin></subclass>
<subclass subnum = "38" id = "C290S038000">
<sctitle>Electric-starting motor:</sctitle>
<parent ref = "C290S007000" doc = "Class290.sgm">subclass 7</parent>
<scdesc>Electric-control prime-mover dynamo plants including a dynamo
electric machine which acts as a motor for starting the prime mover.</scdesc></subclass>
<subclass subnum = "39" id = "C290S039000">
<sctitle>Rotary field and armature:</sctitle>
<parent ref = "C290S007000" doc = "Class290.sgm">subclass 7</parent>
<scdesc>Electric-control prime-mover dynamo plants including a dynamo
electric machine having a field and armature, both of which rotate.</scdesc></subclass>
<subclass subnum = "40" id = "C290S040000">
<sctitle>Engine control:</sctitle>
<parent ref = "C290S007000" doc = "Class290.sgm">subclass 7</parent>
<scdesc>Electric-control prime-mover dynamo plants wherein the prime
mover is provided with means for controlling the same. These are
generally prime-mover-operated generators, the prime mover being
automatically controlled in response to line-circuit conditions.</scdesc>
<notes><note1 notenum = "(1)">
<para>Note. The combination of an internal combustion engine idle
speed control and an electric generator in which is included (a)
any detail of the generator, (b) any relationship between a generator part
and an internal combustion engine, or (c) any control of the internal
combustion engine in response to the electricity produced by the
generator is found here.</para></note1></notes>
<srchout>
<crecord><classnum ref = "C123S000000" doc = "Class123.sgm">123</classnum>
<subref><clstitle>Internal-Combustion Engines</clstitle>
<pretext></pretext>
<subnum range = "p" ref = "C123S339160" doc = "Class123.sgm">339.16</subnum></subref>
<descript><para> for an internal combustion engine idle speed control responsive
to an external load condition.</para></descript></crecord>
<crecord><classnum ref = "C361S000000" doc = "Class361.sgm">361</classnum>
<subref><clstitle>Electricity: Electrical Systems and Devices</clstitle>
<pretext></pretext>
<subnum range = "p" ref = "C361S236000" doc = "Class361.sgm">236</subnum></subref>
<descript><para> for miscellaneous electrical speed responsive systems.</para></descript></crecord></srchout></subclass>
<subclass subnum = "41" id = "C290S041000">
<sctitle>Ignition:</sctitle>
<parent ref = "C290S040000" doc = "Class290.sgm">subclass 40</parent>
<scdesc>Electric-control prime-mover dynamo plants including an
internal-combustion engine which is provided with special igniting
means.</scdesc></subclass>
<subclass subnum = "42" id = "C290S042000">
<sctitle>Tide and wave motors:</sctitle>
<parent ref = "C290S007000" doc = "Class290.sgm">subclass 7</parent>
<scdesc>Electric-control prime-mover dynamo plants including tide
or wave motors.</scdesc></subclass>
<subclass subnum = "43" id = "C290S043000">
<sctitle>Fluid-current motors:</sctitle>
<parent ref = "C290S007000" doc = "Class290.sgm">subclass 7</parent>
<scdesc>Electric-control prime-mover dynamo plants including a fluid-current
motor.</scdesc></subclass>
<subclass subnum = "44" id = "C290S044000">
<sctitle>Wind:</sctitle>
<parent ref = "C290S043000" doc = "Class290.sgm">subclass 43</parent>
<scdesc>Electric-control prime-mover dynamo plants including a wind-motor.</scdesc></subclass>
<subclass subnum = "45" id = "C290S045000">
<sctitle>	TRACTION:</sctitle>
<parent ref = "C290S000000" doc = "Class290.sgm">the class definition</parent>
<scdesc>Prime-mover dynamo plants wherein a function of the combination
is to move a load. The load may be moved by the prime mover or by
a dynamo electric machine operating as a motor. The load moved is
generally that moved by the traction-wheels of a motor-vehicle.</scdesc></subclass>
<subclass subnum = "46" id = "C290S046000">
<sctitle>STARTING AND GENERATING DYNAMO:</sctitle>
<parent ref = "C290S000000" doc = "Class290.sgm">the class definition</parent>
<scdesc>Prime-mover dynamo plants including a dynamo electric machine
which acts as a motor for starting the prime mover and as a generator.</scdesc></subclass>
<subclass subnum = "47" id = "C290S047000">
<sctitle>ELECTRIC-STARTING MOTOR WITH GENERATOR:</sctitle>
<parent ref = "C290S000000" doc = "Class290.sgm">the class definition</parent>
<scdesc>Prime-mover dynamo plants including a dynamo-electric machine
which acts as a motor for starting the prime mover and in addition
a dynamo electric machine which acts as a generator.</scdesc></subclass>
<subclass subnum = "48" id = "C290S048000">
<sctitle>ELECTRIC-STARTING MOTOR:</sctitle>
<parent ref = "C290S000000" doc = "Class290.sgm">the class definition</parent>
<scdesc>Prime-mover dynamo plants including a dynamo electric machine
which acts as a motor to start the prime mover.</scdesc></subclass>
<subclass subnum = "49" id = "C290S049000">
<sctitle>ROTARY FIELD AND ARMATURE:</sctitle>
<parent ref = "C290S000000" doc = "Class290.sgm">the class definition</parent>
<scdesc>Prime-mover dynamo plants including a dynamo electric machine
having a field and armature, both of which rotate.</scdesc></subclass>
<subclass subnum = "50" id = "C290S050000">
<sctitle>BATTERY:</sctitle>
<parent ref = "C290S000000" doc = "Class290.sgm">the class definition</parent>
<scdesc>Prime-mover dynamo plants including electric batteries.</scdesc>
<notes><note1 notenum = "(1)">
<para>Note. For the remaining patents in this class which disclose
batteries, search subclasses 16 and 30 and the subclasses whose
titles disclose that they contain starting-motors.</para></note1></notes></subclass>
<subclass subnum = "51" id = "C290S051000">
<sctitle>ENGINE CONTROL:</sctitle>
<parent ref = "C290S000000" doc = "Class290.sgm">the class definition</parent>
<scdesc>Prime-mover dynamo plants including a prime mover which
has means for controlling the same.</scdesc></subclass>
<subclass subnum = "52" id = "C290S052000">
<sctitle>TURBOGENERATORS:</sctitle>
<parent ref = "C290S000000" doc = "Class290.sgm">the class definition</parent>
<scdesc>Prime-mover dynamo plants including a dynamo electric machine
which operates as a generator and a turbine adapted to drive the same
mechanically connected thereto.</scdesc></subclass>
<subclass subnum = "53" id = "C290S053000">
<sctitle>TIDE AND WAVE MOTORS:</sctitle>
<parent ref = "C290S000000" doc = "Class290.sgm">the class definition</parent>
<scdesc>Prime-mover dynamo plants including tide or wave motors.</scdesc>
<srchout>
<crecord><classnum ref = "C060S000000" doc = "Class060.sgm">60</classnum>
<subref><clstitle>Power Plants</clstitle>
<pretext></pretext>
<subnum range = "p" ref = "C060S495000" doc = "Class060.sgm">495</subnum></subref>
<descript><para> for motors having a buoyant working member motivated
by the vertical rise and fall of the surface of a body of fluid.</para></descript></crecord>
<crecord><classnum ref = "C405S000000" doc = "Class405.sgm">405</classnum>
<subref><clstitle>Hydraulic and Earth Engineering</clstitle>
<pretext></pretext>
<subnum range = "p" ref = "C405S076000" doc = "Class405.sgm">76</subnum></subref>
<descript><para> for a method or apparatus for extracting power
from waves or tides involving significant hydraulic works and only
nominal recitation of the motor or dynamoelectric machine.</para></descript></crecord></srchout></subclass>
<subclass subnum = "54" id = "C290S054000">
<sctitle>FLUID-CURRENT MOTORS:</sctitle>
<parent ref = "C290S000000" doc = "Class290.sgm">the class definition</parent>
<scdesc>Prime-mover dynamo plants including a fluid current motor.</scdesc>
<srchout>
<crecord><classnum ref = "C405S000000" doc = "Class405.sgm">405</classnum>
<subref><clstitle>Hydraulic and Earth Engineering</clstitle>
<pretext></pretext>
<subnum range = "p" ref = "C405S075000" doc = "Class405.sgm">75</subnum></subref>
<descript><para> for a method or apparatus for extracting power
from a moving fluid involving significant hydraulic work structure
and only nominal recitation of the fluid motor or dynamoelectric
machine.</para></descript></crecord></srchout></subclass>
<subclass subnum = "55" id = "C290S055000">
<sctitle>Wind:</sctitle>
<parent ref = "C290S054000" doc = "Class290.sgm">subclass 54</parent>
<scdesc>Prime-mover dynamo plants including wind-motors.</scdesc></subclass></sclasses>
</class>
