<?xml version="1.0" encoding="UTF-8"?>
<!DOCTYPE class PUBLIC "-//USPTO//DTD Classification Definitions//EN" "xclassdef.dtd" [

<!-- Begin Document Specific Declarations -->

<!-- End Document Specific Declarations -->

]>
<?xml-stylesheet href="classdef.xsl" type="text/XSL"?>

<class classnum = "295" id = "C295S000000"><title>RAILWAY WHEELS
AND AXLES</title>
<sections><descsect>
<para>Contains load carrying and traction wheels designed for use
on railway track, axles for such wheels, and means for securing
such wheels and axles together.  In the case of mine-car axles,
the brackets or bearings for securing the axles directly to the
car bottom without a truck frame are included in this class.</para>
</descsect>
<linesect>
<para>For wheels for panel hangers and travelers, see Class 16, Miscellaneous
Hardware (e.g., Bushing, Carpet Fastener, Caster, Door Closer, Panel
Hanger, Attachable or Adjunct Handle, Hinge, Window Sash Balance,
etc.), subclass 107.</para>
<para>See Class 492, Rolls and Rollers, for rolls and rollers per
se, not elsewhere provided for, and see the Notes thereto for other
rolls.</para>
</linesect></sections>
<sclasses>
<subclass subnum = "1" id = "C295S001000">
<sctitle>WHEELS:</sctitle>
<parent ref = "C295S000000" doc = "Class295.sgm">the class definition</parent>
<scdesc>Arrangement and construction of railway-vehicle wheels not
otherwise classified below.</scdesc></subclass>
<subclass subnum = "2" id = "C295S002000">
<sctitle>With crank pin:</sctitle>
<parent ref = "C295S001000" doc = "Class295.sgm">subclass 1</parent>
<scdesc>Locomotive drive wheels embodying specific crank-pin construction
or arrangement.</scdesc></subclass>
<subclass subnum = "3" id = "C295S003000">
<sctitle>Epicyclic:</sctitle>
<parent ref = "C295S001000" doc = "Class295.sgm">subclass 1</parent>
<scdesc>Railway-vehicle wheels comprising an inner and an outer-rotating
element eccentrically arranged, the inner element supporting the
axle and weight of the load upon the outer element and the outer
element being adapted to run on the track rails.</scdesc></subclass>
<subclass subnum = "4" id = "C295S004000">
<sctitle>Rack rail:</sctitle>
<parent ref = "C295S001000" doc = "Class295.sgm">subclass 1</parent>
<scdesc>Railway-vehicle wheels, the peripheries of which are provided
with projecting spurs cooperating with rack bars arranged along
the trackway.</scdesc></subclass>
<subclass subnum = "5" id = "C295S005000">
<sctitle>Attached gear:</sctitle>
<parent ref = "C295S001000" doc = "Class295.sgm">subclass 1</parent>
<scdesc>Railway-vehicle wheels having a gear wheel rigidly attached
to one side thereof, whereby the motive force is transmitted directly
to the driving wheels.</scdesc></subclass>
<subclass subnum = "6" id = "C295S006000">
<sctitle>Counterbalance:</sctitle>
<parent ref = "C295S001000" doc = "Class295.sgm">subclass 1</parent>
<scdesc>Locomotive drive wheels provided with weighted means for
overcoming the disturbing action of the reciprocating parts and
eliminating the so-called &ldquo;hammer- blow&rdquo; on the
rails.</scdesc></subclass>
<subclass subnum = "7" id = "C295S007000">
<sctitle>Sound deadeners:</sctitle>
<parent ref = "C295S001000" doc = "Class295.sgm">subclass 1</parent>
<scdesc>Devices for deadening or damping the noise on car wheels.</scdesc>
<srchout>
<crecord><classnum ref = "C181S000000" doc = "Class181.sgm">181</classnum>
<subref><clstitle>Acoustics</clstitle>
<pretext></pretext>
<subnum range = "s" ref = "C181S207000" doc = "Class181.sgm">207</subnum></subref>
<descript><para> for devices for deadening mechanical vibrating structure.</para></descript></crecord></srchout></subclass>
<subclass subnum = "8" id = "C295S008000">
<sctitle>Composite cast:</sctitle>
<parent ref = "C295S001000" doc = "Class295.sgm">subclass 1</parent>
<scdesc>Railway-vehicle wheels consisting of concentric cast portions,
either a rim or tire having a body portion cast therein or a hub
having a rim or web portion cast thereon.</scdesc></subclass>
<subclass subnum = "8.5" id = "C295S008500">
<sctitle>Convertible road and rail:</sctitle>
<parent ref = "C295S001000" doc = "Class295.sgm">subclass 1</parent>
<scdesc>Includes means for changing the wheel tread so as to adapt
it for running on a roadway or a railway, generally by providing
a removable rim or tread.</scdesc>
<srchin>
<srecord><subnum ref = "C295S009200" doc = "Class295.sgm">9.2</subnum>
<descript><para>for a wheel having a flange moveable for road use.</para></descript></srecord></srchin></subclass>
<subclass subnum = "9.1" id = "C295S009100">
<sctitle>Moveable flange:</sctitle>
<parent ref = "C295S001000" doc = "Class295.sgm">subclass 1</parent>
<scdesc>Device comprising a railway-vehicle wheel protruding edge
surface which holds the wheel laterally in position on a railway
track.  The protruding edge surface comprises or is carried by structure
facilitating movement of the edge surface relative to the wheel.</scdesc>
<notes><note1 notenum = "(1)">
<para>Note.  The movement may be radial, axial, or revoluble.</para></note1></notes></subclass>
<subclass subnum = "9.2" id = "C295S009200">
<sctitle>Moveable for road use:</sctitle>
<parent ref = "C295S009100" doc = "Class295.sgm">subclass 9.1</parent>
<scdesc>Device wherein the relative movement between the edge surface
and the wheel is intended to enable operation of the wheel on a level,
nonrail surface such as a road.</scdesc>
<notes><note1 notenum = "(1)">
<para>Note.  The flange usually retracts within the diameter of
the wheel or yields to permit operation on a level, nonrail surface.</para></note1>
<note1 notenum = "(2)">
<para>Note.  Flanges which yield to permit a wheel to more easily
cross an obstruction are not included in this subclass unless operation
on a level, nonrail surface such as a road is specified.</para></note1></notes>
<srchin>
<srecord><subnum ref = "C295S008500" doc = "Class295.sgm">8.5</subnum>
<descript><para>for wheels convertible between roads and rail use
by means other than a moveable flange.</para></descript></srecord></srchin></subclass>
<subclass subnum = "10" id = "C295S010000">
<sctitle>Loose tires:</sctitle>
<parent ref = "C295S001000" doc = "Class295.sgm">subclass 1</parent>
<scdesc>Railway-vehicle wheels adapted for revolution independent
of the car axle by means of an outer section or tire loosely mounted
on the wheel hub or body.</scdesc></subclass>
<subclass subnum = "11" id = "C295S011000">
<sctitle>Tire cushions:</sctitle>
<parent ref = "C295S001000" doc = "Class295.sgm">subclass 1</parent>
<scdesc>Railway-vehicle wheels not classified below in which a cushion
or filler of some elastic material such as rubber, paper, or leather
is inserted between the rim or tire and the wheel body or hub.</scdesc>
<srchout>
<crecord><classnum ref = "C152S000000" doc = "Class152.sgm">152</classnum>
<subref><clstitle>Resilient Tires and Wheels</clstitle>
<pretext></pretext></subref>
<descript><para>for similar devices for use with land vehicles.</para></descript></crecord></srchout></subclass>
<subclass subnum = "12" id = "C295S012000">
<sctitle>Pneumatic:</sctitle>
<parent ref = "C295S011000" doc = "Class295.sgm">subclass 11</parent>
<scdesc>Railway-vehicle wheels having pneumatic devices for supporting
the wheel-tread portions.</scdesc>
<srchin>
<srecord><subnum ref = "C295S030100" doc = "Class295.sgm">30.1</subnum>
<descript><para>for pneumatic tire wheels.</para></descript></srecord></srchin>
<srchout>
<crecord><classnum ref = "C492S000000" doc = "Class492.sgm">492</classnum>
<subref><clstitle>Roll or Roller</clstitle>
<pretext></pretext>
<subnum range = "p" ref = "C492S004000" doc = "Class492.sgm">4</subnum></subref>
<descript><para> for a roll, per se, not elsewhere provided for,
having an inflatable chamber. </para></descript></crecord></srchout></subclass>
<subclass subnum = "13" id = "C295S013000">
<sctitle>Wooden blocks:</sctitle>
<parent ref = "C295S011000" doc = "Class295.sgm">subclass 11</parent>
<scdesc>Railway-vehicle wheels having wooden blocks for supporting
the wheel-tread portions.</scdesc></subclass>
<subclass subnum = "14" id = "C295S014000">
<sctitle>Metallic springs:</sctitle>
<parent ref = "C295S011000" doc = "Class295.sgm">subclass 11</parent>
<scdesc>Railway-vehicle wheels in which the cushioning effect is
produced by interposing metallic springs between the rim or tire
and the wheel body or hub.</scdesc>
<srchout>
<crecord><classnum ref = "C492S000000" doc = "Class492.sgm">492</classnum>
<subref><clstitle>Roll or Roller</clstitle>
<pretext></pretext>
<subnum range = "s" ref = "C492S042000" doc = "Class492.sgm">42</subnum></subref>
<descript><para> for a roll, per se, not elsewhere provided for, having
leaf or coil spring member.</para></descript></crecord></srchout></subclass>
<subclass subnum = "15" id = "C295S015000">
<sctitle>Tire fasteners:</sctitle>
<parent ref = "C295S001000" doc = "Class295.sgm">subclass 1</parent>
<scdesc>Railway-vehicle wheels having the tires or rims and the
body of the wheels formed separately and specific means not otherwise
classified below for securing the tires and the bodies of the wheels
together.</scdesc></subclass>
<subclass subnum = "16" id = "C295S016000">
<sctitle>By welding:</sctitle>
<parent ref = "C295S015000" doc = "Class295.sgm">subclass 15</parent>
<scdesc>Railway-vehicle wheels having the tires or rims fastened
to the wheel-body by welding.</scdesc></subclass>
<subclass subnum = "17" id = "C295S017000">
<sctitle>By casting:</sctitle>
<parent ref = "C295S015000" doc = "Class295.sgm">subclass 15</parent>
<scdesc>Railway-vehicle wheels having the tires or rims and the
body of the wheels formed separately and secured together by means
of an interposed filling of cast metal.</scdesc></subclass>
<subclass subnum = "18" id = "C295S018000">
<sctitle>Integral lugs:</sctitle>
<parent ref = "C295S015000" doc = "Class295.sgm">subclass 15</parent>
<scdesc>Railway-vehicle wheels having the tires or rims and the
body of the wheels formed separately and secured together solely
of means of lugs formed integral with one member and engaging recesses
or integral lugs on the other member in interlocking relation.</scdesc></subclass>
<subclass subnum = "19" id = "C295S019000">
<sctitle>Transverse keys:</sctitle>
<parent ref = "C295S015000" doc = "Class295.sgm">subclass 15</parent>
<scdesc>Railway-vehicle wheels having the tires or rims and the
body of the wheels formed separately and secured together by means
by keys passing transversely between and recessed in the tire and
wheel body at intervals around the circumference thereof.</scdesc></subclass>
<subclass subnum = "20" id = "C295S020000">
<sctitle>Bolted lap flanges:</sctitle>
<parent ref = "C295S015000" doc = "Class295.sgm">subclass 15</parent>
<scdesc>Railway-vehicle wheels having the tires or rims and the
body of the wheels formed separately and secured together by bolts
passed through the overlapped flanges of both members.</scdesc></subclass>
<subclass subnum = "21" id = "C295S021000">
<sctitle>Webs:</sctitle>
<parent ref = "C295S001000" doc = "Class295.sgm">subclass 1</parent>
<scdesc>Railway-vehicle wheels embodying specific web construction
not otherwise classified below.  Includes wooden and split casting
web construction.</scdesc></subclass>
<subclass subnum = "22" id = "C295S022000">
<sctitle>Sheet metal:</sctitle>
<parent ref = "C295S021000" doc = "Class295.sgm">subclass 21</parent>
<scdesc>Railway-vehicle wheels in which the tires or rims and hub
are connected by a web portion composed of one or more sheet-metal
disks and not otherwise classified below.</scdesc></subclass>
<subclass subnum = "23" id = "C295S023000">
<sctitle>	With filler:</sctitle>
<parent ref = "C295S022000" doc = "Class295.sgm">subclass 22</parent>
<scdesc>Same as ...  except that there is a plurality of disks,
with a filler therebetween.</scdesc></subclass>
<subclass subnum = "24" id = "C295S024000">
<sctitle>With integral tire:</sctitle>
<parent ref = "C295S022000" doc = "Class295.sgm">subclass 22</parent>
<scdesc>Railway-vehicle wheels in which the tire or rim is formed
integral with the web, being pressed from a single sheet of metal.</scdesc></subclass>
<subclass subnum = "25" id = "C295S025000">
<sctitle>Spokes:</sctitle>
<parent ref = "C295S001000" doc = "Class295.sgm">subclass 1</parent>
<scdesc>Railway-vehicle wheels having the rims or tires and the
wheel hub formed separately and connected by a series of spokes
and not otherwise classified below.  Includes wooden and metallic
detachable spokes.</scdesc></subclass>
<subclass subnum = "26" id = "C295S026000">
<sctitle>Cast in:</sctitle>
<parent ref = "C295S025000" doc = "Class295.sgm">subclass 25</parent>
<scdesc>Railway-vehicle wheels having the spokes secured in the
wheel by casting the hub or rim, or both, around the ends of the
spokes.</scdesc></subclass>
<subclass subnum = "27" id = "C295S027000">
<sctitle>Integral cast:</sctitle>
<parent ref = "C295S001000" doc = "Class295.sgm">subclass 1</parent>
<scdesc>Railway-vehicle wheels having the hub, web, and tire cast
in one piece and not otherwise classified.</scdesc></subclass>
<subclass subnum = "28" id = "C295S028000">
<sctitle>Hollow webs:</sctitle>
<parent ref = "C295S027000" doc = "Class295.sgm">subclass 27</parent>
<scdesc>Same as ...  except that the webs are cast hollow.</scdesc></subclass>
<subclass subnum = "29" id = "C295S029000">
<sctitle>Wrought:</sctitle>
<parent ref = "C295S001000" doc = "Class295.sgm">subclass 1</parent>
<scdesc>Wrought-metal car-wheels produced by some forging operation,
as roll, hammer, or die forging.</scdesc></subclass>
<subclass subnum = "30" id = "C295S030000">
<sctitle>Composition:</sctitle>
<parent ref = "C295S001000" doc = "Class295.sgm">subclass 1</parent>
<scdesc>Railway-car wheels claimed significantly as to wheel structure
and formed from a composition metal or entirely from a single metal,
but treated so as to have different physical properties in the different
parts of the wheels, such as chill-hardened rims or hubs.</scdesc>
<notes><note1 notenum = "(1)">
<para>Note.  Where the wheel is claimed with no significant wheel
structure but merely in terms of the composition or material of
which it is composed, it will be classified in the appropriate composition
or material class even though there is no claim to the composition
or material, per se.  In this connection, the classes under the
Search Class notes below should be considered.</para></note1></notes>
<srchout>
<crecord><classnum ref = "C148S000000" doc = "Class148.sgm">148</classnum>
<subref><clstitle>Metal Treatment</clstitle>
<pretext>particularly </pretext>
<subnum range = "r" ref = "C148S569000" doc = "Class148.sgm">569</subnum></subref>
<descript><para> and 581&plus; for processes of metal casting,
fusion bonding, machining, or working combined with significant
heat treatment of railway wheels and axles to modify or maintain
the internal physical structure (i.e., microstructure) or chemical property
of metal.  See the Class 148 definition to determine what constitutes
significant heat treatment.  Without metal casting, fusion bonding, machining,
or working, Class 148 will take any heat treatment to modify or maintain
the internal physical structure (i.e., microstructure) or chemical property
of metal.</para></descript></crecord>
<crecord><classnum ref = "C420S000000" doc = "Class420.sgm">420</classnum>
<subref><clstitle>Alloys or Metallic Compositions</clstitle>
<pretext></pretext></subref>
<descript><para>for articles defined solely by their metal or alloy
composition.</para></descript></crecord>
<crecord><classnum ref = "C428S000000" doc = "Class428.sgm">428</classnum>
<subref><clstitle>Stock Material or Miscellaneous Articles</clstitle>
<pretext></pretext>
<subnum range = "p" ref = "C428S544000" doc = "Class428.sgm">544</subnum></subref>
<descript><para> for wheels made of metal which are so broadly claimed
as to be merely stock material, especially subclasses 615&plus; for plural-layered
metallic stock defined in terms of the composition of its components.</para></descript></crecord></srchout></subclass>
<subclass subnum = "30.1" id = "C295S030100">
<sctitle>Pneumatic tire wheel:</sctitle>
<parent ref = "C295S001000" doc = "Class295.sgm">subclass 1</parent>
<scdesc>Device wherein the railway-vehicle wheel has a covering
about its periphery, which covering rides directly on the railway
track (i.e., a tire) and is inflated with air under pressure.</scdesc>
<notes><note1 notenum = "(1)">
<para>Note.  Subject matter pertaining to a pneumatic tire cushion
for a railway-vehicle wheel is not included in this subclass.</para></note1></notes>
<srchin>
<srecord><subnum ref = "C295S012000" doc = "Class295.sgm">12</subnum>
<descript><para>for pneumatic devices for supporting railway vehicle
wheel tread portions, wherein the pneumatic devices are inserted
between the rim or tire and the wheel body or hub.</para></descript></srecord></srchin></subclass>
<subclass subnum = "31.1" id = "C295S031100">
<sctitle>Wheel tread:</sctitle>
<parent ref = "C295S001000" doc = "Class295.sgm">subclass 1</parent>
<scdesc>Device having particular construction  of a peripheral tread
surface to the railway-vehicle wheel, which surface rides on the
railway track.</scdesc>
<srchin>
<srecord><subnum ref = "C295S030100" doc = "Class295.sgm">30.1</subnum>
<descript><para>for particular wheel tread construction of a pneumatic
tire railway-vehicle wheel.</para></descript></srecord></srchin></subclass>
<subclass subnum = "32" id = "C295S032000">
<sctitle>Multiple rollers:</sctitle>
<parent ref = "C295S031100" doc = "Class295.sgm">subclass 31.1</parent>
<scdesc>Railway-car running gear in which the weight of the car
is sustained by roller bearings.  Includes roller trucks in which
a plurality of roller bearings or wheels linked together form one
flexible wheel traveling around a bed, and also wheels in which
the tread surface or flange is provided with roller bearings.</scdesc></subclass>
<subclass subnum = "33" id = "C295S033000">
<sctitle>Multiple:</sctitle>
<parent ref = "C295S031100" doc = "Class295.sgm">subclass 31.1</parent>
<scdesc>Railway-car wheels provided with a plurality of rim tread
surfaces.</scdesc></subclass>
<subclass subnum = "34" id = "C295S034000">
<sctitle>Form:</sctitle>
<parent ref = "C295S031100" doc = "Class295.sgm">subclass 31.1</parent>
<scdesc>Railway-car wheels, the tread surfaces of which are integral
with the wheel body and the novelty of which resides in the specific
form or shape of said tread surfaces.</scdesc>
<srchin>
<srecord><subnum ref = "C295S030100" doc = "Class295.sgm">30.1</subnum>
<descript><para>for pneumatic-tire wheels which may include specific
pneumatic-tire forms or shapes.</para></descript></srecord></srchin></subclass>
<subclass subnum = "35" id = "C295S035000">
<sctitle>Bushings:</sctitle>
<parent ref = "C295S001000" doc = "Class295.sgm">subclass 1</parent>
<scdesc>Bearing linings or bushings for railway-car wheels of the
type which turn loosely upon their axles.</scdesc></subclass>
<subclass subnum = "36.1" id = "C295S036100">
<sctitle>AXLE:</sctitle>
<parent ref = "C295S000000" doc = "Class295.sgm">the class definition</parent>
<scdesc>Device comprising a shaft upon which a railway-vehicle wheel
is supported for rotation (i.e., a railway-car axle).</scdesc>
<srchin>
<srecord><subnum ref = "C295S043000" doc = "Class295.sgm">43</subnum>
<descript><para>for means for attaching and maintaining a railway-vehicle
wheel on a railway-car axle for rotation with the axle.</para></descript></srecord>
<srecord><subnum range = "p" ref = "C295S044000" doc = "Class295.sgm">44</subnum>
<descript><para>for means for attaching and maintaining a railway-vehicle
wheel on a railway-car axle so as to adapt it to rotate independently
of the axle.</para></descript></srecord></srchin>
<srchout>
<crecord><classnum ref = "C105S000000" doc = "Class105.sgm">105</classnum>
<subref><clstitle>Railway Rolling Stock</clstitle>
<pretext></pretext>
<subnum range = "p" ref = "C105S218100" doc = "Class105.sgm">218.1</subnum></subref>
<descript><para> for railway vehicle truck axle box mountings.</para></descript></crecord>
<crecord><classnum ref = "C301S000000" doc = "Class301.sgm">301</classnum>
<subref><clstitle>Land Vehicles: Wheels and Axles</clstitle>
<pretext></pretext>
<subnum range = "p" ref = "C301S124100" doc = "Class301.sgm">124.1</subnum></subref>
<descript><para> for axles under that class definition.</para></descript></crecord>
<crecord><classnum ref = "C384S000000" doc = "Class384.sgm">384</classnum>
<subref><clstitle>Bearings</clstitle>
<pretext>appropriate subclasses for bearings which may support a
railway-car axle.  See, for example, </pretext>
<subnum range = "s" ref = "C384S459000" doc = "Class384.sgm">459</subnum></subref>
<descript><para> for radial, railway car journal bearings; subclasses
594 and 595&plus; for railway truck thrust bearings.  See section
2, Note (1) and the Search Notes under the class definition of Class
384 with regard to the lines between Classes 384 and 295.</para></descript></crecord>
<crecord><classnum ref = "C464S000000" doc = "Class464.sgm">464</classnum>
<subref><clstitle>Rotary Shafts, Gudgeons, Housings, and Flexible
Couplings for Rotary Shafts</clstitle>
<pretext></pretext>
<subnum range = "p" ref = "C464S179000" doc = "Class464.sgm">179</subnum></subref>
<descript><para> for a rotary torque transmitting shaft.</para></descript></crecord></srchout></subclass>
<subclass subnum = "37" id = "C295S037000">
<sctitle>Sleeved and fixed wheels:</sctitle>
<parent ref = "C295S036100" doc = "Class295.sgm">subclass 36.1</parent>
<scdesc>Railway-car axles consisting of a stud section enclosed
in a sleeve section and adapted to revolve therein, each section
having a car wheel secured to its outer end.</scdesc></subclass>
<subclass subnum = "38" id = "C295S038000">
<sctitle>Twin middle bearing:</sctitle>
<parent ref = "C295S036100" doc = "Class295.sgm">subclass 36.1</parent>
<scdesc>Railway-car axles divided into two sections, each carrying
a car wheel on the outer end thereof and having the inner ends journaled
in a single fixed bearing between the wheels and adapted for revolution
independent of each other.</scdesc></subclass>
<subclass subnum = "39" id = "C295S039000">
<sctitle>Coupling:</sctitle>
<parent ref = "C295S036100" doc = "Class295.sgm">subclass 36.1</parent>
<scdesc>Railway-car axles divided into sections and means not otherwise
classified below for coupling the sections together and adapting
them for revolution independent of each other.</scdesc></subclass>
<subclass subnum = "40" id = "C295S040000">
<sctitle>Bolted flange:</sctitle>
<parent ref = "C295S039000" doc = "Class295.sgm">subclass 39</parent>
<scdesc>Same as ...  in which the coupling means consist of flanged
elements surrounding the axle sections and secured together by bolts
passing through the flanges thereof.</scdesc></subclass>
<subclass subnum = "41" id = "C295S041000">
<sctitle>Mine car:</sctitle>
<parent ref = "C295S036100" doc = "Class295.sgm">subclass 36.1</parent>
<scdesc>Railway-car axles adapted to be secured directly to the
car body.</scdesc></subclass>
<subclass subnum = "42" id = "C295S042000">
<sctitle>Axle brackets:</sctitle>
<parent ref = "C295S041000" doc = "Class295.sgm">subclass 41</parent>
<scdesc>Brackets for mine-car axles adapted to surround the axle
and support it directly from the car body.</scdesc></subclass>
<subclass subnum = "42.1" id = "C295S042100">
<sctitle>Positioned around or within co-extensive axle or housing
by roller or ball bearing:</sctitle>
<parent ref = "C295S036100" doc = "Class295.sgm">subclass 36.1</parent>
<scdesc>Device wherein the railway-vehicle wheel supporting shaft
surrounds or is surrounded by a second shaft or shaft enclosure
along its substantial length.  The wheel supporting shaft and the
second shaft or shaft enclosure are held and allowed to rotate relative
to each other  means for a support (bearing) between them which support
contains spherical or cylindrical rotating elements which reduce
friction.</scdesc>
<notes><note1 notenum = "(1)">
<para>Note.  A device comprising a mere journal bearing which encircles
and supports a portion of a shaft is not included in this subclass.</para></note1>
<note1 notenum = "(2)">
<para>Note.  A railway-car axle comprising a stud section enclosed
and revolving within a  sleeve section, each section having a car
wheel secured to its outer end, is not included in this subclass.</para></note1></notes>
<srchin>
<srecord><subnum ref = "C295S037000" doc = "Class295.sgm">37</subnum>
<descript><para>for a railway-car axle comprising a stud section
enclosed and revolving within a sleeve section, each section having
a car wheel secured to its outer end.</para></descript></srecord></srchin></subclass>
<subclass subnum = "42.2" id = "C295S042200">
<sctitle>With specified end cap fastening means:</sctitle>
<parent ref = "C295S036100" doc = "Class295.sgm">subclass 36.1</parent>
<scdesc>Device comprising, in particular, a stop member and means
to secure the stop member to an end of the shaft.</scdesc>
<notes><note1 notenum = "(1)">
<para>Note.  The stop member usually maintains a bearing means in
position on the axle.</para></note1>
<note1 notenum = "(2)">
<para>Note.  Railway axle end-cap locking plates which prevent end-cap
securement nuts or bolts from loosening are included in this subclass.</para></note1></notes>
<srchin>
<srecord><subnum range = "p" ref = "C295S049000" doc = "Class295.sgm">49</subnum>
<descript><para>means for preventing end-cap securement nuts or
bolts from loosening are included in this subclass.</para></descript></srecord></srchin>
<srchout>
<crecord><classnum ref = "C411S000000" doc = "Class411.sgm">411</classnum>
<subref><clstitle>Expanded, Threaded, Driven, Headed, Tool-Deformed,
or Locked-Threaded Fastener</clstitle>
<pretext></pretext>
<subnum range = "p" ref = "C411S081000" doc = "Class411.sgm">81</subnum></subref>
<descript><para> for threaded fastener locking means.</para></descript></crecord></srchout></subclass>
<subclass subnum = "43" id = "C295S043000">
<sctitle>WHEEL-ATTACHING DEVICES:</sctitle>
<parent ref = "C295S000000" doc = "Class295.sgm">the class definition</parent>
<scdesc>Means for attaching and maintaining the car wheel on the
axle so as to adapt it to revolve with the axle.</scdesc>
<srchout>
<crecord><classnum ref = "C403S000000" doc = "Class403.sgm">403</classnum>
<subref><clstitle>Joints and Connections</clstitle>
<pretext>appropriate subclasses, particularly </pretext>
<subnum range = "p" ref = "C403S230000" doc = "Class403.sgm">230</subnum></subref>
<descript><para> for a joint between a wheel and axle which involves
only so much wheel or axle structure as is necessary to effect the
joint.</para></descript></crecord></srchout></subclass>
<subclass subnum = "44" id = "C295S044000">
<sctitle>LOOSE WHEEL:</sctitle>
<parent ref = "C295S000000" doc = "Class295.sgm">the class definition</parent>
<scdesc>Means for attaching and maintaining the car wheel on the
axle so as to adapt it to revolve independently of the axle and
not otherwise classified below.</scdesc>
<srchout>
<crecord><classnum ref = "C301S000000" doc = "Class301.sgm">301</classnum>
<subref><clstitle>Land Vehicles:  Wheels and Axles</clstitle>
<pretext></pretext>
<subnum range = "s" ref = "C301S111101" doc = "Class301.sgm">111.101</subnum></subref>
<descript><para> and indented subclasses.</para></descript></crecord>
<crecord><classnum ref = "C403S000000" doc = "Class403.sgm">403</classnum>
<subref><clstitle>Joints and Connections</clstitle>
<pretext>appropriate subclasses, particularly </pretext>
<subnum range = "p" ref = "C403S230000" doc = "Class403.sgm">230</subnum></subref>
<descript><para> for a joint between a wheel or axle including only
such structure as is necessary to effect the joint.</para></descript></crecord>
<crecord><classnum ref = "C411S000000" doc = "Class411.sgm">411</classnum>
<subref><clstitle>Expanded, Threaded, Driven, Headed, Tool-Deformed,
or Locked-Threaded Fastener</clstitle>
<pretext></pretext>
<subnum range = "p" ref = "C411S337000" doc = "Class411.sgm">337</subnum></subref>
<descript><para> for headed fasteners with securing elements; and subclasses
511&plus; for securing elements, per se.</para></descript></crecord></srchout></subclass>
<subclass subnum = "45" id = "C295S045000">
<sctitle>Exterior hub groove: </sctitle>
<parent ref = "C295S044000" doc = "Class295.sgm">subclass 44</parent>
<scdesc>Means in which the wheel is prevented from moving longitudinally
of the axle by means of an overhanging ring or lip on the axle bracket engaging
an annular recess in the outer surface of the wheel hub.</scdesc></subclass>
<subclass subnum = "46" id = "C295S046000">
<sctitle>Imposed roller:</sctitle>
<parent ref = "C295S045000" doc = "Class295.sgm">subclass 45</parent>
<scdesc>Means wherein the axle bracket forms in combination with
the hub groove, a substantially circular annular recess in which
roller bearings are imposed.</scdesc></subclass>
<subclass subnum = "47" id = "C295S047000">
<sctitle>Axle groove: </sctitle>
<parent ref = "C295S044000" doc = "Class295.sgm">subclass 44</parent>
<scdesc>Means in which the wheel is prevented from moving longitudinally
of the axle by means of rings, segmental collars, or roller bearings
in the wheel hub engaging annular recesses in the car axle.</scdesc></subclass>
<subclass subnum = "48" id = "C295S048000">
<sctitle>Lock bolt:</sctitle>
<parent ref = "C295S047000" doc = "Class295.sgm">subclass 47</parent>
<scdesc>Means wherein the longitudinal movement is prevented by
a bolt or pin extending tangentially or radially into the axle groove
and providing a thrust bearing for the wheel.</scdesc></subclass>
<subclass subnum = "49" id = "C295S049000">
<sctitle>Axle end stop:</sctitle>
<parent ref = "C295S044000" doc = "Class295.sgm">subclass 44</parent>
<scdesc>Means in which the longitudinal movement of the wheel is
prevented by an end-stop member not otherwise classified below,
such as a nut, rigid collar, or cap provided on the axle and bearing
against the outside surface of the wheel hub.</scdesc>
<srchin>
<srecord><subnum ref = "C295S042200" doc = "Class295.sgm">42.2</subnum>
<descript><para>for specified axle end-cap fastening means.</para></descript></srecord></srchin></subclass>
<subclass subnum = "50" id = "C295S050000">
<sctitle>Linchpin:</sctitle>
<parent ref = "C295S049000" doc = "Class295.sgm">subclass 49</parent>
<scdesc>Means wherein the end stop member is held in place on the
axle by  means of a linch or cotter pin passing through the axle.</scdesc></subclass></sclasses>
</class>
