<?xml version="1.0" encoding="UTF-8"?>
<!DOCTYPE class PUBLIC "-//USPTO//DTD Classification Definitions//EN" "xclassdef.dtd" [

<!-- Begin Document Specific Declarations -->

<!-- End Document Specific Declarations -->

]>
<?xml-stylesheet href="classdef.xsl" type="text/XSL"?>

<class classnum = "186" id = "C186S000000"><title>MERCHANDISING</title>
<sections><descsect>
<para>This class comprises methods and apparatus relating to (a)
the performing of the various and usually normal but required activities
pursuant to a selling or other mutually beneficent transaction at
a retail or like service level available to the public or (b) activities
directly relating to dining.</para>
<notes><note1 notenum = "(1)">
<para>Note.  The transaction is normally held between persons in
or at a building or other structure.</para></note1>
<note1 notenum = "(2)">
<para>Note.  The subject matter of the class is intended to include
the combination of a device classifiable, per se, in another class, e.g.,
conveyor, dispenser, etc., and structure adapting it for use in
a business establishment available to the public.  No attempt has
been made to clear other classes of conflicting art and lines and&sol;or
placement of art between other classes and this class remains the
same.</para></note1>
<note1 notenum = "(3)">
<para>Note.  Dining activities include those which transpire between
a prospective diner and a person or apparatus whereby a contract
is satisfied or operations are completed whereby a certain desired
food or foods and related appurtenances are made available to the
diner for his or her consumption.</para></note1>
<note1 notenum = "(4)">
<para>Note.  Mere method of doing business which consists of nonstatutory
matter is not subject matter for this class.</para></note1></notes>
</descsect>
<scsect>
<srchout>
<crecord><classnum ref = "C104S000000" doc = "Class104.sgm">104</classnum>
<subref><clstitle>Railways</clstitle>
<pretext></pretext></subref>
<descript><para>appropriate subclasses for railway systems, per
se.</para></descript></crecord>
<crecord><classnum ref = "C105S000000" doc = "Class105.sgm">105</classnum>
<subref><clstitle>Railway Rolling Stock</clstitle>
<pretext></pretext>
<subnum range = "r" ref = "C105S327000" doc = "Class105.sgm">327</subnum></subref>
<descript><para> and 328 for dining and merchandising cars, respectively.</para></descript></crecord>
<crecord><classnum ref = "C108S000000" doc = "Class108.sgm">108</classnum>
<subref><clstitle>Horizontally Supported Planar Surfaces</clstitle>
<pretext></pretext>
<subnum range = "p" ref = "C108S094000" doc = "Class108.sgm">94</subnum></subref>
<descript><para> for rotatable terraced horizontal planar surfaces,
for example, self-waiting tables; and   subclasses 103&plus; for
plural related horizontal planar surface members which are rotatable
about a vertical axis.</para></descript></crecord>
<crecord><classnum ref = "C141S000000" doc = "Class141.sgm">141</classnum>
<subref><clstitle>Fluent Material Handling, With Receiver or Receiver
Coacting Means</clstitle>
<pretext></pretext></subref>
<descript><para>for devices for transfer of fluent material from
a source and relatively movable coacting receiver.</para></descript></crecord>
<crecord><classnum ref = "C187S000000" doc = "Class187.sgm">187</classnum>
<subref><clstitle>Elevator, Industrial Lift Truck, or Stationary Lift
for Vehicle</clstitle>
<pretext></pretext></subref>
<descript><para>for an elevator, per se.</para></descript></crecord>
<crecord><classnum ref = "C191S000000" doc = "Class191.sgm">191</classnum>
<subref><clstitle>Electricity:  Transmission to Vehicles</clstitle>
<pretext></pretext></subref>
<descript><para>appropriate subclasses for the transmission of electrical
energy between a relatively moving vehicle and another object.</para></descript></crecord>
<crecord><classnum ref = "C194S000000" doc = "Class194.sgm">194</classnum>
<subref><clstitle>Check-Actuated Control Mechanisms</clstitle>
<pretext></pretext></subref>
<descript><para>for a check-controlled device, per se.</para></descript></crecord>
<crecord><classnum ref = "C198S000000" doc = "Class198.sgm">198</classnum>
<subref><clstitle>Conveyors:  Power-Driven</clstitle>
<pretext></pretext></subref>
<descript><para>for power-driven conveyors, per se.</para></descript></crecord>
<crecord><classnum ref = "C221S000000" doc = "Class221.sgm">221</classnum>
<subref><clstitle>Article Dispensing</clstitle>
<pretext></pretext></subref>
<descript><para>for a dispenser, per se, for articles.</para></descript></crecord>
<crecord><classnum ref = "C222S000000" doc = "Class222.sgm">222</classnum>
<subref><clstitle>Dispensing</clstitle>
<pretext></pretext></subref>
<descript><para>for a dispenser, per se, for fluent material.</para></descript></crecord>
<crecord><classnum ref = "C406S000000" doc = "Class406.sgm">406</classnum>
<subref><clstitle>Conveyors:  Fluid Current</clstitle>
<pretext></pretext></subref>
<descript><para>for apparatus for the propulsion of a carrier through
a tube means by fluid pressure.</para></descript></crecord>
<crecord><classnum ref = "C414S000000" doc = "Class414.sgm">414</classnum>
<subref><clstitle>Material or Article Handling</clstitle>
<pretext>for devices for handling material or an article, and especially </pretext>
<subnum range = "s" ref = "C414S009000" doc = "Class414.sgm">9</subnum></subref>
<descript><para> for a human body operated eating aid.</para></descript></crecord>
<crecord><classnum ref = "C452S000000" doc = "Class452.sgm">452</classnum>
<subref><clstitle>Butchering</clstitle>
<pretext></pretext>
<subnum range = "p" ref = "C452S177000" doc = "Class452.sgm">177</subnum></subref>
<descript><para> for an elevator and conveyor means used in a butchering
operation.</para></descript></crecord>
<crecord><classnum ref = "C705S000000" doc = "Class705.sgm">705</classnum>
<subref><clstitle>Data Processing: Financial, Business Practice, Management,
or Cost&sol;price Determination</clstitle>
<pretext></pretext>
<subnum range = "s" ref = "C705S015000" doc = "Class705.sgm">15</subnum></subref>
<descript><para> for a data processing system for administration
of restaurant ordering; subclasses 16&plus; for a data processing
system having an electronic cash register or point of sale terminal.</para></descript></crecord>
<crecord><classnum ref = "C708S000000" doc = "Class708.sgm">708</classnum>
<subref><clstitle>Electrical Computers: Arithmetic Processing and
Calculating</clstitle>
<pretext></pretext></subref>
<descript><para>appropriate subclasses for electrical apparatus
for, and corresponding methods of, performing calculation operations in
general.</para></descript></crecord></srchout>
</scsect></sections>
<sclasses>
<subclass subnum = "2" id = "C186S002000">
<sctitle>Gravity systems:</sctitle>
<parent ref = "C186S052000" doc = "Class186.sgm">subclass 52</parent>
<scdesc>Miscellaneous inventions not otherwise classifiable.  The
tracks are inclined, and the propelling force for the carriers is
gravity.</scdesc>
<srchout>
<crecord><classnum ref = "C104S000000" doc = "Class104.sgm">104</classnum>
<subref><clstitle>Railways</clstitle>
<pretext></pretext>
<subnum range = "r" ref = "C104S053000" doc = "Class104.sgm">53</subnum></subref>
<descript><para> and 112.</para></descript></crecord>
<crecord><classnum ref = "C193S000000" doc = "Class193.sgm">193</classnum>
<subref><clstitle>Conveyors, Chutes, Skids, Guides, and  Ways</clstitle>
<pretext></pretext>
<subnum range = "r" ref = "C193S027000" doc = "Class193.sgm">27</subnum></subref>
<descript><para> and 32.</para></descript></crecord></srchout></subclass>
<subclass subnum = "3" id = "C186S003000">
<sctitle>Selective delivery:</sctitle>
<parent ref = "C186S002000" doc = "Class186.sgm">subclass 2</parent>
<scdesc>There are a number of terminals to which the cars are switched
from the main line, the particular switch operated by a given carrier depending
on its configuration or size.</scdesc>
<srchin>
<srecord><subnum ref = "C186S015000" doc = "Class186.sgm">15</subnum>
<descript><para>and 20, for other selective switching features.</para></descript></srecord></srchin></subclass>
<subclass subnum = "4" id = "C186S004000">
<sctitle>Tilting track:</sctitle>
<parent ref = "C186S002000" doc = "Class186.sgm">subclass 2</parent>
<scdesc>One end of the track is raised or lowered to give the necessary
impelling force in the required direction.</scdesc>
<srchout>
<crecord><classnum ref = "C104S000000" doc = "Class104.sgm">104</classnum>
<subref><clstitle>Railways</clstitle>
<pretext></pretext>
<subnum range = "r" ref = "C104S053000" doc = "Class104.sgm">53</subnum></subref>
<descript><para> and 112.</para></descript></crecord></srchout></subclass>
<subclass subnum = "5" id = "C186S005000">
<sctitle>Both ends movable:</sctitle>
<parent ref = "C186S004000" doc = "Class186.sgm">subclass 4</parent>
<scdesc>Here each end of the track is raised and lowered.</scdesc>
<srchin>
<srecord><subnum ref = "C186S004000" doc = "Class186.sgm">4</subnum>
<descript><para></para></descript></srecord></srchin></subclass>
<subclass subnum = "6" id = "C186S006000">
<sctitle>Pivoted arms:</sctitle>
<parent ref = "C186S005000" doc = "Class186.sgm">subclass 5</parent>
<scdesc>The ends of the track are attached to pivoted arms, so that
when one end of the track is raised the other is lowered.</scdesc></subclass>
<subclass subnum = "7" id = "C186S007000">
<sctitle>Self-propelled car systems:</sctitle>
<parent ref = "C186S052000" doc = "Class186.sgm">subclass 52</parent>
<scdesc>The propelling means is on the car in the form of a spring,
electric, or other motor. In some cases the cars run on a closed
track loop and distribute and collect selectively and automatically.
 In other cases the cars are switched selectively and automatically
from the main line.</scdesc>
<srchin>
<srecord><subnum ref = "C186S028000" doc = "Class186.sgm">28</subnum>
<descript><para></para></descript></srecord></srchin>
<srchout>
<crecord><classnum ref = "C104S000000" doc = "Class104.sgm">104</classnum>
<subref><clstitle>Railways</clstitle>
<pretext></pretext>
<subnum range = "r" ref = "C104S112000" doc = "Class104.sgm">112</subnum></subref>
<descript><para>, 124 and 295&plus;.</para></descript></crecord></srchout></subclass>
<subclass subnum = "8" id = "C186S008000">
<sctitle>Single-impulse systems:</sctitle>
<parent ref = "C186S052000" doc = "Class186.sgm">subclass 52</parent>
<scdesc>The car is impelled by the hand either directly or by means
of interposed mechanism.</scdesc>
<srchout>
<crecord><classnum ref = "C104S000000" doc = "Class104.sgm">104</classnum>
<subref><clstitle>Railways</clstitle>
<pretext></pretext>
<subnum range = "s" ref = "C104S112000" doc = "Class104.sgm">112</subnum></subref>
<descript><para>.</para></descript></crecord></srchout></subclass>
<subclass subnum = "9" id = "C186S009000">
<sctitle>Speed increasing:</sctitle>
<parent ref = "C186S008000" doc = "Class186.sgm">subclass 8</parent>
<scdesc>The car is impelled usually by hand, but with speed increasing
means interposed between the power and the car.</scdesc></subclass>
<subclass subnum = "10" id = "C186S010000">
<sctitle>Spring:</sctitle>
<parent ref = "C186S008000" doc = "Class186.sgm">subclass 8</parent>
<scdesc>The impelling means is a spring which is strained to the
requisite point and then suddenly released to propel the car along
the track.</scdesc>
<srchout>
<crecord><classnum ref = "C124S000000" doc = "Class124.sgm">124</classnum>
<subref><clstitle>Mechanical Guns and Projectors</clstitle>
<pretext></pretext>
<subnum range = "s" ref = "C124S007000" doc = "Class124.sgm">7</subnum></subref>
<descript><para>, and indented subclasses, and subclass 16 and indented
subclasses, for spring straining and releasing mechanisms similar
to those shown in this subclass.</para></descript></crecord></srchout></subclass>
<subclass subnum = "11" id = "C186S011000">
<sctitle>Longitudinally moving line:</sctitle>
<parent ref = "C186S010000" doc = "Class186.sgm">subclass 10</parent>
<scdesc>The track itself or a line parallel to and coextensive with
the track is an elastic cable or has springs inserted between its
ends and the supports.  The car is propelled from either end by pulling
the line at the end and straining the elastic cable or the spring
at the opposite end and quickly releasing, when the car is propelled
through means of a projecting part on the line.</scdesc></subclass>
<subclass subnum = "12" id = "C186S012000">
<sctitle>Gravity:</sctitle>
<parent ref = "C186S008000" doc = "Class186.sgm">subclass 8</parent>
<scdesc>The end of the track upon which the car rests is tilted
to give the necessary impulse to propel the car along the remainder
of the track, which is not inclined.  This subclass also includes cases
in which the car rest on the level portion of the track, the car
being impelled by a bunter running down the inclined portion of
the track, which is tilted, and the bunter released at will.</scdesc></subclass>
<subclass subnum = "13" id = "C186S013000">
<sctitle>Spreaders:</sctitle>
<parent ref = "C186S008000" doc = "Class186.sgm">subclass 8</parent>
<scdesc>The car is given an impulse by the spreading apart at one
end of two members inserted between suitable parts on the car. In
some cases both members are flexible, in other cases one is flexible
and the other rigid, and one or both movable.  In some cases one
member forms the track on which the car runs and the other is coextensive
with it, in other cases the second member extends for a limited
distance only.</scdesc></subclass>
<subclass subnum = "14" id = "C186S014000">
<sctitle>Cable-propulsion systems:</sctitle>
<parent ref = "C186S052000" doc = "Class186.sgm">subclass 52</parent>
<scdesc>The car is propelled by a running cable or belt and runs
on a track or is suspended on the cable or belt.</scdesc>
<srchout>
<crecord><classnum ref = "C104S000000" doc = "Class104.sgm">104</classnum>
<subref><clstitle>Railways</clstitle>
<pretext></pretext>
<subnum range = "r" ref = "C104S053000" doc = "Class104.sgm">53</subnum></subref>
<descript><para>, 112 and 180. </para></descript></crecord>
<crecord><classnum ref = "C198S000000" doc = "Class198.sgm">198</classnum>
<subref><clstitle>Conveyors:  Power Driven</clstitle>
<pretext></pretext></subref>
<descript><para>appropriate subclasses.</para></descript></crecord></srchout></subclass>
<subclass subnum = "15" id = "C186S015000">
<sctitle>Grip, selective release:</sctitle>
<parent ref = "C186S014000" doc = "Class186.sgm">subclass 14</parent>
<scdesc>The carrier is propelled along a track by a continuously
running cable, to which when the carrier is placed in the proper
position it is automatically attached by means of a gripper on the
carrier.  The carrier runs to a designated station, when the gripper
is automatically  operated and the car switched to its terminal.
 The point of release and switching is determined by the configuration
of the car.</scdesc>
<srchout>
<crecord><classnum ref = "C104S000000" doc = "Class104.sgm">104</classnum>
<subref><clstitle>Railways</clstitle>
<pretext></pretext>
<subnum range = "r" ref = "C104S112000" doc = "Class104.sgm">112</subnum></subref>
<descript><para>, 124, 202, and 204.</para></descript></crecord></srchout></subclass>
<subclass subnum = "16" id = "C186S016000">
<sctitle>Load release:</sctitle>
<parent ref = "C186S014000" doc = "Class186.sgm">subclass 14</parent>
<scdesc>A belt or cable in the form of a closed loop propels a wheeled
car or a flight usually along a track.  A receptacle is carried
by the car or pushed by the flight and is itself deposited at a previously
selected point, or the contents of the receptacle are deposited
at the given point.</scdesc>
<srchout>
<crecord><classnum ref = "C104S000000" doc = "Class104.sgm">104</classnum>
<subref><clstitle>Railways</clstitle>
<pretext></pretext>
<subnum range = "r" ref = "C104S112000" doc = "Class104.sgm">112</subnum></subref>
<descript><para> and 124.</para></descript></crecord>
<crecord><classnum ref = "C198S000000" doc = "Class198.sgm">198</classnum>
<subref><clstitle>Conveyors:  Power-Driven</clstitle>
<pretext></pretext></subref>
<descript><para>appropriate  subclasses.</para></descript></crecord></srchout></subclass>
<subclass subnum = "17" id = "C186S017000">
<sctitle>Reciprocating:</sctitle>
<parent ref = "C186S014000" doc = "Class186.sgm">subclass 14</parent>
<scdesc>The carrier is attached to a cable and is propelled back
and forth in the same path between the terminals.  It may be propelled
both ways by the cable or in one direction by the cable and in the
reverse by gravity.  In some instances the carrier runs on a track,
in others it is suspended from the propelling cable.</scdesc>
<srchout>
<crecord><classnum ref = "C104S000000" doc = "Class104.sgm">104</classnum>
<subref><clstitle>Railway</clstitle>
<pretext></pretext>
<subnum range = "r" ref = "C104S112000" doc = "Class104.sgm">112</subnum></subref>
<descript><para> and 180.</para></descript></crecord>
<crecord><classnum ref = "C211S000000" doc = "Class211.sgm">211</classnum>
<subref><clstitle>Supports:  Racks</clstitle>
<pretext></pretext>
<subnum range = "s" ref = "C211S11910" doc = "Class211.sgm">119.01</subnum></subref>
<descript><para> and  indented subclasses.</para></descript></crecord></srchout></subclass>
<subclass subnum = "18" id = "C186S018000">
<sctitle>Drop car:</sctitle>
<parent ref = "C186S017000" doc = "Class186.sgm">subclass 17</parent>
<scdesc>Here the carrier is attached to the cable and is propelled
back and forth in the same path.  The car runs on a track or is
suspended from the cable.  Provision is made in some cases for lowering
the carrier at the terminals.  In other instances it is lowered
at any intermediate point.</scdesc>
<srchout>
<crecord><classnum ref = "C212S000000" doc = "Class212.sgm">212</classnum>
<subref><clstitle>Traversing Hoists</clstitle>
<pretext></pretext>
<subnum range = "s" ref = "C212S071000" doc = "Class212.sgm">71</subnum></subref>
<descript><para> and indented subclasses.</para></descript></crecord></srchout></subclass>
<subclass subnum = "19" id = "C186S019000">
<sctitle>Switches:</sctitle>
<parent ref = "C186S052000" doc = "Class186.sgm">subclass 52</parent>
<scdesc>Devices not otherwise classified for directing a carrier
from one track to another over an intervening movable track section.</scdesc>
<srchout>
<crecord><classnum ref = "C246S000000" doc = "Class246.sgm">246</classnum>
<subref><clstitle>Railway Switches and Signals</clstitle>
<pretext></pretext>
<subnum range = "s" ref = "C246S415000" doc = "Class246.sgm">415</subnum></subref>
<descript><para> and indented subclasses, and other appropriate
subclasses.</para></descript></crecord></srchout></subclass>
<subclass subnum = "20" id = "C186S020000">
<sctitle>Selective:</sctitle>
<parent ref = "C186S019000" doc = "Class186.sgm">subclass 19</parent>
<scdesc>Mechanisms by which the carrier is directed to a particular
branch along a track, the point of switching depending upon the
configuration or size of the carrier.  In some cases the switch
is movable, in others immovable.</scdesc>
<srchin>
<srecord><subnum ref = "C186S003000" doc = "Class186.sgm">3</subnum>
<descript><para>13, and 15.</para></descript></srecord></srchin></subclass>
<subclass subnum = "21" id = "C186S021000">
<sctitle>Carrier returned:</sctitle>
<parent ref = "C186S020000" doc = "Class186.sgm">subclass 20</parent>
<scdesc>The carrier is switched to a particular point, depending
upon the size or configuration of the carrier, the switch being
returned to its original position by action of the carrier after
passing.</scdesc></subclass>
<subclass subnum = "22" id = "C186S022000">
<sctitle>Elevators and drops:</sctitle>
<parent ref = "C186S052000" doc = "Class186.sgm">subclass 52</parent>
<scdesc>Devices for hoisting or lowering a carrier from one level
to another.  In some cases the devices operate between tracks at
different levels, in others between a station and a track at another level.</scdesc>
<notes><note1 notenum = "(1)">
<para>Note.  A large number of these devices are shown in this class,
subclasses, 2, 3 and 8, and indented subclasses.</para></note1></notes>
<srchout>
<crecord><classnum ref = "C089S000000" doc = "Class089.sgm">89</classnum>
<subref><clstitle>Ordnance</clstitle>
<pretext></pretext>
<subnum range = "s" ref = "C089S046000" doc = "Class089.sgm">46</subnum></subref>
<descript><para>.</para></descript></crecord>
<crecord><classnum ref = "C182S000000" doc = "Class182.sgm">182</classnum>
<subref><clstitle>Fire Escape, Ladder, or Scaffolds</clstitle>
<pretext></pretext>
<subnum range = "p" ref = "C182S042000" doc = "Class182.sgm">42</subnum></subref>
<descript><para> for an endless conveyor type escape.</para></descript></crecord>
<crecord><classnum ref = "C198S000000" doc = "Class198.sgm">198</classnum>
<subref><clstitle>Conveyors:  Power-Driven</clstitle>
<pretext></pretext>
<subnum range = "p" ref = "C198S739000" doc = "Class198.sgm">739</subnum></subref>
<descript><para> for a platform moved about an endless path.</para></descript></crecord>
<crecord><classnum ref = "C414S000000" doc = "Class414.sgm">414</classnum>
<subref><clstitle>Material or Article Handling</clstitle>
<pretext></pretext>
<subnum range = "p" ref = "C414S592000" doc = "Class414.sgm">592</subnum></subref>
<descript><para>.</para></descript></crecord>
<crecord><classnum ref = "C452S000000" doc = "Class452.sgm">452</classnum>
<subref><clstitle>Butchering</clstitle>
<pretext></pretext>
<subnum range = "s" ref = "C452S178000" doc = "Class452.sgm">178</subnum></subref>
<descript><para> for an elevator means used in a butchering operation.</para></descript></crecord></srchout></subclass>
<subclass subnum = "23" id = "C186S023000">
<sctitle>Speed-controlled drop:</sctitle>
<parent ref = "C186S022000" doc = "Class186.sgm">subclass 22</parent>
<scdesc>Devices for hoisting or lowering a carrier from one level
to another, connected with which are means for controlling the speed
of the falling carrier.</scdesc>
<srchin>
<srecord><subnum ref = "C186S029000" doc = "Class186.sgm">29</subnum>
<descript><para></para></descript></srecord></srchin>
<srchout>
<crecord><classnum ref = "C187S000000" doc = "Class187.sgm">187</classnum>
<subref><clstitle>Elevator, Industrial Lift Truck, or Stationary
Lift for Vehicle</clstitle>
<pretext></pretext>
<subnum range = "p" ref = "C187S345000" doc = "Class187.sgm">345</subnum></subref>
<descript><para> for fluid dampening means regulating the movement
of an elevator car, and subclasses 373&plus; for an elevator
car supported brake actuated by a speed governor or sensor.</para></descript></crecord>
<crecord><classnum ref = "C193S000000" doc = "Class193.sgm">193</classnum>
<subref><clstitle>Conveyors, Chutes, Skids, Guides, and Ways</clstitle>
<pretext></pretext>
<subnum range = "r" ref = "C193S018000" doc = "Class193.sgm">18</subnum></subref>
<descript><para>, 19 and 24.</para></descript></crecord>
<crecord><classnum ref = "C254S000000" doc = "Class254.sgm">254</classnum>
<subref><clstitle>Implements or Apparatus for Applying Pushing or
Pulling Force</clstitle>
<pretext></pretext>
<subnum range = "p" ref = "C254S264000" doc = "Class254.sgm">264</subnum></subref>
<descript><para> for apparatus for hauling or hoisting a load including
a driven device which contacts and pulls on a cable attached to
the load.</para></descript></crecord></srchout></subclass>
<subclass subnum = "24" id = "C186S024000">
<sctitle>Buffers:</sctitle>
<parent ref = "C186S052000" doc = "Class186.sgm">subclass 52</parent>
<scdesc>Devices for receiving the impact of the carrier as it reaches
the end of the line.</scdesc>
<srchout>
<crecord><classnum ref = "C016S000000" doc = "Class016.sgm">16</classnum>
<subref><clstitle>Miscellaneous Hardware (e.g., Bushing, Carpet Fastener, Caster, Door Closer, Panel Hanger, Attachable or Adjunct Handle, Hinge, Window Sash Balance, etc.)</clstitle>
<pretext></pretext>
<subnum range = "s" ref = "C016S082000" doc = "Class016.sgm">82</subnum></subref>
<descript><para>, and indented subclasses.</para></descript></crecord>
<crecord><classnum ref = "C104S000000" doc = "Class104.sgm">104</classnum>
<subref><clstitle>Railways</clstitle>
<pretext></pretext>
<subnum range = "s" ref = "C104S254000" doc = "Class104.sgm">254</subnum></subref>
<descript><para>.</para></descript></crecord>
<crecord><classnum ref = "C187S000000" doc = "Class187.sgm">187</classnum>
<subref><clstitle>Elevator, Industrial Lift Truck, or Stationary
Lift for  Vehicle</clstitle>
<pretext></pretext>
<subnum range = "p" ref = "C187S343000" doc = "Class187.sgm">343</subnum></subref>
<descript><para> for means cushioning the contact of an elevator
car with an end of its shaft.</para></descript></crecord>
<crecord><classnum ref = "C414S000000" doc = "Class414.sgm">414</classnum>
<subref><clstitle>Material or Article Handling</clstitle>
<pretext></pretext>
<subnum range = "r" ref = "C414S601000" doc = "Class414.sgm">601</subnum></subref>
<descript><para> or 602, 623 and 719, and indented subclass.</para></descript></crecord></srchout></subclass>
<subclass subnum = "25" id = "C186S025000">
<sctitle>Slide:</sctitle>
<parent ref = "C186S024000" doc = "Class186.sgm">subclass 24</parent>
<scdesc>The retarding action is produced by the carrier sliding
on the buffer, which is in the form of an inclined plane.  In some
cases the buffer is a wedge embraced by parts on a car.</scdesc></subclass>
<subclass subnum = "26" id = "C186S026000">
<sctitle>Carriers:</sctitle>
<parent ref = "C186S052000" doc = "Class186.sgm">subclass 52</parent>
<scdesc>Miscellaneous cash and parcel carriers not otherwise classified.</scdesc></subclass>
<subclass subnum = "27" id = "C186S027000">
<sctitle>Wheeled:</sctitle>
<parent ref = "C186S026000" doc = "Class186.sgm">subclass 26</parent>
<scdesc>Carriers running on wheels adapted to the service indicated
in the general definition of this class and not specifically included
in the remaining carrier subclasses.</scdesc>
<srchout>
<crecord><classnum ref = "C104S000000" doc = "Class104.sgm">104</classnum>
<subref><clstitle>Railways</clstitle>
<pretext></pretext>
<subnum range = "r" ref = "C104S089000" doc = "Class104.sgm">89</subnum></subref>
<descript><para> and 124.</para></descript></crecord>
<crecord><classnum ref = "C105S000000" doc = "Class105.sgm">105</classnum>
<subref><clstitle>Railway Rolling Stock</clstitle>
<pretext></pretext>
<subnum range = "r" ref = "C105S147000" doc = "Class105.sgm">147</subnum></subref>
<descript><para> and 150.</para></descript></crecord></srchout></subclass>
<subclass subnum = "28" id = "C186S028000">
<sctitle>Self-propelled:</sctitle>
<parent ref = "C186S027000" doc = "Class186.sgm">subclass 27</parent>
<scdesc>Wheeled carriers propelled by a self-contained motor of
any form.</scdesc>
<srchin>
<srecord><subnum ref = "C186S007000" doc = "Class186.sgm">7</subnum>
<descript><para></para></descript></srecord></srchin>
<srchout>
<crecord><classnum ref = "C104S000000" doc = "Class104.sgm">104</classnum>
<subref><clstitle>Railways</clstitle>
<pretext></pretext>
<subnum range = "r" ref = "C104S112000" doc = "Class104.sgm">112</subnum></subref>
<descript><para>, 124 and  295&plus;. </para></descript></crecord>
<crecord><classnum ref = "C105S000000" doc = "Class105.sgm">105</classnum>
<subref><clstitle>Railway Rolling Stock</clstitle>
<pretext></pretext>
<subnum range = "s" ref = "C105S148000" doc = "Class105.sgm">148</subnum></subref>
<descript><para>.</para></descript></crecord>
<crecord><classnum ref = "C254S000000" doc = "Class254.sgm">254</classnum>
<subref><clstitle>Implements or Apparatus for Applying Pushing or
Pulling Force</clstitle>
<pretext></pretext>
<subnum range = "p" ref = "C254S134500" doc = "Class254.sgm">134.5</subnum></subref>
<descript><para> for tractors utilized to pull wire into conduits
or along a messenger.</para></descript></crecord></srchout></subclass>
<subclass subnum = "29" id = "C186S029000">
<sctitle>Drop receptacle:</sctitle>
<parent ref = "C186S027000" doc = "Class186.sgm">subclass 27</parent>
<scdesc>Wheeled carriers in which the cash or parcel receptacle
is lowered from its normal position while still remaining attached
to the car.  In some instances the car remains attached to some
part of the structure.</scdesc>
<srchin>
<srecord><subnum ref = "C186S018000" doc = "Class186.sgm">18</subnum>
<descript><para>22 and 23.</para></descript></srecord></srchin>
<srchout>
<crecord><classnum ref = "C212S000000" doc = "Class212.sgm">212</classnum>
<subref><clstitle>Traversing Hoists</clstitle>
<pretext></pretext>
<subnum range = "s" ref = "C212S071000" doc = "Class212.sgm">71</subnum></subref>
<descript><para> and indented subclasses.</para></descript></crecord></srchout></subclass>
<subclass subnum = "30" id = "C186S030000">
<sctitle>Derailment guards:</sctitle>
<parent ref = "C186S027000" doc = "Class186.sgm">subclass 27</parent>
<scdesc>Devices for preventing derailment of wheeled carriers.</scdesc>
<srchout>
<crecord><classnum ref = "C104S000000" doc = "Class104.sgm">104</classnum>
<subref><clstitle>Railways</clstitle>
<pretext></pretext>
<subnum range = "r" ref = "C104S243000" doc = "Class104.sgm">243</subnum></subref>
<descript><para>, 244 and 246.</para></descript></crecord></srchout></subclass>
<subclass subnum = "31" id = "C186S031000">
<sctitle>Rolling:</sctitle>
<parent ref = "C186S026000" doc = "Class186.sgm">subclass 26</parent>
<scdesc>Carriers of spherical, cylindrical, and other permissible
shapes which roll along the track.</scdesc></subclass>
<subclass subnum = "32" id = "C186S032000">
<sctitle>Sliding:</sctitle>
<parent ref = "C186S026000" doc = "Class186.sgm">subclass 26</parent>
<scdesc>The carriers slide along the track.  The method of propulsion
is unrestricted.</scdesc>
<srchin>
<srecord><subnum ref = "C186S015000" doc = "Class186.sgm">15</subnum>
<descript><para></para></descript></srecord></srchin></subclass>
<subclass subnum = "33" id = "C186S033000">
<sctitle>Details:</sctitle>
<parent ref = "C186S052000" doc = "Class186.sgm">subclass 52</parent>
<scdesc>Elementary parts of cash carrier systems and their accessories
not otherwise classifiable.</scdesc></subclass>
<subclass subnum = "34" id = "C186S034000">
<sctitle>Track:</sctitle>
<parent ref = "C186S033000" doc = "Class186.sgm">subclass 33</parent>
<scdesc>Track accessories and elementary parts not otherwise classifiable.</scdesc>
<srchout>
<crecord><classnum ref = "C104S000000" doc = "Class104.sgm">104</classnum>
<subref><clstitle>Railways</clstitle>
<pretext></pretext>
<subnum range = "r" ref = "C104S112000" doc = "Class104.sgm">112</subnum></subref>
<descript><para>, 124 and 189.</para></descript></crecord>
<crecord><classnum ref = "C212S000000" doc = "Class212.sgm">212</classnum>
<subref><clstitle>Traversing Hoists</clstitle>
<pretext></pretext>
<subnum range = "s" ref = "C212S071000" doc = "Class212.sgm">71</subnum></subref>
<descript><para>, and indented subclasses.</para></descript></crecord>
<crecord><classnum ref = "C246S000000" doc = "Class246.sgm">246</classnum>
<subref><clstitle>Railway Switches and Signals</clstitle>
<pretext></pretext>
<subnum range = "s" ref = "C246S415000" doc = "Class246.sgm">415</subnum></subref>
<descript><para>.</para></descript></crecord></srchout></subclass>
<subclass subnum = "35" id = "C186S035000">
<sctitle>CUSTOMER SERVICE:</sctitle>
<parent ref = "C186S000000" doc = "Class186.sgm">the class definition</parent>
<scdesc>Apparatus comprising means by which a purchaser or user
may personally and directly consummate a purchase or other transaction with
a seller or other agent.</scdesc></subclass>
<subclass subnum = "36" id = "C186S036000">
<sctitle>Combined services:</sctitle>
<parent ref = "C186S035000" doc = "Class186.sgm">subclass 35</parent>
<scdesc>Apparatus provided with means by which two or more diverse
retailing operations may be performed either simultaneously or sequentially
from a specific locus.</scdesc>
<notes><note1 notenum = "(1)">
<para>Note.  For example, a person may order groceries or food from
an automobile while having the tank of the automobile filled with
gasoline.</para></note1></notes></subclass>
<subclass subnum = "37" id = "C186S037000">
<sctitle>Banking:</sctitle>
<parent ref = "C186S035000" doc = "Class186.sgm">subclass 35</parent>
<scdesc>Apparatus directly related to a transaction at a bank or
like place of business.</scdesc>
<srchout>
<crecord><classnum ref = "C705S000000" doc = "Class705.sgm">705</classnum>
<subref><clstitle>Data Processing: Financial, Business Practice,
Management, or Cost&sol;price Determination</clstitle>
<pretext></pretext>
<subnum range = "s" ref = "C705S039000" doc = "Class705.sgm">39</subnum></subref>
<descript><para> for this subject matter combined with a data processing
arrangement.</para></descript></crecord></srchout></subclass>
<subclass subnum = "38" id = "C186S038000">
<sctitle>Dining room service:</sctitle>
<parent ref = "C186S035000" doc = "Class186.sgm">subclass 35</parent>
<scdesc>Apparatus directly related to dining.</scdesc>
<srchout>
<crecord><classnum ref = "C705S000000" doc = "Class705.sgm">705</classnum>
<subref><clstitle>Data Processing: Financial, Business Practice,
Management, or Cost&sol;price Determination</clstitle>
<pretext></pretext>
<subnum range = "s" ref = "C705S015000" doc = "Class705.sgm">15</subnum></subref>
<descript><para> for a data processing system having a limitation particularly
designed for a restaurant.</para></descript></crecord></srchout></subclass>
<subclass subnum = "39" id = "C186S039000">
<sctitle>With machine readable means:</sctitle>
<parent ref = "C186S038000" doc = "Class186.sgm">subclass 38</parent>
<scdesc>Apparatus wherein a dining establishment includes a device
into which sensible encoded menu information is fed, the device
upon sensing the menu information initiating one or more activities
relating to a dining operation.</scdesc></subclass>
<subclass subnum = "40" id = "C186S040000">
<sctitle>In a transport vehicle:</sctitle>
<parent ref = "C186S038000" doc = "Class186.sgm">subclass 38</parent>
<scdesc>Apparatus wherein a public conveyance is provided with a
food carrier means, the carrier means conveying food to the vicinity
of passengers from a food storage or preparation area.</scdesc></subclass>
<subclass subnum = "41" id = "C186S041000">
<sctitle>Drive-in:</sctitle>
<parent ref = "C186S038000" doc = "Class186.sgm">subclass 38</parent>
<scdesc>Apparatus wherein there is provided means directly available
to a motorist while in or at a vehicle either for selecting items
from a menu or for receiving selected items when delivered.</scdesc></subclass>
<subclass subnum = "42" id = "C186S042000">
<sctitle>Dining table structure movable in fixed path:</sctitle>
<parent ref = "C186S038000" doc = "Class186.sgm">subclass 38</parent>
<scdesc>Apparatus comprising a dining structure surface for supporting
food or drink being consumed by a diner in the act of eating, the structure
being secured to a movable support movable in a fixed path of travel
into and out of a dining area.</scdesc></subclass>
<subclass subnum = "43" id = "C186S043000">
<sctitle>With conveyor cleaner:</sctitle>
<parent ref = "C186S038000" doc = "Class186.sgm">subclass 38</parent>
<scdesc>Apparatus in which there is provided a moving conveyor or
carrier and there is further provided a means to cleanse the conveyor
or carrier at a zone or station as it moves therepast.</scdesc>
<notes><note1 notenum = "(1)">
<para>Note.  Removing dishes or the like from a moving conveyor
is not considered to be conveyor cleansing for classification here.
 Classification of such structure will be based on other features.</para></note1></notes></subclass>
<subclass subnum = "44" id = "C186S044000">
<sctitle>Menu make-up table:</sctitle>
<parent ref = "C186S038000" doc = "Class186.sgm">subclass 38</parent>
<scdesc>Apparatus comprising a support structure for supporting
a variety of foods from which a selection may be made, consumption
of the food selected being at a place spaced from the support structure.</scdesc></subclass>
<subclass subnum = "45" id = "C186S045000">
<sctitle>Wheeled carrier:</sctitle>
<parent ref = "C186S038000" doc = "Class186.sgm">subclass 38</parent>
<scdesc>Apparatus comprising a wheeled device for carrying food
from a preparation area to a dining or other use area (e.g., hospital
room).</scdesc></subclass>
<subclass subnum = "46" id = "C186S046000">
<sctitle>Track guided:</sctitle>
<parent ref = "C186S045000" doc = "Class186.sgm">subclass 45</parent>
<scdesc>Apparatus wherein the wheeled device is mounted to travel
on rails or other like fixed path means.</scdesc></subclass>
<subclass subnum = "47" id = "C186S047000">
<sctitle>With food carrier elevating means: </sctitle>
<parent ref = "C186S046000" doc = "Class186.sgm">subclass 46</parent>
<scdesc>Apparatus wherein there is provided structure to raise or
lower either the wheeled device or a load bearing part thereof whereby
to transport food for dining from one level to another.</scdesc>
<notes><note1 notenum = "(1)">
<para>Note.  An inclined trackway, per se, for a food carrier carrying
prepared food to a dining area is not considered proper subject
matter for classification here, classification of such subject matter
being based on other features.</para></note1></notes>
<srchin>
<srecord><subnum ref = "C186S022000" doc = "Class186.sgm">22</subnum>
<descript><para>for devices for hoisting or lowering a carrier proper
for this class, but in other than dining room service, from one
level to another.</para></descript></srecord></srchin></subclass>
<subclass subnum = "48" id = "C186S048000">
<sctitle>Overhead:</sctitle>
<parent ref = "C186S046000" doc = "Class186.sgm">subclass 46</parent>
<scdesc>Apparatus wherein the rail or fixed path means is fixed
to or otherwise mounted to support structure at or adjacent the
ceiling of a dining establishment so that the load carrying parts supported
on the wheel device are suspended therefrom.</scdesc></subclass>
<subclass subnum = "49" id = "C186S049000">
<sctitle>With conveyor (e.g., belt type):</sctitle>
<parent ref = "C186S038000" doc = "Class186.sgm">subclass 38</parent>
<scdesc>Apparatus comprising a laterally moving surface for carrying
food or other items pertaining to a dining operation.</scdesc></subclass>
<subclass subnum = "50" id = "C186S050000">
<sctitle>With food carrier elevating means: </sctitle>
<parent ref = "C186S049000" doc = "Class186.sgm">subclass 49</parent>
<scdesc>Apparatus wherein there is provided structure to raise or
lower a food tray or the like to or from a conveying level.</scdesc></subclass>
<subclass subnum = "51" id = "C186S051000">
<sctitle>With elevator:</sctitle>
<parent ref = "C186S038000" doc = "Class186.sgm">subclass 38</parent>
<scdesc>Apparatus comprising a device for vertically hoisting or
lowering food or appurtenances pertaining to a dining operation.</scdesc>
<srchout>
<crecord><classnum ref = "C187S000000" doc = "Class187.sgm">187</classnum>
<subref><clstitle>Elevator, Industrial Lift Truck, or Stationary
Lift for Vehicle</clstitle>
<pretext></pretext></subref>
<descript><para>for an elevator, per se.</para></descript></crecord></srchout></subclass>
<subclass subnum = "52" id = "C186S052000">
<sctitle>Store service:</sctitle>
<parent ref = "C186S035000" doc = "Class186.sgm">subclass 35</parent>
<scdesc>Apparatus wherein the purchase or transaction is effected
in a retail or like establishment for the purchase of goods.</scdesc></subclass>
<subclass subnum = "53" id = "C186S053000">
<sctitle>Drive-in:</sctitle>
<parent ref = "C186S052000" doc = "Class186.sgm">subclass 52</parent>
<scdesc>Apparatus wherein there is provided means directly available
to a motorist, while in or at a vehicle, either for selecting merchandise
or for receiving the delivery of selected merchandise.</scdesc></subclass>
<subclass subnum = "54" id = "C186S054000">
<sctitle>With cooling room having transparent access door:</sctitle>
<parent ref = "C186S052000" doc = "Class186.sgm">subclass 52</parent>
<scdesc>Apparatus wherein the retail or like establishment is provided
with a partitioned cooling area for perishable items, the partition
having a see-through door means for permitting item removal.</scdesc></subclass>
<subclass subnum = "55" id = "C186S055000">
<sctitle>With remote item dispensing:</sctitle>
<parent ref = "C186S052000" doc = "Class186.sgm">subclass 52</parent>
<scdesc>Apparatus having an order make-up means comprising a control
means spaced from a gate means or the like on the supply or stock
structure is actuated for dispensing desired items of merchandise
therefrom, the selected dispensed items being conveyed either to
a control station or to a point of assembly for further processing of
the order.</scdesc></subclass>
<subclass subnum = "56" id = "C186S056000">
<sctitle>Machine readable:</sctitle>
<parent ref = "C186S055000" doc = "Class186.sgm">subclass 55</parent>
<scdesc>Apparatus wherein the control means comprises a device into
which sensible encoded order information is fed whereby the control means
actuates respective gate or the like means mounted on the supply
or stock structure for selecting desired items of merchandise.</scdesc></subclass>
<subclass subnum = "57" id = "C186S057000">
<sctitle>Relatively movable selection station and merchandise shelving:</sctitle>
<parent ref = "C186S052000" doc = "Class186.sgm">subclass 52</parent>
<scdesc>Apparatus wherein there is provided a merchandise supply
or stock structure and a customer or clerk support or station, at
least one of which being movable relative to the other to facilitate
item selection by the customer or clerk.</scdesc></subclass>
<subclass subnum = "58" id = "C186S058000">
<parent ref = "C186S052000" doc = "Class186.sgm">subclass 52</parent>
<scdesc>With order carrier movable or track means: Apparatus provided
with fixed path means upon which a container for receiving selected items
of merchandise is supported for travel therealong.</scdesc>
<notes><note1 notenum = "(1)">
<para>Note.  A shopper pushing a cart in the aisles and selecting
items from adjacent racks is not considered proper for classification
here.</para></note1></notes></subclass>
<subclass subnum = "59" id = "C186S059000">
<sctitle>Checkout counter:</sctitle>
<parent ref = "C186S052000" doc = "Class186.sgm">subclass 52</parent>
<scdesc>Apparatus comprising store structure to which a purchaser
may bring his selected items of merchandise either for payment or
for otherwise completing the transaction.</scdesc>
<notes><note1 notenum = "(1)">
<para>Note.  It is not necessary for a cash register or the like
to be claimed with the checkout counter structure for classification
here.</para></note1></notes>
<srchout>
<crecord><classnum ref = "C705S000000" doc = "Class705.sgm">705</classnum>
<subref><clstitle>Data Processing: Financial, Business Practice,
Management, or Cost&sol;price Determination</clstitle>
<pretext></pretext>
<subnum range = "p" ref = "C705S016000" doc = "Class705.sgm">16</subnum></subref>
<descript><para> for a point of sale terminal or electronic cash
register having significant data processing.</para></descript></crecord></srchout></subclass>
<subclass subnum = "60" id = "C186S060000">
<sctitle>With conveyor to vehicle loading station: </sctitle>
<parent ref = "C186S059000" doc = "Class186.sgm">subclass 59</parent>
<scdesc>Apparatus wherein the store structure comprises a conveyance
means for delivering the purchased items of merchandise to a vehicle loading
station.</scdesc></subclass>
<subclass subnum = "61" id = "C186S061000">
<sctitle>With means enabling price reading: </sctitle>
<parent ref = "C186S059000" doc = "Class186.sgm">subclass 59</parent>
<scdesc>Apparatus wherein the store structure comprises means for
at least allowing utilization of a scanning or other device for
reading price information placed on merchandise.</scdesc></subclass>
<subclass subnum = "62" id = "C186S062000">
<sctitle>With cart accommodation or handling: </sctitle>
<parent ref = "C186S059000" doc = "Class186.sgm">subclass 59</parent>
<scdesc>Apparatus wherein the store structure comprises means on
or at the store structure or the cart for facilitating the emptying
or other handling of a shopping cart.</scdesc>
<notes><note1 notenum = "(1)">
<para>Note.  The store structure (i.e., checkout counter) must cooperate
with a grocery cart in a special way other than merely having the
grocery cart brought into proximity thereto.</para></note1></notes></subclass>
<subclass subnum = "63" id = "C186S063000">
<sctitle>Cart emptying facilitation:</sctitle>
<parent ref = "C186S062000" doc = "Class186.sgm">subclass 62</parent>
<scdesc>Apparatus wherein there is provided means on either the
store structure or the shopping cart to facilitate unloading of
the shopping cart by a checkout clerk.</scdesc></subclass>
<subclass subnum = "64" id = "C186S064000">
<sctitle>Self-unloading:</sctitle>
<parent ref = "C186S063000" doc = "Class186.sgm">subclass 63</parent>
<scdesc>Apparatus provided with means on or at the store structure
coacting with means on the shopping cart for discharging items of
merchandise from the shopping cart, one of said means being connected
to a source of power.</scdesc></subclass>
<subclass subnum = "65" id = "C186S065000">
<sctitle>With elevating means:</sctitle>
<parent ref = "C186S063000" doc = "Class186.sgm">subclass 63</parent>
<scdesc>Apparatus comprising a hoist or other means for raising
the shopping cart or a part thereof whereby items of merchandise
may be more readily accessible for removal therefrom by the checkout
clerk.</scdesc></subclass>
<subclass subnum = "66" id = "C186S066000">
<sctitle>With bag storage or bagging support: </sctitle>
<parent ref = "C186S059000" doc = "Class186.sgm">subclass 59</parent>
<scdesc>Apparatus provided with (a) means on or at the store structure
for holding a supply of bags into which items of merchandise may
be placed after checkout or (b) means on or at the store structure
and convenient to a clerk for supporting a bag into which the checked-out
items of merchandise are placed.</scdesc></subclass>
<subclass subnum = "67" id = "C186S067000">
<sctitle>With turntable:</sctitle>
<parent ref = "C186S059000" doc = "Class186.sgm">subclass 59</parent>
<scdesc>Apparatus wherein the store structure comprises a rotatable
platform.</scdesc></subclass>
<subclass subnum = "68" id = "C186S068000">
<sctitle>With power driven belt conveyor:</sctitle>
<parent ref = "C186S059000" doc = "Class186.sgm">subclass 59</parent>
<scdesc>Apparatus wherein the store structure comprises a powered
endless surface means for moving items of merchandise thereon.</scdesc></subclass>
<subclass subnum = "69" id = "C186S069000">
<sctitle>With power driven conveyor:</sctitle>
<parent ref = "C186S052000" doc = "Class186.sgm">subclass 52</parent>
<scdesc>Apparatus wherein the store structure comprises a powered
endless surface means for transporting selected items of merchandise.</scdesc></subclass></sclasses>
</class>
