<?xml version="1.0" encoding="UTF-8"?>
<!DOCTYPE class PUBLIC "-//USPTO//DTD Classification Definitions//EN" "xclassdef.dtd" [

<!-- Begin Document Specific Declarations -->

<!-- End Document Specific Declarations -->

]>
<?xml-stylesheet href="classdef.xsl" type="text/XSL"?>

<class classnum = "236" id = "C236S000000"><title>AUTOMATIC TEMPERATURE
AND HUMIDITY REGULATION</title>
<sections><descsect>
<para>This class relates only to automatic temperature and humidity
regulation, and is not to include the system where the thermostatic
control constitutes but an element of the system, even though the
system includes temperature regulation, such, for example, as refrigeration,
where the refrigerating structure or method is claimed.  Systems
are also excluded where the specific burner structure, specific
boiler structure, specific heat-exchange element, specific fire
extinguishing structure, specific heat distributing system, specific
internal-combustion engine structure, specific furnace structure,
specific gas producer structure or method, specific heating and
molding devices, etc., are claimed--that is, this class is confined
to automatically operating temperature or humidity controlling mechanism,
but excludes all patents to the specific mechanism controlled, even
though the thermostat is claimed, either broadly or specifically, in
combination therewith.</para>
<notes><note1 notenum = "(1)">
<para>Note.  This class includes only patents for devices which
control temperature or humidity automatically, but not those which
are merely operated by temperature variation.  The only apparent
exceptions are the heating radiator thermostatic air relief valves,
the thermostatic steam traps and thermostatically operated regulating
valves.</para></note1>
<note1 notenum = "(2)">
<para>Note.  This class provides for all heating radiator automatic
air relief valves including a thermostat.</para></note1>
<note1 notenum = "(3)">
<para>Note.  This class provides for all automatic steam traps including
a thermostat in the combination.</para></note1>
<note1 notenum = "(4)">
<para>Note.  Patents for devices for controlling the flow of air
over an automobile radiator by means of a thermostat located either
in the cooling water or under the hood are classified in this class
unless some novelty in the engine or cooling system is claimed.</para></note1></notes>
</descsect>
<scsect>
<srchout>
<crecord><classnum ref = "C034S000000" doc = "Class034.sgm">34</classnum>
<subref><clstitle>Drying and Gas or Vapor Contact With Solids</clstitle>
<pretext></pretext>
<subnum range = "p" ref = "C034S524000" doc = "Class034.sgm">524</subnum></subref>
<descript><para> for automatic control of such apparatus, including
temperature and humidity regulation for such specific apparatus.</para></descript></crecord>
<crecord><classnum ref = "C062S000000" doc = "Class062.sgm">62</classnum>
<subref><clstitle>Refrigeration</clstitle>
<pretext></pretext>
<subnum range = "p" ref = "C062S132000" doc = "Class062.sgm">132</subnum></subref>
<descript><para> for automatically controlled apparatus specialized
to refrigeration.</para></descript></crecord>
<crecord><classnum ref = "C065S000000" doc = "Class065.sgm">65</classnum>
<subref><clstitle>Glass Manufacturing</clstitle>
<pretext></pretext>
<subnum range = "s" ref = "C065S162000" doc = "Class065.sgm">162</subnum></subref>
<descript><para> for temperature or heater control responsive to
a condition sensing means combined with glassworking or treating
apparatus.</para></descript></crecord>
<crecord><classnum ref = "C073S000000" doc = "Class073.sgm">73</classnum>
<subref><clstitle>Measuring and Testing</clstitle>
<pretext></pretext>
<subnum range = "p" ref = "C073S02920" doc = "Class073.sgm">29.02</subnum></subref>
<descript><para> for hygrometers and hygrostats.</para></descript></crecord>
<crecord><classnum ref = "C116S000000" doc = "Class116.sgm">116</classnum>
<subref><clstitle>Signals and Indicators</clstitle>
<pretext></pretext>
<subnum range = "p" ref = "C116S101000" doc = "Class116.sgm">101</subnum></subref>
<descript><para> for thermostatically controlled nonelectric alarms.</para></descript></crecord>
<crecord><classnum ref = "C122S000000" doc = "Class122.sgm">122</classnum>
<subref><clstitle>Liquid Heaters and Vaporizers</clstitle>
<pretext></pretext>
<subnum range = "p" ref = "C122S451100" doc = "Class122.sgm">451.1</subnum></subref>
<descript><para> for devices for automatically controlling the feed
water to a boiler by means of a thermostat and according to the
level of the water in the boiler, 504.1 and 504.3 for fusible plugs
where a pressure is released on the plug fusing at a certain temperature
and 504.2 for devices where a thermostat operates on a fall of boiler
water level to open a valve to sound an alarm.</para></descript></crecord>
<crecord><classnum ref = "C123S000000" doc = "Class123.sgm">123</classnum>
<subref><clstitle>Internal-Combustion Engines</clstitle>
<pretext></pretext></subref>
<descript><para>appropriate subclasses for devices for automatically
controlling the flow (or supply) of air to the manifold of an internal-combustion
engine according to the temperature of the engine or manifold.</para></descript></crecord>
<crecord><classnum ref = "C131S000000" doc = "Class131.sgm">131</classnum>
<subref><clstitle>Tobacco</clstitle>
<pretext></pretext>
<subnum range = "s" ref = "C131S303000" doc = "Class131.sgm">303</subnum></subref>
<descript><para> for processes and apparatus for treating tobacco
with fluids combined with means for automatically regulating the temperature
and&sol;or humidity of the fluids.</para></descript></crecord>
<crecord><classnum ref = "C137S000000" doc = "Class137.sgm">137</classnum>
<subref><clstitle>Fluid Handling</clstitle>
<pretext>appropriate subclass for fluid handling apparatus and processes
not otherwise provided for, including automatic control of fluid
flow in response to a change in a condition.  Note particularly </pretext>
<subnum range = "p" ref = "C137S059000" doc = "Class137.sgm">59</subnum></subref>
<descript><para>, 72&plus;, 79&plus;, 457, and 468 for the
control of flow in response to a change in thermal conditions.</para></descript></crecord>
<crecord><classnum ref = "C165S000000" doc = "Class165.sgm">165</classnum>
<subref><clstitle>Heat Exchange</clstitle>
<pretext></pretext>
<subnum range = "p" ref = "C165S201000" doc = "Class165.sgm">201</subnum></subref>
<descript><para> for specific heating and cooling elements with
automatic control, and subclasses 281&plus;; 287&plus; for
specific heat exchange elements with automatic temperature or pressure
control or response.</para></descript></crecord>
<crecord><classnum ref = "C169S000000" doc = "Class169.sgm">169</classnum>
<subref><clstitle>Fire Extinguishers</clstitle>
<pretext></pretext>
<subnum range = "s" ref = "C169S042000" doc = "Class169.sgm">42</subnum></subref>
<descript><para> for fusible links of general application.</para></descript></crecord>
<crecord><classnum ref = "C261S000000" doc = "Class261.sgm">261</classnum>
<subref><clstitle>Gas and Liquid Contact Apparatus</clstitle>
<pretext></pretext>
<subnum range = "s" ref = "C261S039000" doc = "Class261.sgm">39</subnum></subref>
<descript><para> for fuel or air valves in carburetors thermostatically
operated.</para></descript></crecord>
<crecord><classnum ref = "C323S000000" doc = "Class323.sgm">323</classnum>
<subref><clstitle>Electricity:  Power Supply or Regulation Systems</clstitle>
<pretext></pretext>
<subnum range = "r" ref = "C323S220000" doc = "Class323.sgm">220</subnum>
<endnum ref = "C323S354000" doc = "Class323.sgm">354</endnum></subref>
<descript><para> for voltage or current regulators.</para></descript></crecord>
<crecord><classnum ref = "C337S000000" doc = "Class337.sgm">337</classnum>
<subref><clstitle>Electricity:  Electrothermally or Thermally Actuated
Switches</clstitle>
<pretext></pretext>
<subnum range = "p" ref = "C337S298000" doc = "Class337.sgm">298</subnum></subref>
<descript><para> for thermostatic switches.</para></descript></crecord>
<crecord><classnum ref = "C340S000000" doc = "Class340.sgm">340</classnum>
<subref><clstitle>Communications:  Electrical</clstitle>
<pretext></pretext>
<subnum range = "p" ref = "C340S584000" doc = "Class340.sgm">584</subnum></subref>
<descript><para> for electrical alarms automatically responsive to
temperature, and subclass 602 for electrical alarms automatically
responsive to humidity.</para></descript></crecord>
<crecord><classnum ref = "C374S000000" doc = "Class374.sgm">374</classnum>
<subref><clstitle>Thermal Measuring and Testing</clstitle>
<pretext></pretext>
<subnum range = "p" ref = "C374S100000" doc = "Class374.sgm">100</subnum></subref>
<descript><para> for a thermometer.</para></descript></crecord>
<crecord><classnum ref = "C399S000000" doc = "Class399.sgm">399</classnum>
<subref><clstitle>Electrophotography</clstitle>
<pretext></pretext>
<subnum range = "p" ref = "C399S091000" doc = "Class399.sgm">91</subnum></subref>
<descript><para> for internal machine environment control of an
electrophotographic device.</para></descript></crecord>
<crecord><classnum ref = "C431S000000" doc = "Class431.sgm">431</classnum>
<subref><clstitle>Combustion</clstitle>
<pretext></pretext>
<subnum range = "p" ref = "C431S018000" doc = "Class431.sgm">18</subnum></subref>
<descript><para> for (1) a residual specific burner with a timer,
programmer, or condition responsive control; or (2) for a residual
temperature modifying apparatus specialized to combustion having
a nonspecific burner that is merely turned off and on by a conventional
off and on thermostat sensing the temperature of the chamber or
material being heated.</para></descript></crecord></srchout>
</scsect></sections>
<sclasses>
<subclass subnum = "1" id = "C236S001000">
<sctitle>MISCELLANEOUS:</sctitle>
<parent ref = "C236S000000" doc = "Class236.sgm">the class definition</parent>
<scdesc>Subject matter not provided for in any of the following
subclasses.</scdesc></subclass>
<subclass subnum = "2" id = "C236S002000">
<sctitle>INCUBATOR TYPE OF HEATER:</sctitle>
<parent ref = "C236S000000" doc = "Class236.sgm">the class definition</parent>
<scdesc>Subject matter for incubators.</scdesc>
<srchout>
<crecord><classnum ref = "C119S000000" doc = "Class119.sgm">119</classnum>
<subref><clstitle>Animal Husbandry</clstitle>
<pretext></pretext>
<subnum range = "r" ref = "C119S314000" doc = "Class119.sgm">314</subnum></subref>
<descript><para>, 317, 319, for such devices having particular incubator
structure.</para></descript></crecord>
<crecord><classnum ref = "C237S000000" doc = "Class237.sgm">237</classnum>
<subref><clstitle>Heating Systems</clstitle>
<pretext></pretext>
<subnum range = "p" ref = "C237S003000" doc = "Class237.sgm">3</subnum></subref>
<descript><para> for the same with specific heating systems.</para></descript></crecord></srchout></subclass>
<subclass subnum = "3" id = "C236S003000">
<sctitle>Electric:</sctitle>
<parent ref = "C236S002000" doc = "Class236.sgm">subclass 2</parent>
<scdesc>Subject matter in which the controlling means is electrically
operated.</scdesc>
<srchin>
<srecord><subnum range = "p" ref = "C236S074000" doc = "Class236.sgm">74</subnum>
<descript><para>for the type of operating apparatus used.</para></descript></srecord></srchin></subclass>
<subclass subnum = "4" id = "C236S004000">
<sctitle>Expanding fluid:</sctitle>
<parent ref = "C236S002000" doc = "Class236.sgm">subclass 2</parent>
<scdesc>Subject matter in which the regulating means is operated
directly by a thermostat of the expanding-fluid type.</scdesc></subclass>
<subclass subnum = "5" id = "C236S005000">
<sctitle>Expanding solid:</sctitle>
<parent ref = "C236S002000" doc = "Class236.sgm">subclass 2</parent>
<scdesc>Subject matter in which the regulating means is operated
directly by a thermostat of the expanding solid type.</scdesc></subclass>
<subclass subnum = "6" id = "C236S006000">
<sctitle>BROODER TYPE OF HEATER:</sctitle>
<parent ref = "C236S000000" doc = "Class236.sgm">the class definition</parent>
<scdesc>Subject matter for brooder type of heaters not otherwise
classifiable.</scdesc>
<srchout>
<crecord><classnum ref = "C119S000000" doc = "Class119.sgm">119</classnum>
<subref><clstitle>Animal Husbandry</clstitle>
<pretext></pretext>
<subnum range = "s" ref = "C119S306000" doc = "Class119.sgm">306</subnum></subref>
<descript><para> for such devices having particular brooder structure.
 See (1) note to that subclass definition.</para></descript></crecord>
<crecord><classnum ref = "C237S000000" doc = "Class237.sgm">237</classnum>
<subref><clstitle>Heating Systems</clstitle>
<pretext></pretext>
<subnum range = "p" ref = "C237S003000" doc = "Class237.sgm">3</subnum></subref>
<descript><para> for the same with specific heating system.</para></descript></crecord></srchout></subclass>
<subclass subnum = "7" id = "C236S007000">
<sctitle>SADIRON TYPE:</sctitle>
<parent ref = "C236S000000" doc = "Class236.sgm">the class definition</parent>
<scdesc>Subject matter for self-heated sad-irons not otherwise classifiable.</scdesc>
<srchout>
<crecord><classnum ref = "C038S000000" doc = "Class038.sgm">38</classnum>
<subref><clstitle>Textiles:  Ironing and Smoothing</clstitle>
<pretext></pretext>
<subnum range = "p" ref = "C038S082000" doc = "Class038.sgm">82</subnum></subref>
<descript><para> for such devices having particular iron structure.</para></descript></crecord>
<crecord><classnum ref = "C219S000000" doc = "Class219.sgm">219</classnum>
<subref><clstitle>Electric Heating</clstitle>
<pretext></pretext>
<subnum range = "p" ref = "C219S490000" doc = "Class219.sgm">490</subnum></subref>
<descript><para> for heating systems of general utility with automatic
control means, and appropriate subclasses for specific type electrical
heating devices with automatic current, voltage or temperature control
means.</para></descript></crecord></srchout></subclass>
<subclass subnum = "8" id = "C236S008000">
<sctitle>ATOMIZER TYPE OF BURNER:</sctitle>
<parent ref = "C236S000000" doc = "Class236.sgm">the class definition</parent>
<scdesc>Devices controlling the flow of steam or air and fuel to
an atomizer type of burner, according to changes in pressure or
temperature in the device heated.</scdesc>
<srchin>
<srecord><subnum range = "p" ref = "C236S026000" doc = "Class236.sgm">26</subnum>
<descript><para>for controlling devices responsive to pressure changes
in the closed fluid heater.</para></descript></srecord></srchin></subclass>
<subclass subnum = "9" id = "C236S009000">
<sctitle>COMBINED HEATER AND APARTMENT CONTROLLED:</sctitle>
<parent ref = "C236S000000" doc = "Class236.sgm">the class definition</parent>
<scdesc>Subject matter which are operated by devices responsive
to temperature changes in a heater and also temperature changes
in an apartment to be heated.</scdesc>
<srchin>
<srecord><subnum ref = "C236S037000" doc = "Class236.sgm">37</subnum>
<descript><para>for control by radiator temperature and apartment
temperature.</para></descript></srecord>
<srecord><subnum ref = "C236S091000" doc = "Class236.sgm">91</subnum>
<descript><para>for other controls responsive to temperatures at
different places.</para></descript></srecord></srchin></subclass>
<subclass subnum = "10" id = "C236S010000">
<sctitle>HOT-AIR FURNACE:</sctitle>
<parent ref = "C236S000000" doc = "Class236.sgm">the class definition</parent>
<scdesc>Subject matter comprising hot air furnaces which are provided
with automatic temperature regulating means.  In the devices of this
subclass the fire is generally regulated by the temperature in the
air space of the furnace.</scdesc></subclass>
<subclass subnum = "11" id = "C236S011000">
<sctitle>Air and fire control:</sctitle>
<parent ref = "C236S010000" doc = "Class236.sgm">subclass 10</parent>
<scdesc>Subject matter in which the fire and also the flow of the
heating air through the air chamber of the furnace is controlled.</scdesc></subclass>
<subclass subnum = "12.1" id = "C236S012100">
<sctitle>MIXING FLUID OF DISSIMILAR TEMPERATURE:</sctitle>
<parent ref = "C236S000000" doc = "Class236.sgm">the class definition</parent>
<scdesc>Apparatus mixing fluid from two or more different supplies
in which at least one of the supplies of the fluid is controlled
according to the temperature of the mixed fluid or the temperature
of one of the fluid supplies.</scdesc></subclass>
<subclass subnum = "12.11" id = "C236S012110">
<sctitle>Mixing valve with temperature controlled motive means:</sctitle>
<parent ref = "C236S012100" doc = "Class236.sgm">subclass 12.1</parent>
<scdesc>Apparatus comprising flow control means positively moved
to an adjusted position by a motor means wherein the motor means
is moved to the adjusted position by a medium or force controlled
by but not resulting directly from a sensed temperature condition
or a change in such a condition.</scdesc>
<notes><note1 notenum = "(1)">
<para>Note.  Examples of motors to be found herein are electric
motors controlled by thermostatic switches, fluid motors with independent
sources of fluid pressure where a thermal responsive valve senses a
system conditions and regulates fluid flow from said source to motor.</para></note1>
<note1 notenum = "(2)">
<para>Note.  A valve merely moved by a heat motor which directly
senses a system condition and responds to move a valve, e.g., bimetal,
closed fluid system with sensing bulb, etc., will not be found herein.</para></note1></notes></subclass>
<subclass subnum = "12.12" id = "C236S012120">
<sctitle>Having electrical motive means:</sctitle>
<parent ref = "C236S012110" doc = "Class236.sgm">subclass 12.11</parent>
<scdesc>Apparatus comprising a motor means responding to electrical
energy input for moving the flow control means.</scdesc></subclass>
<subclass subnum = "12.13" id = "C236S012130">
<sctitle>Including bypass:</sctitle>
<parent ref = "C236S012100" doc = "Class236.sgm">subclass 12.1</parent>
<scdesc>Apparatus in which the device is provided with separate
controllable through passages, leading from a source of fluid, at
least one of the passages having a valving means permitting said fluid
to pass directly to a point of use, regardless of the temperature
existing in the system, and at least one other passage being provided with
means for controlling the flow of said fluid in response to a temperature
condition or a change in temperature occurring at some point in
the apparatus.</scdesc></subclass>
<subclass subnum = "12.14" id = "C236S012140">
<sctitle>Fluid from only one supply is controlled:</sctitle>
<parent ref = "C236S012100" doc = "Class236.sgm">subclass 12.1</parent>
<scdesc>Apparatus in which the flow of only one of the supplies
is controlled by the sensed temperature condition of the mix.</scdesc></subclass>
<subclass subnum = "12.15" id = "C236S012150">
<sctitle>Including separate relatively movable valve for each fluid
supply:</sctitle>
<parent ref = "C236S012100" doc = "Class236.sgm">subclass 12.1</parent>
<scdesc>Apparatus wherein the flow of each supply is controlled
by a separate flow control member movable in response to fluid temperature.</scdesc>
<notes><note1 notenum = "(1)">
<para>Note.  Each member may be movable in response to the temperature
of either a respective fluid or a fluid mix.</para></note1></notes></subclass>
<subclass subnum = "12.16" id = "C236S012160">
<sctitle>Having oscillating or reciprocating valve:</sctitle>
<parent ref = "C236S012100" doc = "Class236.sgm">subclass 12.1</parent>
<scdesc>Apparatus wherein a flow control means moves in a prescribed
straight line or arcuate path of travel to control fluid flow.</scdesc></subclass>
<subclass subnum = "12.17" id = "C236S012170">
<sctitle>Valving member moves about an axis:</sctitle>
<parent ref = "C236S012160" doc = "Class236.sgm">subclass 12.16</parent>
<scdesc>Apparatus wherein the flow control means comprises a flow
control portion movable in an arcuate path of travel.</scdesc></subclass>
<subclass subnum = "12.18" id = "C236S012180">
<sctitle>Tubular valve member:</sctitle>
<parent ref = "C236S012170" doc = "Class236.sgm">subclass 12.17</parent>
<scdesc>Apparatus wherein the flow control means comprises a hollow
sleeve or cylinder like member or portion.</scdesc>
<notes><note1 notenum = "(1)">
<para>Note.  A cup shape flow control means is proper for classification
here if the sleeve or cylinder portion performs a flow control function.
Otherwise classification will be based on other features.</para></note1></notes></subclass>
<subclass subnum = "12.19" id = "C236S012190">
<sctitle>Axially spaced flow faces:</sctitle>
<parent ref = "C236S012170" doc = "Class236.sgm">subclass 12.17</parent>
<scdesc>Apparatus wherein the flow control means comprises a member
having a seating face at each of its sides for coacting with seats
on oppositely disposed fluid inlets.</scdesc></subclass>
<subclass subnum = "12.2" id = "C236S012200">
<sctitle>Tubular valve member:</sctitle>
<parent ref = "C236S012160" doc = "Class236.sgm">subclass 12.16</parent>
<scdesc>Apparatus wherein the flow control means comprises a hollow
sleeve or cylinder-like member or portion.</scdesc></subclass>
<subclass subnum = "12.21" id = "C236S012210">
<sctitle>Axially spaced flow control faces:</sctitle>
<parent ref = "C236S012160" doc = "Class236.sgm">subclass 12.16</parent>
<scdesc>Apparatus wherein the flow control means comprises a movable
valving member having a seating face at each end for coacting with
seats on oppositely disposed fluid inlets.</scdesc></subclass>
<subclass subnum = "12.22" id = "C236S012220">
<sctitle>Seats face outwardly:</sctitle>
<parent ref = "C236S012210" doc = "Class236.sgm">subclass 12.21</parent>
<scdesc>Apparatus wherein the seating faces on the member are directed
away from each other.</scdesc></subclass>
<subclass subnum = "12.23" id = "C236S012230">
<sctitle>Ports closed by valve action:</sctitle>
<parent ref = "C236S012160" doc = "Class236.sgm">subclass 12.16</parent>
<scdesc>Apparatus wherein the movable flow control means moves to
and from contiguously along a surface having fluid ports therein
for controlling fluid passing therethrough.</scdesc></subclass>
<subclass subnum = "13" id = "C236S013000">
<sctitle>Plenum type:</sctitle>
<parent ref = "C236S012100" doc = "Class236.sgm">subclass 12.1</parent>
<scdesc>Devices controlling the mixing of warm and cold air in the
plenum type of heating systems according to the temperature of the
hot or cold air, mixed air, or apartment to be heated.</scdesc></subclass>
<subclass subnum = "14" id = "C236S014000">
<sctitle>COMBINED BOILER AND FURNACE CONTROLLED:</sctitle>
<parent ref = "C236S000000" doc = "Class236.sgm">the class definition</parent>
<scdesc>Devices controlling the fire under a boiler according to
conditions in the boiler and also according to conditions in the
furnace.</scdesc>
<srchin>
<srecord><subnum ref = "C236S015000" doc = "Class236.sgm">15</subnum>
<descript><para>for devices responsive to changes within the furnace.</para></descript></srecord>
<srecord><subnum range = "p" ref = "C236S020000" doc = "Class236.sgm">20</subnum>
<descript><para>for control devices operated by changes in the boilers.</para></descript></srecord></srchin></subclass>
<subclass subnum = "15" id = "C236S015000">
<sctitle>FURNACE CONTROLLED:</sctitle>
<parent ref = "C236S000000" doc = "Class236.sgm">the class definition</parent>
<scdesc>Devices controlling the fire according to conditions in
the furnace.</scdesc>
<srchin>
<srecord><subnum ref = "C236S014000" doc = "Class236.sgm">14</subnum>
<descript><para>for controls responsive to boiler and furnace.</para></descript></srecord>
<srecord><subnum ref = "C236S095000" doc = "Class236.sgm">95</subnum>
<descript><para>96, for furnace control where the thermostat is
attached to the outside of the heater or flue.</para></descript></srecord>
<srecord><subnum ref = "C236S104000" doc = "Class236.sgm">104</subnum>
<descript><para>for furnace controls operated by the expansion or
contractions of the furnace parts due to temperature changes.</para></descript></srecord></srchin></subclass>
<subclass subnum = "16" id = "C236S016000">
<sctitle>COMBINED DRAFT AND CHECK CONTROL:</sctitle>
<parent ref = "C236S000000" doc = "Class236.sgm">the class definition</parent>
<scdesc>Devices controlling the draft damper and check damper of
a stove or furnace according to changes in the temperature of apartment
or element heated.</scdesc></subclass>
<subclass subnum = "17" id = "C236S017000">
<sctitle>Pressure-operated:</sctitle>
<parent ref = "C236S000000" doc = "Class236.sgm">the class definition</parent>
<scdesc>Devices controlling the supply of heating fluid to an exchange
or surface heater by the pressure of the fluid heated.</scdesc>
<srchin>
<srecord><subnum ref = "C236S014000" doc = "Class236.sgm">14</subnum>
<descript><para>for the same combined with furnace control.</para></descript></srecord>
<srecord><subnum range = "p" ref = "C236S026000" doc = "Class236.sgm">26</subnum>
<descript><para>for pressure operated closed fluid heater control.</para></descript></srecord>
<srecord><subnum ref = "C236S085000" doc = "Class236.sgm">85</subnum>
<descript><para>for the control, per se.</para></descript></srecord></srchin></subclass>
<subclass subnum = "18" id = "C236S018000">
<sctitle>Expanding fluid:</sctitle>
<parent ref = "C236S000000" doc = "Class236.sgm">the class definition</parent>
<scdesc>Devices controlling the supply of heating fluid to an exchange
or surface heater directly by means of a thermostat of the expanding fluid
type responsive to the temperature of the fluid heated.</scdesc>
<srchin>
<srecord><subnum ref = "C236S004000" doc = "Class236.sgm">4</subnum>
<descript><para>42, 56&plus;, 64, 95, and 99, for the type of thermostat
used and control devices operated thereby.</para></descript></srecord>
<srecord><subnum ref = "C236S032000" doc = "Class236.sgm">32</subnum>
<descript><para>for closed fluid heaters with similar controls.</para></descript></srecord>
<srecord><subnum ref = "C236S093000" doc = "Class236.sgm">93</subnum>
<descript><para>for devices where flow is regulated by the temperature
of the flowing fluid.</para></descript></srecord></srchin></subclass>
<subclass subnum = "19" id = "C236S019000">
<sctitle>Expanding solid:</sctitle>
<parent ref = "C236S000000" doc = "Class236.sgm">the class definition</parent>
<scdesc>Devices controlling the supply of heating fluid to an exchange
or surface heater directly by means of a thermostat of the expanding solid
type responsive to the temperature of the fluid heater.</scdesc>
<srchin>
<srecord><subnum ref = "C236S005000" doc = "Class236.sgm">5</subnum>
<descript><para>43, 59&plus;, 66, 96, and 101, for the type of
thermostat used and control devices operated thereby.</para></descript></srecord>
<srecord><subnum ref = "C236S033000" doc = "Class236.sgm">33</subnum>
<descript><para>for closed fluid heaters with similar controls.</para></descript></srecord>
<srecord><subnum ref = "C236S093000" doc = "Class236.sgm">93</subnum>
<descript><para>for devices where flow is regulated by the temperature
of the flowing fluid.</para></descript></srecord></srchin></subclass>
<subclass subnum = "20" id = "C236S020000">
<sctitle>CLOSED FLUID HEATERS:</sctitle>
<parent ref = "C236S000000" doc = "Class236.sgm">the class definition</parent>
<scdesc>Devices controlling the temperature of the fluid heated.</scdesc></subclass>
<subclass subnum = "21" id = "C236S021000">
<sctitle>Safety cut-out:</sctitle>
<parent ref = "C236S020000" doc = "Class236.sgm">subclass 20</parent>
<scdesc>Devices controlling the heating means according to the conditions
in the heater, with additional means for cutting out the regulating means
under abnormal conditions, such as failure of the regulator, (as
by rupture of the diaphragm, for example), the pressure exceeding
a certain limit, the water-level falling below a certain limit,
the temperature getting too high, or heating means failing.</scdesc>
<notes><note1 notenum = "(1)">
<para>Note.  The regulator must generally be repaired or reset by
hand.</para></note1></notes>
<srchin>
<srecord><subnum ref = "C236S089000" doc = "Class236.sgm">89</subnum>
<descript><para>for magnetic trip release controls with cut-out
features.</para></descript></srecord></srchin>
<srchout>
<crecord><classnum ref = "C137S000000" doc = "Class137.sgm">137</classnum>
<subref><clstitle>Fluid Handling</clstitle>
<pretext></pretext>
<subnum range = "p" ref = "C137S059000" doc = "Class137.sgm">59</subnum></subref>
<descript><para>, 72&plus;, 79&plus;, 457, and 468 for thermally responsive
valves in general.</para></descript></crecord></srchout></subclass>
<subclass subnum = "22" id = "C236S022000">
<sctitle>Radiator type:</sctitle>
<parent ref = "C236S020000" doc = "Class236.sgm">subclass 20</parent>
<scdesc>Combined radiators and heaters where the heater is controlled
according to the temperature of the radiator.</scdesc>
<srchin>
<srecord><subnum range = "p" ref = "C236S026000" doc = "Class236.sgm">26</subnum>
<descript><para>for heaters controlled by the pressure in the radiator.</para></descript></srecord>
<srecord><subnum ref = "C236S032000" doc = "Class236.sgm">32</subnum>
<descript><para>33, for heaters controlled by a thermostat.</para></descript></srecord></srchin>
<srchout>
<crecord><classnum ref = "C237S000000" doc = "Class237.sgm">237</classnum>
<subref><clstitle>Heating Systems</clstitle>
<pretext></pretext>
<subnum range = "s" ref = "C237S007000" doc = "Class237.sgm">7</subnum></subref>
<descript><para> for systems where the unit is specifically claimed.</para></descript></crecord></srchout></subclass>
<subclass subnum = "23" id = "C236S023000">
<sctitle>One valve:</sctitle>
<parent ref = "C236S020000" doc = "Class236.sgm">subclass 20</parent>
<scdesc>Devices in which the heating means, usually a gas-burner,
is controlled by the combined action of a thermostat in the fluid
heated and a flow-motor operated by the flow of the fluid heated,
the thermostat and motor controlling the movement of a single control-valve.</scdesc></subclass>
<subclass subnum = "24" id = "C236S024000">
<sctitle>Two or more valves:</sctitle>
<parent ref = "C236S020000" doc = "Class236.sgm">subclass 20</parent>
<scdesc>Devices in which the heating means, usually a gas-burner,
is controlled by the combined action of a thermostat in the fluid
heated and a flow-motor operated by the flow of the fluid heated,
the thermostat and motor operating on separate valves.</scdesc></subclass>
<subclass subnum = "24.5" id = "C236S024500">
<sctitle>Flow and pressure controlled:</sctitle>
<parent ref = "C236S020000" doc = "Class236.sgm">subclass 20</parent>
<scdesc>Devices in which the combined dynamic and static pressure
of the fluid heated controls the heating means, and those in which
this combined force is opposed by one of its elements alone or by
a different combination of them.</scdesc></subclass>
<subclass subnum = "25" id = "C236S025000">
<sctitle>Flow controlled:</sctitle>
<parent ref = "C236S020000" doc = "Class236.sgm">subclass 20</parent>
<scdesc>Devices in which the heating means is controlled according
to the rate of flow of the fluid heated.</scdesc>
<srchin>
<srecord><subnum ref = "C236S023000" doc = "Class236.sgm">23</subnum>
<descript><para>24, 24.5, and 45, for other temperature or humidity
regulators comprising flow control of the regulator.</para></descript></srecord></srchin>
<srchout>
<crecord><classnum ref = "C137S000000" doc = "Class137.sgm">137</classnum>
<subref><clstitle>Fluid Handling</clstitle>
<pretext></pretext>
<subnum range = "p" ref = "C137S098000" doc = "Class137.sgm">98</subnum></subref>
<descript><para>, 458 to 460, 486&plus;, 496, and 497&plus; for valves
responsive to change in rate of flow.</para></descript></crecord></srchout></subclass>
<subclass subnum = "26" id = "C236S026000">
<sctitle>Pressure-operated:</sctitle>
<parent ref = "C236S020000" doc = "Class236.sgm">subclass 20</parent>
<scdesc>Devices not otherwise classifiable controlling the heating
of the closed fluid-heater according to the pressure in the heater.</scdesc>
<srchin>
<srecord><subnum ref = "C236S008000" doc = "Class236.sgm">8</subnum>
<descript><para>14, 17, and 85, for other pressure operated controls.</para></descript></srecord></srchin></subclass>
<subclass subnum = "27" id = "C236S027000">
<sctitle>With balancing pressure chamber:</sctitle>
<parent ref = "C236S026000" doc = "Class236.sgm">subclass 26</parent>
<scdesc>Devices where the effect of the heater-pressure is counterbalanced
by a closed pressure-chamber.</scdesc></subclass>
<subclass subnum = "28" id = "C236S028000">
<sctitle>Stroke retarding:</sctitle>
<parent ref = "C236S026000" doc = "Class236.sgm">subclass 26</parent>
<scdesc>Devices with means for increasing the resistance to movement
of a control element as movement from normal increases.</scdesc></subclass>
<subclass subnum = "29" id = "C236S029000">
<sctitle>Relay, puppet:</sctitle>
<parent ref = "C236S026000" doc = "Class236.sgm">subclass 26</parent>
<scdesc>Devices in which at a given pressure a puppet-valve opens,
allowing pressure from the boiler to operate a motor, which actuates
the heat-controlling means.</scdesc></subclass>
<subclass subnum = "30" id = "C236S030000">
<sctitle>Bourdon type:</sctitle>
<parent ref = "C236S026000" doc = "Class236.sgm">subclass 26</parent>
<scdesc>Devices in which the pressure-responsive element which operates
the controlling means is a Bourdon tube.</scdesc></subclass>
<subclass subnum = "31" id = "C236S031000">
<sctitle>Float:</sctitle>
<parent ref = "C236S026000" doc = "Class236.sgm">subclass 26</parent>
<scdesc>Devices in which the pressure acts on a body of liquid,
thereby varying the level thereof, and a float or piston rising
and falling with the change in level of the liquid operates the
controlling means.  Also includes devices where a float is raised
more or less by change in pressure of steam thereunder when water
boils.</scdesc>
<srchin>
<srecord><subnum ref = "C236S100000" doc = "Class236.sgm">100</subnum>
<descript><para>for other float responsive devices.</para></descript></srecord></srchin></subclass>
<subclass subnum = "32" id = "C236S032000">
<sctitle>Expanding fluid:</sctitle>
<parent ref = "C236S020000" doc = "Class236.sgm">subclass 20</parent>
<scdesc>Devices controlling the heating means directly by a thermostat
of the expanding-fluid type responsive to the temperature of the
fluid heated.</scdesc>
<srchin>
<srecord><subnum ref = "C236S004000" doc = "Class236.sgm">4</subnum>
<descript><para>42, 56&plus;, 64, 86, 95, and 99, for the type
of thermostat used and devices operated thereby.</para></descript></srecord>
<srecord><subnum ref = "C236S018000" doc = "Class236.sgm">18</subnum>
<descript><para>for similar structure in exchange heaters.</para></descript></srecord></srchin></subclass>
<subclass subnum = "33" id = "C236S033000">
<sctitle>Expanding solid:</sctitle>
<parent ref = "C236S020000" doc = "Class236.sgm">subclass 20</parent>
<scdesc>Devices controlling the heating means directly by a thermostat
of the expanding-solid type responsive to the temperature of the
fluid heated.  The thermostat may be the walls of the container.</scdesc>
<srchin>
<srecord><subnum ref = "C236S005000" doc = "Class236.sgm">5</subnum>
<descript><para>19, 43, 59&plus;, 66, 87, 96, and 101&plus;,
for the type of thermostat used and devices operated thereby.</para></descript></srecord></srchin></subclass>
<subclass subnum = "34" id = "C236S034000">
<sctitle>COOLING RADIATOR:</sctitle>
<parent ref = "C236S000000" doc = "Class236.sgm">the class definition</parent>
<scdesc>Devices not otherwise classified controlling the temperature
of the fluid within a cooling-radiator, as the radiator in the cooling system
of an internal-combustion engine.</scdesc>
<srchout>
<crecord><classnum ref = "C123S000000" doc = "Class123.sgm">123</classnum>
<subref><clstitle>Internal-Combustion Engines</clstitle>
<pretext></pretext>
<subnum range = "p" ref = "C123S04120" doc = "Class123.sgm">41.02</subnum></subref>
<descript><para> for specific cooling systems peculiar to internal-combustion
engines.</para></descript></crecord></srchout></subclass>
<subclass subnum = "34.5" id = "C236S034500">
<sctitle>Bypass:</sctitle>
<parent ref = "C236S034000" doc = "Class236.sgm">subclass 34</parent>
<scdesc>Subject matter in which a by pass is interposed in the cooling
circuit to by pass the radiator, usually including a thermostatically
operated valve responsive to the temperature of the coolant or engine
and positioned in the circuit to direct the flow of the coolant
either to the radiator or the by pass.</scdesc></subclass>
<subclass subnum = "35" id = "C236S035000">
<sctitle>Air control:</sctitle>
<parent ref = "C236S034000" doc = "Class236.sgm">subclass 34</parent>
<scdesc>Devices controlling the flow of air over the radiator according
to the temperature of the fluid cooled or the cooling-air or the
engine temperature.</scdesc>
<srchout>
<crecord><classnum ref = "C123S000000" doc = "Class123.sgm">123</classnum>
<subref><clstitle>Internal-Combustion Engines</clstitle>
<pretext></pretext>
<subnum range = "p" ref = "C123S04140" doc = "Class123.sgm">41.04</subnum></subref>
<descript><para> and 41.11&plus; for shutter and impeller controls
associated with engine cooling.</para></descript></crecord>
<crecord><classnum ref = "C165S000000" doc = "Class165.sgm">165</classnum>
<subref><clstitle>Heat Exchange</clstitle>
<pretext></pretext>
<subnum range = "s" ref = "C165S098000" doc = "Class165.sgm">98</subnum></subref>
<descript><para> for radiator with means controlling the flow of air
therethrough not automatically controlled, and subclasses 281&plus;;
287&plus; for a heat exchanger having automatic temperature
or pressure control.</para></descript></crecord></srchout></subclass>
<subclass subnum = "35.2" id = "C236S035200">
<sctitle>Shutters:</sctitle>
<parent ref = "C236S035000" doc = "Class236.sgm">subclass 35</parent>
<scdesc>Subject matter in which the means for controlling the air
flow is shutters.</scdesc></subclass>
<subclass subnum = "35.3" id = "C236S035300">
<sctitle>Servomotor:</sctitle>
<parent ref = "C236S035000" doc = "Class236.sgm">subclass 35</parent>
<scdesc>Subject matter in which the means for operating the shutters
includes a servo-motor.</scdesc></subclass>
<subclass subnum = "36" id = "C236S036000">
<sctitle>HEATING RADIATOR:</sctitle>
<parent ref = "C236S000000" doc = "Class236.sgm">the class definition</parent>
<scdesc>Devices not otherwise classified controlling the supply
of heating fluid to a heating-radiator.</scdesc></subclass>
<subclass subnum = "37" id = "C236S037000">
<sctitle>Combined radiator and apartment controlled:</sctitle>
<parent ref = "C236S036000" doc = "Class236.sgm">subclass 36</parent>
<scdesc>Devices responsive to conditions in the radiator and temperature
of the apartment heated thereby.</scdesc>
<srchin>
<srecord><subnum ref = "C236S009000" doc = "Class236.sgm">9</subnum>
<descript><para>for systems in which the temperature of a heater
and of the apartment controls the regulation.</para></descript></srecord>
<srecord><subnum ref = "C236S091000" doc = "Class236.sgm">91</subnum>
<descript><para>for controls responsive to temperatures at different
places.</para></descript></srecord></srchin></subclass>
<subclass subnum = "38" id = "C236S038000">
<sctitle>Air control:</sctitle>
<parent ref = "C236S036000" doc = "Class236.sgm">subclass 36</parent>
<scdesc>Means regulating the flow of air over the radiator according
to temperature changes in the radiator, the air heated, or the apartment
to be heated.</scdesc>
<srchin>
<srecord><subnum ref = "C236S013000" doc = "Class236.sgm">13</subnum>
<descript><para>for similar structure in fluid mixers.</para></descript></srecord></srchin></subclass>
<subclass subnum = "39" id = "C236S039000">
<sctitle>Aspirator:</sctitle>
<parent ref = "C236S036000" doc = "Class236.sgm">subclass 36</parent>
<scdesc>Heating-radiators with means for exhausting the air therefrom
in which the heating effect of the radiator is controlled by a fluid-motor
operated by said exhaust, the connection between the exhaust and
the motor being controlled by a thermostat.</scdesc>
<srchin>
<srecord><subnum ref = "C236S054000" doc = "Class236.sgm">54</subnum>
<descript><para>for steam traps incorporating a pressure motor and
a thermostatic pilot therefor.</para></descript></srecord></srchin></subclass>
<subclass subnum = "40" id = "C236S040000">
<sctitle>Thermostatic:</sctitle>
<parent ref = "C236S036000" doc = "Class236.sgm">subclass 36</parent>
<scdesc>Heating-radiators provided with a thermostat subjected to
the exhaust from the radiator and controlling the supply of heating
fluid to the radiator.</scdesc></subclass>
<subclass subnum = "41" id = "C236S041000">
<sctitle>With trap:</sctitle>
<parent ref = "C236S040000" doc = "Class236.sgm">subclass 40</parent>
<scdesc>Subject matter in combination with an automatic trap for
discharging the air and water of condensation.</scdesc>
<srchin>
<srecord><subnum ref = "C236S053000" doc = "Class236.sgm">53</subnum>
<descript><para>through 60, under &ldquo;Traps&rdquo;, for
the specific automatic trap construction.</para></descript></srecord>
<srecord><subnum range = "p" ref = "C236S053000" doc = "Class236.sgm">53</subnum>
<descript><para>for steam traps with float valve and thermostatically
controlled air vent valve.</para></descript></srecord></srchin></subclass>
<subclass subnum = "42" id = "C236S042000">
<sctitle>Expanding fluid:</sctitle>
<parent ref = "C236S036000" doc = "Class236.sgm">subclass 36</parent>
<scdesc>Heating-radiators with a thermostat of the expanding-fluid
type for directly regulating the supply of heating fluid to the
radiator.</scdesc>
<srchin>
<srecord><subnum ref = "C236S004000" doc = "Class236.sgm">4</subnum>
<descript><para>18, 32, 56&plus;, 64, 86, and 99, for the type
of thermostat used and controlling devices operated thereby.</para></descript></srecord>
<srecord><subnum range = "p" ref = "C236S040000" doc = "Class236.sgm">40</subnum>
<descript><para>for similar devices exhaust operated.</para></descript></srecord></srchin></subclass>
<subclass subnum = "43" id = "C236S043000">
<sctitle>Expanding solid:</sctitle>
<parent ref = "C236S036000" doc = "Class236.sgm">subclass 36</parent>
<scdesc>Heating-radiators with a thermostat of the expanding solid
type for directly regulating the supply of heating fluid to the
radiator.</scdesc>
<notes><note1 notenum = "(1)">
<para>Note.  This also includes devices operated by the expansion
of the radiator.</para></note1></notes>
<srchin>
<srecord><subnum ref = "C236S005000" doc = "Class236.sgm">5</subnum>
<descript><para>19, 33, 59&plus;, 66, 87, 96, and 101&plus;,
for the type of thermostat and controlling devices operated thereby.</para></descript></srecord></srchin></subclass>
<subclass subnum = "44" id = "C236S044000">
<sctitle>HUMIDITY CONTROL:</sctitle>
<parent ref = "C236S000000" doc = "Class236.sgm">the class definition</parent>
<scdesc>Devices controlling the humidity of a room or apartment
by means of a device responsive to the relative humidity therein.</scdesc>
<srchout>
<crecord><classnum ref = "C165S000000" doc = "Class165.sgm">165</classnum>
<subref><clstitle>Heat Exchange</clstitle>
<pretext></pretext>
<subnum range = "r" ref = "C165S282000" doc = "Class165.sgm">282</subnum></subref>
<descript><para>; 283; 294; 296; and 297 for a heating and cooling
system having humidity control.</para></descript></crecord>
<crecord><classnum ref = "C261S000000" doc = "Class261.sgm">261</classnum>
<subref><clstitle>Gas and Liquid Contact Apparatus</clstitle>
<pretext></pretext>
<subnum range = "p" ref = "C261S129000" doc = "Class261.sgm">129</subnum></subref>
<descript><para> for temperature or humidity controlled gas liquid
contactors having heating or cooling means.</para></descript></crecord></srchout></subclass>
<subclass subnum = "45" id = "C236S045000">
<sctitle>DRAFT-OPERATED:</sctitle>
<parent ref = "C236S000000" doc = "Class236.sgm">the class definition</parent>
<scdesc>Devices controlling the operation of a heater according
to the draft.</scdesc>
<srchout>
<crecord><classnum ref = "C137S000000" doc = "Class137.sgm">137</classnum>
<subref><clstitle>Fluid Handling</clstitle>
<pretext></pretext>
<subnum range = "p" ref = "C137S098000" doc = "Class137.sgm">98</subnum></subref>
<descript><para>, 458 to 460, 486&plus;, 496, and 497&plus; for valves
responsive to change in rate of flow.</para></descript></crecord></srchout></subclass>
<subclass subnum = "46" id = "C236S046000">
<sctitle>WITH TIMING ELEMENT:</sctitle>
<parent ref = "C236S000000" doc = "Class236.sgm">the class definition</parent>
<scdesc>Devices in which a clock is employed for adjusting the regulating
device at a given time or where the clock cuts in or cuts out the
regulating device; also devices with timing means for periodically
placing the regulating means into and out of operation.</scdesc>
<srchout>
<crecord><classnum ref = "C110S000000" doc = "Class110.sgm">110</classnum>
<subref><clstitle>Furnaces</clstitle>
<pretext></pretext>
<subnum range = "s" ref = "C110S192000" doc = "Class110.sgm">192</subnum></subref>
<descript><para> for a refuse incinerator or solid fuel furnace
provided with a timer control.</para></descript></crecord></srchout></subclass>
<subclass subnum = "47" id = "C236S047000">
<sctitle>HIGH AND LOW TEMPERATURE ALTERNATE:</sctitle>
<parent ref = "C236S000000" doc = "Class236.sgm">the class definition</parent>
<scdesc>Devices controlling the temperature by two different devices
alternately, one set to maintain the temperature relatively high
and the other relatively low.</scdesc>
<srchin>
<srecord><subnum ref = "C236S046000" doc = "Class236.sgm">46</subnum>
<descript><para>for clock controlled regulators that may be operated
to maintain different temperatures at different times.</para></descript></srecord></srchin></subclass>
<subclass subnum = "48" id = "C236S048000">
<sctitle>SNAP-ACTING:</sctitle>
<parent ref = "C236S000000" doc = "Class236.sgm">the class definition</parent>
<scdesc>Devices in which the temperature control valve does not
move on slight changes in temperature, but its operating force is
stored up during a certain movement of the temperature responsive
device, and then the valve (or controlling means) suddenly moves
throughout its entire movement not provided for more specifically
below.</scdesc>
<srchin>
<srecord><subnum ref = "C236S081000" doc = "Class236.sgm">81</subnum>
<descript><para>83, for such devices incorporating a fluid motor
which is relay operated.</para></descript></srecord></srchin>
<srchout>
<crecord><classnum ref = "C074S000000" doc = "Class074.sgm">74</classnum>
<subref><clstitle>Machine Element or Mechanism</clstitle>
<pretext></pretext>
<subnum range = "p" ref = "C074S100100" doc = "Class074.sgm">100.1</subnum></subref>
<descript><para> for snap action devices associated with mechanism
for converting reciprocating motion to or from oscillating motion.</para></descript></crecord></srchout></subclass>
<subclass subnum = "49.1" id = "C236S049100">
<sctitle>VENTILATOR TYPE:</sctitle>
<parent ref = "C236S000000" doc = "Class236.sgm">the class definition</parent>
<scdesc>Device comprising particular temperature responsive means
for operating a device which controls air flow to, from, or within
a ventilated space.</scdesc>
<notes><note1 notenum = "(1)">
<para>Note.  Inclusion in this subclass requires specific temperature
sensing and coupled operating means structure (i.e., a &ldquo;means
for controlling a ventilator in response to temperature&rdquo; is
not sufficient to inclusion in this subclass whereas a &ldquo;bimetallic
element operated actuating linkage for a ventilator&rdquo; is
sufficient for inclusion).</para></note1>
<note1 notenum = "(2)">
<para>Note.  The means usually detects and responds to air temperature
within the ventilated space or within an air passage leading to
the space.</para></note1></notes>
<srchin>
<srecord><subnum range = "p" ref = "C236S002000" doc = "Class236.sgm">2</subnum>
<descript><para>and the search notes thereunder, for a similar control
means associated with an incubator.</para></descript></srecord>
<srecord><subnum range = "p" ref = "C236S044000" doc = "Class236.sgm">44</subnum>
<descript><para>for a humidity response means for operating a device
which controls air flow to, from, or within a ventilated space.</para></descript></srecord></srchin>
<srchout>
<crecord><classnum ref = "C454S000000" doc = "Class454.sgm">454</classnum>
<subref><clstitle>Ventilation</clstitle>
<pretext>appropriate subclasses, for ventilator structures, per
se, and for ventilator operated by a nominal temperature responsive
control means for automatic temperature regulation; note, in particular, </pretext>
<subnum range = "s" ref = "C454S370000" doc = "Class454.sgm">370</subnum></subref>
<descript><para> for ventilation means with condition responsive
control, subclass 258 for an air distributing, moveable louver responsive
to temperature, and subclass 369 for an outlet cowl having a spaced
cap and a positively actuated valve with a fusible release.</para></descript></crecord></srchout></subclass>
<subclass subnum = "49.2" id = "C236S049200">
<sctitle>Responsive to fire or smoke:</sctitle>
<parent ref = "C236S049100" doc = "Class236.sgm">subclass 49.1</parent>
<scdesc>Device wherein the air flow control means is responsive
to a sensing means which detects a presence of (1) a flame due to
combustion or (2) a vaporous emission resulting from combustion.</scdesc>
<srchout>
<crecord><classnum ref = "C169S000000" doc = "Class169.sgm">169</classnum>
<subref><clstitle>Fire Extinguishers</clstitle>
<pretext>appropriate subclasses, for a specific fire extinguisher apparatus
combined with a fire or smoke responsive control means; see, in
particular, </pretext>
<subnum range = "p" ref = "C169S056000" doc = "Class169.sgm">56</subnum></subref>
<descript><para> for such a condition responsive fire-extinguisher
for a special application.</para></descript></crecord>
<crecord><classnum ref = "C454S000000" doc = "Class454.sgm">454</classnum>
<subref><clstitle>Ventilation</clstitle>
<pretext></pretext>
<subnum range = "s" ref = "C454S257000" doc = "Class454.sgm">257</subnum></subref>
<descript><para> for an inlet-ceiling-type air diffuser having an emergency
smoke or fire responsive valve, subclass 342 for an outlet airway
with an air pump and specific emergency smoke handling structure, subclass
357 for an outlet airway having an emergency smoke handling feature,
and subclass 369 for fire dampers which cut off ventilated flow in
response to elevated temperatures. </para></descript></crecord></srchout></subclass>
<subclass subnum = "49.3" id = "C236S049300">
<sctitle>Electrically actuated:</sctitle>
<parent ref = "C236S049100" doc = "Class236.sgm">subclass 49.1</parent>
<scdesc>Device wherein the means operates the air flow control device
by way of electricity.</scdesc></subclass>
<subclass subnum = "49.4" id = "C236S049400">
<sctitle>Pneumatically actuated:</sctitle>
<parent ref = "C236S049100" doc = "Class236.sgm">subclass 49.1</parent>
<scdesc>Device wherein the means operates the air flow control device
by way of air pressure.</scdesc></subclass>
<subclass subnum = "49.5" id = "C236S049500">
<sctitle>Mechanical linkage actuated:</sctitle>
<parent ref = "C236S049100" doc = "Class236.sgm">subclass 49.1</parent>
<scdesc>Device wherein the means operates the air flow control device
by way of a system of interconnected machine elements.</scdesc></subclass>
<subclass subnum = "50" id = "C236S050000">
<sctitle>LIQUID VALVE:</sctitle>
<parent ref = "C236S000000" doc = "Class236.sgm">the class definition</parent>
<scdesc>Devices in which the regulating means controls the heating
means by means of a liquid valve.</scdesc></subclass>
<subclass subnum = "51" id = "C236S051000">
<sctitle>DISTANCE-ADJUSTED:</sctitle>
<parent ref = "C236S000000" doc = "Class236.sgm">the class definition</parent>
<scdesc>Devices provided with means for adjusting from a distance
the effect of the regulating means.</scdesc></subclass>
<subclass subnum = "52" id = "C236S052000">
<sctitle>FLOAT-OPERATED:</sctitle>
<parent ref = "C236S000000" doc = "Class236.sgm">the class definition</parent>
<scdesc>Devices not otherwise classifiable which are operated by
the rise and fall of a float.</scdesc>
<srchin>
<srecord><subnum ref = "C236S031000" doc = "Class236.sgm">31</subnum>
<descript><para>for heaters controlled by pressure wherein the pressure
causes the rise and fall of liquid which motion operates a float.</para></descript></srecord>
<srecord><subnum ref = "C236S065000" doc = "Class236.sgm">65</subnum>
<descript><para>100, for regulators operated by expanding fluid
and incorporating a float moved by the fluid.</para></descript></srecord></srchin></subclass>
<subclass subnum = "53" id = "C236S053000">
<sctitle>Thermostatic air valve:</sctitle>
<parent ref = "C236S000000" doc = "Class236.sgm">the class definition</parent>
<scdesc>Automatic steam-traps in which the water-drain valve is
float-operated, but which are provided with a thermostatically-controlled air-vent.</scdesc>
<srchout>
<crecord><classnum ref = "C137S000000" doc = "Class137.sgm">137</classnum>
<subref><clstitle>Fluid Handling</clstitle>
<pretext></pretext>
<subnum range = "p" ref = "C137S171000" doc = "Class137.sgm">171</subnum></subref>
<descript><para> for steam traps in which there is no thermally
controlled air vent.</para></descript></crecord></srchout></subclass>
<subclass subnum = "54" id = "C236S054000">
<sctitle>Thermostatic pilot:</sctitle>
<parent ref = "C236S000000" doc = "Class236.sgm">the class definition</parent>
<scdesc>Automatic steam-traps with a pressure-motor for operating
the drain-valve and a thermostatically-operated pilot-valve for
controlling the action of the motive fluid on the pressure-motor.</scdesc>
<srchin>
<srecord><subnum ref = "C236S080000" doc = "Class236.sgm">80</subnum>
<descript><para>for the control in other combinations.</para></descript></srecord></srchin>
<srchout>
<crecord><classnum ref = "C137S000000" doc = "Class137.sgm">137</classnum>
<subref><clstitle>Fluid Handling</clstitle>
<pretext></pretext>
<subnum range = "r" ref = "C137S191000" doc = "Class137.sgm">191</subnum></subref>
<descript><para> and 195 for steam traps responsive to liquid level
operated by float controlled servo or pilot.</para></descript></crecord></srchout></subclass>
<subclass subnum = "55" id = "C236S055000">
<sctitle>With float-controlled pilot:</sctitle>
<parent ref = "C236S000000" doc = "Class236.sgm">the class definition</parent>
<scdesc>Automatic steam-traps with the drain-valve operated by a
thermostat and a float-controlled pilot-valve for controlling the
flow of heating fluid to the thermostat for operating the same.</scdesc>
<srchin>
<srecord><subnum ref = "C236S068000" doc = "Class236.sgm">68</subnum>
<descript><para>for similar controls in other combinations.</para></descript></srecord></srchin></subclass>
<subclass subnum = "56" id = "C236S056000">
<sctitle>Expanding fluid:</sctitle>
<parent ref = "C236S000000" doc = "Class236.sgm">the class definition</parent>
<scdesc>Automatic steam-traps in which the drain-valve is directly
operated by a thermostat of the expanding-fluid type.</scdesc>
<srchin>
<srecord><subnum ref = "C236S041000" doc = "Class236.sgm">41</subnum>
<descript><para>for radiator heat controls incorporating a similar
device.</para></descript></srecord>
<srecord><subnum ref = "C236S064000" doc = "Class236.sgm">64</subnum>
<descript><para>for air relief valve of similar type.</para></descript></srecord></srchin></subclass>
<subclass subnum = "57" id = "C236S057000">
<sctitle>Bourdon type:</sctitle>
<parent ref = "C236S056000" doc = "Class236.sgm">subclass 56</parent>
<scdesc>Automatic steam-traps in which the drain-valve is directly
operated by a thermostat of the expanding-fluid type in the shape
of a Bourdon tube.</scdesc></subclass>
<subclass subnum = "58" id = "C236S058000">
<sctitle>Wafer type:</sctitle>
<parent ref = "C236S056000" doc = "Class236.sgm">subclass 56</parent>
<scdesc>Devices in which the drain-valve is operated directly by
an expanding-fluid thermostat of the wafer type.</scdesc></subclass>
<subclass subnum = "59" id = "C236S059000">
<sctitle>Expanding solid:</sctitle>
<parent ref = "C236S000000" doc = "Class236.sgm">the class definition</parent>
<scdesc>Automatic steam-traps in which the drain-valve is directly
operated by a thermostat of the expanding-solid type.</scdesc>
<srchin>
<srecord><subnum ref = "C236S066000" doc = "Class236.sgm">66</subnum>
<descript><para>for air relief valve controlled by thermostat.</para></descript></srecord></srchin></subclass>
<subclass subnum = "60" id = "C236S060000">
<sctitle>Conduit:</sctitle>
<parent ref = "C236S059000" doc = "Class236.sgm">subclass 59</parent>
<scdesc>Devices in which the drain-valve is directly operated by
a thermostat of the expanding-solid type, but which is in the shape
of a conduit, through which the heating fluid passes or is discharged.</scdesc>
<srchin>
<srecord><subnum ref = "C236S103000" doc = "Class236.sgm">103</subnum>
<descript><para>for controls operated by the expansions of a conduit.</para></descript></srecord></srchin></subclass>
<subclass subnum = "61" id = "C236S061000">
<sctitle>With pressure control:</sctitle>
<parent ref = "C236S000000" doc = "Class236.sgm">the class definition</parent>
<scdesc>Air relief-valves controlled by both thermostatic and pressure-controlled
means.</scdesc>
<srchin>
<srecord><subnum ref = "C236S092000" doc = "Class236.sgm">92</subnum>
<descript><para>for controls with pressure and temperature responsive
means.</para></descript></srecord></srchin></subclass>
<subclass subnum = "62" id = "C236S062000">
<sctitle>With separate float:</sctitle>
<parent ref = "C236S000000" doc = "Class236.sgm">the class definition</parent>
<scdesc>Air relief-valves controlled by both thermostatic and float-controlled
means, the float being distinct from the thermostat.</scdesc></subclass>
<subclass subnum = "63" id = "C236S063000">
<sctitle>Expanding float:</sctitle>
<parent ref = "C236S000000" doc = "Class236.sgm">the class definition</parent>
<scdesc>Air relief-valves controlled by both thermostatic and float-controlled
means, the float being also the expanding element.</scdesc></subclass>
<subclass subnum = "64" id = "C236S064000">
<sctitle>Expanding fluid:</sctitle>
<parent ref = "C236S000000" doc = "Class236.sgm">the class definition</parent>
<scdesc>Air relief-valves controlled by a thermostat only, the thermostat
being of the expanding-fluid type.</scdesc>
<srchin>
<srecord><subnum range = "p" ref = "C236S056000" doc = "Class236.sgm">56</subnum>
<descript><para>for traps operated by expanding fluid thermostats.</para></descript></srecord></srchin></subclass>
<subclass subnum = "65" id = "C236S065000">
<sctitle>Float-operated:</sctitle>
<parent ref = "C236S064000" doc = "Class236.sgm">subclass 64</parent>
<scdesc>Subject matter controlled by a thermostat only, the thermostat
being of the expanding-fluid type, the expanding fluid operating
a float or piston to operate the valve.</scdesc>
<srchin>
<srecord><subnum ref = "C236S100000" doc = "Class236.sgm">100</subnum>
<descript><para>for controls in which an expanding fluid operates
a float.</para></descript></srecord></srchin></subclass>
<subclass subnum = "66" id = "C236S066000">
<sctitle>Expanding solid:</sctitle>
<parent ref = "C236S000000" doc = "Class236.sgm">the class definition</parent>
<scdesc>Air relief-valves controlled by a thermostat only, the thermostat
being of the expanding-solid type.</scdesc>
<srchin>
<srecord><subnum ref = "C236S053000" doc = "Class236.sgm">53</subnum>
<descript><para>59 and 62, for other applications of this control.</para></descript></srecord></srchin></subclass>
<subclass subnum = "67" id = "C236S067000">
<sctitle>MOTORS:</sctitle>
<parent ref = "C236S000000" doc = "Class236.sgm">the class definition</parent>
<scdesc>Devices which are operated by motors whose operation is
controlled by means responsive to the temperature to be regulated.</scdesc></subclass>
<subclass subnum = "68" id = "C236S068000">
<sctitle>Auxiliary heater:</sctitle>
<parent ref = "C236S067000" doc = "Class236.sgm">subclass 67</parent>
<scdesc>Devices in which an expanding element is used to operate
the controlling means, the expanding element being heated (or cooled)
by a heater set into operation by means of a separate element responsive
to the temperature to be regulated.</scdesc>
<srchout>
<crecord><classnum ref = "C060S000000" doc = "Class060.sgm">60</classnum>
<subref><clstitle>Power Plants</clstitle>
<pretext></pretext>
<subnum range = "p" ref = "C060S516000" doc = "Class060.sgm">516</subnum></subref>
<descript><para> for the expanding element and heater alone or where
the heater is not set into operation by a heat responsive element.</para></descript></crecord>
<crecord><classnum ref = "C251S000000" doc = "Class251.sgm">251</classnum>
<subref><clstitle>Valves and Valve Actuation</clstitle>
<pretext></pretext>
<subnum range = "s" ref = "C251S011000" doc = "Class251.sgm">11</subnum></subref>
<descript><para> for heat motor operated valves in general.</para></descript></crecord></srchout></subclass>
<subclass subnum = "69" id = "C236S069000">
<sctitle>Pyrometer galvanometer:</sctitle>
<parent ref = "C236S067000" doc = "Class236.sgm">subclass 67</parent>
<scdesc>Devices operated by motors which are controlled by a relay
consisting of a galvanometer operated by the current generated in
a thermocouple responsive to the temperature to be regulated.</scdesc>
<srchout>
<crecord><classnum ref = "C323S000000" doc = "Class323.sgm">323</classnum>
<subref><clstitle>Electricity:  Power Supply or Regulation Systems</clstitle>
<pretext></pretext>
<subnum range = "r" ref = "C323S234000" doc = "Class323.sgm">234</subnum>
<endnum ref = "C323S298000" doc = "Class323.sgm">298</endnum></subref>
<descript><para> for output responsive regulators.</para></descript></crecord></srchout></subclass>
<subclass subnum = "70" id = "C236S070000">
<sctitle>With beating element:</sctitle>
<parent ref = "C236S069000" doc = "Class236.sgm">subclass 69</parent>
<scdesc>Devices in which an additional beating element is used to
press the pointer of the galvanometer onto the controlling-contacts
at regular predetermined intervals.</scdesc></subclass>
<subclass subnum = "71" id = "C236S071000">
<sctitle>Balanced:</sctitle>
<parent ref = "C236S067000" doc = "Class236.sgm">subclass 67</parent>
<scdesc>Devices operated by a balanced motor in which changes in
temperature destroy the balance of the motor, and thus operate the
regulating means.</scdesc></subclass>
<subclass subnum = "72" id = "C236S072000">
<sctitle>Thermostatic relay:</sctitle>
<parent ref = "C236S071000" doc = "Class236.sgm">subclass 71</parent>
<scdesc>Devices in which changes in temperature destroy the balance
of the motor by means of a thermostatically-operated relay.</scdesc></subclass>
<subclass subnum = "73" id = "C236S073000">
<sctitle>Continuous drive:</sctitle>
<parent ref = "C236S067000" doc = "Class236.sgm">subclass 67</parent>
<scdesc>Devices operated by a continuously-driven motor normally
disconnected from the regulating means, but placed in operative
connection therewith by means responsive to the temperature to be
controlled.</scdesc></subclass>
<subclass subnum = "74" id = "C236S074000">
<sctitle>Electric:</sctitle>
<parent ref = "C236S067000" doc = "Class236.sgm">subclass 67</parent>
<scdesc>Devices not otherwise classifiable which are operated by
electric motors whose operation is controlled by means responsive
to the temperature to be regulated.</scdesc>
<srchout>
<crecord><classnum ref = "C388S000000" doc = "Class388.sgm">388</classnum>
<subref><clstitle>Electricity:  Motor Control Systems</clstitle>
<pretext></pretext></subref>
<descript><para>Art Collection 934 for running-speed control systems
with feedback responsive to a thermal condition.</para></descript></crecord></srchout></subclass>
<subclass subnum = "75" id = "C236S075000">
<sctitle>Reciprocating or oscillating:</sctitle>
<parent ref = "C236S074000" doc = "Class236.sgm">subclass 74</parent>
<scdesc>Devices of the type where the regulating member is operated
by an element reciprocated or oscillated by means of a solenoid
or electric magnet whose operation is controlled by means responsive
to the temperature to be regulated.</scdesc>
<srchin>
<srecord><subnum ref = "C236S084000" doc = "Class236.sgm">84</subnum>
<descript><para>for similar controls which constitute relays for
the control of a fluid pressure motor.</para></descript></srecord></srchin>
<srchout>
<crecord><classnum ref = "C310S000000" doc = "Class310.sgm">310</classnum>
<subref><clstitle>Electrical Generator or Motor Structure</clstitle>
<pretext></pretext>
<subnum range = "p" ref = "C310S015000" doc = "Class310.sgm">15</subnum></subref>
<descript><para> for reciprocating electric motor structure, and
subclasses 36&plus; for oscillating electric motor structure.</para></descript></crecord>
<crecord><classnum ref = "C318S000000" doc = "Class318.sgm">318</classnum>
<subref><clstitle>Electricity:  Motive Power Systems</clstitle>
<pretext></pretext>
<subnum range = "p" ref = "C318S119000" doc = "Class318.sgm">119</subnum></subref>
<descript><para> for reciprocating or oscillating electric motor
systems.</para></descript></crecord></srchout></subclass>
<subclass subnum = "76" id = "C236S076000">
<sctitle>Step-by-step:</sctitle>
<parent ref = "C236S074000" doc = "Class236.sgm">subclass 74</parent>
<scdesc>Devices which do not operate the controlling means to the
limits at a single operation, but give step-by-step action.</scdesc></subclass>
<subclass subnum = "77" id = "C236S077000">
<sctitle>Vibrating arm:</sctitle>
<parent ref = "C236S074000" doc = "Class236.sgm">subclass 74</parent>
<scdesc>Devices in which the control element is operated by means
of a vibrator and circuit-make-and-break device.</scdesc></subclass>
<subclass subnum = "78" id = "C236S078000">
<sctitle>Relay:</sctitle>
<parent ref = "C236S074000" doc = "Class236.sgm">subclass 74</parent>
<scdesc>Devices the motors being set into operation by a relay,
which is in turn controlled by means responsive to the temperature
to be controlled.</scdesc></subclass>
<subclass subnum = "79" id = "C236S079000">
<sctitle>Relay:</sctitle>
<parent ref = "C236S067000" doc = "Class236.sgm">subclass 67</parent>
<scdesc>Devices operated by fluid pressure and controlled by a relay,
which is in turn controlled by means responsive to the temperature
to be regulated.</scdesc>
<srchout>
<crecord><classnum ref = "C110S000000" doc = "Class110.sgm">110</classnum>
<subref><clstitle>Furnaces</clstitle>
<pretext></pretext>
<subnum range = "s" ref = "C110S185000" doc = "Class110.sgm">185</subnum></subref>
<descript><para> for refuse incinerators and solid fuel furnaces provided
with control means responsive to a sensed condition.</para></descript></crecord>
<crecord><classnum ref = "C137S000000" doc = "Class137.sgm">137</classnum>
<subref><clstitle>Fluid Handling</clstitle>
<pretext></pretext>
<subnum range = "p" ref = "C137S082000" doc = "Class137.sgm">82</subnum></subref>
<descript><para> for fluid pressure relays or followers, per se.</para></descript></crecord></srchout></subclass>
<subclass subnum = "80" id = "C236S080000">
<sctitle>Shunt:</sctitle>
<parent ref = "C236S079000" doc = "Class236.sgm">subclass 79</parent>
<scdesc>Devices in which the fluid for operating the motor is shunted
from the fluid controlled.</scdesc>
<srchin>
<srecord><subnum ref = "C236S039000" doc = "Class236.sgm">39</subnum>
<descript><para>54, 68, for other controls which employ the fluid
of the system regulated to motivate the control.</para></descript></srecord></srchin>
<srchout>
<crecord><classnum ref = "C137S000000" doc = "Class137.sgm">137</classnum>
<subref><clstitle>Fluid Handling</clstitle>
<pretext></pretext>
<subnum range = "p" ref = "C137S485000" doc = "Class137.sgm">485</subnum></subref>
<descript><para> for the type of motors in pressure responsive regulators.</para></descript></crecord></srchout></subclass>
<subclass subnum = "81" id = "C236S081000">
<sctitle>Snap-acting:</sctitle>
<parent ref = "C236S079000" doc = "Class236.sgm">subclass 79</parent>
<scdesc>Devices in which the relay does not operate on slight changes
in temperature, but its operating force is stored up during a certain
movement of the temperature-responsive device and then suddenly
moves through its entire movement.</scdesc>
<srchin>
<srecord><subnum ref = "C236S048000" doc = "Class236.sgm">48</subnum>
<descript><para>for snap acting controls not a fluid operated relay.</para></descript></srecord>
<srecord><subnum ref = "C236S083000" doc = "Class236.sgm">83</subnum>
<descript><para>for the same in a compound relay system.</para></descript></srecord></srchin></subclass>
<subclass subnum = "82" id = "C236S082000">
<sctitle>Compound:</sctitle>
<parent ref = "C236S079000" doc = "Class236.sgm">subclass 79</parent>
<scdesc>Devices wherein the fluid-motor controlled by a relay is
controlled by another relay, which is in turn controlled by the
means responsive to the temperature to be regulated.</scdesc></subclass>
<subclass subnum = "83" id = "C236S083000">
<sctitle>Snap-acting:</sctitle>
<parent ref = "C236S082000" doc = "Class236.sgm">subclass 82</parent>
<scdesc>Devices the first relay being of the type which does not
operate on slight movements in the second relay, but the operating
force is stored up during a certain movement of the second relay
and then suddenly the first moves through its entire movement.</scdesc>
<srchin>
<srecord><subnum ref = "C236S048000" doc = "Class236.sgm">48</subnum>
<descript><para>81, for other snap acting controls.</para></descript></srecord></srchin></subclass>
<subclass subnum = "84" id = "C236S084000">
<sctitle>Electric:</sctitle>
<parent ref = "C236S079000" doc = "Class236.sgm">subclass 79</parent>
<scdesc>Devices wherein the fluid-operated motor is controlled by
an electrically-operated relay-valve, which is in turn controlled
by the means responsive to the temperature to be regulated.  The
electric device must actually operate the relay-valve at least in
one direction.</scdesc>
<srchin>
<srecord><subnum ref = "C236S079000" doc = "Class236.sgm">79</subnum>
<descript><para>for means where power for operating the relay-valve
is stored up by action of the motor and this is released by electric
means.</para></descript></srecord></srchin></subclass>
<subclass subnum = "85" id = "C236S085000">
<sctitle>Pressure-operated:</sctitle>
<parent ref = "C236S079000" doc = "Class236.sgm">subclass 79</parent>
<scdesc>Devices wherein the relay is operated by a device responsive
to changes in pressure in the fluid to be regulated.</scdesc>
<srchin>
<srecord><subnum ref = "C236S029000" doc = "Class236.sgm">29</subnum>
<descript><para>for devices where the pressure controlled operates
directly on the valve which controls its flow to the motor.</para></descript></srecord>
<srecord><subnum range = "p" ref = "C236S082000" doc = "Class236.sgm">82</subnum>
<descript><para>for similar devices including compound controls.</para></descript></srecord></srchin></subclass>
<subclass subnum = "86" id = "C236S086000">
<sctitle>Expanding fluid:</sctitle>
<parent ref = "C236S079000" doc = "Class236.sgm">subclass 79</parent>
<scdesc>Devices wherein the means responsive to the temperature
is a thermostat of the expanding-fluid type.</scdesc>
<srchin>
<srecord><subnum ref = "C236S039000" doc = "Class236.sgm">39</subnum>
<descript><para>for similar controls in heating radiator.</para></descript></srecord></srchin></subclass>
<subclass subnum = "87" id = "C236S087000">
<sctitle>Expanding solid:</sctitle>
<parent ref = "C236S079000" doc = "Class236.sgm">subclass 79</parent>
<scdesc>Devices wherein the means responsive to the temperature
is a thermostat of the expanding-solid type.</scdesc>
<srchin>
<srecord><subnum ref = "C236S039000" doc = "Class236.sgm">39</subnum>
<descript><para>80, 81, and 82&plus;, for similar responsive
means in other controls.</para></descript></srecord></srchin></subclass>
<subclass subnum = "88" id = "C236S088000">
<sctitle>Magnetic release:</sctitle>
<parent ref = "C236S067000" doc = "Class236.sgm">subclass 67</parent>
<scdesc>Devices wherein the motor is a spring or weight motor which
is released by magnetic means controlled by the means responsive
to the temperature to be regulated.</scdesc></subclass>
<subclass subnum = "89" id = "C236S089000">
<sctitle>Safety cut-out:</sctitle>
<parent ref = "C236S088000" doc = "Class236.sgm">subclass 88</parent>
<scdesc>Devices which is provided with means for opening the circuit
through the magnetic means when the motor is run down.</scdesc></subclass>
<subclass subnum = "90" id = "C236S090000">
<sctitle>Thermal release:</sctitle>
<parent ref = "C236S067000" doc = "Class236.sgm">subclass 67</parent>
<scdesc>Devices wherein the motor is a spring or weight motor which
is released by the thermostat responsive to the temperature to be
controlled.</scdesc></subclass>
<subclass subnum = "91" id = "C236S091000">
<sctitle>Hot and cold:</sctitle>
<parent ref = "C236S000000" doc = "Class236.sgm">the class definition</parent>
<scdesc>Devices operated by a plurality of thermostats, one or more
in a location at low temperature (as the outside of a building)
and the others at a relatively high temperature, (as the inside
of a building).</scdesc>
<srchin>
<srecord><subnum ref = "C236S009000" doc = "Class236.sgm">9</subnum>
<descript><para>14, 37, and 47, for systems which are controlled
by temperature at plural places.</para></descript></srecord>
<srecord><subnum ref = "C236S044000" doc = "Class236.sgm">44</subnum>
<descript><para>for opposed thermostats.</para></descript></srecord></srchin>
<srchout>
<crecord><classnum ref = "C165S000000" doc = "Class165.sgm">165</classnum>
<subref><clstitle>Heat Exchange</clstitle>
<pretext></pretext>
<subnum range = "s" ref = "C165S257000" doc = "Class165.sgm">257</subnum></subref>
<descript><para> for a selective heating or cooling arrangement
controlled by room and ambient temperature sensors.</para></descript></crecord></srchout></subclass>
<subclass subnum = "92" id = "C236S092000">
<sctitle>With pressure control:</sctitle>
<parent ref = "C236S000000" doc = "Class236.sgm">the class definition</parent>
<scdesc>Devices operated by a thermostat and pressure-responsive
means.</scdesc>
<srchin>
<srecord><subnum ref = "C236S061000" doc = "Class236.sgm">61</subnum>
<descript><para>for radiator air relief means controlled by thermostat
and pressure.</para></descript></srecord></srchin></subclass>
<subclass subnum = "93" id = "C236S093000">
<sctitle>In fluid controlled:</sctitle>
<parent ref = "C236S000000" doc = "Class236.sgm">the class definition</parent>
<scdesc>Devices operated by a thermostat located in the fluid controlled,
so that its flow is controlled by its own temperature.</scdesc>
<srchin>
<srecord><subnum ref = "C236S055000" doc = "Class236.sgm">55</subnum>
<descript><para>through 60, for trap responsive controls.</para></descript></srecord>
<srecord><subnum ref = "C236S061000" doc = "Class236.sgm">61</subnum>
<descript><para>through 66, for radiator responsive controls.</para></descript></srecord></srchin>
<srchout>
<crecord><classnum ref = "C188S000000" doc = "Class188.sgm">188</classnum>
<subref><clstitle>Brakes</clstitle>
<pretext></pretext>
<subnum range = "p" ref = "C188S277000" doc = "Class188.sgm">277</subnum></subref>
<descript><para> for a fluid- resistance brake having a thermostatic valve
to regulate resistance.</para></descript></crecord></srchout></subclass>
<subclass subnum = "94" id = "C236S094000">
<sctitle>With indicator or alarm:</sctitle>
<parent ref = "C236S000000" doc = "Class236.sgm">the class definition</parent>
<scdesc>Devices thermostatically operated, with an indicator or
alarm to indicate the operation or failure to operate.</scdesc></subclass>
<subclass subnum = "95" id = "C236S095000">
<sctitle>Expanding fluid:</sctitle>
<parent ref = "C236S000000" doc = "Class236.sgm">the class definition</parent>
<scdesc>Devices controlled by a thermostat of the expanding-fluid
type, attached to the outside of the heater or flue controlled and
responsive to the temperature thereof.</scdesc>
<srchin>
<srecord><subnum ref = "C236S004000" doc = "Class236.sgm">4</subnum>
<descript><para>18, 32, 40&plus;, 42, 56, and 99, for the type
of thermostat with a controlling device operated thereby.</para></descript></srecord></srchin></subclass>
<subclass subnum = "96" id = "C236S096000">
<sctitle>Expanding solid:</sctitle>
<parent ref = "C236S000000" doc = "Class236.sgm">the class definition</parent>
<scdesc>Devices controlled by a thermostat of the expanding-solid
type attached to the outside of the heater or flue controlled and
responsive to the temperature thereof.</scdesc>
<srchin>
<srecord><subnum ref = "C236S005000" doc = "Class236.sgm">5</subnum>
<descript><para>19, 33, 43, 59, and 87, for the type of thermostat
with a controlling means operated thereby.</para></descript></srecord></srchin></subclass>
<subclass subnum = "97" id = "C236S097000">
<sctitle>Cooled element:</sctitle>
<parent ref = "C236S000000" doc = "Class236.sgm">the class definition</parent>
<scdesc>Devices operated by a thermostat one element of which is
provided with means for cooling it or keeping it cool, so as to
increase the sensitiveness of the device.</scdesc>
<srchin>
<srecord><subnum ref = "C236S091000" doc = "Class236.sgm">91</subnum>
<descript><para>for plural controls of different temperature.</para></descript></srecord></srchin></subclass>
<subclass subnum = "98" id = "C236S098000">
<sctitle>Fluid transmission:</sctitle>
<parent ref = "C236S000000" doc = "Class236.sgm">the class definition</parent>
<scdesc>Devices operated by a thermostat in which a fluid is used
to transmit the movement of the thermostatic element to the element
controlled.</scdesc>
<srchin>
<srecord><subnum ref = "C236S031000" doc = "Class236.sgm">31</subnum>
<descript><para>for systems wherein the fluid is transmitted to
a float.</para></descript></srecord></srchin></subclass>
<subclass subnum = "99" id = "C236S099000">
<sctitle>Expanding fluid:</sctitle>
<parent ref = "C236S000000" doc = "Class236.sgm">the class definition</parent>
<scdesc>Devices in which the regulating means is operated directly
by a thermostat of the expanding-fluid type.</scdesc>
<srchin>
<srecord><subnum ref = "C236S004000" doc = "Class236.sgm">4</subnum>
<descript><para>18, 32, 40&plus;, 42, 56&plus;, 64, 68,
86, and 95, for certain regulator systems incorporating such a thermostat.</para></descript></srecord></srchin></subclass>
<subclass subnum = "100" id = "C236S100000">
<sctitle>Float or piston operation:</sctitle>
<parent ref = "C236S099000" doc = "Class236.sgm">subclass 99</parent>
<scdesc>Devices where the motion of the expanding fluid is transmitted
by a float or piston operated thereby.</scdesc>
<srchin>
<srecord><subnum ref = "C236S031000" doc = "Class236.sgm">31</subnum>
<descript><para>65, for certain systems employing this type of control.</para></descript></srecord>
<srecord><subnum ref = "C236S052000" doc = "Class236.sgm">52</subnum>
<descript><para>for a regulator employing a float not provided for
in this subclass or subclasses 31 and 65.</para></descript></srecord></srchin></subclass>
<subclass subnum = "101" id = "C236S101000">
<sctitle>Expanding solid:</sctitle>
<parent ref = "C236S000000" doc = "Class236.sgm">the class definition</parent>
<scdesc>Devices in which the regulating means is operated directly
by a thermostat of the expanding-solid type.</scdesc>
<srchin>
<srecord><subnum ref = "C236S005000" doc = "Class236.sgm">5</subnum>
<descript><para>19, 33, 43, 59, 66, 87, 93, and 96, for certain
regulator systems employing this type of thermostat.</para></descript></srecord></srchin></subclass>
<subclass subnum = "102" id = "C236S102000">
<sctitle>Concentric elements:</sctitle>
<parent ref = "C236S101000" doc = "Class236.sgm">subclass 101</parent>
<scdesc>Devices in which the thermostat of the expanding-solid type
is made up of two or more elements of different coefficients of
expansion, and in which these elements are concentrically arranged.
 The coefficient of expansion of one element might be zero.</scdesc>
<srchin>
<srecord><subnum ref = "C236S023000" doc = "Class236.sgm">23</subnum>
<descript><para>24, and 33, for special combinations using this
type of thermostat.</para></descript></srecord></srchin></subclass>
<subclass subnum = "103" id = "C236S103000">
<sctitle>Conduit:</sctitle>
<parent ref = "C236S101000" doc = "Class236.sgm">subclass 101</parent>
<scdesc>Devices in which the thermostat of the expanding-solid type
is in the shape of a tube through which the fluid to which the thermostat
is responsive flows.</scdesc>
<srchin>
<srecord><subnum ref = "C236S060000" doc = "Class236.sgm">60</subnum>
<descript><para>for air relief devices in which a conduit acts as
part of a thermostat.</para></descript></srecord></srchin></subclass>
<subclass subnum = "104" id = "C236S104000">
<sctitle>Fire pot:</sctitle>
<parent ref = "C236S101000" doc = "Class236.sgm">subclass 101</parent>
<scdesc>Devices in which the expansion and contraction of a fire-pot,
or a combustion-chamber wall of a heater is used to regulate the
heating effect thereof.</scdesc></subclass></sclasses>
</class>
