<?xml version="1.0" encoding="UTF-8"?>
<!DOCTYPE class PUBLIC "-//USPTO//DTD Classification Definitions//EN" "xclassdef.dtd" [

<!-- Begin Document Specific Declarations -->

<!-- End Document Specific Declarations -->

]>
<?xml-stylesheet href="classdef.xsl" type="text/XSL"?>

<class classnum = "168" id = "C168S000000"><title>FARRIERY</title>
<sections><descsect>
<para>This class includes all inventions involving the shape, material,
construction, and securing in place of the shoes of cattle and of
horses; also, shoeing-stands and tools employed by blacksmiths in
fitting securing such shoes, with the exception noted in Lines With
Other Classes, below</para>
</descsect>
<linesect>
<para>Mere hoof-trimming knives will be found in Class 30, Cutlery.
Patents on grinding machines which are stated to be intended for
sharpening calks, but are of general utility will be found outside
of this class (168).</para>
</linesect>
<scsect>
<srchout>
<crecord><classnum ref = "C119S000000" doc = "Class119.sgm">119</classnum>
<subref><clstitle>Animal Husbandry</clstitle>
<pretext></pretext></subref>
<descript><para>for general care of an animal. </para></descript></crecord></srchout>
</scsect></sections>
<sclasses>
<subclass subnum = "1" id = "C168S001000">
<sctitle>OVERSHOES:</sctitle>
<parent ref = "C168S000000" doc = "Class168.sgm">the class definition</parent>
<scdesc>Shoes or boots which are temporarily fastened on the foot
over the ordinary shoe; principally the means for securing such
overshoes or boots.</scdesc>
<srchout>
<crecord><classnum ref = "C054S000000" doc = "Class054.sgm">54</classnum>
<subref><clstitle>Harness for Working Animal</clstitle>
<pretext></pretext>
<subnum range = "s" ref = "C054S082000" doc = "Class054.sgm">82</subnum></subref>
<descript><para>.</para></descript></crecord></srchout></subclass>
<subclass subnum = "2" id = "C168S002000">
<sctitle>Medicating:</sctitle>
<parent ref = "C168S001000" doc = "Class168.sgm">subclass 1</parent>
<scdesc>Overshoes and boots which are secured over the shoe and
around the foot and leg of the animal for holding in place sponges,
pads, etc., saturated with water or medicines for treating diseases
of the foot.</scdesc>
<srchout>
<crecord><classnum ref = "C054S000000" doc = "Class054.sgm">54</classnum>
<subref><clstitle>Harness for Working Animal</clstitle>
<pretext></pretext>
<subnum range = "s" ref = "C054S082000" doc = "Class054.sgm">82</subnum></subref>
<descript><para>.</para></descript></crecord></srchout></subclass>
<subclass subnum = "3" id = "C168S003000">
<sctitle>Swamp:</sctitle>
<parent ref = "C168S001000" doc = "Class168.sgm">subclass 1</parent>
<scdesc>Overshoes having broad soles which are intended to prevent
the animal sinking in the soft ground of swamps or for injuring
the grass of lawns.</scdesc>
<srchout>
<crecord><classnum ref = "C054S000000" doc = "Class054.sgm">54</classnum>
<subref><clstitle>Harness for Working Animal</clstitle>
<pretext></pretext>
<subnum range = "s" ref = "C054S082000" doc = "Class054.sgm">82</subnum></subref>
<descript><para>.</para></descript></crecord></srchout></subclass>
<subclass subnum = "4" id = "C168S004000">
<sctitle>SHOES:</sctitle>
<parent ref = "C168S000000" doc = "Class168.sgm">the class definition</parent>
<scdesc>Miscellaneous horseshoes not classified in the other subclasses.
 It includes shoes made of specific materials and combinations of
various materials.</scdesc></subclass>
<subclass subnum = "5" id = "C168S005000">
<sctitle>Ox:</sctitle>
<parent ref = "C168S004000" doc = "Class168.sgm">subclass 4</parent>
<scdesc>The name indicates the contents of this subclass.</scdesc></subclass>
<subclass subnum = "6" id = "C168S006000">
<sctitle>Hoof spreading:</sctitle>
<parent ref = "C168S004000" doc = "Class168.sgm">subclass 4</parent>
<scdesc>Miscellaneous shoes constructed to be adjusted for the purpose
of spreading or permitting the spreading of the hoof when the heel
has become contracted.</scdesc></subclass>
<subclass subnum = "7" id = "C168S007000">
<sctitle>Hinged sections:</sctitle>
<parent ref = "C168S006000" doc = "Class168.sgm">subclass 6</parent>
<scdesc>Hoof-spreading shoes hinged at the toe to allow the heels
and sides to expand and contract with the action of the hoof.</scdesc></subclass>
<subclass subnum = "8" id = "C168S008000">
<sctitle>Spring:</sctitle>
<parent ref = "C168S007000" doc = "Class168.sgm">subclass 7</parent>
<scdesc>Hoof-spreading shoes having a spring located between the
side bars of the shoe for spreading them apart at the heel.</scdesc></subclass>
<subclass subnum = "9" id = "C168S009000">
<sctitle>Stretching bar:</sctitle>
<parent ref = "C168S007000" doc = "Class168.sgm">subclass 7</parent>
<scdesc>Hinged section, hoof-spreading shoes having a sectional
bar lying between the side sections of the shoe and pressing them
outward.</scdesc></subclass>
<subclass subnum = "10" id = "C168S010000">
<sctitle>Wedge:</sctitle>
<parent ref = "C168S006000" doc = "Class168.sgm">subclass 6</parent>
<scdesc>Shoes formed with wedge-shaped projections which extend
upward from the surface of the shoe between the heels and serve
to spread them apart when the weight comes upon them.</scdesc></subclass>
<subclass subnum = "11" id = "C168S011000">
<sctitle>Auxiliary tread plate:</sctitle>
<parent ref = "C168S004000" doc = "Class168.sgm">subclass 4</parent>
<scdesc>Shoes made in sections, one of which is permanently secured
to the hoof and the other is attached by various means to the permanent section
and can be removed and renewed whenever it becomes worn.</scdesc></subclass>
<subclass subnum = "12" id = "C168S012000">
<sctitle>Cushioned:</sctitle>
<parent ref = "C168S004000" doc = "Class168.sgm">subclass 4</parent>
<scdesc>Miscellaneous shoes provided with elastic material between
the plates of a composite structure or on the upper surface of the
shoe between the same and the hoof.</scdesc></subclass>
<subclass subnum = "13" id = "C168S013000">
<sctitle>Soft tread:</sctitle>
<parent ref = "C168S012000" doc = "Class168.sgm">subclass 12</parent>
<scdesc>Metal shoes provided with sockets or grooves in their lower
surface, into which are fitted blocks of elastic material which
form the tread-surface of the shoe.</scdesc></subclass>
<subclass subnum = "14" id = "C168S014000">
<sctitle>Sole pad:</sctitle>
<parent ref = "C168S013000" doc = "Class168.sgm">subclass 13</parent>
<scdesc>Cushioned soft-tread shoes the elastic material whereof
is extended over the sole, or at least over the frogs of the foot,
in order to protect the same from injury.</scdesc>
<notes><note1 notenum = "(1)">
<para>Note.  Similar sole-pads which are attached without modification
in the structure of the shoe are found elsewhere in this class.
See search notes below.</para></note1></notes>
<srchin>
<srecord><subnum ref = "C168S026000" doc = "Class168.sgm">26</subnum>
<descript><para>and indented subclasses  for similar sole-pads which
are attached without modification in the structure of the shoe.</para></descript></srecord></srchin></subclass>
<subclass subnum = "15" id = "C168S015000">
<sctitle>Spring heels:</sctitle>
<parent ref = "C168S012000" doc = "Class168.sgm">subclass 12</parent>
<scdesc>A spring-heel is formed by a hinged or resilient portion
of the shoe backed in some cases by a rubber or metallic spring.</scdesc>
<notes><note1 notenum = "(1)">
<para>Note.  This subclass does not include mere rubber pads on
the heels of the shoe, for which see the search note below.</para></note1></notes>
<srchin>
<srecord><subnum ref = "C168S013000" doc = "Class168.sgm">13</subnum>
<descript><para>for mere rubber pads on the heels of the shoe</para></descript></srecord></srchin></subclass>
<subclass subnum = "16" id = "C168S016000">
<sctitle>Interference pads:</sctitle>
<parent ref = "C168S012000" doc = "Class168.sgm">subclass 12</parent>
<scdesc>The shoes are provided with pads at the edge to prevent
injury from interference.</scdesc>
<notes><note1 notenum = "(1)">
<para>Note.  In many cases the cushion extends over the upper surface
of the shoe. See search note below.</para></note1></notes>
<srchin>
<srecord><subnum ref = "C168S012000" doc = "Class168.sgm">12</subnum>
<descript><para>for cases where the cushion extends over the upper
surface of the shoe</para></descript></srecord></srchin></subclass>
<subclass subnum = "17" id = "C168S017000">
<sctitle>Fastenings:</sctitle>
<parent ref = "C168S004000" doc = "Class168.sgm">subclass 4</parent>
<scdesc>Miscellaneous improvements in the devices for securing the
shoe to the hoof.</scdesc>
<srchin>
<srecord><subnum ref = "C168S004000" doc = "Class168.sgm">4</subnum>
<descript><para></para></descript></srecord></srchin></subclass>
<subclass subnum = "18" id = "C168S018000">
<sctitle>Boots:</sctitle>
<parent ref = "C168S017000" doc = "Class168.sgm">subclass 17</parent>
<scdesc>Shoes without nails and secured by a well-defined boot structure
extending up around the hoof and secured by straps and buckles.</scdesc>
<srchin>
<srecord><subnum ref = "C168S002000" doc = "Class168.sgm">2</subnum>
<descript><para>and 3.</para></descript></srecord></srchin>
<srchout>
<crecord><classnum ref = "C054S000000" doc = "Class054.sgm">54</classnum>
<subref><clstitle>Harness for Working Animal</clstitle>
<pretext></pretext>
<subnum range = "s" ref = "C054S082000" doc = "Class054.sgm">82</subnum></subref>
<descript><para>.</para></descript></crecord></srchout></subclass>
<subclass subnum = "19" id = "C168S019000">
<sctitle>Clamped sections:</sctitle>
<parent ref = "C168S017000" doc = "Class168.sgm">subclass 17</parent>
<scdesc>Shoes made in sections having flanges or spurs which are
clamped onto the edges of the hoof.</scdesc></subclass>
<subclass subnum = "20" id = "C168S020000">
<sctitle>Inclined flange:</sctitle>
<parent ref = "C168S017000" doc = "Class168.sgm">subclass 17</parent>
<scdesc>Constructions in which sectional flanges embracing or interlocking
with the shoe and the edge of the hoof are bolted or otherwise secured
together.</scdesc></subclass>
<subclass subnum = "21" id = "C168S021000">
<sctitle>Side spurs:</sctitle>
<parent ref = "C168S017000" doc = "Class168.sgm">subclass 17</parent>
<scdesc>Shoes provided with upwardly-extending spurs which are bent
or clamped over the edge of the hoof and grasp the same with spurs
or are secured to the hoof by nails or screws.</scdesc></subclass>
<subclass subnum = "22" id = "C168S022000">
<sctitle>Toe and heel straps:</sctitle>
<parent ref = "C168S017000" doc = "Class168.sgm">subclass 17</parent>
<scdesc>Shoes provided with a strap extending up the front of the
hoof and heel-straps running from the heel of the shoe to and connecting
with the toe-strap.</scdesc>
<notes><note1 notenum = "(1)">
<para>Note.  These shoes are somewhat like those of another subclass,
but do not constitute a well defined boot.</para></note1></notes></subclass>
<subclass subnum = "23" id = "C168S023000">
<sctitle>Nails and screws:</sctitle>
<parent ref = "C168S017000" doc = "Class168.sgm">subclass 17</parent>
<scdesc>The specific construction for securing the shoe to the foot
by means of nails or screws.</scdesc></subclass>
<subclass subnum = "24" id = "C168S024000">
<sctitle>Shape:</sctitle>
<parent ref = "C168S004000" doc = "Class168.sgm">subclass 4</parent>
<scdesc>Peculiarities in the form of the shoe.</scdesc></subclass>
<subclass subnum = "25" id = "C168S025000">
<sctitle>Weights:</sctitle>
<parent ref = "C168S004000" doc = "Class168.sgm">subclass 4</parent>
<scdesc>Weighted shoes, toe-weights, heel weights, and combined
weights and quarter-boots.</scdesc>
<srchout>
<crecord><classnum ref = "C016S000000" doc = "Class016.sgm">16</classnum>
<subref><clstitle>Miscellaneous Hardware (e.g., Bushing, Carpet Fastener, Caster, Door Closer, Panel Hanger, Attachable or Adjunct Handle, Hinge, Window Sash Balance, etc.)</clstitle>
<pretext></pretext>
<subnum range = "s" ref = "C016S403000" doc = "Class016.sgm">403</subnum></subref>
<descript><para>, for a paperweight and subclass 404 for miscellaneous
weighting means.</para></descript></crecord>
<crecord><classnum ref = "C054S000000" doc = "Class054.sgm">54</classnum>
<subref><clstitle>Harness for Working Animal</clstitle>
<pretext></pretext>
<subnum range = "s" ref = "C054S082000" doc = "Class054.sgm">82</subnum></subref>
<descript><para>, for quarter-boots, per se.</para></descript></crecord></srchout></subclass>
<subclass subnum = "26" id = "C168S026000">
<sctitle>SOLE PADS:</sctitle>
<parent ref = "C168S000000" doc = "Class168.sgm">the class definition</parent>
<scdesc>Pads secured inside the shoe for the protection of the sole
and frog of the foot.  In some cases the pad comes into contact
with the ground and gives a cushioned tread.</scdesc>
<notes><note1 notenum = "(1)">
<para>Note.  Sole-pads are distinguished from subclass 13, by the
fact that the shoe, per se, is not composite or cushioned with elastic
material, and there is no modification of the shoe.</para></note1></notes>
<srchout>
<crecord><classnum ref = "C428S000000" doc = "Class428.sgm">428</classnum>
<subref><clstitle>Stock Material or Miscellaneous Articles</clstitle>
<pretext></pretext></subref>
<descript><para>appropriate subclasses, for stock material, particularly
of plural layer form, which may be useful in forming a pad.</para></descript></crecord></srchout></subclass>
<subclass subnum = "27" id = "C168S027000">
<sctitle>Medicating:</sctitle>
<parent ref = "C168S026000" doc = "Class168.sgm">subclass 26</parent>
<scdesc>Sole-pads constructed and adapted to be packed with sponge
or other absorbent material to be saturated with medicines for the
treatment of foot diseases or in some cases with water to keep the
foot moist.</scdesc>
<srchin>
<srecord><subnum ref = "C168S003000" doc = "Class168.sgm">3</subnum>
<descript><para></para></descript></srecord></srchin></subclass>
<subclass subnum = "28" id = "C168S028000">
<sctitle>Elastic:</sctitle>
<parent ref = "C168S026000" doc = "Class168.sgm">subclass 26</parent>
<scdesc>Sole-pads formed of rubber or other elastic material to
protect the sole and frog, relieve them from shock, and to keep
the foot from balling up with snow in the winter.</scdesc></subclass>
<subclass subnum = "29" id = "C168S029000">
<sctitle>CALKS:</sctitle>
<parent ref = "C168S000000" doc = "Class168.sgm">the class definition</parent>
<scdesc>The form, construction, or arrangement of the calks on the
shoe.</scdesc>
<notes><note1 notenum = "(1)">
<para>Note.  Where there is any novelty in the mode of attachment
of a removable calk, the patent is cross-referenced into the appropriate
subclass of calks, removable.</para></note1></notes></subclass>
<subclass subnum = "30" id = "C168S030000">
<sctitle>Creeper section:</sctitle>
<parent ref = "C168S029000" doc = "Class168.sgm">subclass 29</parent>
<scdesc>Auxiliary calked sections adapted to be clamped to the shoe
to prevent slipping.</scdesc>
<notes><note1 notenum = "(1)">
<para>Note.  Distinguished from subclass 11, in being of a temporary
nature less intimately associated in structure with the primary
shoe, and the latter is not modified in structure to provide for
the attachment.</para></note1></notes>
<srchout>
<crecord><classnum ref = "C036S000000" doc = "Class036.sgm">36</classnum>
<subref><clstitle>Boots, Shoes, and Leggings</clstitle>
<pretext></pretext>
<subnum range = "r" ref = "C036S059000" doc = "Class036.sgm">59</subnum></subref>
<descript><para> and 67.</para></descript></crecord></srchout></subclass>
<subclass subnum = "31" id = "C168S031000">
<sctitle>Removable:</sctitle>
<parent ref = "C168S029000" doc = "Class168.sgm">subclass 29</parent>
<scdesc>Miscellaneous means for securing a removable calk to the
shoe.</scdesc></subclass>
<subclass subnum = "32" id = "C168S032000">
<sctitle>Bolt:</sctitle>
<parent ref = "C168S031000" doc = "Class168.sgm">subclass 31</parent>
<scdesc>Removable calks attached to the shoe by one or more bolts
or screws and where a single one is employed it is prevented from
turning by a flange or shoulder on one part or the other.</scdesc></subclass>
<subclass subnum = "33" id = "C168S033000">
<sctitle>Bolt and lug:</sctitle>
<parent ref = "C168S031000" doc = "Class168.sgm">subclass 31</parent>
<scdesc>Calks secured to the shoe by a screw or bolt and prevented
from turning on the bolt by a lug on one part engaging a socket
in the other.</scdesc></subclass>
<subclass subnum = "34" id = "C168S034000">
<sctitle>Clamped:</sctitle>
<parent ref = "C168S031000" doc = "Class168.sgm">subclass 31</parent>
<scdesc>Calks provided with clamps by which they are clamped upon
the shoe.</scdesc></subclass>
<subclass subnum = "35" id = "C168S035000">
<sctitle>Dovetailed:</sctitle>
<parent ref = "C168S031000" doc = "Class168.sgm">subclass 31</parent>
<scdesc>Shoe and calk joined by a dovetailed connection and locked
against movement by a variety of means.</scdesc></subclass>
<subclass subnum = "36" id = "C168S036000">
<sctitle>Hooked lug and pin:</sctitle>
<parent ref = "C168S031000" doc = "Class168.sgm">subclass 31</parent>
<scdesc>Calks or shoes provided with one or more hooked or undercut
lugs which enter an undercut socket and are forced laterally into
engagement.  They are then locked by a pin which enters the shoe
and the calk.</scdesc></subclass>
<subclass subnum = "37" id = "C168S037000">
<sctitle>Hooked lug and wedge:</sctitle>
<parent ref = "C168S031000" doc = "Class168.sgm">subclass 31</parent>
<scdesc>Calks or shoes provided with one or more undercut lugs which
enter a socket and one wedged laterally to lock them in an undercut portion
of the socket.</scdesc></subclass>
<subclass subnum = "38" id = "C168S038000">
<sctitle>Nail calk:</sctitle>
<parent ref = "C168S031000" doc = "Class168.sgm">subclass 31</parent>
<scdesc>The head of one of the nails which are used to secure the
shoe to the hoof is so formed as to serve the purpose of a calk.</scdesc></subclass>
<subclass subnum = "39" id = "C168S039000">
<sctitle>Button head:</sctitle>
<parent ref = "C168S000000" doc = "Class168.sgm">the unnumbered
subclass, Tenoned</parent>
<scdesc>Calk and shoe connected by means of a tenon having a button-head
which enters a socket and is then turned on its axis to lock it
in place.</scdesc></subclass>
<subclass subnum = "40" id = "C168S040000">
<sctitle>Cross pinned:</sctitle>
<parent ref = "C168S000000" doc = "Class168.sgm">the unnumbered
subclass, Tenoned</parent>
<scdesc>Calk and shoe connected by a tenon-and-socket connection secured
in place by a cross-pin or set-screw.</scdesc></subclass>
<subclass subnum = "41" id = "C168S041000">
<sctitle>Friction:</sctitle>
<parent ref = "C168S000000" doc = "Class168.sgm">the unnumbered
subclass, Tenoned</parent>
<scdesc>Calk and shoe joined by a tenon-and-socket connection, the
parts being retained by friction.</scdesc></subclass>
<subclass subnum = "42" id = "C168S042000">
<sctitle>Screw threaded:</sctitle>
<parent ref = "C168S000000" doc = "Class168.sgm">the unnumbered
subclass, Tenoned</parent>
<scdesc>A tenon on the calk or a lug on the shoe is screw-threaded
and the parts are screwed together.  Various means are employed
to prevent the parts from unscrewing.</scdesc></subclass>
<subclass subnum = "43" id = "C168S043000">
<sctitle>Wedged:</sctitle>
<parent ref = "C168S000000" doc = "Class168.sgm">the unnumbered
subclass, Tenoned</parent>
<scdesc>The calk or a tenon on the same is inserted in a socket
in the shoe and wedged in place.</scdesc></subclass>
<subclass subnum = "44" id = "C168S044000">
<sctitle>SHOEING STANDS:</sctitle>
<parent ref = "C168S000000" doc = "Class168.sgm">the class definition</parent>
<scdesc>Stands used by blacksmiths for holding tools, supporting
the foot of the animal, or serving as a seat for the workman.</scdesc>
<srchout>
<crecord><classnum ref = "C119S000000" doc = "Class119.sgm">119</classnum>
<subref><clstitle>Animal Husbandry</clstitle>
<pretext></pretext>
<subnum range = "p" ref = "C119S712000" doc = "Class119.sgm">712</subnum></subref>
<descript><para> for controlling an animal.</para></descript></crecord></srchout></subclass>
<subclass subnum = "45" id = "C168S045000">
<sctitle>TOOLS:</sctitle>
<parent ref = "C168S000000" doc = "Class168.sgm">the class definition</parent>
<scdesc>Miscellaneous tools, largely compound tools for the use
of blacksmiths.</scdesc>
<srchout>
<crecord><classnum ref = "C007S000000" doc = "Class007.sgm">7</classnum>
<subref><clstitle>Compound Tools</clstitle>
<pretext></pretext></subref>
<descript><para>appropriate subclasses for miscellaneous compound tools,
and see the Notes to the class definition of that class (7) for
compound tools elsewhere classified.</para></descript></crecord></srchout></subclass>
<subclass subnum = "46" id = "C168S046000">
<sctitle>Calk sharpeners:</sctitle>
<parent ref = "C168S045000" doc = "Class168.sgm">subclass 45</parent>
<scdesc>Various tools or portable machines used for sharpening the
calks of horseshoes without removal of the shoe.</scdesc>
<notes><note1 notenum = "(1)">
<para>Note.  Certain portable grinding-machines intended for this
purpose, but having no special construction limiting or adapting
them to this purpose, and suitable for general grinding, are classified
in Class 451, Abrading, subclass 346.</para></note1></notes></subclass>
<subclass subnum = "47" id = "C168S047000">
<sctitle>Hoof and shoe expanders:</sctitle>
<parent ref = "C168S045000" doc = "Class168.sgm">subclass 45</parent>
<scdesc>Tools used for expanding or pressing apart the heel portions
of the hoof when they have become contracted.  There are also some
bending-tools for expanding the heels of a horseshoe to fit it to
the foot.</scdesc>
<srchout>
<crecord><classnum ref = "C081S000000" doc = "Class081.sgm">81</classnum>
<subref><clstitle>Tools</clstitle>
<pretext></pretext>
<subnum range = "s" ref = "C081S302000" doc = "Class081.sgm">302</subnum></subref>
<descript><para> for outwardly-facing jaws on pliers, and subclass 485
for miscellaneous spreaders.</para></descript></crecord></srchout></subclass>
<subclass subnum = "48.1" id = "C168S048100">
<sctitle>Hoof cleaner or trimmer:</sctitle>
<parent ref = "C168S045000" doc = "Class168.sgm">subclass 45</parent>
<scdesc>Subject matter wherein the tool is used to remove foreign
matter or excess material from the unguis, i.e., hoof, of the cattle
or horse.</scdesc>
<srchout>
<crecord><classnum ref = "C015S000000" doc = "Class015.sgm">15</classnum>
<subref><clstitle>Brushing, Scrubbing, and General Cleaning</clstitle>
<pretext></pretext>
<subnum range = "p" ref = "C015S236000" doc = "Class015.sgm">236.01</subnum></subref>
<descript><para> for a scraper of general cleaning utility, and see
the search notes thereunder for other scrapers of more specialized application.</para></descript></crecord>
<crecord><classnum ref = "C029S000000" doc = "Class029.sgm">29</classnum>
<subref><clstitle>Metal Working</clstitle>
<pretext></pretext>
<subnum range = "p" ref = "C029S076100" doc = "Class029.sgm">76.1</subnum></subref>
<descript><para> for a device or process for filing metal, i.e.,
cutting metal with a hard instrument having its surface sharply ridged,
particularly subclass 76.4 for a file, per se.</para></descript></crecord>
<crecord><classnum ref = "C030S000000" doc = "Class030.sgm">30</classnum>
<subref><clstitle>Cutlery</clstitle>
<pretext></pretext></subref>
<descript><para>appropriate subclasses, for a hand manipulable cutting
implement adapted for trimming a hoof but of more general utility.</para></descript></crecord></srchout></subclass>
<subclass subnum = "48.2" id = "C168S048200">
<sctitle>Rotary:</sctitle>
<parent ref = "C168S048100" doc = "Class168.sgm">subclass 48.1</parent>
<scdesc>Subject matter wherein the tool utilizes a revolving portion
to remove the foreign matter or excess material.</scdesc></subclass></sclasses>
</class>
