<?xml version="1.0" encoding="UTF-8"?>
<!DOCTYPE class PUBLIC "-//USPTO//DTD Classification Definitions//EN" "xclassdef.dtd" [

<!-- Begin Document Specific Declarations -->

<!-- End Document Specific Declarations -->

]>
<?xml-stylesheet href="classdef.xsl" type="text/XSL"?>

<class classnum = "190" id = "C190S000000"><title>TRUNKS AND HAND-CARRIED
 LUGGAGE</title>
<sections><descsect>
<para>This is the generic class for receptacles which are used to
transport personal items while traveling.  Such receptacles combined
with or convertible to other devices are included in this class.</para>
</descsect>
<linesect>
<para>The suitcases and briefcases provided for in this class (190)
are distinguished from the purses and wallets of Class 150 by both
(1) the type of personal items they normally carry (e.g., clothes,
books, papers versus money, keys, identification) and (2) their
proximity to the person (e.g., left in the hotel or office room
versus kept on or near the person) respectively.</para>
<para>A camp kit is included in this class if it has room for storage
of supplies and is convertible into a desk or table.  Otherwise,
it is classified in Class 206, Special Receptacle or Package, subclasses
541&plus;.</para>
</linesect>
<scsect>
<srchout>
<crecord><classnum ref = "C016S000000" doc = "Class016.sgm">16</classnum>
<subref><clstitle>Miscellaneous Hardware (e.g., Bushing, Carpet Fastener, Caster, Door Closer, Panel Hanger, Attachable or Adjunct Handle, Hinge, Window Sash Balance, etc.)</clstitle>
<pretext>appropriate subclasses, for trunk casters and hinges, even though
combined with corner shields, and </pretext>
<subnum range = "p" ref = "C016S110100" doc = "Class016.sgm">110.01</subnum></subref>
<descript><para> for a handle, per se.</para></descript></crecord>
<crecord><classnum ref = "C024S000000" doc = "Class024.sgm">24</classnum>
<subref><clstitle>Buckles, Buttons, Clasps, etc.</clstitle>
<pretext></pretext></subref>
<descript><para> for a fastener, per se.</para></descript></crecord>
<crecord><classnum ref = "C029S000000" doc = "Class029.sgm">29</classnum>
<subref><clstitle>Metal Working</clstitle>
<pretext></pretext></subref>
<descript><para>appropriate subclasses, for methods of assembly,
in general.</para></descript></crecord>
<crecord><classnum ref = "C040S000000" doc = "Class040.sgm">40</classnum>
<subref><clstitle>Card, Picture, or Sign Exhibiting</clstitle>
<pretext></pretext>
<subnum range = "p" ref = "C040S29910" doc = "Class040.sgm">299.01</subnum></subref>
<descript><para>, for a check, label or tag, per se.</para></descript></crecord>
<crecord><classnum ref = "C070S000000" doc = "Class070.sgm">70</classnum>
<subref><clstitle>Locks</clstitle>
<pretext>appropriate subclasses, and in particular </pretext>
<subnum range = "p" ref = "C070S063000" doc = "Class070.sgm">63</subnum></subref>
<descript><para> for an article of luggage combined with a lock
of that class type (e.g., key, combination, etc.) wherein the modification
of the article of luggage is only of a character to accommodate
the lock.</para></descript></crecord>
<crecord><classnum ref = "C106S000000" doc = "Class106.sgm">106</classnum>
<subref><clstitle>Compositions:  Coating or Plastic</clstitle>
<pretext></pretext></subref>
<descript><para>appropriate subclasses for material of that class
type nominally claimed as an article of hand luggage.</para></descript></crecord>
<crecord><classnum ref = "C116S000000" doc = "Class116.sgm">116</classnum>
<subref><clstitle>Signals and Indicators</clstitle>
<pretext></pretext>
<subnum range = "p" ref = "C116S200000" doc = "Class116.sgm">200</subnum></subref>
<descript><para> for indicators, per se.</para></descript></crecord>
<crecord><classnum ref = "C150S000000" doc = "Class150.sgm">150</classnum>
<subref><clstitle>Purses, Wallets, and Protective Covers</clstitle>
<pretext></pretext>
<subnum range = "p" ref = "C150S100000" doc = "Class150.sgm">100</subnum></subref>
<descript><para>, for a purse (i.e., a container which is used to
carry personal items such as money, credit cards identification
on one&quot;s person).  Note.  Purses and Wallets are distinguished
from suitcases and briefcases by both (1) the type of personal items
they normally carry (e.g., money, key, identification versus clothes,
books, papers) and (2) their proximity to the person (e.g., kept
on or near the person versus remain at the hotel or office) respectively.</para></descript></crecord>
<crecord><classnum ref = "C156S000000" doc = "Class156.sgm">156</classnum>
<subref><clstitle>Adhesive Bonding and Miscellaneous Chemical Manufacture</clstitle>
<pretext></pretext></subref>
<descript><para>appropriate subclasses, for adhesive bonding in
general.</para></descript></crecord>
<crecord><classnum ref = "C206S000000" doc = "Class206.sgm">206</classnum>
<subref><clstitle>Special Receptacle or Package</clstitle>
<pretext></pretext>
<subnum range = "p" ref = "C206S278000" doc = "Class206.sgm">278</subnum></subref>
<descript><para> for either (1) a special receptacle for apparel
which is not of the 190 (for traveling) type or (2) an article of
hand carried luggage which includes claimed structure to position
or support the apparel, and in particular:  subclasses 286&plus; for
an article of hand carried luggage having an interior member for
supporting an article of clothing and a second member for attachment
to an external support; subclasses 289&plus; for an article
of hand carried luggage having an apparel holding member hanging inside;
and subclasses 292&plus; for an article of hand carried luggage
which includes means for holding a clothing item in a predetermined position.</para></descript></crecord>
<crecord><classnum ref = "C220S000000" doc = "Class220.sgm">220</classnum>
<subref><clstitle>Receptacles</clstitle>
<pretext>appropriate subclasses, for a rigid receptacle not otherwise
provided for, and in particular, </pretext>
<subnum range = "p" ref = "C220S00410" doc = "Class220.sgm">4.01</subnum></subref>
<descript><para> for an enclosed container having two similar or
identical halves and for a knockdown receptacle.</para></descript></crecord>
<crecord><classnum ref = "C224S000000" doc = "Class224.sgm">224</classnum>
<subref><clstitle>Package and Article Carriers</clstitle>
<pretext></pretext></subref>
<descript><para>appropriate subclasses, for an article of hand luggage
having a strap or other means for supporting it on the body while
allowing the bearer&quot;s hands to remain free.  Any article
of luggage of this type is proper for Class 224 even if it also
includes an element which optionally may be gripped by the bearer&quot;s
hand.  This class (190) includes articles of hand carried luggage
which are intended to be grasped by the hand. The test to be used
is:  as long as one of the bearer&quot;s hands <emphasis emph = "u">must</emphasis> remain
occupied in order to carry the luggage, it is proper for this class
(190) if it is also intended to be simultaneously slung over the bearer&quot;s
shoulder.</para></descript></crecord>
<crecord><classnum ref = "C248S000000" doc = "Class248.sgm">248</classnum>
<subref><clstitle>Supports</clstitle>
<pretext>for a support, per se, and in particular, </pretext>
<subnum range = "s" ref = "C248S461000" doc = "Class248.sgm">461</subnum></subref>
<descript><para> for a knockdown easel having a housing for the
collapsed components.</para></descript></crecord>
<crecord><classnum ref = "C252S000000" doc = "Class252.sgm">252</classnum>
<subref><clstitle>Compositions</clstitle>
<pretext></pretext></subref>
<descript><para>appropriate subclasses, for compositions of that
class type nominally claimed as an article of luggage.</para></descript></crecord>
<crecord><classnum ref = "C264S000000" doc = "Class264.sgm">264</classnum>
<subref><clstitle>Plastic and Nonmetallic Article Shaping or Treating:
 Processes</clstitle>
<pretext></pretext></subref>
<descript><para>appropriate subclasses, for a process of making
an article of luggage by molding, casting, or shaping.</para></descript></crecord>
<crecord><classnum ref = "C280S000000" doc = "Class280.sgm">280</classnum>
<subref><clstitle>Land Vehicles</clstitle>
<pretext></pretext>
<subnum range = "r" ref = "C280S037000" doc = "Class280.sgm">37</subnum></subref>
<descript><para>, 47.131&plus; and 47.34&plus; for an article
of luggage combined with transporting wheels wherein the claim recites only
so much of the luggage structure as is necessary to mount or house
the wheels.</para></descript></crecord>
<crecord><classnum ref = "C292S000000" doc = "Class292.sgm">292</classnum>
<subref><clstitle>Closure Fasteners</clstitle>
<pretext></pretext></subref>
<descript><para>appropriate subclasses, for a means to fasten a
closure, per se, and, in particular, Digest 42 for a trunk latch.</para></descript></crecord>
<crecord><classnum ref = "C312S000000" doc = "Class312.sgm">312</classnum>
<subref><clstitle>Supports:  Cabinet Structure</clstitle>
<pretext></pretext>
<subnum range = "s" ref = "C312S244000" doc = "Class312.sgm">244</subnum></subref>
<descript><para> for a receptacle of that class type combined with
a carrying handle.</para></descript></crecord>
<crecord><classnum ref = "C383S000000" doc = "Class383.sgm">383</classnum>
<subref><clstitle>Flexible Bags</clstitle>
<pretext>appropriate subclasses, for receptacles of that class type
which are not articles of luggage, particularly </pretext>
<subnum range = "s" ref = "C383S002000" doc = "Class383.sgm">2</subnum></subref>
<descript><para> for volume adjustment means, 6&plus; for bag
handles, 33&plus; for a bag mouth biasing or stiffening means,
38&plus; for a compartmented bag, 41 for a bag having plural
access openings,  66 for a sidewall closure and 86&plus; for
mail bags.</para></descript></crecord>
<crecord><classnum ref = "C425S000000" doc = "Class425.sgm">425</classnum>
<subref><clstitle>Plastic Article or Earthenware Shaping or Treating:
 Apparatus</clstitle>
<pretext></pretext></subref>
<descript><para>appropriate subclasses for an apparatus of that
class type which is used to make an article of luggage.</para></descript></crecord>
<crecord><classnum ref = "C428S000000" doc = "Class428.sgm">428</classnum>
<subref><clstitle>Stock Material or Miscellaneous Articles</clstitle>
<pretext>appropriate subclasses, and in particular, </pretext>
<subnum range = "p" ref = "C428S034100" doc = "Class428.sgm">34.1</subnum></subref>
<descript><para> for stock material nominally claimed as an article
of luggage.</para></descript></crecord>
<crecord><classnum ref = "C441S000000" doc = "Class441.sgm">441</classnum>
<subref><clstitle>Buoys, Rafts, and Aquatic Devices</clstitle>
<pretext></pretext>
<subnum range = "s" ref = "C441S125000" doc = "Class441.sgm">125</subnum></subref>
<descript><para> for an article, in general, convertible to or from
a flotation device.  This Class 190, subclass 1 provides for an
article of luggage convertible to a flotation device.</para></descript></crecord></srchout>
</scsect></sections>
<sclasses>
<subclass subnum = "1" id = "C190S001000">
<sctitle>CONVERTIBLE:</sctitle>
<parent ref = "C190S000000" doc = "Class190.sgm">the class definition</parent>
<scdesc>Structures which are capable of change to adapt them to
other uses.</scdesc>
<srchout>
<crecord><classnum ref = "C294S000000" doc = "Class294.sgm">294</classnum>
<subref><clstitle>Handling:  Hand and Hoist-Line Implements</clstitle>
<pretext></pretext>
<subnum range = "p" ref = "C294S141000" doc = "Class294.sgm">141</subnum></subref>
<descript><para> for convertible hand-held article carriers which
are not of the receptacle type.</para></descript></crecord></srchout></subclass>
<subclass subnum = "2" id = "C190S002000">
<sctitle>Bed:</sctitle>
<parent ref = "C190S001000" doc = "Class190.sgm">subclass 1</parent>
<scdesc>Devices which are convertible into beds or couches, and
which in folded or closed position hold at least the bed-clothing
or mattress and usually have storage-room also for other clothing,
etc.</scdesc></subclass>
<subclass subnum = "3" id = "C190S003000">
<sctitle>Bureau:</sctitle>
<parent ref = "C190S001000" doc = "Class190.sgm">subclass 1</parent>
<scdesc>Devices made up wholly or partly of drawers; small drawers
in bookcases--such as are used for note-paper, stamps, etc., and
which do not extend across the frame--and mirrors mounted upon cases
without drawers are not considered as making the structures bureaus.</scdesc></subclass>
<subclass subnum = "4" id = "C190S004000">
<sctitle>Top and front opening:</sctitle>
<parent ref = "C190S003000" doc = "Class190.sgm">subclass 3</parent>
<scdesc>Devices opening both at the top and at the front.  The top
opening usually gives access to a tray, as in the ordinary trunk,
and the front opening permits the drawers to be drawn out.</scdesc></subclass>
<subclass subnum = "5" id = "C190S005000">
<sctitle>Compartment top:</sctitle>
<parent ref = "C190S004000" doc = "Class190.sgm">subclass 4</parent>
<scdesc>Devices in which the cover for the top opening is itself
a receptacle.</scdesc></subclass>
<subclass subnum = "6" id = "C190S006000">
<sctitle>Front opening:</sctitle>
<parent ref = "C190S003000" doc = "Class190.sgm">subclass 3</parent>
<scdesc>Devices in which the removal of a front cover or fastening
permits the drawers to be drawn out.</scdesc></subclass>
<subclass subnum = "7" id = "C190S007000">
<sctitle>Compartment front:</sctitle>
<parent ref = "C190S006000" doc = "Class190.sgm">subclass 6</parent>
<scdesc>Devices in which the closure of the front opening is itself
a receptacle.</scdesc></subclass>
<subclass subnum = "8" id = "C190S008000">
<sctitle>Chair:</sctitle>
<parent ref = "C190S001000" doc = "Class190.sgm">subclass 1</parent>
<scdesc>Devices which are convertible into chairs or seats.</scdesc></subclass>
<subclass subnum = "9" id = "C190S009000">
<sctitle>Shelved:</sctitle>
<parent ref = "C190S001000" doc = "Class190.sgm">subclass 1</parent>
<scdesc>Devices which are provided with partitions, which are available
in the converted position as shelves.</scdesc></subclass>
<subclass subnum = "10" id = "C190S010000">
<sctitle>Desk flap:</sctitle>
<parent ref = "C190S009000" doc = "Class190.sgm">subclass 9</parent>
<scdesc>Devices provided with flaps for writing use.</scdesc>
<srchout>
<crecord><classnum ref = "C312S000000" doc = "Class312.sgm">312</classnum>
<subref><clstitle>Supports:  Cabinet Structure</clstitle>
<pretext></pretext>
<subnum range = "s" ref = "C312S231000" doc = "Class312.sgm">231</subnum></subref>
<descript><para> for cabinet structure provided with either a drafting
board or means for supporting writing material, usually paper, for
use.</para></descript></crecord></srchout></subclass>
<subclass subnum = "11" id = "C190S011000">
<sctitle>Desk or table:</sctitle>
<parent ref = "C190S001000" doc = "Class190.sgm">subclass 1</parent>
<scdesc>Devices which are convertible into desks or tables.</scdesc>
<srchout>
<crecord><classnum ref = "C108S000000" doc = "Class108.sgm">108</classnum>
<subref><clstitle>Horizontally Supported Planar Surfaces</clstitle>
<pretext></pretext>
<subnum range = "p" ref = "C108S010000" doc = "Class108.sgm">10</subnum></subref>
<descript><para>, for a desk capable of structural rearrangement
to a different use; see subclass 18, wherein the rearrangement makes
the Class 108 support structure inoperative.</para></descript></crecord>
<crecord><classnum ref = "C294S000000" doc = "Class294.sgm">294</classnum>
<subref><clstitle>Handling:  Hand and Hoist-Line Implements</clstitle>
<pretext></pretext>
<subnum range = "s" ref = "C294S142000" doc = "Class294.sgm">142</subnum></subref>
<descript><para> for a hand-held article carrier having legs by which
it may alternately serve as a table.</para></descript></crecord></srchout></subclass>
<subclass subnum = "12" id = "C190S012000">
<sctitle>Camp kits:</sctitle>
<parent ref = "C190S011000" doc = "Class190.sgm">subclass 11</parent>
<scdesc>Devices which are in the form of trunks or traveling-bags
adapted to carry supplies or baggage and are convertible into tables.
 Camp-kits in the form of convertible lunch-boxes, chairs, etc.,
but not containing the features of the above definition, are classified
with these articles.</scdesc>
<srchout>
<crecord><classnum ref = "C206S000000" doc = "Class206.sgm">206</classnum>
<subref><clstitle>Special Receptacle or Package</clstitle>
<pretext></pretext>
<subnum range = "p" ref = "C206S541000" doc = "Class206.sgm">541</subnum></subref>
<descript><para> for a camp or lunch kit.</para></descript></crecord></srchout></subclass>
<subclass subnum = "13" id = "C190S013000">
<sctitle>Wardrobe:</sctitle>
<parent ref = "C190S001000" doc = "Class190.sgm">subclass 1</parent>
<scdesc>Devices in which, when converted, a space is left within
which clothing can be suspended.</scdesc></subclass>
<subclass subnum = "14" id = "C190S014000">
<sctitle>Extensible:</sctitle>
<parent ref = "C190S013000" doc = "Class190.sgm">subclass 13</parent>
<scdesc>Devices provided with means by which increased height is
gained.</scdesc></subclass>
<subclass subnum = "15" id = "C190S015000">
<sctitle>Telescopic:</sctitle>
<parent ref = "C190S014000" doc = "Class190.sgm">subclass 14</parent>
<scdesc>Devices in which the increased height is secured by extending
parts which slide one within the other.</scdesc>
<srchin>
<srecord><subnum ref = "C190S022000" doc = "Class190.sgm">22</subnum>
<descript><para>for trunks which are not convertible that are provided
with telescopic sections.</para></descript></srecord>
<srecord><subnum range = "p" ref = "C190S104000" doc = "Class190.sgm">104</subnum>
<descript><para>for traveling bags with telescopic sections.</para></descript></srecord></srchin></subclass>
<subclass subnum = "15.1" id = "C190S015100">
<sctitle>Luggage carrier:</sctitle>
<parent ref = "C190S001000" doc = "Class190.sgm">subclass 1</parent>
<scdesc>Devices including component parts which may be arranged
to form an enlarged open top container.  These devices are for the
most part converted into luggage carriers of the type adapted to
be attached to a vehicle.</scdesc>
<srchin>
<srecord><subnum range = "p" ref = "C190S021000" doc = "Class190.sgm">21</subnum>
<descript><para>for extensible trunks.</para></descript></srecord></srchin>
<srchout>
<crecord><classnum ref = "C224S000000" doc = "Class224.sgm">224</classnum>
<subref><clstitle>Package and Article Carriers</clstitle>
<pretext></pretext>
<subnum range = "p" ref = "C224S400000" doc = "Class224.sgm">400</subnum></subref>
<descript><para> for carriers of this type including specific means
for attaching it to a vehicle.</para></descript></crecord></srchout></subclass>
<subclass subnum = "16" id = "C190S016000">
<sctitle>SAMPLE CASES:</sctitle>
<parent ref = "C190S000000" doc = "Class190.sgm">the class definition</parent>
<scdesc>Trunks or traveling bags having features fitting them for
commercial travelers&quot; use.  These features are usually
the construction of the trays to hold the line of articles to be
carried and disposition of trays to display the contents.</scdesc>
<srchout>
<crecord><classnum ref = "C206S000000" doc = "Class206.sgm">206</classnum>
<subref><clstitle>Special Receptacle or Package</clstitle>
<pretext></pretext>
<subnum range = "p" ref = "C206S736000" doc = "Class206.sgm">736</subnum></subref>
<descript><para> for a receptacle convertible to or from a display
device and subclasses 557&plus; for a tray type receptacle.</para></descript></crecord>
<crecord><classnum ref = "C217S000000" doc = "Class217.sgm">217</classnum>
<subref><clstitle>Wooden Receptacles</clstitle>
<pretext></pretext>
<subnum range = "p" ref = "C217S008000" doc = "Class217.sgm">8</subnum></subref>
<descript><para> for folding boxes, including display boxes.</para></descript></crecord></srchout></subclass>
<subclass subnum = "17" id = "C190S017000">
<sctitle>Link-supported tray:</sctitle>
<parent ref = "C190S016000" doc = "Class190.sgm">subclass 16</parent>
<scdesc>Devices in which the trays are held in display position
by links.</scdesc>
<srchin>
<srecord><subnum ref = "C190S030000" doc = "Class190.sgm">30</subnum>
<descript><para>and 34, for similar structure in nonsample cases.</para></descript></srecord></srchin></subclass>
<subclass subnum = "18" id = "C190S018000">
<sctitle>SUPPORTING DEVICES:</sctitle>
<parent ref = "C190S000000" doc = "Class190.sgm">the class definition</parent>
<scdesc>Devices including legs and other structures for bearing
the weight of the baggage.</scdesc>
<srchin>
<srecord><subnum ref = "C190S020000" doc = "Class190.sgm">20</subnum>
<descript><para>for trunks with circular ends which facilitate handling.</para></descript></srecord>
<srecord><subnum ref = "C190S039000" doc = "Class190.sgm">39</subnum>
<descript><para>for handles of strap form.</para></descript></srecord></srchin>
<srchout>
<crecord><classnum ref = "C016S000000" doc = "Class016.sgm">16</classnum>
<subref><clstitle>Miscellaneous Hardware (e.g., Bushing, Carpet Fastener, Caster, Door Closer, Panel Hanger, Attachable or Adjunct Handle, Hinge, Window Sash Balance, etc.)</clstitle>
<pretext></pretext>
<subnum range = "s" ref = "C016S018000" doc = "Class016.sgm">18</subnum></subref>
<descript><para> for casters and subclasses 113.1 and 114.1&plus; for
trunk-handles of other types.</para></descript></crecord>
<crecord><classnum ref = "C280S000000" doc = "Class280.sgm">280</classnum>
<subref><clstitle>Land Vehicles</clstitle>
<pretext>appropriate subclasses, for wheeled carriers for baggage,
and for the combination of an article of baggage with transporting wheels
where no more baggage structure is claimed than is necessary to mount
or house the wheels and </pretext>
<subnum range = "s" ref = "C280S043100" doc = "Class280.sgm">43.1</subnum></subref>
<descript><para> for a vehicle having vertically adjustable ground
engaging means and which is unstable when in transporting position
but which is stabilized by an attendant or an article to which the
vehicle is temporarily attached.</para></descript></crecord></srchout></subclass>
<subclass subnum = "19" id = "C190S019000">
<sctitle>TRUNKS:</sctitle>
<parent ref = "C190S000000" doc = "Class190.sgm">the class definition</parent>
<scdesc>Subject matter comprising transportation receptacles of
somewhat larger size than traveling bags characterized generally
by box shape and the location of the handles at opposite ends.</scdesc></subclass>
<subclass subnum = "20" id = "C190S020000">
<sctitle>Circular end:</sctitle>
<parent ref = "C190S019000" doc = "Class190.sgm">subclass 19</parent>
<scdesc>Trunks in which the end is circular in section to permit
rolling upon its edge without jar.  The form is generally that of
a cylinder or barrel.</scdesc></subclass>
<subclass subnum = "21" id = "C190S021000">
<sctitle>Extensible and sectional:</sctitle>
<parent ref = "C190S019000" doc = "Class190.sgm">subclass 19</parent>
<scdesc>Trunks which can be increased in capacity.  This is usually
accomplished by releasing telescoped or folded compartments or walls
or by adding independent receptacles.</scdesc>
<srchin>
<srecord><subnum ref = "C190S014000" doc = "Class190.sgm">14</subnum>
<descript><para>for convertible wardrobe trunks which are extensible.</para></descript></srecord></srchin>
<srchout>
<crecord><classnum ref = "C217S000000" doc = "Class217.sgm">217</classnum>
<subref><clstitle>Wooden Receptacles</clstitle>
<pretext></pretext>
<subnum range = "p" ref = "C217S012000" doc = "Class217.sgm">12</subnum></subref>
<descript><para> and 43&plus; for knockdown boxes and grates.</para></descript></crecord>
<crecord><classnum ref = "C220S000000" doc = "Class220.sgm">220</classnum>
<subref><clstitle>Receptacles</clstitle>
<pretext></pretext>
<subnum range = "p" ref = "C220S500000" doc = "Class220.sgm">500</subnum></subref>
<descript><para>, for compartmented receptacles.</para></descript></crecord></srchout></subclass>
<subclass subnum = "22" id = "C190S022000">
<sctitle>Telescopic:</sctitle>
<parent ref = "C190S021000" doc = "Class190.sgm">subclass 21</parent>
<scdesc>Trunks in which the increased capacity is obtained by drawing
the telescoping member of one section out from the other section.</scdesc>
<srchin>
<srecord><subnum ref = "C190S015000" doc = "Class190.sgm">15</subnum>
<descript><para>for convertible trunks with telescopic sections
to increase the height.</para></descript></srecord>
<srecord><subnum range = "p" ref = "C190S104000" doc = "Class190.sgm">104</subnum>
<descript><para>for traveling bags with telescopic sections.</para></descript></srecord></srchin></subclass>
<subclass subnum = "23" id = "C190S023000">
<sctitle>Wall:</sctitle>
<parent ref = "C190S019000" doc = "Class190.sgm">subclass 19</parent>
<scdesc>Trunks arranged to open while resting against the wall.</scdesc></subclass>
<subclass subnum = "24" id = "C190S024000">
<sctitle>Frames and interior braces:</sctitle>
<parent ref = "C190S019000" doc = "Class190.sgm">subclass 19</parent>
<scdesc>Devices comprising structural details of the body of the
trunk.  Under &ldquo;interior braces&rdquo; are included brackets
or strips upon the inside of the trunk to support the tray when
the trunk is closed.</scdesc>
<srchin>
<srecord><subnum range = "p" ref = "C190S029000" doc = "Class190.sgm">29</subnum>
<descript><para>for tray movers and supporters which show supports
for the tray in its position within the closed trunk.</para></descript></srecord></srchin></subclass>
<subclass subnum = "25" id = "C190S025000">
<sctitle>Reinforcing strips:</sctitle>
<parent ref = "C190S019000" doc = "Class190.sgm">subclass 19</parent>
<scdesc>Devices comprising strip and slat fastenings with the exterior
strengthening bands which they hold.</scdesc>
<srchin>
<srecord><subnum ref = "C190S024000" doc = "Class190.sgm">24</subnum>
<descript><para>for frames and interior braces.</para></descript></srecord></srchin></subclass>
<subclass subnum = "26" id = "C190S026000">
<sctitle>Protecting harness:</sctitle>
<parent ref = "C190S019000" doc = "Class190.sgm">subclass 19</parent>
<scdesc>Devices comprising harnesses which are so arranged as to
protect the trunk from jar or injury, while also keeping the trunk
closed.</scdesc></subclass>
<subclass subnum = "27" id = "C190S027000">
<sctitle>Harness:</sctitle>
<parent ref = "C190S019000" doc = "Class190.sgm">subclass 19</parent>
<scdesc>Devices comprising combinations of straps suitable for securing
trunks in their closed position. Single straps are included when
they are attached to the trunk or when the trunk is modified to
accommodate the strap. Attached fasteners are included when they
fasten the strap surrounding the trunk.</scdesc>
<srchin>
<srecord><subnum ref = "C190S026000" doc = "Class190.sgm">26</subnum>
<descript><para>for similar harnesses which have the additional
function of protecting the trunk.</para></descript></srecord></srchin>
<srchout>
<crecord><classnum ref = "C024S000000" doc = "Class024.sgm">24</classnum>
<subref><clstitle>Buckles, Buttons, Clasps, etc.</clstitle>
<pretext></pretext>
<subnum range = "p" ref = "C024S024000" doc = "Class024.sgm">24</subnum></subref>
<descript><para> for bale and package ties in the form of metal
bands, subclasses 68&plus; for strap tighteners, and subclasses
712&plus; for lacing devices.</para></descript></crecord></srchout></subclass>
<subclass subnum = "28" id = "C190S028000">
<sctitle>Valances:</sctitle>
<parent ref = "C190S019000" doc = "Class190.sgm">subclass 19</parent>
<scdesc>Trunks in which, the edges of the one part where the trunk
opens, are extended in the form of strips to overlap the edges of
the other part in order to relieve the hinges and fastenings from
side strain and to protect the contents from the elements.  These
overlapping parts are called &ldquo;valances&rdquo;.</scdesc></subclass>
<subclass subnum = "29" id = "C190S029000">
<sctitle>Tray movers and supporters:</sctitle>
<parent ref = "C190S019000" doc = "Class190.sgm">subclass 19</parent>
<scdesc>Devices comprising constructions whose object is the lifting
or shifting of the tray from the position which it occupies when
the trunk is closed into another position permitting easier access
to the trunk-body or to the tray or which support or retain the
tray in that other position.</scdesc></subclass>
<subclass subnum = "30" id = "C190S030000">
<sctitle>Lid-operated, movement:</sctitle>
<parent ref = "C190S029000" doc = "Class190.sgm">subclass 29</parent>
<scdesc>Devices in which the tray is moved by the action of the
lid.</scdesc></subclass>
<subclass subnum = "31" id = "C190S031000">
<sctitle>Pivoted tray:</sctitle>
<parent ref = "C190S029000" doc = "Class190.sgm">subclass 29</parent>
<scdesc>Devices in which the tray turns upon a pivot.</scdesc></subclass>
<subclass subnum = "32" id = "C190S032000">
<sctitle>Vertical pivot:</sctitle>
<parent ref = "C190S031000" doc = "Class190.sgm">subclass 31</parent>
<scdesc>Devices in which the tray moves in a horizontal plane upon
its pivot. It usually has some vertical motion along the pivot also.</scdesc></subclass>
<subclass subnum = "33" id = "C190S033000">
<sctitle>Sliding tray:</sctitle>
<parent ref = "C190S029000" doc = "Class190.sgm">subclass 29</parent>
<scdesc>Devices in which the tray slides upon a track in approximately
a horizontal plane.</scdesc></subclass>
<subclass subnum = "34" id = "C190S034000">
<sctitle>Link connections and props:</sctitle>
<parent ref = "C190S029000" doc = "Class190.sgm">subclass 29</parent>
<scdesc>Devices in which arms ordinarily pivoted are used directly
to operate or support the tray.</scdesc>
<srchin>
<srecord><subnum ref = "C190S017000" doc = "Class190.sgm">17</subnum>
<descript><para>for sample cases in which the trays are held in
display position by links.</para></descript></srecord>
<srecord><subnum ref = "C190S030000" doc = "Class190.sgm">30</subnum>
<descript><para>for trunks which include trays that are separated
by movement of the lid.</para></descript></srecord></srchin></subclass>
<subclass subnum = "35" id = "C190S035000">
<sctitle>Trays:</sctitle>
<parent ref = "C190S019000" doc = "Class190.sgm">subclass 19</parent>
<scdesc>Devices relating to the tray.</scdesc>
<srchin>
<srecord><subnum ref = "C190S024000" doc = "Class190.sgm">24</subnum>
<descript><para>for supports for the tray in the closed position
of the trunk.</para></descript></srecord>
<srecord><subnum range = "p" ref = "C190S029000" doc = "Class190.sgm">29</subnum>
<descript><para>for mechanism for moving the tray or in supporting
it in a different position from that occupied by it when the trunk
is closed.</para></descript></srecord></srchin></subclass>
<subclass subnum = "36" id = "C190S036000">
<sctitle>Followers:</sctitle>
<parent ref = "C190S019000" doc = "Class190.sgm">subclass 19</parent>
<scdesc>Devices relating to adjustable partitions insertible or
movable after the contents is in place to compress or retain it.
 The follower is sometimes in the form of a tray.</scdesc>
<srchout>
<crecord><classnum ref = "C217S000000" doc = "Class217.sgm">217</classnum>
<subref><clstitle>Wooden Receptacles</clstitle>
<pretext></pretext>
<subnum range = "s" ref = "C217S064000" doc = "Class217.sgm">64</subnum></subref>
<descript><para> for followers in boxes and 86 for followers in
barrels.</para></descript></crecord></srchout></subclass>
<subclass subnum = "37" id = "C190S037000">
<sctitle>Corner shields and buffers:</sctitle>
<parent ref = "C190S019000" doc = "Class190.sgm">subclass 19</parent>
<scdesc>Devices relating to protections for the corners of the trunk.</scdesc>
<srchin>
<srecord><subnum ref = "C190S023000" doc = "Class190.sgm">23</subnum>
<descript><para>for trunks arranged to be opened while resting against
the wall.</para></descript></srecord>
<srecord><subnum ref = "C190S025000" doc = "Class190.sgm">25</subnum>
<descript><para>for reinforcing strips for trunks.</para></descript></srecord>
<srecord><subnum ref = "C190S026000" doc = "Class190.sgm">26</subnum>
<descript><para>for protecting harnesses for trunks.</para></descript></srecord></srchin>
<srchout>
<crecord><classnum ref = "C016S000000" doc = "Class016.sgm">16</classnum>
<subref><clstitle>Miscellaneous Hardware (e.g., Bushing, Carpet Fastener, Caster, Door Closer, Panel Hanger, Attachable or Adjunct Handle, Hinge, Window Sash Balance, etc.)</clstitle>
<pretext></pretext>
<subnum range = "s" ref = "C016S018000" doc = "Class016.sgm">18</subnum></subref>
<descript><para> for corner-shields in combination with casters.</para></descript></crecord>
<crecord><classnum ref = "C217S000000" doc = "Class217.sgm">217</classnum>
<subref><clstitle>Wooden Receptacles</clstitle>
<pretext></pretext>
<subnum range = "p" ref = "C217S069000" doc = "Class217.sgm">69</subnum></subref>
<descript><para> for stiffeners and braces for box- joints.</para></descript></crecord>
<crecord><classnum ref = "C403S000000" doc = "Class403.sgm">403</classnum>
<subref><clstitle>Joints and Connections</clstitle>
<pretext></pretext></subref>
<descript><para>appropriate subclasses for structures which are mere
joints or joint adjuncts.</para></descript></crecord></srchout></subclass>
<subclass subnum = "39" id = "C190S039000">
<sctitle>Handles:</sctitle>
<parent ref = "C190S019000" doc = "Class190.sgm">subclass 19</parent>
<scdesc>Devices relating to strap-handles and the fastenings therefor.</scdesc>
<srchout>
<crecord><classnum ref = "C016S000000" doc = "Class016.sgm">16</classnum>
<subref><clstitle>Miscellaneous Hardware (e.g., Bushing, Carpet Fastener, Caster, Door Closer, Panel Hanger, Attachable or Adjunct Handle, Hinge, Window Sash Balance, etc.)</clstitle>
<pretext></pretext>
<subnum range = "r" ref = "C016S110100" doc = "Class016.sgm">110.1</subnum></subref>
<descript><para>, 113.1, and 114.1&plus; for handles suitable
for trunk use.</para></descript></crecord></srchout></subclass>
<subclass subnum = "40" id = "C190S040000">
<sctitle>Materials:</sctitle>
<parent ref = "C190S019000" doc = "Class190.sgm">subclass 19</parent>
<scdesc>Subject matter relating to &ldquo;Material&rdquo; which includes
corrugations, combinations of layers, and other modifications of
what might be called &ldquo;raw materials&rdquo; to suit them
for use in the trunk-body generally.</scdesc>
<srchin>
<srecord><subnum ref = "C190S024000" doc = "Class190.sgm">24</subnum>
<descript><para>for other trunk frames and interior braces.</para></descript></srecord></srchin>
<srchout>
<crecord><classnum ref = "C217S000000" doc = "Class217.sgm">217</classnum>
<subref><clstitle>Wooden Receptacles</clstitle>
<pretext></pretext>
<subnum range = "s" ref = "C217S001000" doc = "Class217.sgm">1</subnum></subref>
<descript><para> for wooden receptacles in which the slats are bent
into the desired shape.</para></descript></crecord>
<crecord><classnum ref = "C428S000000" doc = "Class428.sgm">428</classnum>
<subref><clstitle>Stock Material or Miscellaneous Articles</clstitle>
<pretext>appropriate subclasses for a stock material product in
the form of a single or plural layer web or sheet not elsewhere
provided for, and especially </pretext>
<subnum range = "p" ref = "C428S174000" doc = "Class428.sgm">174</subnum></subref>
<descript><para> for such a product having a nonplanar uniform thickness (e.g.,
corrugations, pleats) and subclasses 411.1&plus; for a nonstructural composite
web or sheet defined only by the composition of the layers.</para></descript></crecord></srchout></subclass>
<subclass subnum = "100" id = "C190S100000">
<sctitle>HAND LUGGAGE (SUITCASE, BRIEFCASE, ETC.):</sctitle>
<parent ref = "C190S000000" doc = "Class190.sgm">the class definition</parent>
<scdesc>Subject matter wherein the article of hand luggage is a
container that can be carried in one hand.</scdesc>
<notes><note1 notenum = "(1)">
<para>Note.  The suitcases and briefcases provided for in this class
are distinguished from the purses and wallets of Class 150 by both
(1) the type of personal items they normally carry (e.g., clothes,
books, papers versus money, keys, identification) and (2) their
proximity to the person (e.g., remain at the hotel or office room
versus kept on or near the person).</para></note1></notes>
<srchin>
<srecord><subnum range = "p" ref = "C190S001000" doc = "Class190.sgm">1</subnum>
<descript><para>for an article of hand luggage which is disclosed
as being transformable into a nonluggage device.</para></descript></srecord>
<srecord><subnum ref = "C190S016000" doc = "Class190.sgm">16</subnum>
<descript><para>for a sample case.</para></descript></srecord>
<srecord><subnum ref = "C190S018000" doc = "Class190.sgm">18</subnum>
<descript><para>for an article of hand luggage having legs or other
structures for bearing the weight of the luggage.</para></descript></srecord></srchin>
<srchout>
<crecord><classnum ref = "C150S000000" doc = "Class150.sgm">150</classnum>
<subref><clstitle>Purses, Wallets, and Protective Covers</clstitle>
<pretext></pretext>
<subnum range = "p" ref = "C150S100000" doc = "Class150.sgm">100</subnum></subref>
<descript><para> for a purse, and see (1) Note above.</para></descript></crecord>
<crecord><classnum ref = "C206S000000" doc = "Class206.sgm">206</classnum>
<subref><clstitle>Special Receptacle or Package</clstitle>
<pretext></pretext>
<subnum range = "p" ref = "C206S284000" doc = "Class206.sgm">284</subnum></subref>
<descript><para> for an article of hand luggage having an internal
member for supporting an article of clothing, and a second member
projecting from the luggage for attachment to an external support;
subclasses 289&plus; for an article of hand luggage which includes
an apparel holding member hanging inside; subclasses 292&plus; for an
article of hand luggage having means for holding a clothing item
in a predetermined position.</para></descript></crecord></srchout></subclass>
<subclass subnum = "101" id = "C190S101000">
<sctitle>Theft resistant:</sctitle>
<parent ref = "C190S100000" doc = "Class190.sgm">subclass 100</parent>
<scdesc>Subject matter wherein the hand luggage includes means for
preventing or deterring an unwanted taking of the hand luggage.</scdesc>
<srchin>
<srecord><subnum ref = "C190S120000" doc = "Class190.sgm">120</subnum>
<descript><para>for means to prevent an unauthorized opening of
the hand luggage.</para></descript></srecord></srchin></subclass>
<subclass subnum = "102" id = "C190S102000">
<sctitle>With means for securing an accessory: </sctitle>
<parent ref = "C190S100000" doc = "Class190.sgm">subclass 100</parent>
<scdesc>Subject matter wherein the hand luggage includes an element
for attaching to it an adjunct.</scdesc>
<srchin>
<srecord><subnum ref = "C190S108000" doc = "Class190.sgm">108</subnum>
<descript><para>for plural, independently usable, articles of hand
luggage.</para></descript></srecord></srchin></subclass>
<subclass subnum = "103" id = "C190S103000">
<sctitle>Variable volume:</sctitle>
<parent ref = "C190S100000" doc = "Class190.sgm">subclass 100</parent>
<scdesc>Subject matter wherein means are provided for changing the
capacity of the hand luggage.</scdesc>
<srchin>
<srecord><subnum range = "p" ref = "C190S021000" doc = "Class190.sgm">21</subnum>
<descript><para>for an extensible trunk.</para></descript></srecord></srchin>
<srchout>
<crecord><classnum ref = "C383S000000" doc = "Class383.sgm">383</classnum>
<subref><clstitle>Flexible Bags</clstitle>
<pretext></pretext>
<subnum range = "s" ref = "C383S002000" doc = "Class383.sgm">2</subnum></subref>
<descript><para> for a flexible bag having means to selectively adjust
the volume.</para></descript></crecord></srchout></subclass>
<subclass subnum = "104" id = "C190S104000">
<sctitle>Telescoping sections:</sctitle>
<parent ref = "C190S103000" doc = "Class190.sgm">subclass 103</parent>
<scdesc>Subject matter wherein the means for changing the capacity
of the hand luggage includes two slidably connected parts, one of
which fits inside the other.</scdesc>
<srchin>
<srecord><subnum ref = "C190S022000" doc = "Class190.sgm">22</subnum>
<descript><para>for an extensible trunk having telescoping sections.</para></descript></srecord></srchin></subclass>
<subclass subnum = "105" id = "C190S105000">
<sctitle>Selectively adjustable:</sctitle>
<parent ref = "C190S104000" doc = "Class190.sgm">subclass 104</parent>
<scdesc>Subject matter wherein the telescoping sections include
means which allow them to be optionally changed from one discrete
content holding configuration to another, and back.</scdesc></subclass>
<subclass subnum = "106" id = "C190S106000">
<sctitle>With means to bias luggage mouth into open configuration:</sctitle>
<parent ref = "C190S100000" doc = "Class190.sgm">subclass 100</parent>
<scdesc>Subject matter wherein the hand luggage includes means which
force the mouth to remain open when it is not secured in its closed position.</scdesc>
<srchout>
<crecord><classnum ref = "C383S000000" doc = "Class383.sgm">383</classnum>
<subref><clstitle>Flexible Bags</clstitle>
<pretext></pretext>
<subnum range = "p" ref = "C383S033000" doc = "Class383.sgm">33</subnum></subref>
<descript><para> for a flexible bag with means to maintain the bag
mouth in open configuration.</para></descript></crecord></srchout></subclass>
<subclass subnum = "107" id = "C190S107000">
<sctitle>Knockdown or collapsible:</sctitle>
<parent ref = "C190S100000" doc = "Class190.sgm">subclass 100</parent>
<scdesc>Subject matter wherein the hand luggage includes folding
or disassembling means for facilitating its manipulation into a
nonuse configuration.</scdesc>
<srchout>
<crecord><classnum ref = "C220S000000" doc = "Class220.sgm">220</classnum>
<subref><clstitle>Receptacles</clstitle>
<pretext></pretext>
<subnum range = "r" ref = "C220S00480" doc = "Class220.sgm">4.08</subnum></subref>
<descript><para>, 4.16, and 6 for a knockdown receptacle and subclasses
9.2&plus; for a receptacle having flaccid walls united with
a collapsible, skeletal framework.</para></descript></crecord></srchout></subclass>
<subclass subnum = "108" id = "C190S108000">
<sctitle>Plural:</sctitle>
<parent ref = "C190S100000" doc = "Class190.sgm">subclass 100</parent>
<scdesc>Subject matter comprising two or more independently usable
articles of hand luggage.</scdesc>
<notes><note1 notenum = "(1)">
<para>Note.  One article of hand luggage can be removably contained
within another, or detachable from an external surface of another.</para></note1></notes>
<srchin>
<srecord><subnum ref = "C190S109000" doc = "Class190.sgm">109</subnum>
<descript><para>for a single article of hand luggage having plural
compartments.</para></descript></srecord>
<srecord><subnum ref = "C190S110000" doc = "Class190.sgm">110</subnum>
<descript><para>for a compartment forming member that is releasable
secured to an article of hand luggage, but is not independently
usable as an article of hand luggage.</para></descript></srecord></srchin></subclass>
<subclass subnum = "109" id = "C190S109000">
<sctitle>Compartmented:</sctitle>
<parent ref = "C190S100000" doc = "Class190.sgm">subclass 100</parent>
<scdesc>Subject matter wherein the hand luggage includes a barrier
which forms two content holding sections.</scdesc>
<srchout>
<crecord><classnum ref = "C383S000000" doc = "Class383.sgm">383</classnum>
<subref><clstitle>Flexible Bags</clstitle>
<pretext></pretext>
<subnum range = "p" ref = "C383S038000" doc = "Class383.sgm">38</subnum></subref>
<descript><para> for a flexible bag having compartments.</para></descript></crecord></srchout></subclass>
<subclass subnum = "110" id = "C190S110000">
<sctitle>Removable compartment or compartment- forming member:</sctitle>
<parent ref = "C190S109000" doc = "Class190.sgm">subclass 109</parent>
<scdesc>Subject matter wherein the means for forming one of the
content holding sections is either unattached to or releasably secured
to the hand luggage so that it may be dissociated therefrom.</scdesc>
<srchin>
<srecord><subnum ref = "C190S108000" doc = "Class190.sgm">108</subnum>
<descript><para>for two independently usable articles of hand luggage
which are releasably secured together.</para></descript></srecord></srchin></subclass>
<subclass subnum = "111" id = "C190S111000">
<sctitle>Independently closable compartments: </sctitle>
<parent ref = "C190S109000" doc = "Class190.sgm">subclass 109</parent>
<scdesc>Subject matter wherein each of two of the content holding
sections includes its own closure member which can be used to open
or close its section without opening or closing the other.</scdesc></subclass>
<subclass subnum = "112" id = "C190S112000">
<sctitle>With plural access openings:</sctitle>
<parent ref = "C190S100000" doc = "Class190.sgm">subclass 100</parent>
<scdesc>Subject matter wherein the hand luggage includes two or
more openings which are usable for insertion or removal of content.</scdesc>
<srchout>
<crecord><classnum ref = "C383S000000" doc = "Class383.sgm">383</classnum>
<subref><clstitle>Flexible Bags</clstitle>
<pretext></pretext>
<subnum range = "s" ref = "C383S041000" doc = "Class383.sgm">41</subnum></subref>
<descript><para> for a flexible bag having plural access openings.</para></descript></crecord></srchout></subclass>
<subclass subnum = "113" id = "C190S113000">
<sctitle>Closure panel struck from luggage wall:</sctitle>
<parent ref = "C190S100000" doc = "Class190.sgm">subclass 100</parent>
<scdesc>Subject matter including a closure panel which is a unitary
part of the luggage wall and which is partially detached therefrom
along its periphery to allow access to the luggage interior.</scdesc>
<srchout>
<crecord><classnum ref = "C383S000000" doc = "Class383.sgm">383</classnum>
<subref><clstitle>Flexible Bags</clstitle>
<pretext></pretext>
<subnum range = "s" ref = "C383S066000" doc = "Class383.sgm">66</subnum></subref>
<descript><para> for a flexible bag having a closure for an access opening
in the bag sidewall.</para></descript></crecord></srchout></subclass>
<subclass subnum = "114" id = "C190S114000">
<sctitle>Coacting closure elements hinged to opposed side walls:</sctitle>
<parent ref = "C190S100000" doc = "Class190.sgm">subclass 100</parent>
<scdesc>Subject matter wherein the hand luggage includes two closure
members which are hingedly secured to each of two opposing side walls
and which act together to close the hand luggage.</scdesc></subclass>
<subclass subnum = "115" id = "C190S115000">
<sctitle>With handle:</sctitle>
<parent ref = "C190S100000" doc = "Class190.sgm">subclass 100</parent>
<scdesc>Subject matter wherein the hand luggage includes an element
which is to be grasped by the hand in order to lift, carry, or otherwise move
it.</scdesc>
<srchin>
<srecord><subnum ref = "C190S039000" doc = "Class190.sgm">39</subnum>
<descript><para>for a trunk with a handle.</para></descript></srecord></srchin>
<srchout>
<crecord><classnum ref = "C016S000000" doc = "Class016.sgm">16</classnum>
<subref><clstitle>Miscellaneous Hardware (e.g., Bushing, Carpet Fastener, Caster, Door Closer, Panel Hanger, Attachable or Adjunct Handle, Hinge, Window Sash Balance, etc.)</clstitle>
<pretext></pretext>
<subnum range = "p" ref = "C016S110100" doc = "Class016.sgm">110.1</subnum></subref>
<descript><para>, especially 113.1 and 114.1&plus; for a handle,
per se.</para></descript></crecord>
<crecord><classnum ref = "C312S000000" doc = "Class312.sgm">312</classnum>
<subref><clstitle>Supports:  Cabinet Structure</clstitle>
<pretext></pretext>
<subnum range = "s" ref = "C312S244000" doc = "Class312.sgm">244</subnum></subref>
<descript><para> for a receptacle of that class type combined with
a carrying handle.</para></descript></crecord>
<crecord><classnum ref = "C383S000000" doc = "Class383.sgm">383</classnum>
<subref><clstitle>Flexible Bags</clstitle>
<pretext></pretext>
<subnum range = "p" ref = "C383S006000" doc = "Class383.sgm">6</subnum></subref>
<descript><para> for a flexible bag with a handle.</para></descript></crecord></srchout></subclass>
<subclass subnum = "116" id = "C190S116000">
<sctitle>Detachable:</sctitle>
<parent ref = "C190S115000" doc = "Class190.sgm">subclass 115</parent>
<scdesc>Subject matter including means for facilitating the removal
of the handle from the hand luggage.</scdesc>
<srchout>
<crecord><classnum ref = "C383S000000" doc = "Class383.sgm">383</classnum>
<subref><clstitle>Flexible Bags</clstitle>
<pretext></pretext>
<subnum range = "s" ref = "C383S013000" doc = "Class383.sgm">13</subnum></subref>
<descript><para> for a flexible bag having a detachable handle.</para></descript></crecord></srchout></subclass>
<subclass subnum = "117" id = "C190S117000">
<sctitle>Plural interengaging elements:</sctitle>
<parent ref = "C190S115000" doc = "Class190.sgm">subclass 115</parent>
<scdesc>Subject matter wherein at least two separable handle elements
have means for holding them together when they are being used to
move the hand luggage.</scdesc>
<notes><note1 notenum = "(1)">
<para>Note.  The &ldquo;handle elements&rdquo; may be either
two separate handles or two parts of a single handle.</para></note1></notes>
<srchout>
<crecord><classnum ref = "C383S000000" doc = "Class383.sgm">383</classnum>
<subref><clstitle>Flexible Bags</clstitle>
<pretext></pretext>
<subnum range = "s" ref = "C383S015000" doc = "Class383.sgm">15</subnum></subref>
<descript><para> for a flexible bag having a handle with plural interengaging
elements.</para></descript></crecord></srchout></subclass>
<subclass subnum = "118" id = "C190S118000">
<sctitle>Closure locking means manipulated via handle:</sctitle>
<parent ref = "C190S115000" doc = "Class190.sgm">subclass 115</parent>
<scdesc>Subject matter wherein the hand luggage includes an element
which is responsive to movement by the handle to either (1) fasten
or unfasten the closure fastener or (2) prevent the closure fastener
from being inadvertently unfastened.</scdesc>
<srchin>
<srecord><subnum ref = "C190S117000" doc = "Class190.sgm">117</subnum>
<descript><para>for plural interengaging handle elements which may
also function to maintain the hand luggage in its closed condition.</para></descript></srecord>
<srecord><subnum ref = "C190S120000" doc = "Class190.sgm">120</subnum>
<descript><para>for other means to prevent accidental or unauthorized
release of the fastener.</para></descript></srecord></srchin></subclass>
<subclass subnum = "119" id = "C190S119000">
<sctitle>With means to fasten the hand luggage in closed condition:</sctitle>
<parent ref = "C190S100000" doc = "Class190.sgm">subclass 100</parent>
<scdesc>Subject matter wherein the hand luggage includes an element
which releasably secures the luggage against opening.</scdesc>
<srchin>
<srecord><subnum ref = "C190S026000" doc = "Class190.sgm">26</subnum>
<descript><para>for a trunk having a harness which keeps it closed.</para></descript></srecord></srchin>
<srchout>
<crecord><classnum ref = "C024S000000" doc = "Class024.sgm">24</classnum>
<subref><clstitle>Buckles, Buttons, Clasps, etc.</clstitle>
<pretext></pretext></subref>
<descript><para> for a fastener, per se.</para></descript></crecord>
<crecord><classnum ref = "C292S000000" doc = "Class292.sgm">292</classnum>
<subref><clstitle>Closure Fasteners</clstitle>
<pretext></pretext></subref>
<descript><para>for a means to fasten a closure, per se.</para></descript></crecord></srchout></subclass>
<subclass subnum = "120" id = "C190S120000">
<sctitle>And means to prevent inadvertent or unauthorized opening:</sctitle>
<parent ref = "C190S119000" doc = "Class190.sgm">subclass 119</parent>
<scdesc>Subject matter wherein the hand luggage includes, in addition
to the fastening element, means for preventing accidental or unauthorized
release of that element.</scdesc>
<srchin>
<srecord><subnum ref = "C190S101000" doc = "Class190.sgm">101</subnum>
<descript><para>for means to discourage an unauthorized taking of
the article of luggage.</para></descript></srecord>
<srecord><subnum ref = "C190S118000" doc = "Class190.sgm">118</subnum>
<descript><para>for a closure locking means manipulated via the
handle.</para></descript></srecord></srchin>
<srchout>
<crecord><classnum ref = "C070S000000" doc = "Class070.sgm">70</classnum>
<subref><clstitle>Locks</clstitle>
<pretext></pretext>
<subnum range = "p" ref = "C070S063000" doc = "Class070.sgm">63</subnum></subref>
<descript><para> for an article of luggage combined with a lock
of that class type (e.g., key, combination, etc.) wherein the modification
of the article of luggage is only of a character to accommodate
the lock.</para></descript></crecord></srchout></subclass>
<subclass subnum = "121" id = "C190S121000">
<sctitle>Fastening means:</sctitle>
<parent ref = "C190S119000" doc = "Class190.sgm">subclass 119</parent>
<scdesc>Fastening means secured to mouth frame: Subject matter wherein
the fastening means is attached to an elongated, relatively rigid
element or plurality of elements which extend along substantially
the entire periphery of the access opening.</scdesc>
<srchout>
<crecord><classnum ref = "C024S000000" doc = "Class024.sgm">24</classnum>
<subref><clstitle>Buckles, Buttons, Clasps, etc.</clstitle>
<pretext></pretext></subref>
<descript><para>for a fastener, per se.</para></descript></crecord>
<crecord><classnum ref = "C150S000000" doc = "Class150.sgm">150</classnum>
<subref><clstitle>Purses, Wallets, and Protective Covers</clstitle>
<pretext></pretext>
<subnum range = "s" ref = "C150S123000" doc = "Class150.sgm">123</subnum></subref>
<descript><para> for purse mouth fasteners.</para></descript></crecord></srchout></subclass>
<subclass subnum = "122" id = "C190S122000">
<sctitle>Including frame or frame members substantially surrounding
luggage mouth: </sctitle>
<parent ref = "C190S100000" doc = "Class190.sgm">subclass 100</parent>
<scdesc>Subject matter wherein the hand luggage includes an elongated,
relatively rigid element or plurality of elements which extend along substantially
the entire periphery of the access opening.</scdesc>
<notes><note1 notenum = "(1)">
<para>Note.  Included in this subclass is a frame, per se.</para></note1></notes>
<srchin>
<srecord><subnum ref = "C190S028000" doc = "Class190.sgm">28</subnum>
<descript><para>for a trunk having a mouth frame.</para></descript></srecord></srchin>
<srchout>
<crecord><classnum ref = "C150S000000" doc = "Class150.sgm">150</classnum>
<subref><clstitle>Purses, Wallets, and Protective Covers</clstitle>
<pretext></pretext>
<subnum range = "s" ref = "C150S124000" doc = "Class150.sgm">124</subnum></subref>
<descript><para> for a purse having a mouth frame.</para></descript></crecord>
<crecord><classnum ref = "C383S000000" doc = "Class383.sgm">383</classnum>
<subref><clstitle>Flexible Bags</clstitle>
<pretext></pretext>
<subnum range = "p" ref = "C383S034000" doc = "Class383.sgm">34</subnum></subref>
<descript><para> for similar subject matter for a flexible bag mouth.</para></descript></crecord></srchout></subclass>
<subclass subnum = "123" id = "C190S123000">
<sctitle>Including means to facilitate attachment to the hand luggage:</sctitle>
<parent ref = "C190S122000" doc = "Class190.sgm">subclass 122</parent>
<scdesc>Subject matter wherein the frame includes a particular modification
which makes it easier to secure it to the hand luggage.</scdesc>
<srchout>
<crecord><classnum ref = "C024S000000" doc = "Class024.sgm">24</classnum>
<subref><clstitle>Buckles, Buttons, Clasps, etc.</clstitle>
<pretext></pretext></subref>
<descript><para>for a fastener, per se.</para></descript></crecord>
<crecord><classnum ref = "C150S000000" doc = "Class150.sgm">150</classnum>
<subref><clstitle>Purses, Wallets, and Protective Covers</clstitle>
<pretext></pretext>
<subnum range = "s" ref = "C150S124000" doc = "Class150.sgm">124</subnum></subref>
<descript><para> for similar subject matter relating to a purse
mouth-frame.</para></descript></crecord></srchout></subclass>
<subclass subnum = "124" id = "C190S124000">
<sctitle>Wall detail:</sctitle>
<parent ref = "C190S100000" doc = "Class190.sgm">subclass 100</parent>
<scdesc>Subject matter wherein the luggage wall includes specific
structure or a specified feature.</scdesc>
<srchin>
<srecord><subnum ref = "C190S024000" doc = "Class190.sgm">24</subnum>
<descript><para>for a trunk having structural body details.</para></descript></srecord>
<srecord><subnum ref = "C190S040000" doc = "Class190.sgm">40</subnum>
<descript><para>for a trunk made of a specific material.</para></descript></srecord></srchin></subclass>
<subclass subnum = "125" id = "C190S125000">
<sctitle>Multi-layer or ply:</sctitle>
<parent ref = "C190S124000" doc = "Class190.sgm">subclass 124</parent>
<scdesc>Subject matter wherein there is more than one layer of material
over substantially the entire surface area of the hand luggage.</scdesc></subclass>
<subclass subnum = "126" id = "C190S126000">
<sctitle>Specified seam structure:</sctitle>
<parent ref = "C190S124000" doc = "Class190.sgm">subclass 124</parent>
<scdesc>Subject matter including details of a joint which connects
two parts of the hand luggage wall material.</scdesc>
<notes><note1 notenum = "(1)">
<para>Note.  The mere recitation of a &ldquo;seam&rdquo; or &ldquo;connection&rdquo; is
not included here.</para></note1></notes></subclass>
<subclass subnum = "127" id = "C190S127000">
<sctitle>Reinforced:</sctitle>
<parent ref = "C190S124000" doc = "Class190.sgm">subclass 124</parent>
<scdesc>Subject matter wherein the hand luggage includes means which
strengthen it.</scdesc>
<srchin>
<srecord><subnum ref = "C190S037000" doc = "Class190.sgm">37</subnum>
<descript><para>for a trunk having corner protecting devices.</para></descript></srecord></srchin></subclass></sclasses>
<xrefcols>
<subclass subnum = "900" id = "C190S900000">
<sctitle>BRIEF CASE TYPE:</sctitle>
<parent ref = "C190S000000" doc = "Class190.sgm">the class definition</parent>
<scdesc>Subject matter wherein the hand luggage is the type usually
used to hold and transport written documents (e.g., legal briefs,
etc.).</scdesc></subclass>
<subclass subnum = "901" id = "C190S901000">
<sctitle>Flat opening:</sctitle>
<parent ref = "C190S900000" doc = "Class190.sgm">subclass 900</parent>
<scdesc>Subject matter wherein the brief case has two opposed walls
hinged (flexibly joined) together along a line so that the walls
lie in the same plane when the brief case is opened.</scdesc></subclass>
<subclass subnum = "902" id = "C190S902000">
<sctitle>With closure flap:</sctitle>
<parent ref = "C190S900000" doc = "Class190.sgm">subclass 900</parent>
<scdesc>Subject matter wherein the brief case includes a piece of
material which extends across the access opening and overlaps the
side wall.</scdesc></subclass>
<subclass subnum = "903" id = "C190S903000">
<sctitle>ZIPPER:</sctitle>
<parent ref = "C190S000000" doc = "Class190.sgm">the class definition</parent>
<scdesc>Subject matter having a zipper-like closure.</scdesc></subclass></xrefcols>
</class>
