<?xml version="1.0" encoding="UTF-8"?>
<!DOCTYPE class PUBLIC "-//USPTO//DTD Classification Definitions//EN" "xclassdef.dtd" [

<!-- Begin Document Specific Declarations -->

<!-- End Document Specific Declarations -->

]>
<?xml-stylesheet href="classdef.xsl" type="text/XSL"?>

<class classnum = "270" id = "C270S000000"><title>SHEET-MATERIAL
ASSOCIATING</title>
<sections><descsect>
<para>Method or apparatus for bringing in a logical array, a plurality
of sheets, or webs of a flexible material in accordance with recognizable
indicia thereon or other characteristics distinguishing one sheet
or web from another.</para>
<notes><note1 notenum = "(1)">
<para>Note.  Included herein is a sheet or web material associating
combined with printing, cutting, securing, wrapping, or merely opening
folded sheets.</para></note1>
<note1 notenum = "(2)">
<para>Note.  For purpose of facilitating the definition of the subclasses,
the following discussion and definition of terms used is presented.
A &ldquo;sheet&rdquo; is a thin, usually flexible object having
length and width dimensions. The boundary of these dimensions are
the &ldquo;edge&rdquo; of the sheet. The sheet is moving along
a direction of travel, and the term &ldquo;side-edge&rdquo; is
applied to those edges which are generally parallel to the direction of
travel. A &ldquo;web&rdquo; is a sheet having indefinite length
and a definite width. The term &ldquo;positioning&rdquo; may
include the act of partially turning the sheet about an axis that passes
through the surface of the sheet so that an edge thereof is accurately
aligned if that edge was previously misaligned.</para></note1></notes>
</descsect>
<linesect>
<para>The following line was established after a discussion with
the examiners representing Classes 270 and 271: </para>
<para>In Class 270, the apparatus for the sheet-material associating
includes a mechanism to place the sheets from plural sources into
an operational specified association onto or against a surface which
then groups the sheets in said specified association or to place
the sheets in specified association. The delivery of the sheets
to a stack from the plural sources requires a specific order of
associating the sheets other than mere random stacking. Class 270
accepts putting the sheets in a logical array or placing the sheets
in the associated stack in order to perform the operation on the
sheets.</para>
<para>In Class 271, a separation of an individual sheet from a stack
of sheets considered proper even if no specific feeding of the sheets
for an operation is disclosed.  In Class 271, a sheet feeding or
delivering means combines or places the sheets (a) adjacent to or
on top of each other in a random order, or (b) to perform the operation on
individually fed sheets.</para>
</linesect>
<scsect>
<srchout>
<crecord><classnum ref = "C399S000000" doc = "Class399.sgm">399</classnum>
<subref><clstitle>Electrophotography</clstitle>
<pretext></pretext>
<subnum range = "p" ref = "C399S016000" doc = "Class399.sgm">16</subnum></subref>
<descript><para> and 361&plus;  for document handling (e.g.,
feeding or delivering sheet medium (i.e., originals or copies) within
an electrophotographic device). </para></descript></crecord>
<crecord><classnum ref = "C493S000000" doc = "Class493.sgm">493</classnum>
<subref><clstitle>Manufacturing Container or Tube From Paper; or
Other Manufacturing From a Sheet or Web</clstitle>
<pretext></pretext>
<subnum range = "p" ref = "C493S405000" doc = "Class493.sgm">405</subnum></subref>
<descript><para> for folding a sheet or web.</para></descript></crecord></srchout>
</scsect></sections>
<sclasses>
<subclass subnum = "1.01" id = "C270S001010">
<sctitle>With printing:</sctitle>
<parent ref = "C270S000000" doc = "Class270.sgm">the class definition</parent>
<scdesc>Subject matter comprising an apparatus for impressing or
stenciling or imaging a design or character upon a plurality of
sheets or webs of a flexible material which sheets or webs are brought
together in a logical array in accordance with (a) recognizable
indicia on the material, or (b) the characteristics distinguishing
one sheet or web material from another.</scdesc>
<notes><note1 notenum = "(1)">
<para>Note.  Inkjet or laser printing is included in this subclass.</para></note1></notes>
<srchin>
<srecord><subnum ref = "C270S009000" doc = "Class270.sgm">9</subnum>
<descript><para>for printing on a longitudinally folded web including
associating extra sheets.</para></descript></srecord></srchin>
<srchout>
<crecord><classnum ref = "C355S000000" doc = "Class355.sgm">355</classnum>
<subref><clstitle>Photocopying</clstitle>
<pretext></pretext>
<subnum range = "s" ref = "C355S311000" doc = "Class355.sgm">311</subnum></subref>
<descript><para> for an electrophotographic document counting of
a feed stock having different sizes, colors or shapes and subclass 325
for delivering or collecting the electrophotographic document including
inserting a sheet between the two sheets.   </para></descript></crecord>
<crecord><classnum ref = "C399S000000" doc = "Class399.sgm">399</classnum>
<subref><clstitle>Electrophotography</clstitle>
<pretext></pretext>
<subnum range = "p" ref = "C399S079000" doc = "Class399.sgm">79</subnum></subref>
<descript><para> for an electrophotographic document counting of
a feed stock having different sizes, colors, or shapes and subclass
361&plus; for delivering or collecting the electrophotographic
document including inserting a sheet between the two sheets.</para></descript></crecord></srchout></subclass>
<subclass subnum = "1.02" id = "C270S001020">
<sctitle>Personalized printing (e.g., name or address):</sctitle>
<parent ref = "C270S00110" doc = "Class270.sgm">subclass 1.01</parent>
<scdesc>Subject matter including printing the design or character
made-to-order, such as printing individual names or addresses or
other customized printing on selected sheets or webs. </scdesc>
<srchout>
<crecord><classnum ref = "C283S000000" doc = "Class283.sgm">283</classnum>
<subref><clstitle>Printed Matter</clstitle>
<pretext></pretext>
<subnum range = "p" ref = "C283S063100" doc = "Class283.sgm">63.1</subnum></subref>
<descript><para> for a personalized book printing. </para></descript></crecord>
<crecord><classnum ref = "C493S000000" doc = "Class493.sgm">493</classnum>
<subref><clstitle>Manufacturing Container or Tube From Paper; or
Other Manufacturing From a Sheet or Web</clstitle>
<pretext></pretext>
<subnum range = "p" ref = "C493S324000" doc = "Class493.sgm">324</subnum></subref>
<descript><para> for  printing on a container or tube made from
a paper  material.</para></descript></crecord></srchout></subclass>
<subclass subnum = "1.03" id = "C270S001030">
<sctitle>Responsive to information on sheets or webs:</sctitle>
<parent ref = "C270S00120" doc = "Class270.sgm">subclass 1.02</parent>
<scdesc>Subject matter including means for detecting instruction
indicia placed on the sheets or webs and in response, thereto, interpreting
and printing a design or character on the selected sheets or webs.</scdesc></subclass>
<subclass subnum = "4" id = "C270S004000">
<sctitle>Associating and folding, with rotary printer:</sctitle>
<parent ref = "C270S00110" doc = "Class270.sgm">subclass 1.01</parent>
<scdesc>Means for both associating and folding, together with a
pair of rotatable members, between the peripheries of which the
work is printed by rolling contact.</scdesc>
<notes><note1 notenum = "(1)">
<para>Note.  Also compare the printing class references below.</para></note1></notes>
<srchout>
<crecord><classnum ref = "C101S000000" doc = "Class101.sgm">101</classnum>
<subref><clstitle>Printing</clstitle>
<pretext></pretext>
<subnum range = "p" ref = "C101S216000" doc = "Class101.sgm">216</subnum></subref>
<descript><para>.</para></descript></crecord></srchout></subclass>
<subclass subnum = "5.01" id = "C270S005010">
<sctitle>Longitudinal web folding:</sctitle>
<parent ref = "C270S004000" doc = "Class270.sgm">subclass 4</parent>
<scdesc>Subject matter wherein a flexible material in a strip form
of indefinite length is being continuously bent over or doubled
up upon itself along its length by passing the material over a former or
the like.  </scdesc>
<srchout>
<crecord><classnum ref = "C226S000000" doc = "Class226.sgm">226</classnum>
<subref><clstitle>Advancing Material of Indeterminate Length</clstitle>
<pretext></pretext>
<subnum range = "p" ref = "C226S024000" doc = "Class226.sgm">24</subnum></subref>
<descript><para> for regulating a longitudinal movement of the web material.
 </para></descript></crecord></srchout></subclass>
<subclass subnum = "5.02" id = "C270S005020">
<sctitle>Cutting:</sctitle>
<parent ref = "C270S00510" doc = "Class270.sgm">subclass 5.01</parent>
<scdesc>Subject matter including a sharp-edged device or similar
means for severing or penetrating the web.  </scdesc>
<srchin>
<srecord><subnum ref = "C270S021100" doc = "Class270.sgm">21.1</subnum>
<descript><para>for cutting the folded sheets or webs which are
printed  with a rotary printer. </para></descript></srecord>
<srecord><subnum ref = "C270S052170" doc = "Class270.sgm">52.17</subnum>
<descript><para>for a signature cutting device.</para></descript></srecord></srchin></subclass>
<subclass subnum = "5.03" id = "C270S005030">
<sctitle>Slitting or perforating:</sctitle>
<parent ref = "C270S00520" doc = "Class270.sgm">subclass 5.02</parent>
<scdesc>Subject matter wherein the cutting device is  (a) making
a long narrow cut or incision in the web, or (b) piercing or punching
a hole in the web. </scdesc></subclass>
<subclass subnum = "6" id = "C270S006000">
<sctitle>Cylinder collecting, with sheet folding: </sctitle>
<parent ref = "C270S00510" doc = "Class270.sgm">subclass 5.01</parent>
<scdesc>Having a cylinder for carrying a sheet around and associating
it with a succeeding sheet from the same source, and also means
for folding sheets.</scdesc></subclass>
<subclass subnum = "7" id = "C270S007000">
<sctitle>Additional-sheet associating:</sctitle>
<parent ref = "C270S006000" doc = "Class270.sgm">subclass 6</parent>
<scdesc>With means for associating extra sheets with the main product.</scdesc></subclass>
<subclass subnum = "8" id = "C270S008000">
<sctitle>Sheet folding:</sctitle>
<parent ref = "C270S00510" doc = "Class270.sgm">subclass 5.01</parent>
<scdesc>Also having means for folding sheets.</scdesc></subclass>
<subclass subnum = "9" id = "C270S009000">
<sctitle>Additional-sheet associating:</sctitle>
<parent ref = "C270S008000" doc = "Class270.sgm">subclass 8</parent>
<scdesc>With means for associating extra sheets with the main product.</scdesc></subclass>
<subclass subnum = "10" id = "C270S010000">
<sctitle>Web association with cylinder collecting:</sctitle>
<parent ref = "C270S004000" doc = "Class270.sgm">subclass 4</parent>
<scdesc>The material being first associated in continuous strip
form, then cut into sheets, there being a cylinder for carrying
a sheet around and associating it with succeeding sheets from the
same source.</scdesc>
<srchout>
<crecord><classnum ref = "C226S000000" doc = "Class226.sgm">226</classnum>
<subref><clstitle>Advancing Material of Indeterminate Length</clstitle>
<pretext></pretext></subref>
<descript><para>appropriate subclasses for methods of, and apparatus
for, feeding material without utilizing the leading or trailing
ends to effect movement of the material.</para></descript></crecord></srchout></subclass>
<subclass subnum = "11" id = "C270S011000">
<sctitle>Additional-sheet associating:</sctitle>
<parent ref = "C270S010000" doc = "Class270.sgm">subclass 10</parent>
<scdesc>With means for associating extra sheets with the main product.</scdesc></subclass>
<subclass subnum = "12" id = "C270S012000">
<sctitle>Sheet associating:</sctitle>
<parent ref = "C270S004000" doc = "Class270.sgm">subclass 4</parent>
<scdesc>The material at the time of association being in the form
of short sections as distinguished from webs.</scdesc></subclass>
<subclass subnum = "13" id = "C270S013000">
<sctitle>Cylinder collecting:</sctitle>
<parent ref = "C270S012000" doc = "Class270.sgm">subclass 12</parent>
<scdesc>There being a cylinder for carrying a sheet around and associating
it with a succeeding sheet from the same source.</scdesc></subclass>
<subclass subnum = "14" id = "C270S014000">
<sctitle>Additional-sheet associating:</sctitle>
<parent ref = "C270S013000" doc = "Class270.sgm">subclass 13</parent>
<scdesc>With means for associating extra sheets with the main product.</scdesc></subclass>
<subclass subnum = "15" id = "C270S015000">
<sctitle>Additional-sheet associating:</sctitle>
<parent ref = "C270S012000" doc = "Class270.sgm">subclass 12</parent>
<scdesc>With means for associating extra sheets with the main product.</scdesc></subclass>
<subclass subnum = "16" id = "C270S016000">
<sctitle>Longitudinal sheet folding:</sctitle>
<parent ref = "C270S004000" doc = "Class270.sgm">subclass 4</parent>
<scdesc>Having means for folding sheets on a line parallel to their
direction of travel through the printing mechanism.</scdesc></subclass>
<subclass subnum = "17" id = "C270S017000">
<sctitle>Additional-sheet associating:</sctitle>
<parent ref = "C270S004000" doc = "Class270.sgm">subclass 4</parent>
<scdesc>With means for associating extra sheets with the main product.</scdesc></subclass>
<subclass subnum = "18" id = "C270S018000">
<sctitle>Associating, with rotary printer:</sctitle>
<parent ref = "C270S00110" doc = "Class270.sgm">subclass 1.01</parent>
<scdesc>Means for assembling a plurality of sheets or webs otherwise
then by merely stacking, without folding, there being a pair of
rotatable members, between the peripheries of which the work is
printed by rolling contact.</scdesc></subclass>
<subclass subnum = "19" id = "C270S019000">
<sctitle>Cylinder collecting:</sctitle>
<parent ref = "C270S004000" doc = "Class270.sgm">subclass 4</parent>
<scdesc>There being a cylinder for carrying a sheet around and associating
it with a succeeding sheet from the same source.</scdesc></subclass>
<subclass subnum = "20.1" id = "C270S020100">
<sctitle>Folding, with rotary printer:</sctitle>
<parent ref = "C270S00110" doc = "Class270.sgm">subclass 1.01</parent>
<scdesc>Method or apparatus including use of means for superimposing
portions of the same piece of material without severing along the
fold line, together with a pair of rotatable members, between the
peripheries of which the work is printed by rolling contact.</scdesc></subclass>
<subclass subnum = "21.1" id = "C270S021100">
<sctitle>Cutting:</sctitle>
<parent ref = "C270S020100" doc = "Class270.sgm">subclass 20.1</parent>
<scdesc>Method or apparatus combined with means for severing the
material transversely of its movement through the machine.</scdesc></subclass>
<subclass subnum = "22.1" id = "C270S022100">
<sctitle>Bed and travelling cylinder, web, perfecting:</sctitle>
<parent ref = "C270S00110" doc = "Class270.sgm">subclass 1.01</parent>
<scdesc>Method or apparatus wherein printed matter is impressed
on both sides of a web by passing it through machines having a flat
printing member in rolling action with a cylinder.</scdesc>
<notes><note1 notenum = "(1)">
<para>Note.  Also compare the printing class references below.</para></note1></notes>
<srchout>
<crecord><classnum ref = "C101S000000" doc = "Class101.sgm">101</classnum>
<subref><clstitle>Printing</clstitle>
<pretext></pretext>
<subnum range = "p" ref = "C101S256000" doc = "Class101.sgm">256</subnum></subref>
<descript><para>.</para></descript></crecord></srchout></subclass>
<subclass subnum = "30.01" id = "C270S030010">
<sctitle>RECIPROCATING-CARRIAGE PILER:</sctitle>
<parent ref = "C270S000000" doc = "Class270.sgm">the class definition</parent>
<scdesc>Subject matter including means arranged to travel to and
fro in a straight path over a support or platform and to deposit
layers of sheets or webs on the support or platform. </scdesc>
<notes><note1 notenum = "(1)">
<para>Note. The layers may or may not be severed from each other. </para></note1></notes>
<srchout>
<crecord><classnum ref = "C008S000000" doc = "Class008.sgm">8</classnum>
<subref><clstitle>Bleaching and Dyeing; Fluid Treatment and Chemical
Modification of Textiles and Fibers</clstitle>
<pretext></pretext>
<subnum range = "s" ref = "C008S152000" doc = "Class008.sgm">152</subnum></subref>
<descript><para> for piling  chemically modified textiles and fibres.</para></descript></crecord>
<crecord><classnum ref = "C068S000000" doc = "Class068.sgm">68</classnum>
<subref><clstitle>Textiles: Fluid Treating Apparatus</clstitle>
<pretext></pretext>
<subnum range = "p" ref = "C068S177000" doc = "Class068.sgm">177</subnum></subref>
<descript><para> for piling the fabrics in a web or rope form into
a treating receptacle. </para></descript></crecord>
<crecord><classnum ref = "C100S000000" doc = "Class100.sgm">100</classnum>
<subref><clstitle>Presses</clstitle>
<pretext></pretext>
<subnum range = "p" ref = "C100S080000" doc = "Class100.sgm">80</subnum></subref>
<descript><para> for presses not classified elsewhere, having in addition
a means to fold a sheet, web, or strand in a zigzag fashion.</para></descript></crecord></srchout></subclass>
<subclass subnum = "30.02" id = "C270S030020">
<sctitle>With flaw detection in material or pattern marking:</sctitle>
<parent ref = "C270S03010" doc = "Class270.sgm">subclass 30.01</parent>
<scdesc>Subject matter including means for detecting a defect in
(a) a predetermined characteristic of the sheets or webs, or (b)
a design or character printed on the sheets or webs. </scdesc></subclass>
<subclass subnum = "30.03" id = "C270S030030">
<sctitle>With tension indicator or control:</sctitle>
<parent ref = "C270S03010" doc = "Class270.sgm">subclass 30.01</parent>
<scdesc>Subject matter including means for (a) measuring a tautness
or slackness in the sheets or webs and  actuating an alarm or signal
when the tautness or slackness in the sheets or webs is in excess
of or below a pre-established limit, or (b) actuating a device to
regulate the tautness or slackness in the sheets or webs for preventing
wrinkles.</scdesc>
<srchout>
<crecord><classnum ref = "C101S000000" doc = "Class101.sgm">101</classnum>
<subref><clstitle>Printing</clstitle>
<pretext></pretext></subref>
<descript><para>Dig. 42 for a web tensioning device.</para></descript></crecord></srchout></subclass>
<subclass subnum = "30.04" id = "C270S030040">
<sctitle>With synchronized feeding:</sctitle>
<parent ref = "C270S03010" doc = "Class270.sgm">subclass 30.01</parent>
<scdesc>Subject matter wherein the traveling speed of the reciprocating
carriage piler is coincided with the speed at which the sheets or
webs are deposited on the support or platform.</scdesc>
<srchin>
<srecord><subnum range = "p" ref = "C270S03910" doc = "Class270.sgm">39.01</subnum>
<descript><para>for a zigzag packaging of the sheets or webs.</para></descript></srecord></srchin></subclass>
<subclass subnum = "30.05" id = "C270S030050">
<sctitle>With clamp:</sctitle>
<parent ref = "C270S03010" doc = "Class270.sgm">subclass 30.01</parent>
<scdesc>Subject matter including means for gripping the sheets or
webs, thereby, restricting the movement of the sheets or webs with
respect to the carriage or support or platform.</scdesc>
<srchout>
<crecord><classnum ref = "C269S000000" doc = "Class269.sgm">269</classnum>
<subref><clstitle>Work Holders</clstitle>
<pretext></pretext>
<subnum range = "p" ref = "C269S254000" doc = "Class269.sgm">254</subnum></subref>
<descript><para> for a spring or similar resilient means for gripping
the material or work.   </para></descript></crecord></srchout></subclass>
<subclass subnum = "30.06" id = "C270S030060">
<sctitle>Traveling supply:</sctitle>
<parent ref = "C270S03050" doc = "Class270.sgm">subclass 30.05</parent>
<scdesc>Subject matter wherein the carriage includes a device for
carrying a bolt or package from which bolt or package the sheets
or webs are supplied to the support or platform.  </scdesc></subclass>
<subclass subnum = "30.07" id = "C270S030070">
<sctitle>With edge aligner:</sctitle>
<parent ref = "C270S03010" doc = "Class270.sgm">subclass 30.01</parent>
<scdesc>Subject matter including means for positioning or locating
lateral edges of the sheets or webs with respect to the edges of
the previously positioned sheets or webs or with respect to the support
or platform.</scdesc>
<srchin>
<srecord><subnum ref = "C270S05280" doc = "Class270.sgm">52.08</subnum>
<descript><para>for a web edge aligning and registering.</para></descript></srecord>
<srecord><subnum ref = "C270S058120" doc = "Class270.sgm">58.12</subnum>
<descript><para>for a sheet edge aligner associated with a binding
operation.</para></descript></srecord></srchin>
<srchout>
<crecord><classnum ref = "C271S000000" doc = "Class271.sgm">271</classnum>
<subref><clstitle>Sheet Feeding or Delivering</clstitle>
<pretext></pretext>
<subnum range = "p" ref = "C271S226000" doc = "Class271.sgm">226</subnum></subref>
<descript><para> for a sheet aligning means associated with a sheet
feeder. </para></descript></crecord></srchout></subclass>
<subclass subnum = "30.08" id = "C270S030080">
<sctitle>Cutting:</sctitle>
<parent ref = "C270S03010" doc = "Class270.sgm">subclass 30.01</parent>
<scdesc>Subject matter including a sharp-edged device or similar
means for severing the sheets or webs and depositing in layers on
the support or platform.</scdesc>
<srchin>
<srecord><subnum range = "p" ref = "C270S00520" doc = "Class270.sgm">5.02</subnum>
<descript><para>for cutting a longitudinally folded printed webs. </para></descript></srecord>
<srecord><subnum ref = "C270S05290" doc = "Class270.sgm">52.09</subnum>
<descript><para>for cutting webs and assembling into individual
stacks of  sheets.</para></descript></srecord></srchin></subclass>
<subclass subnum = "30.09" id = "C270S030090">
<sctitle>Traveling supply:</sctitle>
<parent ref = "C270S03080" doc = "Class270.sgm">subclass 30.08</parent>
<scdesc>Subject matter wherein the sheets or webs are supplied from
a bolt or package carried in a continuously moving device to the
cutting device and deposited in layers on the support or platform.
 </scdesc>
<srchin>
<srecord><subnum ref = "C270S03060" doc = "Class270.sgm">30.06</subnum>
<descript><para>for a traveling supply of the sheets or webs carried
on the carriage having a clamp.</para></descript></srecord></srchin></subclass>
<subclass subnum = "30.1" id = "C270S030100">
<sctitle>With height adjustment of support or carriage:</sctitle>
<parent ref = "C270S03010" doc = "Class270.sgm">subclass 30.01</parent>
<scdesc>Subject matter including means for permitting or causing
a change in the vertical position of the support or platform or
carriage.</scdesc></subclass>
<subclass subnum = "30.11" id = "C270S030110">
<sctitle>Traveling supply:</sctitle>
<parent ref = "C270S03010" doc = "Class270.sgm">subclass 30.01</parent>
<scdesc>Subject matter wherein the carriage includes a device for
carrying a bolt or package from which bolt or package the sheets
or webs are supplied to the support or platform.  </scdesc>
<srchin>
<srecord><subnum ref = "C270S03060" doc = "Class270.sgm">30.06</subnum>
<descript><para>for a traveling supply of sheets or webs carried
on the carriage having a clamp.</para></descript></srecord>
<srecord><subnum ref = "C270S03090" doc = "Class270.sgm">30.09</subnum>
<descript><para>for the traveling supply of the sheets or webs carried
on the carriage having a cutting means.</para></descript></srecord></srchin></subclass>
<subclass subnum = "30.12" id = "C270S030120">
<sctitle>With speed control:</sctitle>
<parent ref = "C270S03010" doc = "Class270.sgm">subclass 30.01</parent>
<scdesc>Subject matter including means for regulating the reciprocating
travel of the carriage.</scdesc>
<srchin>
<srecord><subnum ref = "C270S030130" doc = "Class270.sgm">30.13</subnum>
<descript><para>for a carriage driving control.</para></descript></srecord></srchin></subclass>
<subclass subnum = "30.13" id = "C270S030130">
<sctitle>With driving control:</sctitle>
<parent ref = "C270S03010" doc = "Class270.sgm">subclass 30.01</parent>
<scdesc>Subject matter including means for changing the direction
of travel of the carriage.</scdesc>
<srchin>
<srecord><subnum ref = "C270S030120" doc = "Class270.sgm">30.12</subnum>
<descript><para>for a carriage speed control.</para></descript></srecord></srchin></subclass>
<subclass subnum = "32" id = "C270S032000">
<sctitle>ASSOCIATING AND FOLDING:</sctitle>
<parent ref = "C270S000000" doc = "Class270.sgm">the class definition</parent>
<scdesc>Means for both associating and folding.</scdesc>
<srchin>
<srecord><subnum range = "p" ref = "C270S004000" doc = "Class270.sgm">4</subnum>
<descript><para>for associating and folding with rotary printer.</para></descript></srecord></srchin></subclass>
<subclass subnum = "37" id = "C270S037000">
<sctitle>Stapling or stitching:</sctitle>
<parent ref = "C270S032000" doc = "Class270.sgm">subclass 32</parent>
<scdesc>With means for securing the parts of the product together
by means of staples, thread, or the like.</scdesc>
<notes><note1 notenum = "(1)">
<para>Note.  Also compare the subclasses to the current class and
the sewing class in the Search Notes below.</para></note1></notes>
<srchin>
<srecord><subnum ref = "C270S053000" doc = "Class270.sgm">53</subnum>
<descript><para></para></descript></srecord></srchin>
<srchout>
<crecord><classnum ref = "C029S000000" doc = "Class029.sgm">29</classnum>
<subref><clstitle>Metal Working</clstitle>
<pretext></pretext>
<subnum range = "p" ref = "C029S432000" doc = "Class029.sgm">432</subnum></subref>
<descript><para> for a residual method of securing a nail or staple
to work by driving, and see the note to Class 227, below for related means
for so doing.</para></descript></crecord>
<crecord><classnum ref = "C112S000000" doc = "Class112.sgm">112</classnum>
<subref><clstitle>Sewing</clstitle>
<pretext></pretext>
<subnum range = "s" ref = "C112S136000" doc = "Class112.sgm">136</subnum></subref>
<descript><para>, and indented subclasses.</para></descript></crecord>
<crecord><classnum ref = "C227S000000" doc = "Class227.sgm">227</classnum>
<subref><clstitle>Elongated-Member-Driving Apparatus</clstitle>
<pretext></pretext>
<subnum range = "p" ref = "C227S019000" doc = "Class227.sgm">19</subnum></subref>
<descript><para> and subclasses 99&plus; for combined apparatus
for feeding work and applying a member, e.g., staple, to the work.</para></descript></crecord></srchout></subclass>
<subclass subnum = "38" id = "C270S038000">
<sctitle>Cylinder collecting:</sctitle>
<parent ref = "C270S037000" doc = "Class270.sgm">subclass 37</parent>
<scdesc>There being a cylinder for carrying a sheet around and associating
it with a succeeding sheet from the same source.</scdesc>
<notes><note1 notenum = "(1)">
<para>Note.  Compare this class, subclass 47.</para></note1></notes></subclass>
<subclass subnum = "39.01" id = "C270S039010">
<sctitle>Zigzag package:</sctitle>
<parent ref = "C270S032000" doc = "Class270.sgm">subclass 32</parent>
<scdesc>Subject matter wherein the sheets or webs are folded in
alternate opposite directions.</scdesc>
<srchout>
<crecord><classnum ref = "C400S000000" doc = "Class400.sgm">400</classnum>
<subref><clstitle>Typewriting Machines</clstitle>
<pretext></pretext>
<subnum range = "p" ref = "C400S613200" doc = "Class400.sgm">613.2</subnum></subref>
<descript><para> for feeding a web record-medium with a web supply
with fan-folded or creased  web.          </para></descript></crecord>
<crecord><classnum ref = "C493S000000" doc = "Class493.sgm">493</classnum>
<subref><clstitle>Manufacturing Container or Tube From Paper; or
Other Manufacturing From a Sheet or Web</clstitle>
<pretext></pretext>
<subnum range = "p" ref = "C493S410000" doc = "Class493.sgm">410</subnum></subref>
<descript><para> for  folding and refolding of a web.</para></descript></crecord></srchout></subclass>
<subclass subnum = "39.02" id = "C270S039020">
<sctitle>Including stack separating:</sctitle>
<parent ref = "C270S03910" doc = "Class270.sgm">subclass 39.01</parent>
<scdesc>Subject matter wherein the zigzag package is cut or isolated
into more than one independent pack of sheets or webs at a selected
location. </scdesc>
<srchout>
<crecord><classnum ref = "C493S000000" doc = "Class493.sgm">493</classnum>
<subref><clstitle>Manufacturing Container or Tube From Paper; or
Other Manufacturing From a Sheet or Web</clstitle>
<pretext></pretext>
<subnum range = "s" ref = "C493S362000" doc = "Class493.sgm">362</subnum></subref>
<descript><para> for advancing work from first to second operation
station.       </para></descript></crecord></srchout></subclass>
<subclass subnum = "39.03" id = "C270S039030">
<sctitle>Web feed from below:</sctitle>
<parent ref = "C270S03910" doc = "Class270.sgm">subclass 39.01</parent>
<scdesc>Subject matter wherein the webs in the zigzag package are
supplied from the bottom of the zigzag package for further operation.</scdesc></subclass>
<subclass subnum = "39.04" id = "C270S039040">
<sctitle>With sheet insertion:</sctitle>
<parent ref = "C270S03910" doc = "Class270.sgm">subclass 39.01</parent>
<scdesc>Subject matter including means for introducing a sheet between
the zigzag folds of the sheets or webs.</scdesc></subclass>
<subclass subnum = "39.05" id = "C270S039050">
<sctitle>Zigzag web:</sctitle>
<parent ref = "C270S03910" doc = "Class270.sgm">subclass 39.01</parent>
<scdesc>Subject matter wherein the webs are folded in alternate
opposite directions.</scdesc>
<srchout>
<crecord><classnum ref = "C493S000000" doc = "Class493.sgm">493</classnum>
<subref><clstitle>Manufacturing Container or Tube From Paper; or
Other Manufacturing From a Sheet or Web</clstitle>
<pretext></pretext>
<subnum range = "p" ref = "C493S413000" doc = "Class493.sgm">413</subnum></subref>
<descript><para> for a web folding by swinging a work guiding member.</para></descript></crecord></srchout></subclass>
<subclass subnum = "39.06" id = "C270S039060">
<sctitle>Interfolding multiple sheets:</sctitle>
<parent ref = "C270S03910" doc = "Class270.sgm">subclass 39.01</parent>
<scdesc>Subject matter including means for inserting one folded
sheet into another folded sheet so as to lock both folded sheets
with one another.</scdesc>
<srchout>
<crecord><classnum ref = "C493S000000" doc = "Class493.sgm">493</classnum>
<subref><clstitle>Manufacturing Container or Tube From Paper; or
Other Manufacturing From a Sheet or Web</clstitle>
<pretext></pretext>
<subnum range = "p" ref = "C493S409000" doc = "Class493.sgm">409</subnum></subref>
<descript><para> for repeatedly folding and unfolding and subclass
450 for folding by a direct application of vacuum or fluid.</para></descript></crecord></srchout></subclass>
<subclass subnum = "39.07" id = "C270S039070">
<sctitle>Associating before folding:</sctitle>
<parent ref = "C270S03960" doc = "Class270.sgm">subclass 39.06</parent>
<scdesc>Subject matter wherein the sheets are brought together in
a logical array in accordance with (a) recognizable indicia on the
sheets, or (b) the characteristics distinguishing one sheet from another
sheet; before the sheets are interfolded.</scdesc></subclass>
<subclass subnum = "39.08" id = "C270S039080">
<sctitle>By blade:</sctitle>
<parent ref = "C270S03960" doc = "Class270.sgm">subclass 39.06</parent>
<scdesc>Subject matter wherein the sheet inserting means includes
a flat thin member made of metal or non-metal material. </scdesc></subclass>
<subclass subnum = "39.09" id = "C270S039090">
<sctitle>By rotating drum with pocket member:</sctitle>
<parent ref = "C270S03960" doc = "Class270.sgm">subclass 39.06</parent>
<scdesc>Subject matter wherein the sheets inserting means includes
a member having a circumferential surface which turns about its
axis in an arc of a circle; the said surface having a receptacle
lying in or adjacent to the surface for temporarily holding successive
sheets.</scdesc>
<srchout>
<crecord><classnum ref = "C271S000000" doc = "Class271.sgm">271</classnum>
<subref><clstitle>Sheet Feeding or Delivering</clstitle>
<pretext></pretext>
<subnum range = "s" ref = "C271S315000" doc = "Class271.sgm">315</subnum></subref>
<descript><para> for a rotary sheet conveyor having pocket members
located on its                circumferential surface.</para></descript></crecord></srchout></subclass>
<subclass subnum = "40" id = "C270S040000">
<sctitle>Longitudinal web folding:</sctitle>
<parent ref = "C270S03910" doc = "Class270.sgm">subclass 39.01</parent>
<scdesc>The material in strip form of indefinite length continuously
folded by passage through a former.</scdesc>
<srchin>
<srecord><subnum range = "p" ref = "C270S041000" doc = "Class270.sgm">41</subnum>
<descript><para>for longitudinal folding of web material.</para></descript></srecord></srchin></subclass>
<subclass subnum = "41" id = "C270S041000">
<sctitle>Longitudinal web folding:</sctitle>
<parent ref = "C270S032000" doc = "Class270.sgm">subclass 32</parent>
<scdesc>The material in strip form of indefinite length continuously
folded by passage through a former.</scdesc>
<srchin>
<srecord><subnum range = "p" ref = "C270S00510" doc = "Class270.sgm">5.01</subnum>
<descript><para>and 40, for longitudinal folding of web material.</para></descript></srecord></srchin>
<srchout>
<crecord><classnum ref = "C226S000000" doc = "Class226.sgm">226</classnum>
<subref><clstitle>Advancing Material of Indeterminate Length</clstitle>
<pretext></pretext></subref>
<descript><para>appropriate subclasses for methods of, and apparatus
for, feeding material without utilizing the leading or trailing
ends to effect movement of the material.</para></descript></crecord>
<crecord><classnum ref = "C493S000000" doc = "Class493.sgm">493</classnum>
<subref><clstitle>Manufacturing Container or Tube From Paper; or
Other Manufacturing From a Sheet or Web</clstitle>
<pretext></pretext>
<subnum range = "p" ref = "C493S405000" doc = "Class493.sgm">405</subnum></subref>
<descript><para> for folding, per se, of sheet material generally.</para></descript></crecord></srchout></subclass>
<subclass subnum = "42" id = "C270S042000">
<sctitle>Cylinder collecting, with sheet folding:</sctitle>
<parent ref = "C270S041000" doc = "Class270.sgm">subclass 41</parent>
<scdesc>There being a cylinder for carrying a sheet around and associating
it with a succeeding sheet from the same source, also additional means
for sheet folding.</scdesc>
<srchin>
<srecord><subnum range = "p" ref = "C270S006000" doc = "Class270.sgm">6</subnum>
<descript><para>for longitudinal web folding including cylinder
collecting with sheet folding.</para></descript></srecord></srchin></subclass>
<subclass subnum = "43" id = "C270S043000">
<sctitle>Web associating, with cylinder collecting:</sctitle>
<parent ref = "C270S032000" doc = "Class270.sgm">subclass 32</parent>
<scdesc>The material first associated in continuous strip form,
then cut into sheets, there being a cylinder to carry the sheets
around and associate them with succeeding sheets from the same source.</scdesc>
<srchin>
<srecord><subnum range = "p" ref = "C270S010000" doc = "Class270.sgm">10</subnum>
<descript><para>for associating and folding with a rotary printer
including web association with cylinder collecting.</para></descript></srecord></srchin>
<srchout>
<crecord><classnum ref = "C226S000000" doc = "Class226.sgm">226</classnum>
<subref><clstitle>Advancing Material of Indeterminate Length</clstitle>
<pretext></pretext></subref>
<descript><para>appropriate subclasses for methods of, and apparatus
for, feeding material without utilizing the leading or trailing
ends to effect movement of the material.</para></descript></crecord></srchout></subclass>
<subclass subnum = "44" id = "C270S044000">
<sctitle>Additional-sheet associating:</sctitle>
<parent ref = "C270S043000" doc = "Class270.sgm">subclass 43</parent>
<scdesc>With means for associating extra sheets with the main product.</scdesc>
<srchin>
<srecord><subnum ref = "C270S011000" doc = "Class270.sgm">11</subnum>
<descript><para>for web association with cylinder collecting including
additional-sheet associating having a rotary printer.</para></descript></srecord></srchin></subclass>
<subclass subnum = "45" id = "C270S045000">
<sctitle>Sheet associating:</sctitle>
<parent ref = "C270S032000" doc = "Class270.sgm">subclass 32</parent>
<scdesc>The material at the time of association being in the form
of short sections as distinguished from webs.</scdesc>
<srchin>
<srecord><subnum range = "p" ref = "C270S012000" doc = "Class270.sgm">12</subnum>
<descript><para>for sheet associating and folding with a  rotary
printer.</para></descript></srecord></srchin></subclass>
<subclass subnum = "46" id = "C270S046000">
<sctitle>Stop sheet:</sctitle>
<parent ref = "C270S045000" doc = "Class270.sgm">subclass 45</parent>
<scdesc>With means for causing one sheet to pause until the arrival
of another sheet, with which it is associated.</scdesc></subclass>
<subclass subnum = "47" id = "C270S047000">
<sctitle>Cylinder collecting:</sctitle>
<parent ref = "C270S045000" doc = "Class270.sgm">subclass 45</parent>
<scdesc>Having a cylinder for carrying a sheet around and associating
it with succeeding sheet from the same source.</scdesc>
<srchin>
<srecord><subnum range = "p" ref = "C270S013000" doc = "Class270.sgm">13</subnum>
<descript><para>for sheet associating including cylinder collecting
having a rotary printer.</para></descript></srecord></srchin></subclass>
<subclass subnum = "48" id = "C270S048000">
<sctitle>Additional-sheet associating:</sctitle>
<parent ref = "C270S047000" doc = "Class270.sgm">subclass 47</parent>
<scdesc>With means for associating extra sheets with the main product.</scdesc>
<srchin>
<srecord><subnum ref = "C270S014000" doc = "Class270.sgm">14</subnum>
<descript><para>for sheet associating including cylinder collecting
having a rotary printer.</para></descript></srecord></srchin></subclass>
<subclass subnum = "49" id = "C270S049000">
<sctitle>Revolving pivotal folding blade:</sctitle>
<parent ref = "C270S048000" doc = "Class270.sgm">subclass 48</parent>
<scdesc>The folding-blade pivotally mounted on a revolving carrier.</scdesc></subclass>
<subclass subnum = "50" id = "C270S050000">
<sctitle>Revolving pivotal folding blade:</sctitle>
<parent ref = "C270S047000" doc = "Class270.sgm">subclass 47</parent>
<scdesc>The folding-blade pivotally mounted on a revolving carrier.</scdesc>
<srchin>
<srecord><subnum ref = "C270S049000" doc = "Class270.sgm">49</subnum>
<descript><para>for sheet associating and folding including revolving
pivotal blade for cylinder collecting.</para></descript></srecord></srchin></subclass>
<subclass subnum = "51" id = "C270S051000">
<sctitle>Additional-sheet associating:</sctitle>
<parent ref = "C270S045000" doc = "Class270.sgm">subclass 45</parent>
<scdesc>With means for associating extra sheets with the main product.</scdesc>
<srchin>
<srecord><subnum ref = "C270S015000" doc = "Class270.sgm">15</subnum>
<descript><para>for sheet associating and folding with a rotary
printer.</para></descript></srecord></srchin></subclass>
<subclass subnum = "52.01" id = "C270S052010">
<sctitle>ASSOCIATING OR DISASSOCIATING:</sctitle>
<parent ref = "C270S000000" doc = "Class270.sgm">the class definition</parent>
<scdesc>Subject matter wherein a plurality of sheets or webs are
brought together or assembled into a pack in a logical array other
than by merely stacking the sheets or webs or separated or disassembled
the plurality of sheets or webs into separate packs other than merely
unstacking the sheets or webs in accordance with (a) recognizable
indicia on the sheets or webs, or (b) the characteristics distinguishing
one sheet or web from another sheet or web in the pack.</scdesc>
<notes><note1 notenum = "(1)">
<para>Note.  Folding of the sheets or webs is not included in this
subclass.  </para></note1></notes>
<srchout>
<crecord><classnum ref = "C156S000000" doc = "Class156.sgm">156</classnum>
<subref><clstitle>Adhesive Bonding and Miscellaneous Chemical Manufacture</clstitle>
<pretext></pretext></subref>
<descript><para>appropriate subclasses for a laminating means in
combination with a means for assembling a plurality of sheets.</para></descript></crecord>
<crecord><classnum ref = "C226S000000" doc = "Class226.sgm">226</classnum>
<subref><clstitle>Advancing Material of Indeterminate Length</clstitle>
<pretext></pretext></subref>
<descript><para>appropriate subclasses for methods of, and an apparatus
for, feeding a material without utilizing the leading or trailing
ends to effect a movement of the material.</para></descript></crecord>
<crecord><classnum ref = "C242S000000" doc = "Class242.sgm">242</classnum>
<subref><clstitle>Winding, Tensioning, or Guiding</clstitle>
<pretext></pretext></subref>
<descript><para>appropriate subclasses for a similar device wherein
at least one of the disassembled web is wound into a coil.</para></descript></crecord></srchout></subclass>
<subclass subnum = "52.02" id = "C270S052020">
<sctitle>With control indicia (e.g., barcode):</sctitle>
<parent ref = "C270S05210" doc = "Class270.sgm">subclass 52.01</parent>
<scdesc>Subject matter wherein the associating or disassociating
is regulated by a sensor in response to detecting a systematic arrangement
of recognizable or identifying marks such as lines, numbers, or
letters, or the like that are printed or placed on the sheets or
webs. </scdesc></subclass>
<subclass subnum = "52.03" id = "C270S052030">
<sctitle>Personalized stacks:</sctitle>
<parent ref = "C270S05210" doc = "Class270.sgm">subclass 52.01</parent>
<scdesc>Subject matter wherein the sheets or webs in the packs are
so arranged that at least one sheet or web in a pack is having a
size or color or shape or characteristic or indicia different than other
sheets or webs in the pack.</scdesc>
<notes><note1 notenum = "(1)">
<para>Note.  All packs in the arrangement are identical in this
subclass.</para></note1></notes></subclass>
<subclass subnum = "52.04" id = "C270S052040">
<sctitle>With rejection control:</sctitle>
<parent ref = "C270S05210" doc = "Class270.sgm">subclass 52.01</parent>
<scdesc>Subject matter including means for detecting a damaged or
missing or repetitive or unintended arrangement of packs and in
response thereto (a) actuating a warning signal, or (b) activating a
member for removing such packs.</scdesc>
<srchin>
<srecord><subnum ref = "C270S05260" doc = "Class270.sgm">52.06</subnum>
<descript><para>for a sensor detecting a stack which does not include
all intended number of sheets or webs.</para></descript></srecord></srchin>
<srchout>
<crecord><classnum ref = "C493S000000" doc = "Class493.sgm">493</classnum>
<subref><clstitle>Manufacturing Container or Tube From Paper; or
Other  Manufacturing From a Sheet or Web</clstitle>
<pretext></pretext>
<subnum range = "s" ref = "C493S016000" doc = "Class493.sgm">16</subnum></subref>
<descript><para> for a sensor which detects and in response automatically
actuates a  member to remove such defective sheet or web.</para></descript></crecord></srchout></subclass>
<subclass subnum = "52.05" id = "C270S052050">
<sctitle>Reorder control:</sctitle>
<parent ref = "C270S05240" doc = "Class270.sgm">subclass 52.04</parent>
<scdesc>Subject matter including means for regulating a supply of
new pack of sheets or webs to replace the rejected packs.</scdesc></subclass>
<subclass subnum = "52.06" id = "C270S052060">
<sctitle>With incomplete stack sensor:</sctitle>
<parent ref = "C270S05210" doc = "Class270.sgm">subclass 52.01</parent>
<scdesc>Subject matter including means for detecting more or less
than a predetermined number of sheets or webs in the pack and in
response thereto actuating a signal or warning device.</scdesc>
<srchout>
<crecord><classnum ref = "C271S000000" doc = "Class271.sgm">271</classnum>
<subref><clstitle>Sheet Feeding or Delivering</clstitle>
<pretext></pretext>
<subnum range = "p" ref = "C271S256000" doc = "Class271.sgm">256</subnum></subref>
<descript><para> for a means to interrupt a sheet feeding.</para></descript></crecord></srchout></subclass>
<subclass subnum = "52.07" id = "C270S052070">
<sctitle>Web associating:</sctitle>
<parent ref = "C270S05210" doc = "Class270.sgm">subclass 52.01</parent>
<scdesc>Subject matter wherein a plurality of materials in strip
form having indefinite lengths are brought together or assembled
into packs in a logical array other than by merely stacking the strip
material, in accordance with (a) the recognizable indicia on the
materials, or (b) the characteristics distinguishing one strip material
in the pack from another.</scdesc>
<srchin>
<srecord><subnum range = "p" ref = "C270S05210" doc = "Class270.sgm">52.01</subnum>
<descript><para>for sheets or webs associating or disassociating.</para></descript></srecord>
<srecord><subnum range = "p" ref = "C270S05810" doc = "Class270.sgm">58.01</subnum>
<descript><para>for sheet associating.</para></descript></srecord>
<srecord><subnum range = "p" ref = "C270S058330" doc = "Class270.sgm">58.33</subnum>
<descript><para>for sheet disassociating.</para></descript></srecord></srchin></subclass>
<subclass subnum = "52.08" id = "C270S052080">
<sctitle>Aligning or registering:</sctitle>
<parent ref = "C270S05270" doc = "Class270.sgm">subclass 52.07</parent>
<scdesc>Subject matter including a web associating mechanism and
means for locating or positioning side edges of successively stacked
webs or locating or positioning the associated webs with respect
to a part of the web associating mechanism.</scdesc>
<srchin>
<srecord><subnum ref = "C270S03070" doc = "Class270.sgm">30.07</subnum>
<descript><para>for an edge aligner with reciprocating piler.</para></descript></srecord>
<srecord><subnum ref = "C270S058120" doc = "Class270.sgm">58.12</subnum>
<descript><para>for a sheet edge aligner in a sheet binding operation.</para></descript></srecord></srchin>
<srchout>
<crecord><classnum ref = "C271S000000" doc = "Class271.sgm">271</classnum>
<subref><clstitle>Sheet Feeding or Delivering</clstitle>
<pretext></pretext>
<subnum range = "p" ref = "C271S226000" doc = "Class271.sgm">226</subnum></subref>
<descript><para> for a sheet alignment.</para></descript></crecord></srchout></subclass>
<subclass subnum = "52.09" id = "C270S052090">
<sctitle>Cutting web into stacked sheets:</sctitle>
<parent ref = "C270S05270" doc = "Class270.sgm">subclass 52.07</parent>
<scdesc>Subject matter wherein (a) the web is severed into individual
sheets and assembled into orderly piles, or (b) the web is severed
under individual sheets and assembled into the orderly piles.</scdesc>
<srchin>
<srecord><subnum range = "p" ref = "C270S03080" doc = "Class270.sgm">30.08</subnum>
<descript><para>for cutting webs or sheets material associated with
a carriage piler.</para></descript></srecord></srchin>
<srchout>
<crecord><classnum ref = "C198S000000" doc = "Class198.sgm">198</classnum>
<subref><clstitle>Conveyors: Power-Driven</clstitle>
<pretext></pretext>
<subnum range = "s" ref = "C198S444000" doc = "Class198.sgm">444</subnum></subref>
<descript><para> for a sensing means to control an arrangement of
a stream of items on a      conveyor. </para></descript></crecord></srchout></subclass>
<subclass subnum = "52.1" id = "C270S052100">
<sctitle>Webs of different material (e.g., paper and carbon):</sctitle>
<parent ref = "C270S05270" doc = "Class270.sgm">subclass 52.07</parent>
<scdesc>Subject matter including at least two webs each having a
distinct characteristic (e.g., one web is a plain paper and the
other web is treated with a carbon compound). </scdesc></subclass>
<subclass subnum = "52.11" id = "C270S052110">
<sctitle>Web decollating:</sctitle>
<parent ref = "C270S05210" doc = "Class270.sgm">subclass 52.01</parent>
<scdesc>Subject matter including means for separating webs into
individual webs or a group of webs without cutting.</scdesc></subclass>
<subclass subnum = "52.12" id = "C270S052120">
<sctitle>Web bursting:</sctitle>
<parent ref = "C270S05210" doc = "Class270.sgm">subclass 52.01</parent>
<scdesc>Subject matter including means such as a gripping roller
or the like for holding or pulling the webs for breaking along perforations
or weak planes.</scdesc>
<srchin>
<srecord><subnum ref = "C270S05290" doc = "Class270.sgm">52.09</subnum>
<descript><para>for cutting a web into sheets and assembling into
a stack.</para></descript></srecord></srchin></subclass>
<subclass subnum = "52.13" id = "C270S052130">
<sctitle>Securing sheet onto web:</sctitle>
<parent ref = "C270S05210" doc = "Class270.sgm">subclass 52.01</parent>
<scdesc>Subject matter including means for placing and attaching
the sheet onto the web.</scdesc>
<srchin>
<srecord><subnum ref = "C270S052180" doc = "Class270.sgm">52.18</subnum>
<descript><para>for a signature binding operation.</para></descript></srecord></srchin></subclass>
<subclass subnum = "52.14" id = "C270S052140">
<sctitle>Signature associating:</sctitle>
<parent ref = "C270S05210" doc = "Class270.sgm">subclass 52.01</parent>
<scdesc>Subject matter wherein a plurality of previously folded
sheets or webs are brought together or assembled into the packs
in a logical array other than by merely stacking the previously
folded sheets or webs in accordance with (a) the recognizable indicia
on the sheets or webs, or (b) the characteristics distinguishing
one sheet or web from another in the pack.  </scdesc>
<srchin>
<srecord><subnum range = "p" ref = "C270S05210" doc = "Class270.sgm">52.01</subnum>
<descript><para>for sheets or webs associating or disassociating. </para></descript></srecord>
<srecord><subnum range = "p" ref = "C270S05270" doc = "Class270.sgm">52.07</subnum>
<descript><para>for web associating.</para></descript></srecord>
<srecord><subnum range = "p" ref = "C270S05810" doc = "Class270.sgm">58.01</subnum>
<descript><para>for sheet associating.</para></descript></srecord></srchin></subclass>
<subclass subnum = "52.15" id = "C270S052150">
<sctitle>Mis-feed signature sensor:</sctitle>
<parent ref = "C270S052140" doc = "Class270.sgm">subclass 52.14</parent>
<scdesc>Subject matter including means for detecting (a) the absence
of the signature, or (b) more than one signature occupying a space
at the same time, or (c) a mis-alignment of the signature or such
improperly supplied signature; and in response thereto actuating
a signal or warning device.</scdesc>
<notes><note1 notenum = "(1)">
<para>Note. The sensor is located between the supply source and
the support.  </para></note1></notes>
<srchin>
<srecord><subnum ref = "C270S05830" doc = "Class270.sgm">58.03</subnum>
<descript><para>for a misfeed sheet sensor. </para></descript></srecord></srchin></subclass>
<subclass subnum = "52.16" id = "C270S052160">
<sctitle>Gathering line:</sctitle>
<parent ref = "C270S052140" doc = "Class270.sgm">subclass 52.14</parent>
<scdesc>Subject matter wherein the signatures are carried in a continuously
advancing straight line path.</scdesc>
<srchin>
<srecord><subnum ref = "C270S052290" doc = "Class270.sgm">52.29</subnum>
<descript><para>for a saddle gathering line.</para></descript></srecord>
<srecord><subnum ref = "C270S058290" doc = "Class270.sgm">58.29</subnum>
<descript><para>for a sheet gathering line.   </para></descript></srecord></srchin></subclass>
<subclass subnum = "52.17" id = "C270S052170">
<sctitle>Cutting:</sctitle>
<parent ref = "C270S052140" doc = "Class270.sgm">subclass 52.14</parent>
<scdesc>Subject matter including a sharp-edged device or similar
means for severing the signatures.</scdesc>
<srchin>
<srecord><subnum range = "p" ref = "C270S00520" doc = "Class270.sgm">5.02</subnum>
<descript><para>for cutting individually folded printed webs.  
        </para></descript></srecord>
<srecord><subnum ref = "C270S021100" doc = "Class270.sgm">21.1</subnum>
<descript><para>for cutting folded sheets or webs which are printed
with a rotary printer.</para></descript></srecord></srchin></subclass>
<subclass subnum = "52.18" id = "C270S052180">
<sctitle>Binding:</sctitle>
<parent ref = "C270S052140" doc = "Class270.sgm">subclass 52.14</parent>
<scdesc>Subject matter including means for securing in position
two or more individual signatures together.</scdesc>
<notes><note1 notenum = "(1)">
<para>Note. The securing means for this subclass includes metallic
rings or wire bands such as staples or threads.</para></note1></notes></subclass>
<subclass subnum = "52.19" id = "C270S052190">
<sctitle>Insetting:</sctitle>
<parent ref = "C270S052140" doc = "Class270.sgm">subclass 52.14</parent>
<scdesc>Subject matter including means for inserting an additional
sheet between the folded sides of the signatures. </scdesc>
<notes><note1 notenum = "(1)">
<para>Note.  Folded edges of the signatures are placed downward
for this subclass.</para></note1>
<note1 notenum = "(2)">
<para>Note.  The insetting means may include a roller or pusher
or such device which drops the additional sheet between  the open
folded sides of the signature.</para></note1></notes></subclass>
<subclass subnum = "52.2" id = "C270S052200">
<sctitle>Signature carrying hopper:</sctitle>
<parent ref = "C270S052190" doc = "Class270.sgm">subclass 52.19</parent>
<scdesc>Subject matter wherein the signatures, before or after insetting,
are transported in a pocket-like container which is substantially
shaped like a funnel.</scdesc></subclass>
<subclass subnum = "52.21" id = "C270S052210">
<sctitle>Roller signature feeder:</sctitle>
<parent ref = "C270S052190" doc = "Class270.sgm">subclass 52.19</parent>
<scdesc>Subject matter wherein the signatures are supplied from
a source by a device having a rotating drum or such similar member
turning on its axis in an arc of a circle.</scdesc></subclass>
<subclass subnum = "52.22" id = "C270S052220">
<sctitle>With signature in-feed conveyor:</sctitle>
<parent ref = "C270S052210" doc = "Class270.sgm">subclass 52.21</parent>
<scdesc>Subject matter wherein the signatures are transported to
the feeder on a carrier having a continuously moving surface such
as an endless belt made of a flexible material.  </scdesc></subclass>
<subclass subnum = "52.23" id = "C270S052230">
<sctitle>Signature opener:</sctitle>
<parent ref = "C270S052190" doc = "Class270.sgm">subclass 52.19</parent>
<scdesc>Subject matter including means for engaging or pulling apart
the folded sides of the signature.</scdesc></subclass>
<subclass subnum = "52.24" id = "C270S052240">
<sctitle>By suction:</sctitle>
<parent ref = "C270S052230" doc = "Class270.sgm">subclass 52.23</parent>
<scdesc>Subject matter wherein the signature opener includes an
element having a surface through which surface a vacuum or subatmospheric pressure
is applied to facilitate engaging and pulling one side of the signature
toward the surface. </scdesc>
<srchin>
<srecord><subnum ref = "C270S052280" doc = "Class270.sgm">52.28</subnum>
<descript><para>for opening saddled signatures by suction means.</para></descript></srecord></srchin></subclass>
<subclass subnum = "52.25" id = "C270S052250">
<sctitle>By gripping:</sctitle>
<parent ref = "C270S052230" doc = "Class270.sgm">subclass 52.23</parent>
<scdesc>Subject matter wherein the signature opener includes at
least two elements having opposed surfaces between which surfaces
one side of the signature is placed and the elements are urged toward
one another and one side of the signature is firmly grasped by the
surfaces and pulled away with respect to the other side of the signature.</scdesc></subclass>
<subclass subnum = "52.26" id = "C270S052260">
<sctitle>Saddle associating:</sctitle>
<parent ref = "C270S052140" doc = "Class270.sgm">subclass 52.14</parent>
<scdesc>Subject matter wherein the signatures are so associated
that edges formed by the folded sides of the signatures are directed
upward and perpendicular to the direction of travel of the signatures.</scdesc>
<srchin>
<srecord><subnum range = "p" ref = "C270S05210" doc = "Class270.sgm">52.01</subnum>
<descript><para>for sheets or webs associating or disassociating.</para></descript></srecord>
<srecord><subnum range = "p" ref = "C270S05270" doc = "Class270.sgm">52.07</subnum>
<descript><para>for web associating.</para></descript></srecord>
<srecord><subnum range = "p" ref = "C270S05810" doc = "Class270.sgm">58.01</subnum>
<descript><para>for sheet associating.  </para></descript></srecord></srchin></subclass>
<subclass subnum = "52.27" id = "C270S052270">
<sctitle>Saddle opener:</sctitle>
<parent ref = "C270S052260" doc = "Class270.sgm">subclass 52.26</parent>
<scdesc>Subject matter including means for engaging and pulling
apart the folded sides of the signatures.</scdesc>
<srchin>
<srecord><subnum range = "p" ref = "C270S052230" doc = "Class270.sgm">52.23</subnum>
<descript><para>for a signature opener.</para></descript></srecord></srchin></subclass>
<subclass subnum = "52.28" id = "C270S052280">
<sctitle>By suction:</sctitle>
<parent ref = "C270S052270" doc = "Class270.sgm">subclass 52.27</parent>
<scdesc>Subject matter wherein the signature opener includes an
element having a surface, through which surface a vacuum or subatmospheric pressure
is applied to facilitate engaging and pulling one side of the signature
toward the surface. </scdesc>
<srchin>
<srecord><subnum ref = "C270S052240" doc = "Class270.sgm">52.24</subnum>
<descript><para>for opening the signatures by suction means.</para></descript></srecord></srchin></subclass>
<subclass subnum = "52.29" id = "C270S052290">
<sctitle>Gathering line:</sctitle>
<parent ref = "C270S052260" doc = "Class270.sgm">subclass 52.26</parent>
<scdesc>Subject matter wherein the signatures are carried in a continuously
advancing straight line path.</scdesc>
<srchin>
<srecord><subnum ref = "C270S052160" doc = "Class270.sgm">52.16</subnum>
<descript><para>for a signature gathering line.</para></descript></srecord>
<srecord><subnum ref = "C270S058290" doc = "Class270.sgm">58.29</subnum>
<descript><para>for a sheet gathering line.</para></descript></srecord></srchin></subclass>
<subclass subnum = "52.3" id = "C270S052300">
<sctitle>Rotating saddle:</sctitle>
<parent ref = "C270S052260" doc = "Class270.sgm">subclass 52.26</parent>
<scdesc>Subject matter wherein the signatures are transported on
a surface that turns about an axis in an arc of a circle.  </scdesc></subclass>
<subclass subnum = "56" id = "C270S056000">
<sctitle>Interrupter:</sctitle>
<parent ref = "C270S052140" doc = "Class270.sgm">subclass 52.14</parent>
<scdesc>With means for preventing the operation of the machine.</scdesc></subclass>
<subclass subnum = "58.01" id = "C270S058010">
<sctitle>Sheet associating:</sctitle>
<parent ref = "C270S05210" doc = "Class270.sgm">subclass 52.01</parent>
<scdesc>Subject matter wherein a plurality of materials in strip
form having definite lengths and widths are brought together or
assembled into a pack in a logical array other than by merely stacking the
strip materials, in accordance with (a) the recognizable indicia
on the materials, or (b) the characteristics distinguishing one
strip material from another in the pack. </scdesc>
<srchin>
<srecord><subnum range = "p" ref = "C270S012000" doc = "Class270.sgm">12</subnum>
<descript><para>for sheet associating with printing</para></descript></srecord>
<srecord><subnum range = "p" ref = "C270S045000" doc = "Class270.sgm">45</subnum>
<descript><para>for sheet associating and folding</para></descript></srecord>
<srecord><subnum range = "p" ref = "C270S05210" doc = "Class270.sgm">52.01</subnum>
<descript><para>for sheets or webs associating or disassociating.</para></descript></srecord>
<srecord><subnum range = "p" ref = "C270S05270" doc = "Class270.sgm">52.07</subnum>
<descript><para>for web associating.</para></descript></srecord></srchin></subclass>
<subclass subnum = "58.02" id = "C270S058020">
<sctitle>Sheet arrival sensor:</sctitle>
<parent ref = "C270S05810" doc = "Class270.sgm">subclass 58.01</parent>
<scdesc>Subject matter including means for (a) detecting the presence
or absence of the sheets, or (b) detecting an orientation of the
individual sheet, or (c) recognizing and interpreting the distinguishing
markings or specific codes or such visible or invisible markings
on the sheet; and in response thereto actuating a signal or warning
device. </scdesc></subclass>
<subclass subnum = "58.03" id = "C270S058030">
<sctitle>Misfeed sheet sensor:</sctitle>
<parent ref = "C270S05820" doc = "Class270.sgm">subclass 58.02</parent>
<scdesc>Subject matter wherein the sensor is  detecting (a) the
absence of the sheet, or (b) more than one sheet occupying a space
at the same time, or (c) a mis-alignment of the sheet, or (d) such improperly
supplied sheet; and in response thereto actuating a signal or warning
device.</scdesc>
<srchin>
<srecord><subnum ref = "C270S052150" doc = "Class270.sgm">52.15</subnum>
<descript><para>for a misfeed signature sensor.</para></descript></srecord></srchin></subclass>
<subclass subnum = "58.04" id = "C270S058040">
<sctitle>With dissimilar-sheets sensor (e.g., different sizes or
weights):</sctitle>
<parent ref = "C270S05810" doc = "Class270.sgm">subclass 58.01</parent>
<scdesc>Subject matter including means for detecting different sizes
or colors or thicknesses or weights or the like  characteristics
of the sheets in the pack. </scdesc></subclass>
<subclass subnum = "58.05" id = "C270S058050">
<sctitle>Cover sheet:</sctitle>
<parent ref = "C270S05840" doc = "Class270.sgm">subclass 58.04</parent>
<scdesc>Subject matter including a special outermost sheet in the
pack having a characteristic different from all other sheets in
the pack.</scdesc>
<srchout>
<crecord><classnum ref = "C053S000000" doc = "Class053.sgm">53</classnum>
<subref><clstitle>Package Making</clstitle>
<pretext></pretext>
<subnum range = "p" ref = "C053S505000" doc = "Class053.sgm">505</subnum></subref>
<descript><para> for a detecting means responsive to presence or
absence of a cover material.</para></descript></crecord></srchout></subclass>
<subclass subnum = "58.06" id = "C270S058060">
<sctitle>Envelope stuffing:</sctitle>
<parent ref = "C270S05810" doc = "Class270.sgm">subclass 58.01</parent>
<scdesc>Subject matter wherein the sheets are inserted into a container
made of a thin prefolded flat sheet.</scdesc>
<srchout>
<crecord><classnum ref = "C053S000000" doc = "Class053.sgm">53</classnum>
<subref><clstitle>Package Making</clstitle>
<pretext></pretext>
<subnum range = "s" ref = "C053S381700" doc = "Class053.sgm">381.7</subnum></subref>
<descript><para> for a means to open a flap of an envelope.</para></descript></crecord></srchout></subclass>
<subclass subnum = "58.07" id = "C270S058070">
<sctitle>Performing operation on stacks (e.g., binding, cutting):</sctitle>
<parent ref = "C270S05810" doc = "Class270.sgm">subclass 58.01</parent>
<scdesc>Subject matter wherein the pack is  undergoing a work (e.g.,
binding or cutting or aligning or such similar work).</scdesc></subclass>
<subclass subnum = "58.08" id = "C270S058080">
<sctitle>Binding:</sctitle>
<parent ref = "C270S05870" doc = "Class270.sgm">subclass 58.07</parent>
<scdesc>Subject matter wherein two or more sheets in the pack are
secured together by a securing means.</scdesc>
<notes><note1 notenum = "(1)">
<para>Note. The securing means for this subclass includes metallic
 rings or wire bands such as staples or threads.</para></note1></notes>
<srchin>
<srecord><subnum range = "p" ref = "C270S037000" doc = "Class270.sgm">37</subnum>
<descript><para>for stapling and stitching for an assembled and
folded sheet material.</para></descript></srecord>
<srecord><subnum ref = "C270S052180" doc = "Class270.sgm">52.18</subnum>
<descript><para>for signature binding. </para></descript></srecord></srchin>
<srchout>
<crecord><classnum ref = "C029S000000" doc = "Class029.sgm">29</classnum>
<subref><clstitle>Metal Working</clstitle>
<pretext></pretext>
<subnum range = "p" ref = "C029S432000" doc = "Class029.sgm">432</subnum></subref>
<descript><para> for a residual method of securing a nail or staple
to work by driving. </para></descript></crecord>
<crecord><classnum ref = "C053S000000" doc = "Class053.sgm">53</classnum>
<subref><clstitle>Package Making</clstitle>
<pretext></pretext>
<subnum range = "s" ref = "C053S157000" doc = "Class053.sgm">157</subnum></subref>
<descript><para> for machines to form group contents and to subsequently
package the group, at least one article of the group being an insert
or separating sheet.</para></descript></crecord>
<crecord><classnum ref = "C227S000000" doc = "Class227.sgm">227</classnum>
<subref><clstitle>Elongated-Member-Driving Apparatus</clstitle>
<pretext></pretext>
<subnum range = "p" ref = "C227S019000" doc = "Class227.sgm">19</subnum></subref>
<descript><para> and subclasses 99&plus; for combined apparatus
for feeding work and applying a member, e.g., staple to the work.</para></descript></crecord>
<crecord><classnum ref = "C399S000000" doc = "Class399.sgm">399</classnum>
<subref><clstitle>Electrophotography</clstitle>
<pretext></pretext>
<subnum range = "s" ref = "C399S410000" doc = "Class399.sgm">410</subnum></subref>
<descript><para> for stapling the sheets supplied from a copying
machine. </para></descript></crecord></srchout></subclass>
<subclass subnum = "58.09" id = "C270S058090">
<sctitle>Including condition responsive control (e.g., stack thickness):</sctitle>
<parent ref = "C270S05880" doc = "Class270.sgm">subclass 58.08</parent>
<scdesc>Subject matter including a sensor for detecting an occurrence
of a predetermined event related to the binding operation such as
detecting a specific thickness of a pile of sheets or such similar
event and initiating a signal or alarm or actuating a device to
regulate or modify the binding operation.</scdesc>
<notes><note1 notenum = "(1)">
<para>Note.  The size of the staple or the force applied to the
staple for binding is directly related to the thickness of the pile.</para></note1></notes></subclass>
<subclass subnum = "58.1" id = "C270S058100">
<sctitle>Lapstream:</sctitle>
<parent ref = "C270S05880" doc = "Class270.sgm">subclass 58.08</parent>
<scdesc>Subject matter comprising a plurality of packs and wherein
the packs are carried in a steady flow or succession in an overlapped
or shingled arrangement for binding operation. </scdesc></subclass>
<subclass subnum = "58.11" id = "C270S058110">
<sctitle>Including stack presentation:</sctitle>
<parent ref = "C270S05880" doc = "Class270.sgm">subclass 58.08</parent>
<scdesc>Subject matter comprising a receiver and wherein the pack
is formed by (a) the sheets being collected in a stack in the receiver
and (b) the receiver carrying the stack to a position for binding.</scdesc>
<notes><note1 notenum = "(1)">
<para>Note.  The binding means in this subclass may or may not be
rigidly fixed at one location.</para></note1>
<note1 notenum = "(2)">
<para>Note.  The stack of sheets in this subclass may be prepared
at a location different from the binding operation.      </para></note1></notes>
<srchout>
<crecord><classnum ref = "C399S000000" doc = "Class399.sgm">399</classnum>
<subref><clstitle>Electrophotography</clstitle>
<pretext></pretext>
<subnum range = "p" ref = "C399S408000" doc = "Class399.sgm">408</subnum></subref>
<descript><para> for delivering photocopying documents for binding. </para></descript></crecord></srchout></subclass>
<subclass subnum = "58.12" id = "C270S058120">
<sctitle>With edge aligner:</sctitle>
<parent ref = "C270S058110" doc = "Class270.sgm">subclass 58.11</parent>
<scdesc>Subject matter including means for positioning or locating
lateral edges of the sheets (a) with respect to the edges of the
previously positioned sheets, or (b) with respect to a part of the transporting
mechanism.</scdesc>
<notes><note1 notenum = "(1)">
<para>Note.  The edge alignment caused by dropping or sliding the
sheets by a gravity, such as falling of sheets from a  sloped surface,
is not included in this subclass.</para></note1></notes>
<srchin>
<srecord><subnum ref = "C270S03070" doc = "Class270.sgm">30.07</subnum>
<descript><para>for an edge aligner in reciprocating-carriage pilers.</para></descript></srecord>
<srecord><subnum ref = "C270S05280" doc = "Class270.sgm">52.08</subnum>
<descript><para>for an aligning or registering of web.</para></descript></srecord></srchin>
<srchout>
<crecord><classnum ref = "C271S000000" doc = "Class271.sgm">271</classnum>
<subref><clstitle>Sheet Feeding or Delivering</clstitle>
<pretext></pretext>
<subnum range = "p" ref = "C271S226000" doc = "Class271.sgm">226</subnum></subref>
<descript><para> for a sheet aligning means.</para></descript></crecord></srchout></subclass>
<subclass subnum = "58.13" id = "C270S058130">
<sctitle>With vertically movable stacker:</sctitle>
<parent ref = "C270S058110" doc = "Class270.sgm">subclass 58.11</parent>
<scdesc>Subject matter wherein the receiver carrying the pack is
adjustable in an upward or downward direction.</scdesc>
<srchin>
<srecord><subnum ref = "C270S058280" doc = "Class270.sgm">58.28</subnum>
<descript><para>for a vertically movable stacker for a sheet associating.</para></descript></srecord></srchin></subclass>
<subclass subnum = "58.14" id = "C270S058140">
<sctitle>Plural stackers:</sctitle>
<parent ref = "C270S05870" doc = "Class270.sgm">subclass 58.07</parent>
<scdesc>Subject matter comprising at least two additional receivers
(i.e., stackers) and wherein the sheets are bound in packs and the
packs are delivered to the additional receivers.</scdesc>
<srchout>
<crecord><classnum ref = "C271S000000" doc = "Class271.sgm">271</classnum>
<subref><clstitle>Sheet Feeding or Delivering</clstitle>
<pretext></pretext>
<subnum range = "p" ref = "C271S287000" doc = "Class271.sgm">287</subnum></subref>
<descript><para> for delivering successive sheets at plural receivers
in succession.</para></descript></crecord></srchout></subclass>
<subclass subnum = "58.15" id = "C270S058150">
<sctitle>Means to spread apart stackers:</sctitle>
<parent ref = "C270S058140" doc = "Class270.sgm">subclass 58.14</parent>
<scdesc>Subject matter including a device for  increasing a spacing
between the individual stackers.</scdesc>
<srchout>
<crecord><classnum ref = "C271S000000" doc = "Class271.sgm">271</classnum>
<subref><clstitle>Sheet Feeding or Delivering</clstitle>
<pretext></pretext>
<subnum range = "s" ref = "C271S293000" doc = "Class271.sgm">293</subnum></subref>
<descript><para> for a means to increase the spacing between the
sheet receivers.</para></descript></crecord></srchout></subclass>
<subclass subnum = "58.16" id = "C270S058160">
<sctitle>With edge aligner:</sctitle>
<parent ref = "C270S058140" doc = "Class270.sgm">subclass 58.14</parent>
<scdesc>Subject matter including means for positioning or locating
lateral edges of the sheets (a) with respect to the edges of the
previously positioned sheets, or (b) with respect to a part of one
of the stackers.</scdesc>
<notes><note1 notenum = "(1)">
<para>Note.  The edge alignment caused by dropping or sliding the
sheets by gravity, such as falling of the sheets from a sloped surface,
is not included in this subclass.</para></note1></notes></subclass>
<subclass subnum = "58.17" id = "C270S058170">
<sctitle>With edge aligner:</sctitle>
<parent ref = "C270S05870" doc = "Class270.sgm">subclass 58.07</parent>
<scdesc>Subject matter including an operation mechanism and means
for positioning or locating lateral edges of the sheets (a) with
respect to the edges of the previously positioned sheets, or (b)
with respect to a part of the operation mechanism.</scdesc>
<notes><note1 notenum = "(1)">
<para>Note. The edge alignment caused by dropping or sliding the
sheet by a gravity such as falling of the sheet from a  sloped surface
is not included in this subclass.</para></note1></notes>
<srchin>
<srecord><subnum range = "p" ref = "C270S058140" doc = "Class270.sgm">58.14</subnum>
<descript><para>and 58.17, for aligning the stacked sheets.</para></descript></srecord></srchin></subclass>
<subclass subnum = "58.18" id = "C270S058180">
<sctitle>Plural stackers:</sctitle>
<parent ref = "C270S05810" doc = "Class270.sgm">subclass 58.01</parent>
<scdesc>Subject matter comprising at least two receivers wherein
each receiver receives a pack of sheets.</scdesc>
<srchout>
<crecord><classnum ref = "C271S000000" doc = "Class271.sgm">271</classnum>
<subref><clstitle>Sheet Feeding or Delivering</clstitle>
<pretext></pretext>
<subnum range = "p" ref = "C271S287000" doc = "Class271.sgm">287</subnum></subref>
<descript><para> for delivering successive sheets from plural receivers
in succession.</para></descript></crecord></srchout></subclass>
<subclass subnum = "58.19" id = "C270S058190">
<sctitle>Movable stackers:</sctitle>
<parent ref = "C270S058180" doc = "Class270.sgm">subclass 58.18</parent>
<scdesc>Subject matter including means for adjusting the positions
of the stackers individually or simultaneously as a unit for collecting
the packs of sheets.</scdesc>
<srchout>
<crecord><classnum ref = "C271S000000" doc = "Class271.sgm">271</classnum>
<subref><clstitle>Sheet Feeding or Delivering</clstitle>
<pretext></pretext>
<subnum range = "p" ref = "C271S292000" doc = "Class271.sgm">292</subnum></subref>
<descript><para> for delivering sheets from multiple discharge to
movable plural receivers.</para></descript></crecord></srchout></subclass>
<subclass subnum = "58.2" id = "C270S058200">
<sctitle>With hopper:</sctitle>
<parent ref = "C270S058180" doc = "Class270.sgm">subclass 58.18</parent>
<scdesc>Subject matter wherein the receivers are transported in
a carrier which is substantially shaped like a funnel.</scdesc></subclass>
<subclass subnum = "58.21" id = "C270S058210">
<sctitle>Radially arranged:</sctitle>
<parent ref = "C270S058200" doc = "Class270.sgm">subclass 58.2</parent>
<scdesc>Subject matter wherein the hopper is assembled to rotate
about a horizontal axis.</scdesc></subclass>
<subclass subnum = "58.22" id = "C270S058220">
<sctitle>Annularly arranged:</sctitle>
<parent ref = "C270S058200" doc = "Class270.sgm">subclass 58.2</parent>
<scdesc>Subject matter wherein the hopper is  assembled to rotate
about a vertical axis.</scdesc></subclass>
<subclass subnum = "58.23" id = "C270S058230">
<sctitle>Sheets received from plural supplies:</sctitle>
<parent ref = "C270S05810" doc = "Class270.sgm">subclass 58.01</parent>
<scdesc>Subject matter comprising two or more sources of sheets
wherein the sources supply the sheets for assembling into the pack. </scdesc>
<srchout>
<crecord><classnum ref = "C271S000000" doc = "Class271.sgm">271</classnum>
<subref><clstitle>Sheet Feeding or Delivering</clstitle>
<pretext></pretext>
<subnum range = "p" ref = "C271S00910" doc = "Class271.sgm">9.01</subnum></subref>
<descript><para> for feeding the sheets from the plural sources.</para></descript></crecord></srchout></subclass>
<subclass subnum = "58.24" id = "C270S058240">
<sctitle>By suction:</sctitle>
<parent ref = "C270S058230" doc = "Class270.sgm">subclass 58.23</parent>
<scdesc>Subject matter wherein at least one of the supply sources
includes an element having a surface, through the surface of which
element a vacuum or subatmospheric pressure is applied to facilitate
in engaging and pulling the sheets to the surface of the element
to remove the sheets from the supply.</scdesc>
<srchin>
<srecord><subnum ref = "C270S052240" doc = "Class270.sgm">52.24</subnum>
<descript><para>and 52.28, for opening the signature by suction. </para></descript></srecord></srchin></subclass>
<subclass subnum = "58.25" id = "C270S058250">
<sctitle>By simultaneous feeding:</sctitle>
<parent ref = "C270S058230" doc = "Class270.sgm">subclass 58.23</parent>
<scdesc>Subject matter wherein the sheets from the plural sources
are supplied at the same time.</scdesc></subclass>
<subclass subnum = "58.26" id = "C270S058260">
<sctitle>Pusher for sequentially piling sheets:</sctitle>
<parent ref = "C270S058230" doc = "Class270.sgm">subclass 58.23</parent>
<scdesc>Subject matter including means for contacting each sheet
and introducing a force or pressure for collecting the sheets together
in a specific order. </scdesc></subclass>
<subclass subnum = "58.27" id = "C270S058270">
<sctitle>With edge aligner:</sctitle>
<parent ref = "C270S05810" doc = "Class270.sgm">subclass 58.01</parent>
<scdesc>Subject matter including means for positioning or locating
lateral edges of the sheets (a) with respect to the edges of the
previously positioned sheets, or (b) with respect to a part of the sheet
associating mechanism.</scdesc>
<notes><note1 notenum = "(1)">
<para>Note.  The edge alignment caused by dropping or sliding the
sheet by gravity such as falling of the sheet from a  sloped surface
is not included in this subclass.</para></note1></notes>
<srchin>
<srecord><subnum ref = "C270S058120" doc = "Class270.sgm">58.12</subnum>
<descript><para>for an edge aligner associated with a stack-binding
 operation.</para></descript></srecord>
<srecord><subnum ref = "C270S058160" doc = "Class270.sgm">58.16</subnum>
<descript><para>for the edge aligner associated with plural stackers
of the sheets being operated on. </para></descript></srecord>
<srecord><subnum ref = "C270S058170" doc = "Class270.sgm">58.17</subnum>
<descript><para>for the edge aligner associated with performing
the operation on the stack of sheets.</para></descript></srecord></srchin></subclass>
<subclass subnum = "58.28" id = "C270S058280">
<sctitle>Vertically movable stacker:</sctitle>
<parent ref = "C270S05810" doc = "Class270.sgm">subclass 58.01</parent>
<scdesc>Subject matter including a receiver for the pack of sheets
and wherein the receiver is adjustable in an upward or downward
direction. </scdesc>
<srchin>
<srecord><subnum ref = "C270S058130" doc = "Class270.sgm">58.13</subnum>
<descript><para>for a vertically movable stacker for a stack binding
operation.</para></descript></srecord></srchin></subclass>
<subclass subnum = "58.29" id = "C270S058290">
<sctitle>Gathering line:</sctitle>
<parent ref = "C270S05810" doc = "Class270.sgm">subclass 58.01</parent>
<scdesc>Subject matter including means for continuously advancing
the sheets in a straight line path.</scdesc>
<srchin>
<srecord><subnum ref = "C270S052160" doc = "Class270.sgm">52.16</subnum>
<descript><para>for a signature gathering line.</para></descript></srecord>
<srecord><subnum ref = "C270S052290" doc = "Class270.sgm">52.29</subnum>
<descript><para>for a saddle gathering line.</para></descript></srecord></srchin></subclass>
<subclass subnum = "58.3" id = "C270S058300">
<sctitle>With lapstream:</sctitle>
<parent ref = "C270S05810" doc = "Class270.sgm">subclass 58.01</parent>
<scdesc>Subject matter wherein the associated sheets are transported
in a steady flow or succession in an overlapped or shingled arrangement.</scdesc></subclass>
<subclass subnum = "58.31" id = "C270S058310">
<sctitle>Inserting marker sheet:</sctitle>
<parent ref = "C270S05810" doc = "Class270.sgm">subclass 58.01</parent>
<scdesc>Subject matter including placing a sheet  having a distinct
characteristic at a predetermined location into a group of sheets,
for designating an end of one group of sheets and a beginning of
another group of sheets.</scdesc>
<srchout>
<crecord><classnum ref = "C118S000000" doc = "Class118.sgm">118</classnum>
<subref><clstitle>Coating Apparatus</clstitle>
<pretext></pretext></subref>
<descript><para>appropriate subclass for means for placing a number of
sheets into a columnar grouping with means for coating the edge,
of a sheet to designate the end of one and the beginning of another
grouping.</para></descript></crecord>
<crecord><classnum ref = "C198S000000" doc = "Class198.sgm">198</classnum>
<subref><clstitle>Conveyors: Power-Driven</clstitle>
<pretext></pretext></subref>
<descript><para>appropriate subclass for placing a number of sheets
into a continuously conveyed grouping of sheets on edge, without insertion
of a marker sheet.</para></descript></crecord>
<crecord><classnum ref = "C414S000000" doc = "Class414.sgm">414</classnum>
<subref><clstitle>Material or Article Handling</clstitle>
<pretext></pretext>
<subnum range = "p" ref = "C414S788100" doc = "Class414.sgm">788.1</subnum></subref>
<descript><para> for placing a number of sheets into a stacked grouping, without
insertion of a marker sheet; and subclasses 798.2&plus; for
placing a number of sheets into the grouping of sheets on edge,
at a fixed location, without insertion of the marker sheet.</para></descript></crecord>
<crecord><classnum ref = "C427S000000" doc = "Class427.sgm">427</classnum>
<subref><clstitle>Coating Processes</clstitle>
<pretext></pretext></subref>
<descript><para>appropriate subclass for a method of placing a number
of sheets into a columnar grouping with coating the edge of a sheet
to designate the end of one and the beginning of another grouping.</para></descript></crecord></srchout></subclass>
<subclass subnum = "58.32" id = "C270S058320">
<sctitle>Tab or strip:</sctitle>
<parent ref = "C270S058310" doc = "Class270.sgm">subclass 58.31</parent>
<scdesc>Subject matter wherein the marker sheet includes a short
flap or a narrow piece of a sheet material having a reasonably constant width
or such similar short piece of the sheet material.</scdesc></subclass>
<subclass subnum = "58.33" id = "C270S058330">
<sctitle>Sheet disassociating:</sctitle>
<parent ref = "C270S05210" doc = "Class270.sgm">subclass 52.01</parent>
<scdesc>Subject matter wherein (a) a sheet is cut or separated along
previously determined locations or weak planes or perforations,
into smaller individual sheets to form a stack of individual sheets,
or (b) a stack of sheets is cut or separated along the previously
determined locations or weak planes or perforations to form a plurality
of smaller individual stacks.</scdesc>
<srchin>
<srecord><subnum range = "p" ref = "C270S05210" doc = "Class270.sgm">52.01</subnum>
<descript><para>for sheets or webs associating or disassociating.</para></descript></srecord>
<srecord><subnum range = "p" ref = "C270S05810" doc = "Class270.sgm">58.01</subnum>
<descript><para>for sheet associating</para></descript></srecord></srchin></subclass>
<subclass subnum = "58.34" id = "C270S058340">
<sctitle>Separate stackers:</sctitle>
<parent ref = "C270S058330" doc = "Class270.sgm">subclass 58.33</parent>
<scdesc>Subject matter comprising at least two receivers and wherein
each receiver collects a stack of sheets. </scdesc></subclass>
<subclass subnum = "59" id = "C270S059000">
<sctitle>Stop sheet:</sctitle>
<parent ref = "C270S05810" doc = "Class270.sgm">subclass 58.01</parent>
<scdesc>Having means to cause one sheet to pause until the arrival
of another sheet, with which it is associated.</scdesc>
<srchin>
<srecord><subnum ref = "C270S046000" doc = "Class270.sgm">46</subnum>
<descript><para>for a means causing a sheet to pause during associating
and folding.</para></descript></srecord></srchin></subclass>
<subclass subnum = "60" id = "C270S060000">
<sctitle>Cylinder collecting:</sctitle>
<parent ref = "C270S05810" doc = "Class270.sgm">subclass 58.01</parent>
<scdesc>There being a cylinder for carrying a sheet around and associating
it with a succeeding sheet from the same source.</scdesc>
<srchin>
<srecord><subnum range = "p" ref = "C270S006000" doc = "Class270.sgm">6</subnum>
<descript><para>10&plus;, 13&plus;, 19, 38, 42, 43&plus;,
and subclasses 47&plus; for a cylinder  carrying a sheet around
and associating the sheet with a succeeding sheet from the same source.</para></descript></srecord></srchin></subclass></sclasses>
</class>
