<?xml version="1.0" encoding="UTF-8"?>
<!DOCTYPE class PUBLIC "-//USPTO//DTD Classification Definitions//EN" "xclassdef.dtd" [

<!-- Begin Document Specific Declarations -->

<!-- End Document Specific Declarations -->

]>
<?xml-stylesheet href="classdef.xsl" type="text/XSL"?>

<class classnum = "157" id = "C157S000000"><title> WHEELWRIGHT MACHINES</title>
<sections><descsect>
<para>This class includes means for assembling wheels not specifically
provided for elsewhere.</para>
<notes><note1 notenum = "(1)">
<para>Note. Included here (as a residual or generic locus) are devices
and processes for machining the tread portion of a rubber tire. (see
Subclass References to This Class, below for the specific subclass.)</para></note1>
<note1 notenum = "(2)">
<para>Note. Included in this class is a related body of art pertaining
to the mechanical treatment of the outer periphery of rubber tire
casings. The presence of this body of art in this class is not intended
to change the scope of either the class or any subclasses hereunder
unless so specifically noted. (see Subclass References to This Class,
below for specific subclass.)</para></note1></notes>
</descsect>
<stcssect>
<srchin>
<srecord><subnum ref = "C157S013000" doc = "Class157.sgm">13</subnum>
<descript><para>as a residual or generic locus for devices and processes
for machining the tread portion of a rubber tire, and for a related
body of art pertaining to the mechanical treatment of the outer periphery
of rubber tire casing.</para></descript></srecord></srchin>
</stcssect>
<scsect>
<srchout>
<crecord><classnum ref = "C029S000000" doc = "Class029.sgm">29</classnum>
<subref><clstitle>Metal Working</clstitle>
<pretext></pretext>
<subnum range = "p" ref = "C029S700000" doc = "Class029.sgm">700</subnum></subref>
<descript><para> for miscellaneous assembling apparatus and see
the Notes thereto for other assembling.</para></descript></crecord>
<crecord><classnum ref = "C072S000000" doc = "Class072.sgm">72</classnum>
<subref><clstitle>Metal Deforming</clstitle>
<pretext></pretext></subref>
<descript><para>appropriate subclasses for apparatus which performs
a mere plastic metal shaping operation, and does not include assembly.</para></descript></crecord></srchout>
</scsect></sections>
<sclasses>
<subclass subnum = "1" id = "C157S001000">
<sctitle>MISCELLANEOUS:</sctitle>
<parent ref = "C157S000000" doc = "Class157.sgm">the class definition</parent>
<scdesc>Devices not elsewhere classifiable for assembling wheels.</scdesc>
<notes><note1 notenum = "(1)">
<para>Note. Clamps for holding wooden rims in shape while the spokes
are being set up are included, except when accompanied by devices
for screwing up the spoke-nipples. Such devices are found in Class
81, Tools, subclass 52.</para></note1></notes></subclass>
<subclass subnum = "1.1" id = "C157S001100">
<sctitle>RUBBER TIRE MOUNTING AND&sol;OR DEMOUNTING APPARATUS:</sctitle>
<parent ref = "C157S000000" doc = "Class157.sgm">the class definition</parent>
<scdesc>Devices and methods for setting or removing or for facilitating
the setting or removing of a rubber tire from a rim.</scdesc>
<notes><note1 notenum = "(1)">
<para>Note. A &ldquo;rim&rdquo; is defined as the immediate
support for a rubber tire and includes such elements whether integral
with or detachable from the wheel.</para></note1>
<note1 notenum = "(2)">
<para>Note. This subclass is the collecting place for devices which
cause radial motion only of a rubber tire portion, or devices for
squeezing the rubber tire circumferentially of its cross-section
in connection with the operation of setting or removing the same.</para></note1>
<note1 notenum = "(3)">
<para>Note. This subclass is the collecting place for holding devices
designed merely to engage a portion of the tire and&sol;or
rim, and to maintain a prescribed position of the tire portions
relative to each other or of the tire portion relative to the rim
as an aid to tire setting or removing by other means. The position in
which the tire is held is generally one in which (1) the casing
is deformed from its normal cross section, or (2) the tire and rim
occupy positions other than fully assembled or fully separated.</para></note1>
<note1 notenum = "(4)">
<para>Note. Devices which set or remove a tire supporting rim upon
or from the felley of a wheel are excluded and will be found primarily
in another subclass. See the See or Search This Class, Subclass
notes below.</para></note1></notes>
<srchin>
<srecord><subnum ref = "C157S001000" doc = "Class157.sgm">1</subnum>
<descript><para>for devices which set or remove a tire supporting
rim upon or from the felley of a wheel.</para></descript></srecord></srchin>
<srchout>
<crecord><classnum ref = "C029S000000" doc = "Class029.sgm">29</classnum>
<subref><clstitle>Metal Working</clstitle>
<pretext></pretext>
<subnum range = "s" ref = "C029S221500" doc = "Class029.sgm">221.5</subnum></subref>
<descript><para> for devices for applying or removing air valve
stems to or from rims, subclass 235 for devices for placing and removing
resilient articles in general.</para></descript></crecord>
<crecord><classnum ref = "C081S000000" doc = "Class081.sgm">81</classnum>
<subref><clstitle>Tools</clstitle>
<pretext></pretext>
<subnum range = "s" ref = "C081S015300" doc = "Class081.sgm">15.3</subnum></subref>
<descript><para> for casing-supported devices for retaining a tire
casing in spread condition.</para></descript></crecord>
<crecord><classnum ref = "C144S000000" doc = "Class144.sgm">144</classnum>
<subref><clstitle>Woodworking</clstitle>
<pretext></pretext>
<subnum range = "p" ref = "C144S306000" doc = "Class144.sgm">306</subnum></subref>
<descript><para> for a device for holding a wheel or wheel portion.</para></descript></crecord>
<crecord><classnum ref = "C156S000000" doc = "Class156.sgm">156</classnum>
<subref><clstitle>Adhesive Bonding and Miscellaneous Chemical Manufacture</clstitle>
<pretext></pretext>
<subnum range = "r" ref = "C156S110100" doc = "Class156.sgm">110.1</subnum></subref>
<descript><para>-135 and 394.1-421.8 as the generic place for tirebuilding
processes and apparatus.</para></descript></crecord></srchout></subclass>
<subclass subnum = "1.11" id = "C157S001110">
<sctitle>With carrier:</sctitle>
<parent ref = "C157S001100" doc = "Class157.sgm">subclass 1.1</parent>
<scdesc>Devices combined with or convertible to a vehicle carried
bracket or support for a tire rim.</scdesc>
<srchout>
<crecord><classnum ref = "C224S000000" doc = "Class224.sgm">224</classnum>
<subref><clstitle>Package and Article Carriers</clstitle>
<pretext></pretext>
<subnum range = "p" ref = "C224S042120" doc = "Class224.sgm">42.12</subnum></subref>
<descript><para> for vehicle carried tire holders without tire setting
or removing features.</para></descript></crecord></srchout></subclass>
<subclass subnum = "1.13" id = "C157S001130">
<sctitle>For divided tire bands:</sctitle>
<parent ref = "C157S001100" doc = "Class157.sgm">subclass 1.1</parent>
<scdesc>Devices for operating on rubber tires that are circumferentially
discontinuous.</scdesc></subclass>
<subclass subnum = "1.14" id = "C157S001140">
<sctitle>Wire tightening and&sol;or securing:</sctitle>
<parent ref = "C157S001130" doc = "Class157.sgm">subclass 1.13</parent>
<scdesc>Devices which include means to manipulate or facilitate
the manipulation of the end portions of circumferentially extending
binding elements associated with the tire.</scdesc>
<srchout>
<crecord><classnum ref = "C140S000000" doc = "Class140.sgm">140</classnum>
<subref><clstitle>Wireworking</clstitle>
<pretext></pretext>
<subnum range = "s" ref = "C140S093000" doc = "Class140.sgm">93</subnum></subref>
<descript><para> for devices in general for applying wire and subclasses
111&plus; for devices for joining wire.</para></descript></crecord></srchout></subclass>
<subclass subnum = "1.17" id = "C157S001170">
<sctitle>For collapsing or shifting tire axially:</sctitle>
<parent ref = "C157S001100" doc = "Class157.sgm">subclass 1.1</parent>
<scdesc>Devices having means for engaging the tire and&sol;or
rim and moving the tire or a portion thereof in a direction normal
to the plane of the tire or rim.</scdesc>
<notes><note1 notenum = "(1)">
<para>Note. Devices which engage a movable flange to thereby move
the tire are included.</para></note1>
<note1 notenum = "(2)">
<para>Note. Devices which produce radial motion in addition to axial
motion are included.</para></note1></notes></subclass>
<subclass subnum = "1.2" id = "C157S001200">
<sctitle>Circumferentially distributed force:</sctitle>
<parent ref = "C157S001170" doc = "Class157.sgm">subclass 1.17</parent>
<scdesc>Devices wherein the tire engaging means is circumferentially
continuous or consists of elements which are distributed with substantially uniform
circumferential spacing and simultaneously operated.</scdesc>
<srchin>
<srecord><subnum range = "p" ref = "C157S001260" doc = "Class157.sgm">1.26</subnum>
<descript><para>for devices having circumferentially distributed
engaging elements which are individually operated.</para></descript></srecord></srchin></subclass>
<subclass subnum = "1.21" id = "C157S001210">
<sctitle>Radially inwardly directed (e.g., tubeless tire compressors):</sctitle>
<parent ref = "C157S001200" doc = "Class157.sgm">subclass 1.2</parent>
<scdesc>Devices which include means for applying pressure on the
periphery of the tire, the pressure being directed toward the axis
of rotation to cause the bead or beads to move axially.</scdesc>
<notes><note1 notenum = "(1)">
<para>Note. Usually, the tire is of the &ldquo;tubeless&rdquo; type
and is associated with the rim of a wheel when the pressure is exerted to
thereby cause the beads to engage the rim to facilitate inflating
the tire with pressure fluid.</para></note1></notes>
<srchout>
<crecord><classnum ref = "C024S000000" doc = "Class024.sgm">24</classnum>
<subref><clstitle>Buckles, Buttons, Clasps</clstitle>
<pretext>etc., </pretext>
<subnum range = "p" ref = "C024S019000" doc = "Class024.sgm">19</subnum></subref>
<descript><para> for devices which exert a circumferential force
around bale packages or hose.</para></descript></crecord>
<crecord><classnum ref = "C081S000000" doc = "Class081.sgm">81</classnum>
<subref><clstitle>Tools</clstitle>
<pretext></pretext>
<subnum range = "s" ref = "C081S064000" doc = "Class081.sgm">64</subnum></subref>
<descript><para> for wrenches having flexible gripping means which surround
the part being turned.</para></descript></crecord></srchout></subclass>
<subclass subnum = "1.22" id = "C157S001220">
<sctitle>Circumferentially traveling:</sctitle>
<parent ref = "C157S001170" doc = "Class157.sgm">subclass 1.17</parent>
<scdesc>Devices in which a tire engaging element and the rim have
relative movement in concentric paths, which movement effects the
axial motion of the tire portion.</scdesc>
<notes><note1 notenum = "(1)">
<para>Note. In order to be classified in this subclass the indicated
manner of use must be disclosed, and (1) the tire or rim engaging
portion must be particularly designed to operate in this fashion,
or (2) a supporting arrangement particularly designed to cause or
permit movement of the device peripherally of the rim must be provided.</para></note1></notes></subclass>
<subclass subnum = "1.24" id = "C157S001240">
<sctitle>Pedestal type:</sctitle>
<parent ref = "C157S001220" doc = "Class157.sgm">subclass 1.22</parent>
<scdesc>Devices which have a base or stand for supporting the tire
and rim when detached from the vehicle.</scdesc></subclass>
<subclass subnum = "1.26" id = "C157S001260">
<sctitle>Pushing elements on opposed faces of tire and&sol;or
rim:</sctitle>
<parent ref = "C157S001170" doc = "Class157.sgm">subclass 1.17</parent>
<scdesc>Devices wherein the engaging members are adapted to engage
opposite sides of a tire, or of a tire and rim, and are arranged
for movement relative to each other.</scdesc>
<notes><note1 notenum = "(1)">
<para>Note. The essence of this subclass is the substantial opposition
of the pushing members. Devices, therefore, in which one of the
members engages portions of a wheel other than the felley or tire-holding
rim are excluded and will be found in subclass 1.17 <emphasis emph = "u">supra</emphasis>.</para></note1></notes>
<srchin>
<srecord><subnum ref = "C157S001200" doc = "Class157.sgm">1.2</subnum>
<descript><para>for devices wherein the opposed engaging members
are circumferentially distributed.</para></descript></srecord>
<srecord><subnum range = "p" ref = "C157S001220" doc = "Class157.sgm">1.22</subnum>
<descript><para>for devices wherein one of the opposed engaging
members is circumferentially traveling.</para></descript></srecord></srchin></subclass>
<subclass subnum = "1.28" id = "C157S001280">
<sctitle>Both on tire:</sctitle>
<parent ref = "C157S001260" doc = "Class157.sgm">subclass 1.26</parent>
<scdesc>Devices wherein both opposing members or parts thereof engage
the tire.</scdesc>
<notes><note1 notenum = "(1)">
<para>Note. In cases where one of the opposing members engages the
rim in addition to the tire and where the enclosure formed by the
members embraces the rim rather than the tire, and where the primary function
of the rim engagement is provision of an anchor point, the simultaneous tire
engagement of said element is regarded as incidental and patent
is placed in subclass 1.26.</para></note1></notes>
<srchout>
<crecord><classnum ref = "C254S000000" doc = "Class254.sgm">254</classnum>
<subref><clstitle>Implements or Apparatus for Applying Pushing or
Pulling Force</clstitle>
<pretext></pretext>
<subnum range = "p" ref = "C254S050100" doc = "Class254.sgm">50.1</subnum></subref>
<descript><para> for similar devices used as resilient tire casing
spreaders and compressors.</para></descript></crecord></srchout></subclass>
<subclass subnum = "1.3" id = "C157S001300">
<sctitle>Single bar pry or lever type:</sctitle>
<parent ref = "C157S001170" doc = "Class157.sgm">subclass 1.17</parent>
<scdesc>Devices consisting of a single lever.</scdesc>
<notes><note1 notenum = "(1)">
<para>Note. This subclass is made up primarily of patents wherein
the device is a single rigid element. Plural element devices are also
included, however, when the relative movement of the parts occurs merely
(1) for the purpose of moving the lever elements to change the overall dimensions
subsequent to the initial operation of the device in the manner
of a lever or pry, or (2) for purposes other than tire setting or
removal (e.g., stowage, etc.).</para></note1></notes></subclass>
<subclass subnum = "1.33" id = "C157S001330">
<sctitle>For tire retaining ring:</sctitle>
<parent ref = "C157S001100" doc = "Class157.sgm">subclass 1.1</parent>
<scdesc>Devices which engage and remove or apply, or facilitate
the removal or application of, an annular tire retaining element
which is mounted on the rim as a barrier for the prevention of relative
axial movement between the tire and rim.</scdesc>
<notes><note1 notenum = "(1)">
<para>Note. Retaining elements for the purpose of this subclass
may include, for example, discontinuous groove-engaging lock rings
as well as the retaining portions of rims which are separable in
an axial direction.</para></note1>
<note1 notenum = "(2)">
<para>Note. Loose flanges having a mere sliding fit on the rim and
which are themselves retained in the manner of a tire do not normally
furnish subject matter for this subclass unless the device is disclosed
as primarily intended for their forcible application or removal.</para></note1>
<note1 notenum = "(3)">
<para>Note. Devices which merely shift a flange or tire portion
to expose the retainer prior to removal thereof are excluded and
will be found in subclasses 1.17&plus;.</para></note1></notes></subclass>
<subclass subnum = "1.35" id = "C157S001350">
<sctitle>For split rims (i.e., rim breakers):</sctitle>
<parent ref = "C157S001100" doc = "Class157.sgm">subclass 1.1</parent>
<scdesc>Devices having means to engage and distort a circumferentially
discontinuous rim in order to (1) contract and&sol;or expand
the same, or (2) to offset and&sol;or align the rim end, or
both (1) and (2).</scdesc>
<srchout>
<crecord><classnum ref = "C301S000000" doc = "Class301.sgm">301</classnum>
<subref><clstitle>Land Vehicles: Wheels and Axles</clstitle>
<pretext></pretext>
<subnum range = "s" ref = "C301S033000" doc = "Class301.sgm">33</subnum></subref>
<descript><para> for split rims in which the offsetting contracting
and&sol;or expanding device is a part thereof intended to be
retained in position thereon during normal use of the rim.</para></descript></crecord></srchout></subclass>
<subclass subnum = "1.36" id = "C157S001360">
<sctitle>Three or more rim engaging elements:</sctitle>
<parent ref = "C157S001350" doc = "Class157.sgm">subclass 1.35</parent>
<scdesc>Devices having three or more rim-engaging elements.</scdesc>
<notes><note1 notenum = "(1)">
<para>Note. In determining the number of elements, those which are
rigidly connected together and those which engage on opposite edges
or faces of the rim in substantially the same radial plane, as well as
those combinations of members which constitute a unitary rim clamping structure
are regarded as single elements.</para></note1></notes></subclass>
<subclass subnum = "1.37" id = "C157S001370">
<sctitle>Including link or lever carried abutment:</sctitle>
<parent ref = "C157S001360" doc = "Class157.sgm">subclass 1.36</parent>
<scdesc>Devices in which two of the contacting elements are connected
by a system including a movable link and&sol;or lever for drawing
the elements together or separating them, said link or lever having
an abutment or hook mounted thereon for applying a force to a portion
of the rim incident to movement of said elements and substantially
perpendicular to the direction of said movement.</scdesc>
<notes><note1 notenum = "(1)">
<para>Note. Devices of the type having arms of substantial length
which are designed to project in a radiating fashion are excluded
from this subclass and will be found in subclasses 1.38 and 1.41.</para></note1></notes></subclass>
<subclass subnum = "1.38" id = "C157S001380">
<sctitle>Plural force-mechanisms:</sctitle>
<parent ref = "C157S001360" doc = "Class157.sgm">subclass 1.36</parent>
<scdesc>Devices provided with at least two arrangements for forcibly
moving certain of the rim engaging elements.</scdesc>
<srchin>
<srecord><subnum ref = "C157S001440" doc = "Class157.sgm">1.44</subnum>
<descript><para>for plural force-mechanism devices having less than
three rim engaging elements.</para></descript></srecord></srchin></subclass>
<subclass subnum = "1.39" id = "C157S001390">
<sctitle>Individually operated:</sctitle>
<parent ref = "C157S001380" doc = "Class157.sgm">subclass 1.38</parent>
<scdesc>Devices in which at least two manually operated controllers
for the driving arrangements are present.</scdesc></subclass>
<subclass subnum = "1.4" id = "C157S001400">
<sctitle>Auxiliary type:</sctitle>
<parent ref = "C157S001390" doc = "Class157.sgm">subclass 1.39</parent>
<scdesc>Devices in which the force-mechanisms are readily divisible
into two categories; i.e., main and subsidiary.</scdesc>
<notes><note1 notenum = "(1)">
<para>Note. The subsidiary mechanism is usually of a character different
from and&sol;or simpler than the main mechanism and can be
operated for its purpose without substantially affecting the operation
of the main mechanism. The disclosed purpose for the subsidiary
mechanism is frequently the offsetting of the rim ends, while the
main mechanism is usually disclosed as operating to expand or contract
the rim.</para></note1></notes></subclass>
<subclass subnum = "1.41" id = "C157S001410">
<sctitle>Axial toggles or coplanar cam:</sctitle>
<parent ref = "C157S001380" doc = "Class157.sgm">subclass 1.38</parent>
<scdesc>Devices having (1) a plurality of toggle force-mechanisms
lying in planes perpendicular to that of a rim being operated on,
or (2) a radial or face cam whose axis is perpendicular to the plane
of the rim.</scdesc>
<srchin>
<srecord><subnum ref = "C157S001350" doc = "Class157.sgm">1.35</subnum>
<descript><para>for devices having less than three rim engaging
elements and operated by a linkage which is movable in a plane perpendicular
to the plane of the rim.</para></descript></srecord></srchin></subclass>
<subclass subnum = "1.42" id = "C157S001420">
<sctitle>Circumferentially divided engaging element type:</sctitle>
<parent ref = "C157S001350" doc = "Class157.sgm">subclass 1.35</parent>
<scdesc>Devices in which at least one of the rim-engaging elements
consists of two or more circumferentially spaced rim contacting
portions which are by appearance distinct, but which are in fact
the terminal portions of integrally connected arms, thereby forming
a single engaging element as defined for subclass 1.36 in (1) Note
thereunder.</scdesc>
<notes><note1 notenum = "(1)">
<para>Note. The integral connection between the arms is sufficient
for this subclass if the arms are so mounted that relative movement
circumferentially of the rim in either direction is precluded when
the device is in extended condition ready for use.</para></note1></notes>
<srchin>
<srecord><subnum ref = "C157S001360" doc = "Class157.sgm">1.36</subnum>
<descript><para>for devices having similar structure, but in which
relative movement between the arms is permitted.</para></descript></srecord></srchin></subclass>
<subclass subnum = "1.43" id = "C157S001430">
<sctitle>Two hand lever type:</sctitle>
<parent ref = "C157S001350" doc = "Class157.sgm">subclass 1.35</parent>
<scdesc>Devices composed of a linkage designed to operate on the
rim in response to actuation of two levers having handle portions
for engagement by the hands of the operator.</scdesc></subclass>
<subclass subnum = "1.44" id = "C157S001440">
<sctitle>Plural force-mechanisms:</sctitle>
<parent ref = "C157S001350" doc = "Class157.sgm">subclass 1.35</parent>
<scdesc>Devices provided with at least two driving arrangements
for forcibly moving the rim engaging elements.</scdesc>
<srchin>
<srecord><subnum range = "p" ref = "C157S001380" doc = "Class157.sgm">1.38</subnum>
<descript><para>for plural force-mechanism devices having three
or more rim engaging elements.</para></descript></srecord></srchin></subclass>
<subclass subnum = "1.45" id = "C157S001450">
<sctitle>Screw and nut actuated:</sctitle>
<parent ref = "C157S001350" doc = "Class157.sgm">subclass 1.35</parent>
<scdesc>Devices wherein the mechanism for moving the rim engaging
means includes a screw and nut.</scdesc>
<srchin>
<srecord><subnum ref = "C157S001360" doc = "Class157.sgm">1.36</subnum>
<descript><para>for devices of this character having three or more
rim-engaging elements.</para></descript></srecord>
<srecord><subnum ref = "C157S001410" doc = "Class157.sgm">1.41</subnum>
<descript><para>for devices of this character where the screw and
nut mechanism actuates an axial toggle.</para></descript></srecord></srchin></subclass>
<subclass subnum = "1.46" id = "C157S001460">
<sctitle>Sliding or rack actuated members:</sctitle>
<parent ref = "C157S001350" doc = "Class157.sgm">subclass 1.35</parent>
<scdesc>Devices wherein the mechanism for moving the rim engaging
means includes (1) members having sliding engagement with each other and&sol;or
(2) a rack and actuating means therefor (e.g., a pinion, pawls,
etc.).</scdesc>
<srchin>
<srecord><subnum ref = "C157S001450" doc = "Class157.sgm">1.45</subnum>
<descript><para>for devices including sliding members which are
screw and nut actuated.</para></descript></srecord></srchin></subclass>
<subclass subnum = "1.47" id = "C157S001470">
<sctitle>Pivoted linkage movable in tire plane:</sctitle>
<parent ref = "C157S001350" doc = "Class157.sgm">subclass 1.35</parent>
<scdesc>Devices made up of one or more members such as pivoted links
and&sol;or levers which are constrained to move in one or more
planes substantially normal to the axis of a rim on which the device
is operating.</scdesc>
<srchin>
<srecord><subnum ref = "C157S001350" doc = "Class157.sgm">1.35</subnum>
<descript><para>for devices having similar linkages not confined
to planes normal to the rim axis.</para></descript></srecord>
<srecord><subnum ref = "C157S001370" doc = "Class157.sgm">1.37</subnum>
<descript><para>1.38, 1.4, for devices of this character having
three or more rim engaging elements.</para></descript></srecord>
<srecord><subnum ref = "C157S001430" doc = "Class157.sgm">1.43</subnum>
<descript><para>for devices of this character consisting of two
levers each having a handle portion for manual actuation thereof.</para></descript></srecord></srchin></subclass>
<subclass subnum = "1.48" id = "C157S001480">
<sctitle>Two link type:</sctitle>
<parent ref = "C157S001470" doc = "Class157.sgm">subclass 1.47</parent>
<scdesc>Devices composed of two link members pivotally interconnected.</scdesc>
<notes><note1 notenum = "(1)">
<para>Note. Devices in which no more than one of the links are extended
for use as a manually actuated lever are included.</para></note1>
<note1 notenum = "(2)">
<para>Note. In determining the number of elements in the linkage,
parts whose primary purpose is to effect clamping engagement with
the rim are disregarded.</para></note1></notes>
<srchin>
<srecord><subnum ref = "C157S001430" doc = "Class157.sgm">1.43</subnum>
<descript><para>for similar devices comprising two hand levers.</para></descript></srecord></srchin></subclass>
<subclass subnum = "1.49" id = "C157S001490">
<sctitle>Single link or pry type:</sctitle>
<parent ref = "C157S001470" doc = "Class157.sgm">subclass 1.47</parent>
<scdesc>Devices comprising a single rigid lever member movable relative
to the rim and designed to produce relative movement between the
rim ends.</scdesc>
<notes><note1 notenum = "(1)">
<para>Note. Devices which include elements designed to be clamped
to the rim to operate as a part thereof and to which the lever member
is pivotally related are included.</para></note1></notes></subclass>
<subclass subnum = "1.5" id = "C157S001500">
<sctitle>FOR METALLIC SPOKED WHEELS:</sctitle>
<parent ref = "C157S000000" doc = "Class157.sgm">the class definition</parent>
<scdesc>Apparatus for assembling metallic spoked wheels (e.g., &ldquo;wire&rdquo; wheels,
etc.), and&sol;or for holding the felley and hub while trueing the
wheel.</scdesc>
<srchin>
<srecord><subnum range = "r" ref = "C157S014000" doc = "Class157.sgm">14</subnum>
<descript><para>through 21, for wheel holding means.</para></descript></srecord></srchin>
<srchout>
<crecord><classnum ref = "C029S000000" doc = "Class029.sgm">29</classnum>
<subref><clstitle>Metal Working</clstitle>
<pretext></pretext>
<subnum range = "p" ref = "C029S894330" doc = "Class029.sgm">894.33</subnum></subref>
<descript><para>, for similar methods.</para></descript></crecord>
<crecord><classnum ref = "C269S000000" doc = "Class269.sgm">269</classnum>
<subref><clstitle>Work Holders</clstitle>
<pretext></pretext></subref>
<descript><para>for pertinent subclasses as determined by schedule review.</para></descript></crecord></srchout></subclass>
<subclass subnum = "1.55" id = "C157S001550">
<sctitle>Spoke securing:</sctitle>
<parent ref = "C157S001500" doc = "Class157.sgm">subclass 1.5</parent>
<scdesc>Apparatus for securing a spoke to a hub or felly by deforming
the spoke, hub, and&sol;or felly.</scdesc></subclass>
<subclass subnum = "2" id = "C157S002000">
<sctitle>RIM COMPRESSORS:</sctitle>
<parent ref = "C157S000000" doc = "Class157.sgm">the class definition</parent>
<scdesc>Devices for compressing wheel-rims to force fellies in place,
etc.</scdesc></subclass>
<subclass subnum = "3" id = "C157S003000">
<sctitle>SPOKE SETTERS:</sctitle>
<parent ref = "C157S000000" doc = "Class157.sgm">the class definition</parent>
<scdesc>Devices for guiding and forcing spokes into hubs.</scdesc></subclass>
<subclass subnum = "4" id = "C157S004000">
<sctitle>Work holders and guides:</sctitle>
<parent ref = "C157S003000" doc = "Class157.sgm">subclass 3</parent>
<scdesc>Supports for holding the hub and guiding the spoke while
it is being driven.</scdesc>
<srchout>
<crecord><classnum ref = "C144S000000" doc = "Class144.sgm">144</classnum>
<subref><clstitle>Woodworking</clstitle>
<pretext></pretext>
<subnum range = "s" ref = "C144S206000" doc = "Class144.sgm">206</subnum></subref>
<descript><para> for making a wheel spoke.</para></descript></crecord></srchout></subclass>
<subclass subnum = "5" id = "C157S005000">
<sctitle>TIRE SETTERS:</sctitle>
<parent ref = "C157S000000" doc = "Class157.sgm">the class definition</parent>
<scdesc>Devices for forcing tires on wheel-rims.</scdesc></subclass>
<subclass subnum = "7" id = "C157S007000">
<sctitle>Trestles and tanks:</sctitle>
<parent ref = "C157S005000" doc = "Class157.sgm">subclass 5</parent>
<scdesc>Trestles on which the wheel is mounted in combination with
tanks into which the wheel or wheel-rim can be dipped to cool the
tire.</scdesc></subclass>
<subclass subnum = "8" id = "C157S008000">
<sctitle>TIRE TIGHTENERS:</sctitle>
<parent ref = "C157S000000" doc = "Class157.sgm">the class definition</parent>
<scdesc>Removable devices for tightening tires without affecting
the construction of the wheel.</scdesc>
<srchout>
<crecord><classnum ref = "C301S000000" doc = "Class301.sgm">301</classnum>
<subref><clstitle>Land Vehicles: Wheels and Axles</clstitle></subref>
<descript><para>appropriate subclasses for devices for the same
purpose which form permanent parts of wheels.</para></descript></crecord></srchout></subclass>
<subclass subnum = "9" id = "C157S009000">
<sctitle>Felly expanders:</sctitle>
<parent ref = "C157S008000" doc = "Class157.sgm">subclass 8</parent>
<scdesc>Removable jacks for tightening tires by expanding the fellies
against the tire.</scdesc></subclass>
<subclass subnum = "10" id = "C157S010000">
<sctitle>Spoke clamping:</sctitle>
<parent ref = "C157S009000" doc = "Class157.sgm">subclass 9</parent>
<scdesc>Fellies are expanded by a jack which is clamped to a spoke.</scdesc></subclass>
<subclass subnum = "11" id = "C157S011000">
<sctitle>TIRE REMOVERS:</sctitle>
<parent ref = "C157S000000" doc = "Class157.sgm">the class definition</parent>
<scdesc>Presses for forcing tires off of wheel-rims.</scdesc></subclass>
<subclass subnum = "12" id = "C157S012000">
<sctitle>SPOKE EXTRACTORS:</sctitle>
<parent ref = "C157S000000" doc = "Class157.sgm">the class definition</parent>
<scdesc>Devices for pulling spokes or spoke-tenons out of hubs.</scdesc>
<srchout>
<crecord><classnum ref = "C254S000000" doc = "Class254.sgm">254</classnum>
<subref><clstitle>Implements or Apparatus for Applying Pushing or
Pulling Force</clstitle>
<pretext>especially </pretext>
<subnum range = "s" ref = "C254S018000" doc = "Class254.sgm">18</subnum></subref>
<descript><para>, and indented subclasses.</para></descript></crecord></srchout></subclass>
<subclass subnum = "13" id = "C157S013000">
<sctitle>GROOVING, SLITTING AND&sol;OR LACERATING OF RUBBER
TIRES:</sctitle>
<parent ref = "C157S000000" doc = "Class157.sgm">the class definition</parent>
<scdesc>Apparatus and processes, for treating the outer periphery
of a rubber tire casing by cutting, punching and&sol;or rasping
to produce a desired tread or traction effect in or on said periphery,
or to prepare the periphery for treading or retreading.</scdesc>
<notes><note1 notenum = "(1)">
<para>Note. This subclass is the locus of art relating to tire treading
by a slitting or machining operation (except abrading, for which
see Class 451, Abrading) which art (in the absence of this subclass)
would ordinarily be classified in accord with the particular machining. Both
apparatus and process are classified here on the basis of the article
worked and the functional utility of said working operation.</para></note1>
<note1 notenum = "(2)">
<para>Note. Patents classified here as originals should always be
cross-referenced in accord with the particular machining disclosed
to other appropriate classes.</para></note1>
<note1 notenum = "(3)">
<para>Note. See the Glossary section of the class definition of
Class 29, Metal Working, for the definition of machining and slitting.</para></note1>
<note1 notenum = "(4)">
<para>Note. This subclass does not include cutters, slitters or
rasps, per se, even when such tools are set forth as applied to
the treatment of rubber tires.</para></note1>
<note1 notenum = "(5)">
<para>Note. Included in this subclass, because of the general similarity
to tire treading and resurfacing, are processes and devices provided
for (a) the removal of mold flash from either tire periphery or bead,
and (b) the reclamation of material from tires which does not necessitate
the destruction of the tire. The disclosure under (b) may be limited
to removal solely for the purpose of salvaging or reworking said
material but unless the claims are so limited or restricted as to, of
necessity, effect the destruction of the tire (so that it may not
be regrooved or recapped) classification is proper in this subclass.</para></note1></notes>
<srchout>
<crecord><classnum ref = "C029S000000" doc = "Class029.sgm">29</classnum>
<subref><clstitle>Metal Working</clstitle>
<pretext></pretext>
<subnum range = "p" ref = "C029S076100" doc = "Class029.sgm">76.1</subnum></subref>
<descript><para> for rasps or files, and subclasses 402.01&plus; for
the generic locus of processes of repair.</para></descript></crecord>
<crecord><classnum ref = "C069S000000" doc = "Class069.sgm">69</classnum>
<subref><clstitle>Leather Manufactures</clstitle>
<pretext></pretext>
<subnum range = "p" ref = "C069S009000" doc = "Class069.sgm">9</subnum></subref>
<descript><para> for skiving or splitting devices.</para></descript></crecord>
<crecord><classnum ref = "C082S000000" doc = "Class082.sgm">82</classnum>
<subref><clstitle>Turning</clstitle>
<pretext></pretext></subref>
<descript><para>appropriate subclasses.</para></descript></crecord>
<crecord><classnum ref = "C083S000000" doc = "Class083.sgm">83</classnum>
<subref><clstitle>Cutting</clstitle>
<pretext></pretext></subref>
<descript><para>appropriate subclasses.</para></descript></crecord>
<crecord><classnum ref = "C144S000000" doc = "Class144.sgm">144</classnum>
<subref><clstitle>Woodworking</clstitle>
<pretext></pretext>
<subnum range = "p" ref = "C144S306000" doc = "Class144.sgm">306</subnum></subref>
<descript><para> for a wheel support, generally.</para></descript></crecord>
<crecord><classnum ref = "C451S000000" doc = "Class451.sgm">451</classnum>
<subref><clstitle>Abrading</clstitle>
<pretext></pretext></subref>
<descript><para>for the treatment of rubber tires by an abrading
operation, and see (1) Note above. </para></descript></crecord></srchout></subclass>
<subclass subnum = "14" id = "C157S014000">
<sctitle>WHEEL HOLDING MEANS:</sctitle>
<parent ref = "C157S000000" doc = "Class157.sgm">the class definition</parent>
<scdesc>Apparatus comprising means for holding at least one component
of the wheel (e.g., rim, tire, etc.) in a particular position or
orientation either relative to (a) another component of the wheel
when the wheel is assembled or disassembled, or (b) a repairing
or surfacing tool working on the tire component of the wheel.</scdesc>
<srchout>
<crecord><classnum ref = "C156S000000" doc = "Class156.sgm">156</classnum>
<subref><clstitle>Adhesive Bonding and Miscellaneous Chemical Manufacture</clstitle>
<pretext></pretext>
<subnum range = "p" ref = "C156S414000" doc = "Class156.sgm">414</subnum></subref>
<descript><para> for tire-building drums, per se, used with tire-building
apparatus.</para></descript></crecord>
<crecord><classnum ref = "C248S000000" doc = "Class248.sgm">248</classnum>
<subref><clstitle>Supports</clstitle>
<pretext></pretext></subref>
<descript><para>appropriate subclasses for stands or supports of
general application.</para></descript></crecord>
<crecord><classnum ref = "C269S000000" doc = "Class269.sgm">269</classnum>
<subref><clstitle>Work Holders</clstitle>
<pretext></pretext></subref>
<descript><para>appropriate subclasses for work holders of general
utility.</para></descript></crecord></srchout></subclass>
<subclass subnum = "15" id = "C157S015000">
<sctitle>Including inflatable wheel gripping element:</sctitle>
<parent ref = "C157S014000" doc = "Class157.sgm">subclass 14</parent>
<scdesc>Holding means including an enclosed element having at least
one flexible wall, a side of the element being forced into gripping
contact with the wheel when a fluid is introduced into the element.</scdesc>
<srchout>
<crecord><classnum ref = "C156S000000" doc = "Class156.sgm">156</classnum>
<subref><clstitle>Adhesive Bonding and Miscellaneous Chemical Manufacture</clstitle>
<pretext></pretext>
<subnum range = "s" ref = "C156S416000" doc = "Class156.sgm">416</subnum></subref>
<descript><para> for building drums having an inflatable core.</para></descript></crecord>
<crecord><classnum ref = "C269S000000" doc = "Class269.sgm">269</classnum>
<subref><clstitle>Work Holders</clstitle>
<pretext></pretext>
<subnum range = "s" ref = "C269S022000" doc = "Class269.sgm">22</subnum></subref>
<descript><para> for work holders including a fluid-operated, work-engaging,
movable diaphragm.</para></descript></crecord></srchout></subclass>
<subclass subnum = "16" id = "C157S016000">
<sctitle>Including relatively movable wheel gripping jaws:</sctitle>
<parent ref = "C157S014000" doc = "Class157.sgm">subclass 14</parent>
<scdesc>Holding means including two or more jaws movable with respect
to each other into gripping contact with the tire.</scdesc>
<srchout>
<crecord><classnum ref = "C269S000000" doc = "Class269.sgm">269</classnum>
<subref><clstitle>Work Holders</clstitle>
<pretext></pretext>
<subnum range = "p" ref = "C269S086000" doc = "Class269.sgm">86</subnum></subref>
<descript><para> for work holders having relatively movable work-engaging
jaws.</para></descript></crecord></srchout></subclass>
<subclass subnum = "17" id = "C157S017000">
<sctitle>With screw-nut actuating device:</sctitle>
<parent ref = "C157S016000" doc = "Class157.sgm">subclass 16</parent>
<scdesc>Holding means wherein one of the jaws is moved by a device
which includes a threaded cylindrical rod which is either (a) rotated
to move a mating threaded rider attached to the jaw along its axis,
or (b) is attached to the jaw and is axially shifted by, and relative
to, a mating threaded element which is being rotated.</scdesc>
<srchout>
<crecord><classnum ref = "C269S000000" doc = "Class269.sgm">269</classnum>
<subref><clstitle>Work Holders</clstitle>
<pretext></pretext>
<subnum range = "p" ref = "C269S240000" doc = "Class269.sgm">240</subnum></subref>
<descript><para> for work holders having relatively movable, work-engaging
jaws which are shifted toward or away from each other by a screw-nut
actuating device.</para></descript></crecord></srchout></subclass>
<subclass subnum = "18" id = "C157S018000">
<sctitle>With cam or wedge type actuating device:</sctitle>
<parent ref = "C157S016000" doc = "Class157.sgm">subclass 16</parent>
<scdesc>Holding means wherein one of the jaws is moved by a device
which includes either a rotatable camming or shiftable wedging element,
a surface of which slides against and moves a cooperating surface
on (a) the jaw, or (b) a follower element attached to the jaw when a
rotating or shifting force is applied to the element, one of the
engaged surfaces having an uneven contour that causes the movement transmitted
to the cooperating surface by the element to be in a direction other
than that of the element.</scdesc>
<srchout>
<crecord><classnum ref = "C269S000000" doc = "Class269.sgm">269</classnum>
<subref><clstitle>Work Holders</clstitle>
<pretext></pretext>
<subnum range = "p" ref = "C269S229000" doc = "Class269.sgm">229</subnum></subref>
<descript><para> for work holders having relatively movable, work-engaging
jaws which are shifted toward or away from each other by a cam,
eccentric, or wedge-type actuating device.</para></descript></crecord></srchout></subclass>
<subclass subnum = "19" id = "C157S019000">
<sctitle>Means mounted to swing between locations:</sctitle>
<parent ref = "C157S014000" doc = "Class157.sgm">subclass 14</parent>
<scdesc>Apparatus wherein the means is supported by structure which
allows it to swing from one definite location to another.</scdesc>
<srchout>
<crecord><classnum ref = "C269S000000" doc = "Class269.sgm">269</classnum>
<subref><clstitle>Work Holders</clstitle>
<pretext></pretext>
<subnum range = "r" ref = "C269S050000" doc = "Class269.sgm">50</subnum></subref>
<descript><para> and 55&plus; for work holders mounted for movement
from one position to another with respect to a base or support.</para></descript></crecord></srchout></subclass>
<subclass subnum = "20" id = "C157S020000">
<sctitle>Means rotates about relatively fixed axis:</sctitle>
<parent ref = "C157S014000" doc = "Class157.sgm">subclass 14</parent>
<scdesc>Apparatus wherein the means is supported by structure which
allows it to rotate about a relatively fixed point.</scdesc>
<srchout>
<crecord><classnum ref = "C269S000000" doc = "Class269.sgm">269</classnum>
<subref><clstitle>Work Holders</clstitle>
<pretext></pretext>
<subnum range = "r" ref = "C269S050000" doc = "Class269.sgm">50</subnum></subref>
<descript><para> and 55&plus; for work holders mounted for movement
with respect to a base or support.</para></descript></crecord></srchout></subclass>
<subclass subnum = "21" id = "C157S021000">
<sctitle>Adjustable or adaptable for different sizes or shapes:</sctitle>
<parent ref = "C157S014000" doc = "Class157.sgm">subclass 14</parent>
<scdesc>Holding means wherein the wheel-contacting elements of the
means are either (a) selectively usable, or (b) adjustably movable
to accommodate different sizes or shapes of the tire or rim components
of the wheel.</scdesc></subclass></sclasses>
</class>
