<?xml version="1.0" encoding="UTF-8"?>
<!DOCTYPE class PUBLIC "-//USPTO//DTD Classification Definitions//EN" "xclassdef.dtd" [

<!-- Begin Document Specific Declarations -->

<!-- End Document Specific Declarations -->

]>
<?xml-stylesheet href="classdef.xsl" type="text/XSL"?>

<class classnum = "232" id = "C232S000000"><title>DEPOSIT AND COLLECTION RECEPTACLES</title>
<sections><descsect>
<para>The general characteristics of the types of receivers here included
are that they are emptied through openings different from those
through which they are filled, that they receive at intervals and
are emptied or discharged in bulk, and that they are intended to
be filled and emptied by different persons. These need not all be
present in each case.</para>
</descsect>
<linesect>
<para>Deposit and collection safes will be found in Class 109, Safes,
Bank Protection, or a Related Device, in the appropriate subclasses.</para>
</linesect>
<scsect>
<srchout>
<crecord><classnum ref = "C049S000000" doc = "Class049.sgm">49</classnum>
<subref><clstitle>Movable or Removable Closures</clstitle>
<pretext></pretext></subref>
<descript><para>appropriate subclasses, for closures of the type
provided for and see the search notes thereto in section IV for
the loci of closures in other classes.</para></descript></crecord>
<crecord><classnum ref = "C220S000000" doc = "Class220.sgm">220</classnum>
<subref><clstitle>Receptacles</clstitle>
<pretext></pretext>
<subnum range = "s" ref = "C220S200000" doc = "Class220.sgm">200</subnum></subref>
<descript><para> and indented subclasses and the notes thereto for
receptacle closures in general.</para></descript></crecord>
<crecord><classnum ref = "C221S000000" doc = "Class221.sgm">221</classnum>
<subref><clstitle>Article Dispensing</clstitle>
<pretext></pretext></subref>
<descript><para>appropriate subclasses and see the search classes
listed for the distribution of article dispensing art in general.</para></descript></crecord>
<crecord><classnum ref = "C222S000000" doc = "Class222.sgm">222</classnum>
<subref><clstitle>Dispensing</clstitle>
<pretext></pretext></subref>
<descript><para>appropriate subclasses and see the search classes
listed for distribution of fluent material dispensing art in general.</para></descript></crecord></srchout>
</scsect></sections>
<sclasses>
<subclass subnum = "1" id = "C232S001000">
<sctitle>MISCELLANEOUS:</sctitle>
<parent ref = "C232S000000" doc = "Class232.sgm">the class definition</parent>
<scdesc>Deposit and collection receptacles not otherwise classifiable.</scdesc></subclass>
<subclass subnum = "2" id = "C232S002000">
<sctitle>BALLOT BOXES:</sctitle>
<parent ref = "C232S000000" doc = "Class232.sgm">the class definition</parent>
<scdesc>Receptacles for tickets or tokens to represent the votes
cast.</scdesc></subclass>
<subclass subnum = "3" id = "C232S003000">
<sctitle>Ball:</sctitle>
<parent ref = "C232S002000" doc = "Class232.sgm">subclass 2</parent>
<scdesc>The tokens used are in the form of balls.</scdesc></subclass>
<subclass subnum = "4" id = "C232S004000">
<sctitle>SAVINGS BOXES:</sctitle>
<parent ref = "C232S000000" doc = "Class232.sgm">the class definition</parent>
<scdesc>Miscellaneous money boxes or banks in which the money is
inserted through a slot or other small opening. They are portable,
but as distinguished from portable fare boxes, are not provided
with such handles as facilitate their presentation to others by
the holder for coin insertion.</scdesc>
<notes><note1 notenum = "(1)">
<para>Note. When the box is essentially a toy, as by reason of an
amusement feature, it is classified elsewhere. See Search Class note
below.</para></note1></notes>
<srchout>
<crecord><classnum ref = "C446S000000" doc = "Class446.sgm">446</classnum>
<subref><clstitle>Amusement Devices: Toys</clstitle>
<pretext></pretext>
<subnum range = "p" ref = "C446S008000" doc = "Class446.sgm">8</subnum></subref>
<descript><para>.</para></descript></crecord></srchout></subclass>
<subclass subnum = "5" id = "C232S005000">
<sctitle>Inspection:</sctitle>
<parent ref = "C232S004000" doc = "Class232.sgm">subclass 4</parent>
<scdesc>Wherein the construction or material permits examination
of the contents without opening the box.</scdesc></subclass>
<subclass subnum = "6" id = "C232S006000">
<sctitle>Frame fastenings:</sctitle>
<parent ref = "C232S004000" doc = "Class232.sgm">subclass 4</parent>
<scdesc>Subject matter wherein the inventions modify the box structure
to provide retaining means for the several parts.</scdesc></subclass>
<subclass subnum = "7" id = "C232S007000">
<sctitle>FARE BOXES:</sctitle>
<parent ref = "C232S000000" doc = "Class232.sgm">the class definition</parent>
<scdesc>Receivers for tickets, coins, or tokens which represent
the fare and which are inserted through a slot or other small opening.
This subclass contains such fare-boxes as are not otherwise herein
classified.</scdesc>
<notes><note1 notenum = "(1)">
<para>Note. Where the term &ldquo;coin&rdquo; is used hereinafter,
it is intended to refer also, when suitable, to tickets or other
tokens.</para></note1></notes></subclass>
<subclass subnum = "8" id = "C232S008000">
<sctitle>Ticket punching and canceling:</sctitle>
<parent ref = "C232S007000" doc = "Class232.sgm">subclass 7</parent>
<scdesc>Wherein the tickets are mutilated as they are introduced
into the device.</scdesc>
<srchout>
<crecord><classnum ref = "C083S000000" doc = "Class083.sgm">83</classnum>
<subref><clstitle>Cutting</clstitle>
<pretext></pretext>
<subnum range = "s" ref = "C083S167000" doc = "Class083.sgm">167</subnum></subref>
<descript><para> for a severing apparatus provided with a container
or platform to receive the product pieces.</para></descript></crecord></srchout></subclass>
<subclass subnum = "9" id = "C232S009000">
<sctitle>Multiple coin slot and runway:</sctitle>
<parent ref = "C232S007000" doc = "Class232.sgm">subclass 7</parent>
<scdesc>Receptacles wherein a series of slots permits insertion
of coins at any one of a number of points into a common runaway.</scdesc></subclass>
<subclass subnum = "10" id = "C232S010000">
<sctitle>Ticket and change:</sctitle>
<parent ref = "C232S007000" doc = "Class232.sgm">subclass 7</parent>
<scdesc>Wherein the boxes are subdivided to hold tickets and money.</scdesc></subclass>
<subclass subnum = "11" id = "C232S011000">
<sctitle>Ticket, car:</sctitle>
<parent ref = "C232S007000" doc = "Class232.sgm">subclass 7</parent>
<scdesc>Wherein the ticket holders are attached to the car or seat
frame and are particularly adapted for car use.</scdesc></subclass>
<subclass subnum = "12" id = "C232S012000">
<sctitle>Receivers:</sctitle>
<parent ref = "C232S007000" doc = "Class232.sgm">subclass 7</parent>
<scdesc>Inventions relating to the boxes, bags, etc., in which the
coins are held pending collection.</scdesc></subclass>
<subclass subnum = "13" id = "C232S013000">
<sctitle>Illumination:</sctitle>
<parent ref = "C232S007000" doc = "Class232.sgm">subclass 7</parent>
<scdesc>Wherein a portion of the box is artificially lighted.</scdesc></subclass>
<subclass subnum = "14" id = "C232S014000">
<sctitle>Change gates:</sctitle>
<parent ref = "C232S007000" doc = "Class232.sgm">subclass 7</parent>
<scdesc>Devices in the form of gates permit the passenger to secure
change or tickets from the driver.</scdesc></subclass>
<subclass subnum = "15" id = "C232S015000">
<sctitle>Safety receptacles:</sctitle>
<scdesc>The receptacle can not be removed from the box without closing
one or both of these parts, the contents of which are then not accessible
to the carrier.</scdesc>
<srchin>
<srecord><subnum ref = "C232S031000" doc = "Class232.sgm">31</subnum>
<descript><para></para></descript></srecord></srchin></subclass>
<subclass subnum = "16" id = "C232S016000">
<sctitle>Auxiliary:</sctitle>
<parent ref = "C232S015000" doc = "Class232.sgm">subclass 15</parent>
<scdesc>The collection device does not here receive or hold the
coins in the first place, but is independent of and separable from
the storage compartment of the fare-box and is used for the removal
of the contents of this compartment at intervals.</scdesc>
<srchin>
<srecord><subnum ref = "C232S032000" doc = "Class232.sgm">32</subnum>
<descript><para></para></descript></srecord></srchin></subclass>
<subclass subnum = "17" id = "C232S017000">
<sctitle>LETTER BOXES:</sctitle>
<parent ref = "C232S000000" doc = "Class232.sgm">the class definition</parent>
<scdesc>The boxes receive and hold mail matter either awaiting collection
by the carrier or which has been delivered by him.</scdesc>
<notes><note1 notenum = "(1)">
<para>Note. Letter boxes and compartments such as are used in post
offices are classified elsewhere. See Search Class Note below.</para></note1></notes>
<srchout>
<crecord><classnum ref = "C211S000000" doc = "Class211.sgm">211</classnum>
<subref><clstitle>Supports: Racks</clstitle>
<pretext></pretext>
<subnum range = "s" ref = "C211S010000" doc = "Class211.sgm">10</subnum></subref>
<descript><para>, for letter boxes and compartments such as are
used in post offices.</para></descript></crecord></srchout></subclass>
<subclass subnum = "18" id = "C232S018000">
<sctitle>Ticket registers and recorders:</sctitle>
<parent ref = "C232S017000" doc = "Class232.sgm">subclass 17</parent>
<scdesc>Subject matter wherein these are checks upon the time, order,
or fact of collection and are obtained by registry or record.</scdesc></subclass>
<subclass subnum = "19" id = "C232S019000">
<sctitle>House:</sctitle>
<parent ref = "C232S017000" doc = "Class232.sgm">subclass 17</parent>
<scdesc>Boxes which are specially adapted to house use by reason
of some other feature than that of an attached signal or alarm.
This other feature may be a pivoted body or other means permitting
access from either side or a chute for mail delivery into the house,
etc.</scdesc></subclass>
<subclass subnum = "20" id = "C232S020000">
<sctitle>Collection and delivery:</sctitle>
<parent ref = "C232S019000" doc = "Class232.sgm">subclass 19</parent>
<scdesc>Boxes specially arranged to deliver outgoing mail as well
as to receive incoming mail.</scdesc>
<srchin>
<srecord><subnum ref = "C232S014000" doc = "Class232.sgm">14</subnum>
<descript><para>and 27.</para></descript></srecord></srchin></subclass>
<subclass subnum = "21" id = "C232S021000">
<sctitle>Compartment:</sctitle>
<parent ref = "C232S020000" doc = "Class232.sgm">subclass 20</parent>
<scdesc>The receiver for the outgoing mail is separate from the
receiver or chute for the incoming mail.</scdesc></subclass>
<subclass subnum = "22" id = "C232S022000">
<sctitle>Door or window jamb:</sctitle>
<parent ref = "C232S019000" doc = "Class232.sgm">subclass 19</parent>
<scdesc>The jambs cooperate with the boxes or fastenings therefor,
so that access to the boxes can be had when the house doors or windows
are open, and then only.</scdesc>
<srchin>
<srecord><subnum ref = "C232S042000" doc = "Class232.sgm">42</subnum>
<descript><para></para></descript></srecord></srchin></subclass>
<subclass subnum = "23" id = "C232S023000">
<sctitle>Inside fastener:</sctitle>
<parent ref = "C232S019000" doc = "Class232.sgm">subclass 19</parent>
<scdesc>Subject matter wherein the release of the doors upon the
outer side of the boxes is controlled by means within the house.</scdesc></subclass>
<subclass subnum = "24" id = "C232S024000">
<sctitle>Compartment:</sctitle>
<parent ref = "C232S017000" doc = "Class232.sgm">subclass 17</parent>
<scdesc>Separate compartments wherein are provided for different
classes of mail or for that intended for different persons.</scdesc>
<srchin>
<srecord><subnum ref = "C232S021000" doc = "Class232.sgm">21</subnum>
<descript><para></para></descript></srecord></srchin></subclass>
<subclass subnum = "25" id = "C232S025000">
<sctitle>Cooperative closures:</sctitle>
<parent ref = "C232S024000" doc = "Class232.sgm">subclass 24</parent>
<scdesc>Wherein the same closure or cooperating closures govern
the opening or openings to the several compartments.</scdesc></subclass>
<subclass subnum = "26" id = "C232S026000">
<sctitle>Distributing guide:</sctitle>
<parent ref = "C232S025000" doc = "Class232.sgm">subclass 25</parent>
<scdesc>Wherein a single entrance or discharge opening is used for
all the compartments by relative movement of the compartments and
opening or by guides connecting at will with any compartment.</scdesc></subclass>
<subclass subnum = "27" id = "C232S027000">
<sctitle>Collection and delivery:</sctitle>
<parent ref = "C232S017000" doc = "Class232.sgm">subclass 17</parent>
<scdesc>Boxes having provision for outgoing mail in addition to
or in connection with the receptacle for the incoming mail.</scdesc>
<notes><note1 notenum = "(1)">
<para>Note. Where a separate compartment is provided, the invention
is classified in this class, subclass 21, or subclass 24, and indented
subclasses.</para></note1></notes>
<srchin>
<srecord><subnum ref = "C232S020000" doc = "Class232.sgm">20</subnum>
<descript><para></para></descript></srecord></srchin></subclass>
<subclass subnum = "28" id = "C232S028000">
<sctitle>Pivoted receiver:</sctitle>
<parent ref = "C232S017000" doc = "Class232.sgm">subclass 17</parent>
<scdesc>The receivers in which the mail is held, form also the doors
of the boxes. They are open upon the inner side, and so are accessible
for removal of mail when the doors are opened.</scdesc>
<notes><note1 notenum = "(1)">
<para>Note. When the entire box moves, the construction is classified
elsewhere. See Search Notes below.</para></note1></notes>
<srchin>
<srecord><subnum ref = "C232S039000" doc = "Class232.sgm">39</subnum>
<descript><para>for construction when the entire box moves.</para></descript></srecord></srchin>
<srchout>
<crecord><classnum ref = "C248S000000" doc = "Class248.sgm">248</classnum>
<subref><clstitle>Supports</clstitle>
<pretext></pretext>
<subnum range = "p" ref = "C248S128000" doc = "Class248.sgm">128</subnum></subref>
<descript><para>, for construction when the entire box moves.</para></descript></crecord></srchout></subclass>
<subclass subnum = "29" id = "C232S029000">
<sctitle>Auxiliary, cooperating:</sctitle>
<parent ref = "C232S017000" doc = "Class232.sgm">subclass 17</parent>
<scdesc>Boxes intended for use in connection with other letter boxes
and modified for this purpose. The usual modification consists in
shaping them to conform to such other boxes in shape.</scdesc></subclass>
<subclass subnum = "30" id = "C232S030000">
<sctitle>Collection devices:</sctitle>
<parent ref = "C232S017000" doc = "Class232.sgm">subclass 17</parent>
<scdesc>Bags or boxes in which the mail is transported from the
letter boxes to the post offices and which cooperate with the letter
boxes. In some cases these receptacles form the receivers of the
letter boxes.</scdesc></subclass>
<subclass subnum = "31" id = "C232S031000">
<sctitle>Safety receptacles:</sctitle>
<parent ref = "C232S030000" doc = "Class232.sgm">subclass 30</parent>
<scdesc>Subject matter wherein the construction is such that either
the receptacle or the box bottom, or both, must be closed and locked
before the receptacle can be removed from the box. Usually neither
of the parts can be unlocked by the carrier except when they are
together.</scdesc>
<srchin>
<srecord><subnum ref = "C232S015000" doc = "Class232.sgm">15</subnum>
<descript><para></para></descript></srecord></srchin></subclass>
<subclass subnum = "32" id = "C232S032000">
<sctitle>Auxiliary:</sctitle>
<parent ref = "C232S031000" doc = "Class232.sgm">subclass 31</parent>
<scdesc>Wherein the letter boxes themselves contain receivers in
which the mail is stored pending collection and from which this
mail is emptied into the auxiliary receptacles at intervals. The auxiliary
receptacles usually fit a number of boxes each and are carried from
one to another, each receiving the contents of a number of boxes.</scdesc>
<srchin>
<srecord><subnum ref = "C232S016000" doc = "Class232.sgm">16</subnum>
<descript><para></para></descript></srecord></srchin></subclass>
<subclass subnum = "33" id = "C232S033000">
<sctitle>Package clips and pockets:</sctitle>
<parent ref = "C232S017000" doc = "Class232.sgm">subclass 17</parent>
<scdesc>Clips and open pockets for holding packages attached either
to the inside or to the outside of the box proper or independent
thereof if they do not then themselves form complete boxes.</scdesc></subclass>
<subclass subnum = "34" id = "C232S034000">
<sctitle>Sight:</sctitle>
<scdesc>Visual signals indicating the presence of mail in the box.</scdesc>
<srchout>
<crecord><classnum ref = "C340S000000" doc = "Class340.sgm">340</classnum>
<subref><clstitle>Communications: Electrical</clstitle>
<pretext></pretext>
<subnum range = "s" ref = "C340S569000" doc = "Class340.sgm">569</subnum></subref>
<descript><para> for electrical automatic indicating systems responsive
to the placement or removal or articles from a mailbox.</para></descript></crecord></srchout></subclass>
<subclass subnum = "35" id = "C232S035000">
<sctitle>Door-controlled:</sctitle>
<parent ref = "C232S034000" doc = "Class232.sgm">subclass 34</parent>
<scdesc>The signals are moved or released by the action of the door
of the box.</scdesc></subclass>
<subclass subnum = "36" id = "C232S036000">
<sctitle>Door-controlled:</sctitle>
<scdesc>Alarms operated by movement of the box doors.</scdesc>
<srchin>
<srecord><subnum ref = "C232S014000" doc = "Class232.sgm">14</subnum>
<descript><para></para></descript></srecord></srchin>
<srchout>
<crecord><classnum ref = "C340S000000" doc = "Class340.sgm">340</classnum>
<subref><clstitle>Communications: Electrical</clstitle>
<pretext></pretext>
<subnum range = "p" ref = "C340S545100" doc = "Class340.sgm">545.1</subnum></subref>
<descript><para> for electrical automatic door movement responsive
indicating systems.</para></descript></crecord></srchout></subclass>
<subclass subnum = "37" id = "C232S037000">
<sctitle>Door-operated:</sctitle>
<scdesc>Indicators moved intermittently by the action of the doors.
They are usually for the purpose of showing the times of the next
collections.</scdesc></subclass>
<subclass subnum = "38" id = "C232S038000">
<sctitle>Frame construction:</sctitle>
<parent ref = "C232S017000" doc = "Class232.sgm">subclass 17</parent>
<scdesc>Subject matter having inventions showing the details of
frame construction and the materials used, but not special shapes
are placed here.</scdesc></subclass>
<subclass subnum = "39" id = "C232S039000">
<sctitle>With supports:</sctitle>
<parent ref = "C232S017000" doc = "Class232.sgm">subclass 17</parent>
<scdesc>Letter boxes combined with their supports or supports for
letter boxes limited by structure to use with a letter box.</scdesc>
<notes><note1 notenum = "(1)">
<para>Note. For mere supports for letter boxes, not limited by structure
to use with letter boxes, see search note below.</para></note1></notes>
<srchout>
<crecord><classnum ref = "C248S000000" doc = "Class248.sgm">248</classnum>
<subref><clstitle>Supports</clstitle>
<pretext>appropriate subclasses, particularly </pretext>
<subnum range = "p" ref = "C248S128000" doc = "Class248.sgm">128</subnum></subref>
<descript><para> and 146&plus; for mere supports for letter
boxes, not limited by structure to use with letter boxes,</para></descript></crecord></srchout></subclass>
<subclass subnum = "41" id = "C232S041000">
<sctitle>MILK RECEPTACLES:</sctitle>
<parent ref = "C232S000000" doc = "Class232.sgm">the class definition</parent>
<scdesc>Subject matter having safeguards, generally fixed in location,
which protect milk from theft after delivery or which protect milk
receptacle from the weather.</scdesc>
<notes><note1 notenum = "(1)">
<para>Note. Inventions in the receptacle itself apart from the protecting
means are not here included.</para></note1></notes></subclass>
<subclass subnum = "42" id = "C232S042000">
<sctitle>Door or window jamb:</sctitle>
<parent ref = "C232S041000" doc = "Class232.sgm">subclass 41</parent>
<scdesc>Wherein the jambs cooperate with the receptacles or fastenings
therefor, so that access to the receptacles can be had when the
house doors or windows are open, and then only.</scdesc>
<srchin>
<srecord><subnum ref = "C232S022000" doc = "Class232.sgm">22</subnum>
<descript><para></para></descript></srecord></srchin></subclass>
<subclass subnum = "43" id = "C232S043000">
<sctitle>Funnel filler:</sctitle>
<parent ref = "C232S041000" doc = "Class232.sgm">subclass 41</parent>
<scdesc>Wherein the milk is poured in through a chute, tube, or
funnel.</scdesc></subclass>
<subclass subnum = "43.1" id = "C232S043100">
<sctitle>SEPARATE INLET AND OUTLET OPENINGS:</sctitle>
<parent ref = "C232S000000" doc = "Class232.sgm">the class definition</parent>
<scdesc>Receptacles having separate restricted openings for deposit
and collection, respectively.</scdesc>
<notes><note1 notenum = "(1)">
<para>Note. &ldquo;Restricted openings&rdquo; include openings
structurally modified in such a manner as to render removal of deposited
material difficult or impossible without removal of a closure or
some act other than mere gravity flow (through an open outlet) or
dumping. Receptacles having unrestricted open tops for receiving
material are specifically excluded and are to be found in the appropriate receptacle
class.</para></note1>
<note1 notenum = "(2)">
<para>Note. In the patents classified in subclasses this and the
indented subclasses, removal (collection) is always from an opening
other than the receiving (deposit) opening.</para></note1>
<note1 notenum = "(3)">
<para>Note. Plural receptacles under the class definition for general
purposes and such receptacles combined with accessory devices, except
those specifically provided for in the subclasses indented under
this subclass, are in subclass 1 of this class. Where one of the
plural receptacles is an article dispenser of the type provided
for in Class 221, classification is in Class 221, in subclasses
92&plus;, particular attention being directed to subclass 102
which provides for article dispensing devices combined with structure defining
a separate receptacle for receiving used articles.</para></note1>
<note1 notenum = "(4)">
<para>Note. Structures within the scope of the definition of this
subclass are classified in subclasses 2 to 43 of this class when the
function disclosed is in accordance with the definitions of such
subclasses. Accordingly, any search made in subclasses 43.1&plus; should
be completed by search in appropriate preceding subclasses.</para></note1></notes>
<srchout>
<crecord><classnum ref = "C220S000000" doc = "Class220.sgm">220</classnum>
<subref><clstitle>Receptacles</clstitle>
<pretext></pretext>
<subnum range = "p" ref = "C220S200000" doc = "Class220.sgm">200</subnum></subref>
<descript><para>, for container closures.</para></descript></crecord>
<crecord><classnum ref = "C222S000000" doc = "Class222.sgm">222</classnum>
<subref><clstitle>Dispensing</clstitle>
<pretext></pretext>
<subnum range = "p" ref = "C222S481000" doc = "Class222.sgm">481</subnum></subref>
<descript><para>, for dispensing containers having plural openings
and closures therefor. Also subclass 544 for dispensing containers having
flow controllers or closures.</para></descript></crecord></srchout></subclass>
<subclass subnum = "43.2" id = "C232S043200">
<sctitle>With removable receiving chamber:</sctitle>
<parent ref = "C232S043100" doc = "Class232.sgm">subclass 43.1</parent>
<scdesc>Receptacles having a removable collection chamber for the
deposited matter.</scdesc>
<notes><note1 notenum = "(1)">
<para>Note. A terminal chamber for collecting deposited material
and removable for dumping, is a restricted outlet opening within
the definition of subclass 43.1.</para></note1></notes>
<srchout>
<crecord><classnum ref = "C131S000000" doc = "Class131.sgm">131</classnum>
<subref><clstitle>Tobacco</clstitle>
<pretext></pretext>
<subnum range = "p" ref = "C131S231000" doc = "Class131.sgm">231</subnum></subref>
<descript><para>, for such receptacles combined with tobacco users&quot; appliances.</para></descript></crecord>
<crecord><classnum ref = "C220S000000" doc = "Class220.sgm">220</classnum>
<subref><clstitle>Receptacles</clstitle>
<pretext></pretext>
<subnum range = "p" ref = "C220S501000" doc = "Class220.sgm">501</subnum></subref>
<descript><para>, for compartmented receptacles providing for the
dumping of material from one compartment to another, as exemplified
by the ash receiving receptacle of a smoker&quot;s stand.</para></descript></crecord></srchout></subclass>
<subclass subnum = "43.3" id = "C232S043300">
<sctitle>With means for moving the deposited matter within the receptacle:</sctitle>
<parent ref = "C232S043100" doc = "Class232.sgm">subclass 43.1</parent>
<scdesc>Receptacles having structure associated with the receptacle
or the closures thereof for moving the deposited matter within the
receptacle. Such motion may be a mere rotation on a rotating inner
support or a movement towards or through one of the openings.</scdesc>
<notes><note1 notenum = "(1)">
<para>Note. This subclass includes trap type closure structures
only when the trap supports the deposited matter while it remains
in the receptacle.</para></note1></notes></subclass>
<subclass subnum = "43.4" id = "C232S043400">
<sctitle>With horizontally aligned inlet and outlet openings:</sctitle>
<parent ref = "C232S043100" doc = "Class232.sgm">subclass 43.1</parent>
<scdesc>Receptacles having horizontally aligned inlet and outlet
openings. Various internal structures as interlocking closures,
signals and supporting shelves are included. This subclass includes door
service cabinets and wall panel type deposit and collection receptacles
but is not limited thereto.</scdesc>
<srchout>
<crecord><classnum ref = "C052S000000" doc = "Class052.sgm">52</classnum>
<subref><clstitle>Static Structures (e.g., Buildings)</clstitle>
<pretext></pretext>
<subnum range = "p" ref = "C052S027000" doc = "Class052.sgm">27</subnum></subref>
<descript><para> for a residual specific building structure combined
with a disparate article or a support thereof, particularly subclass
36.4 for such structure and a shelf.</para></descript></crecord></srchout></subclass>
<subclass subnum = "43.5" id = "C232S043500">
<sctitle>With support:</sctitle>
<parent ref = "C232S043100" doc = "Class232.sgm">subclass 43.1</parent>
<scdesc>Receptacles having means to support the receptacle.</scdesc>
<notes><note1 notenum = "(1)">
<para>Note. Patents disclosing and claiming supporting means and
falling within the definitions of subclasses preceding and coordinate
with this subclass have been cross-referenced here when the disclosure
includes a significant relationship between such supporting means
and other receptacle structure.</para></note1></notes>
<srchout>
<crecord><classnum ref = "C222S000000" doc = "Class222.sgm">222</classnum>
<subref><clstitle>Dispensing</clstitle>
<pretext></pretext>
<subnum range = "p" ref = "C222S173000" doc = "Class222.sgm">173</subnum></subref>
<descript><para>, for dispensing containers having support structures.</para></descript></crecord>
<crecord><classnum ref = "C248S000000" doc = "Class248.sgm">248</classnum>
<subref><clstitle>Supports</clstitle>
<pretext></pretext></subref>
<descript><para>in appropriate subclasses, for support structure,
per se.</para></descript></crecord></srchout></subclass>
<subclass subnum = "44" id = "C232S044000">
<sctitle>CLOSURES AND CHUTES:</sctitle>
<parent ref = "C232S000000" doc = "Class232.sgm">the class definition</parent>
<scdesc>Subject matter wherein constructions of the passages, traps,
or chutes through which letters, packages, coins or tokens pass
between the point of insertion and the receiving box. There are
included also covers, flaps, and doors for the inlet and outlet
openings, operating means for these or for the traps, and body construction
in so far as it forms the chute or permits inspection of the same.</scdesc>
<notes><note1 notenum = "(1)">
<para>Note. To complete this search, see the Search Class note below.</para></note1></notes>
<srchout>
<crecord><classnum ref = "C109S000000" doc = "Class109.sgm">109</classnum>
<subref><clstitle>Safes, Bank Protection, or a Related Device</clstitle>
<pretext></pretext>
<subnum range = "s" ref = "C109S066000" doc = "Class109.sgm">66</subnum></subref>
<descript><para> to complete the search for the above subject matter.</para></descript></crecord></srchout></subclass>
<subclass subnum = "45" id = "C232S045000">
<sctitle>Letter box:</sctitle>
<parent ref = "C232S044000" doc = "Class232.sgm">subclass 44</parent>
<scdesc>Inventions particularly adapted to letter box use.</scdesc>
<srchin>
<srecord><subnum ref = "C232S036000" doc = "Class232.sgm">36</subnum>
<descript><para></para></descript></srecord></srchin></subclass>
<subclass subnum = "46" id = "C232S046000">
<sctitle>Nameplate:</sctitle>
<parent ref = "C232S045000" doc = "Class232.sgm">subclass 45</parent>
<scdesc>The nameplate is so formed as to combine therewith a mail
chute. The plate usually forms the cover of the chute.</scdesc></subclass>
<subclass subnum = "47" id = "C232S047000">
<sctitle>Pivoted trap:</sctitle>
<parent ref = "C232S045000" doc = "Class232.sgm">subclass 45</parent>
<scdesc>A pivoted plate, pocket, or other holder receives the mail
and by its movement causes or permits the passage of such mail into
the body of the box. The flap or door usually cooperates with the
trap to prevent unauthorized access to the contents.</scdesc>
<srchin>
<srecord><subnum ref = "C232S057000" doc = "Class232.sgm">57</subnum>
<descript><para></para></descript></srecord></srchin></subclass>
<subclass subnum = "48" id = "C232S048000">
<sctitle>Double:</sctitle>
<parent ref = "C232S047000" doc = "Class232.sgm">subclass 47</parent>
<scdesc>The closing means consists of two cooperating traps, each
covering a part (usually half) of the opening.</scdesc></subclass>
<subclass subnum = "49" id = "C232S049000">
<sctitle>Pocket:</sctitle>
<parent ref = "C232S047000" doc = "Class232.sgm">subclass 47</parent>
<scdesc>The trap encloses or partly encloses the mail matter.</scdesc></subclass>
<subclass subnum = "50" id = "C232S050000">
<sctitle>Bottomless:</sctitle>
<parent ref = "C232S049000" doc = "Class232.sgm">subclass 49</parent>
<scdesc>Subject matter wherein these pockets are themselves in the
nature of chutes. The cylindrical casing within which they turn
acts as a bottom or end during a portion of the movement. One end
is sometimes closed; but in that case the mail is not supported
by this end.</scdesc></subclass>
<subclass subnum = "51" id = "C232S051000">
<sctitle>Integral door:</sctitle>
<parent ref = "C232S049000" doc = "Class232.sgm">subclass 49</parent>
<scdesc>The door is rigid with the pocket.</scdesc></subclass>
<subclass subnum = "52" id = "C232S052000">
<sctitle>Turnstile:</sctitle>
<parent ref = "C232S047000" doc = "Class232.sgm">subclass 47</parent>
<scdesc>The trap is in the form of a turnstile.</scdesc>
<srchin>
<srecord><subnum ref = "C232S061000" doc = "Class232.sgm">61</subnum>
<descript><para></para></descript></srecord></srchin></subclass>
<subclass subnum = "53" id = "C232S053000">
<sctitle>Discharge:</sctitle>
<parent ref = "C232S045000" doc = "Class232.sgm">subclass 45</parent>
<scdesc>Subject matter having constructions of the door or bottom
intended to facilitate the withdrawal of mail matter from the box.</scdesc>
<srchin>
<srecord><subnum ref = "C232S015000" doc = "Class232.sgm">15</subnum>
<descript><para>16 and 30&plus;.</para></descript></srecord></srchin></subclass>
<subclass subnum = "54" id = "C232S054000">
<sctitle>Guard fingers:</sctitle>
<parent ref = "C232S045000" doc = "Class232.sgm">subclass 45</parent>
<scdesc>Points or sharp edged strips project into the chute, guiding
the mail matter and preventing its abstraction through the chute
mouth.</scdesc>
<srchin>
<srecord><subnum ref = "C232S063000" doc = "Class232.sgm">63</subnum>
<descript><para></para></descript></srecord></srchin></subclass>
<subclass subnum = "55" id = "C232S055000">
<sctitle>Coin trap:</sctitle>
<parent ref = "C232S044000" doc = "Class232.sgm">subclass 44</parent>
<scdesc>Traps are movable rests, stops, or holders which temporarily
retain coins, etc., within the chute and which by their movement
discharge the coins upon another trap or into the receiver.</scdesc></subclass>
<subclass subnum = "56" id = "C232S056000">
<sctitle>Endless carrier:</sctitle>
<parent ref = "C232S055000" doc = "Class232.sgm">subclass 55</parent>
<scdesc>The carrier is in the form of an endless belt.</scdesc></subclass>
<subclass subnum = "57" id = "C232S057000">
<sctitle>Pivoted:</sctitle>
<parent ref = "C232S055000" doc = "Class232.sgm">subclass 55</parent>
<scdesc>The trap turns upon a upon a pivot.</scdesc>
<srchin>
<srecord><subnum ref = "C232S047000" doc = "Class232.sgm">47</subnum>
<descript><para></para></descript></srecord></srchin></subclass>
<subclass subnum = "57.5" id = "C232S057500">
<sctitle>Refunding:</sctitle>
<parent ref = "C232S057000" doc = "Class232.sgm">subclass 57</parent>
<scdesc>A pivoted member is so arranged that the coin may be directed
either to the cash box or to a refunding opening. These devices
are used frequently in telephone toll boxes.</scdesc></subclass>
<subclass subnum = "58" id = "C232S058000">
<sctitle>Cooperating chute closure:</sctitle>
<parent ref = "C232S057000" doc = "Class232.sgm">subclass 57</parent>
<scdesc>The operation of the trap causes or is coincident with the
closing of the chute.</scdesc></subclass>
<subclass subnum = "59" id = "C232S059000">
<sctitle>Multiple trap:</sctitle>
<parent ref = "C232S058000" doc = "Class232.sgm">subclass 58</parent>
<scdesc>Two or more traps form the cooperating means of closing
the chute. They may act together or in any predetermined order.</scdesc></subclass>
<subclass subnum = "60" id = "C232S060000">
<sctitle>Rotatable:</sctitle>
<parent ref = "C232S057000" doc = "Class232.sgm">subclass 57</parent>
<scdesc>The traps move intermittently in the same direction to bring
successive portions under the chute.</scdesc></subclass>
<subclass subnum = "61" id = "C232S061000">
<sctitle>Turnstile:</sctitle>
<parent ref = "C232S060000" doc = "Class232.sgm">subclass 60</parent>
<scdesc>The rotatable part is in the form of a turnstile.</scdesc>
<srchin>
<srecord><subnum ref = "C232S052000" doc = "Class232.sgm">52</subnum>
<descript><para></para></descript></srecord></srchin></subclass>
<subclass subnum = "62" id = "C232S062000">
<sctitle>Gravity reverse checks:</sctitle>
<parent ref = "C232S044000" doc = "Class232.sgm">subclass 44</parent>
<scdesc>Subject matter wherein removal of the contents by reversal
of a receptacle is prevented by a gravity-actuated closure or by
the action of a gravity-actuated lock, catch, or release.</scdesc></subclass>
<subclass subnum = "63" id = "C232S063000">
<sctitle>Serrated shelves:</sctitle>
<scdesc>These extend into the chute to check withdrawal of the contents
of the box. Shelves having fraud-preventive slits or other openings
in the body of the shelf are included here, as well as those notched
at the edges.</scdesc>
<srchin>
<srecord><subnum ref = "C232S054000" doc = "Class232.sgm">54</subnum>
<descript><para></para></descript></srecord></srchin></subclass>
<subclass subnum = "64" id = "C232S064000">
<sctitle>COIN DELIVERERS (E.G., FOR DUMPING INTO COLLECTOR&quot;S
HAND):</sctitle>
<parent ref = "C232S000000" doc = "Class232.sgm">the class definition</parent>
<scdesc>Devices specially designed to receive coins (as customer&quot;s
change) and having one or more movable parts which, when moved,
will cause delivery of the coins (usually into the customer&quot;s
hand).</scdesc>
<srchin>
<srecord><subnum ref = "C232S033000" doc = "Class232.sgm">33</subnum>
<descript><para>for such devices claimed in combination with a letter
box.</para></descript></srecord>
<srecord><subnum range = "p" ref = "C232S055000" doc = "Class232.sgm">55</subnum>
<descript><para>for coin traps which deliver to a second coin trap,
or receiving box.</para></descript></srecord></srchin>
<srchout>
<crecord><classnum ref = "C206S000000" doc = "Class206.sgm">206</classnum>
<subref><clstitle>Special Receptacle or Package</clstitle>
<pretext></pretext>
<subnum range = "p" ref = "C206S000800" doc = "Class206.sgm">.8</subnum></subref>
<descript><para>, for those for coins, including mats, trays, and
other receptacles specially designed to facilitate the picking up
of coins lying thereon or contained therein.</para></descript></crecord></srchout></subclass>
<subclass subnum = "65" id = "C232S065000">
<sctitle>Swingable or tiltable delivering element:</sctitle>
<parent ref = "C232S064000" doc = "Class232.sgm">subclass 64</parent>
<scdesc>Devices in which the element that causes or controls delivery
is mounted to tilt or swing.</scdesc>
<notes><note1 notenum = "(1)">
<para>Note. For example, in this subclass are trays mounted to be
tilted by the customer so that the coins will slide into his hand.</para></note1></notes></subclass>
<subclass subnum = "66" id = "C232S066000">
<sctitle>With controlled discharge outlet:</sctitle>
<parent ref = "C232S065000" doc = "Class232.sgm">subclass 65</parent>
<scdesc>Devices in which a swingable or tiltable element is moved
to either form or expose and opening through which the coin is discharged.</scdesc>
<notes><note1 notenum = "(1)">
<para>Note. For example, swingable control gates or closures, trays
set within the periphery of a counter to be tilted to a position
to discharge below the counter, etc., are here.</para></note1></notes></subclass></sclasses>
</class>
