<?xml version="1.0" encoding="UTF-8"?>
<!DOCTYPE class PUBLIC "-//USPTO//DTD Classification Definitions//EN" "xclassdef.dtd" [

<!-- Begin Document Specific Declarations -->


<!-- End Document Specific Declarations -->

]>
<?xml-stylesheet href="$STRUCTDIR\SgmlAdmin\classdef_xslt.xsl" type="text/XSL"?>












<class classnum = "196" id = "C196S000000"><title>MINERAL OILS: APPARATUS</title>
<sections><descsect>
<para>This class relates to apparatus for treating, refining, or recovering
mineral oils such as petroleum, coal tar, pitch, asphalt
or related products, not elsewhere classified. Included
specifically in this class are apparatus for dewaxing, solvent
extraction or refining of such mineral oils as well as stills designed
for mineral oil distillation and condensers peculiarly adapted and
limited to the mineral oil art.</para>
</descsect>
<scsect>
<srchout>
<crecord><classnum ref = "C015S000000" doc = "Class015.sgm">15</classnum>
<subref><clstitle>Brushing, Scrubbing, and General
Cleaning</clstitle>
<pretext></pretext>
<subnum range = "p" ref = "C015S10411" doc = "Class015.sgm">104.011</subnum></subref>
<descript><para>, 104.02 and 104.03 for implements
there provided for which are used for removing carbon and which
are not claimed as being permanently associated with the vaporizing
apparatus but may be applied to other chambers.</para></descript></crecord>
<crecord><classnum ref = "C034S000000" doc = "Class034.sgm">34</classnum>
<subref><clstitle>Drying and Gas or Vapor Contact With Solids</clstitle>
<pretext></pretext>
<subnum range = "s" ref = "C034S072000" doc = "Class034.sgm">72</subnum></subref>
<descript><para> for apparatus therein provided for combined with
means to recover vapors or other substances from gases.</para></descript></crecord>
<crecord><classnum ref = "C048S000000" doc = "Class048.sgm">48</classnum>
<subref><clstitle>Gas: Heating and Illuminating</clstitle>
<pretext></pretext></subref>
<descript><para>appropriate subclass for apparatus for converting
mineral oil to gases (e.g., by
cracking).</para></descript></crecord>
<crecord><classnum ref = "C062S000000" doc = "Class062.sgm">62</classnum>
<subref><clstitle>Refrigeration</clstitle>
<pretext>particularly </pretext>
<subnum range = "r" ref = "C062S093000" doc = "Class062.sgm">93</subnum></subref>
<descript><para>, 272, and 900 for processes and
apparatus for separating vapors from gases by refrigeration.</para></descript></crecord>
<crecord><classnum ref = "C096S000000" doc = "Class096.sgm">96</classnum>
<subref><clstitle>Gas Separation: Apparatus</clstitle>
<pretext></pretext></subref>
<descript><para>for apparatus for gas separation, in general, even
though disclosed or claimed for separating mineral oil vapors from
hydrocarbon gases or combined with broadly recited means for recovering
the mineral oil after separation.</para></descript></crecord>
<crecord><classnum ref = "C100S000000" doc = "Class100.sgm">100</classnum>
<subref><clstitle>Presses</clstitle>
<pretext>appropriate subclasses for presses not elsewhere provided
for and particularly </pretext>
<subnum range = "s" ref = "C100S104000" doc = "Class100.sgm">104</subnum></subref>
<descript><para> for presses with drain means for expressed liquid.</para></descript></crecord>
<crecord><classnum ref = "C110S000000" doc = "Class110.sgm">110</classnum>
<subref><clstitle>Furnaces</clstitle>
<pretext></pretext></subref>
<descript><para>for miscellaneous furnace structure.</para></descript></crecord>
<crecord><classnum ref = "C122S000000" doc = "Class122.sgm">122</classnum>
<subref><clstitle>Liquid Heaters and Vaporizers</clstitle>
<pretext></pretext></subref>
<descript><para>appropriate subclass for liquid heaters and vaporizers
of general application.</para></descript></crecord>
<crecord><classnum ref = "C137S000000" doc = "Class137.sgm">137</classnum>
<subref><clstitle>Fluid Handling</clstitle>
<pretext>for fluid feeding and handling not elsewhere provided for, particularly </pretext>
<subnum range = "s" ref = "C137S386000" doc = "Class137.sgm">386</subnum></subref>
<descript><para> for liquid level responsive flow control.</para></descript></crecord>
<crecord><classnum ref = "C159S000000" doc = "Class159.sgm">159</classnum>
<subref><clstitle>Concentrating Evaporators</clstitle>
<pretext></pretext></subref>
<descript><para>for pertinent subclass(es) as
determined by schedule review.</para></descript></crecord>
<crecord><classnum ref = "C165S000000" doc = "Class165.sgm">165</classnum>
<subref><clstitle>Heat Exchange</clstitle>
<pretext></pretext></subref>
<descript><para>appropriate subclasses for a heat exchanger not
limited to the mineral oil art.</para></descript></crecord>
<crecord><classnum ref = "C166S000000" doc = "Class166.sgm">166</classnum>
<subref><clstitle>Wells</clstitle>
<pretext></pretext></subref>
<descript><para>appropriate subclass for apparatus for treating
oil or oil bearing mineral while in the ground.</para></descript></crecord>
<crecord><classnum ref = "C201S000000" doc = "Class201.sgm">201</classnum>
<subref><clstitle>Distillation: Processes, Thermolytic</clstitle>
<pretext></pretext></subref>
<descript><para>appropriate subclasses for a process of producing
coke from solid carbonaceous material and a mineral oil distillate.</para></descript></crecord>
<crecord><classnum ref = "C202S000000" doc = "Class202.sgm">202</classnum>
<subref><clstitle>Distillation: Apparatus</clstitle>
<pretext></pretext></subref>
<descript><para>appropriate subclass for apparatus involving distillation
of general utility or which may be used to treat mineral oils among
other materials. Also apparatus for distilling solid carbonaceous
materials is found in Class 202.</para></descript></crecord>
<crecord><classnum ref = "C203S000000" doc = "Class203.sgm">203</classnum>
<subref><clstitle>Distillation: Processes, Separatory</clstitle>
<pretext></pretext></subref>
<descript><para>appropriate subclass, for a process involving
distillation of general utility or which may treat mineral oils
among other materials.</para></descript></crecord>
<crecord><classnum ref = "C204S000000" doc = "Class204.sgm">204</classnum>
<subref><clstitle>Chemistry: Electrical and Wave Energy</clstitle>
<pretext></pretext></subref>
<descript><para>appropriate subclass for apparatus for treating mineral
oils involving more than the mere thermal effects of the electrical
or wave energy.</para></descript></crecord>
<crecord><classnum ref = "C208S000000" doc = "Class208.sgm">208</classnum>
<subref><clstitle>Mineral Oils: Processes and Products</clstitle>
<pretext></pretext></subref>
<descript><para>for processes of treating, refining or
recovering mineral oils and for mineral oil products.</para></descript></crecord>
<crecord><classnum ref = "C210S000000" doc = "Class210.sgm">210</classnum>
<subref><clstitle>Liquid Purification or Separation</clstitle>
<pretext></pretext></subref>
<descript><para>for processes and apparatus for separating liquids including
mineral oils involving no chemical treatment of the mineral oil.</para></descript></crecord>
<crecord><classnum ref = "C219S000000" doc = "Class219.sgm">219</classnum>
<subref><clstitle>Electric Heating</clstitle>
<pretext></pretext></subref>
<descript><para>for electric heaters which may be used for heating
oil.</para></descript></crecord>
<crecord><classnum ref = "C236S000000" doc = "Class236.sgm">236</classnum>
<subref><clstitle>Automatic Temperature and Humidity Regulation</clstitle>
<pretext></pretext></subref>
<descript><para>appropriate subclasses, for means for automatically
maintaining desired temperatures or humidity.</para></descript></crecord>
<crecord><classnum ref = "C366S000000" doc = "Class366.sgm">366</classnum>
<subref><clstitle>Agitating</clstitle>
<pretext></pretext></subref>
<descript><para>for means to cause fluid materials to be commingled.</para></descript></crecord>
<crecord><classnum ref = "C261S000000" doc = "Class261.sgm">261</classnum>
<subref><clstitle>Gas and Liquid Contact Apparatus</clstitle>
<pretext></pretext></subref>
<descript><para>appropriate subclasses for gas-liquid scrubbing
devices.</para></descript></crecord>
<crecord><classnum ref = "C299S000000" doc = "Class299.sgm">299</classnum>
<subref><clstitle>Mining or In Situ Disintegration of Hard Material</clstitle>
<pretext></pretext></subref>
<descript><para>for a process or apparatus for treating oil or oil
bearing minerals while in situ in a tunnel or excavation.</para></descript></crecord>
<crecord><classnum ref = "C422S000000" doc = "Class422.sgm">422</classnum>
<subref><clstitle>Chemistry Apparatus and Process Disinfecting, Deodorizing, Preserving
or Sterilizing</clstitle>
<pretext></pretext>
<subnum range = "r" ref = "C422S256000" doc = "Class422.sgm">256</subnum></subref>
<descript><para> and 261 for extracting apparatus; and
subclasses 171, 177, 631-638, and
211 for catalytic apparatus.</para></descript></crecord>
<crecord><classnum ref = "C431S000000" doc = "Class431.sgm">431</classnum>
<subref><clstitle>Combustion</clstitle>
<pretext></pretext></subref>
<descript><para>appropriate subclass for residual combustion apparatus.</para></descript></crecord>
<crecord><classnum ref = "C435S000000" doc = "Class435.sgm">435</classnum>
<subref><clstitle>Chemistry: Molecular Biology and Microbiology</clstitle>
<pretext></pretext></subref>
<descript><para>appropriate subclass for apparatus specialized for
use in making, separating, or purifying mineral
oils or hydrocarbons by operations that include fermentations.</para></descript></crecord>
<crecord><classnum ref = "C494S000000" doc = "Class494.sgm">494</classnum>
<subref><clstitle>Imperforate Bowl: Centrifugal Separators</clstitle>
<pretext></pretext></subref>
<descript><para>appropriate subclasses, for apparatus for
breaking up a mixture of fluids or fluent substances into two or
more components by centrifuging within a generally solid-walled, receptacle-like member.</para></descript></crecord>
<crecord><classnum ref = "C516S000000" doc = "Class516.sgm">516</classnum>
<subref><clstitle>Colloid Systems and Wetting Agents; Subcombinations
Thereof; Processes of Making, Stabilizing, Breaking, or
Inhibiting</clstitle>
<pretext></pretext>
<subnum range = "p" ref = "C516S135000" doc = "Class516.sgm">135</subnum></subref>
<descript><para> for processes of or compositions for or subcombination
compositions for the breaking of or inhibiting of emulsion colloid
systems, when generically claimed or when there is no hierarchically
superior provision in the USPC for the specifically claimed art, including breaking
petroleum emulsion when there is no additional treatment of the
petroleum.</para></descript></crecord>
<crecord><classnum ref = "C585S000000" doc = "Class585.sgm">585</classnum>
<subref><clstitle>Chemistry of Hydrocarbon Compounds</clstitle>
<pretext></pretext></subref>
<descript><para>appropriate subclasses for processes of preparing, recovering
or purifying hydrocarbons of known composition.</para></descript></crecord></srchout>
</scsect></sections>

<sclasses><subclass subnum="14.5" id="C196S014500"><sctitle>DEWAXING:</sctitle><parent ref="C196S000000" doc="Class196.sgm">the class definition</parent><scdesc>Apparatus for separating wax from a petroleum oil to either
recover the wax or purify the oil.</scdesc><notes><note1 notenum="(1)"><para>Note. Most of the patents in this subclass include apparatus
for solvent treating the oil combined with some additional step such
as chilling, or apparatus for sweating the oil out of the wax.</para></note1></notes><srchin><srecord><subnum ref="C196S014520" doc="Class196.sgm">14.52</subnum><descript><para>for apparatus for separating mineral oils by solvent
extraction. Apparatus for separation of wax from mineral oil by
solvent extraction is in this subclass (14.5).</para></descript></srecord><srecord><subnum ref="C196S046000" doc="Class196.sgm">46</subnum><descript><para>for apparatus for separating impurities or nonmineral
materials from mineral oils.</para></descript></srecord></srchin><srchout><crecord><classnum ref="C062S000000" doc="Class062.sgm">62</classnum><subref><clstitle>Refrigeration</clstitle><pretext></pretext></subref><descript><para>appropriate subclass, for refrigeration processes
and apparatus even though employed for separating wax from mineral
oil.</para></descript></crecord><crecord><classnum ref="C100S000000" doc="Class100.sgm">100</classnum><subref><clstitle>Presses</clstitle><pretext>appropriate subclasses, for presses not elsewhere provided
for. Note particularly </pretext><subnum range="s" ref="C100S104000" doc="Class100.sgm">104</subnum></subref><descript><para> for presses having a drain duct or channel for
liquid expressed from the material pressed.</para></descript></crecord><crecord><classnum ref="C208S000000" doc="Class208.sgm">208</classnum><subref><clstitle>Mineral Oils: Processes and Products</clstitle><pretext></pretext><subnum range="s" ref="C208S024000" doc="Class208.sgm">24</subnum></subref><descript><para> for processes of separating paraffin waxes from
mineral oils.</para></descript></crecord><crecord><classnum ref="C210S000000" doc="Class210.sgm">210</classnum><subref><clstitle>Liquid Purification or Separation</clstitle><pretext>appropriate subclasses, especially </pretext><subnum range="r" ref="C210S175000" doc="Class210.sgm">175</subnum></subref><descript><para> and 774 for separating processes and apparatus
involving the use of heaters or coolers.</para></descript></crecord><crecord><classnum ref="C494S000000" doc="Class494.sgm">494</classnum><subref><clstitle>Imperforate Bowl: Centrifugal Separators</clstitle><pretext></pretext></subref><descript><para>appropriate subclasses for a separator of that class,
as explained is the search note to that class appearing in the definition
of this class (196).</para></descript></crecord></srchout></subclass><subclass subnum="14.52" id="C196S014520"><sctitle>SOLVENT EXTRACTION:</sctitle><parent ref="C196S000000" doc="Class196.sgm">the class definition</parent><scdesc>Apparatus especially adapted for the solvent extraction
of mineral oils.</scdesc><notes><note1 notenum="(1)"><para>Note. The apparatus classified herein is adapted to the separation
of mineral oils of natural origin into its component fractions as
well as the separation of undesirable nonmineral oil components
from mineral oils by use of solvents.</para></note1></notes><srchin><srecord><subnum ref="C196S014520" doc="Class196.sgm">14.52</subnum><descript><para>for apparatus for dewaxing mineral oils which may
be by solvent extraction.</para></descript></srecord><srecord><subnum ref="C196S046000" doc="Class196.sgm">46</subnum><descript><para>for apparatus for refining mineral oils by reacting
with chemicals to separate nonmineral oil components therefrom.</para></descript></srecord></srchin><srchout><crecord><classnum ref="C208S000000" doc="Class208.sgm">208</classnum><subref><clstitle>Mineral Oils: Processes and Products</clstitle><pretext></pretext><subnum range="s" ref="C208S311000" doc="Class208.sgm">311</subnum></subref><descript><para> for processes of extracting mineral oils with solvents.</para></descript></crecord><crecord><classnum ref="C422S000000" doc="Class422.sgm">422</classnum><subref><clstitle>Chemical Apparatus and Process Disinfecting, Deodorizing,
Preserving, or Sterilizing</clstitle><pretext></pretext><subnum range="p" ref="C422S255000" doc="Class422.sgm">255</subnum></subref><descript><para> for extraction apparatus in general.</para></descript></crecord></srchout></subclass><subclass subnum="46" id="C196S046000"><sctitle>REFINING:</sctitle><parent ref="C196S000000" doc="Class196.sgm">the class definition</parent><scdesc>Apparatus peculiarly adapted for the separation of impurities
or nonmineral oil components from mineral oils.</scdesc><notes><note1 notenum="(1)"><para>Note. The apparatus classified herein provides for the most
part for apparatus for treating mineral oils with chemicals to separate
or remove nonmineral oil components therefrom.</para></note1></notes><srchin><srecord><subnum ref="C196S014500" doc="Class196.sgm">14.5</subnum><descript><para>for apparatus used to dewax mineral oils.</para></descript></srecord><srecord><subnum ref="C196S014520" doc="Class196.sgm">14.52</subnum><descript><para>for apparatus specially adapted to extract mineral
oils with solvents.</para></descript></srecord></srchin><srchout><crecord><classnum ref="C062S000000" doc="Class062.sgm">62</classnum><subref><clstitle>Refrigeration</clstitle><pretext></pretext></subref><descript><para>appropriate subclass, for apparatus for refining
by refrigeration alone.</para></descript></crecord><crecord><classnum ref="C096S000000" doc="Class096.sgm">96</classnum><subref><clstitle>Gas Separation: Apparatus</clstitle><pretext></pretext></subref><descript><para>for apparatus for gas separation.</para></descript></crecord><crecord><classnum ref="C201S000000" doc="Class201.sgm">201</classnum><subref><clstitle>Distillation: Processes, Thermolytic</clstitle><pretext></pretext></subref><descript><para>appropriate subclass, for a thermolytic distillation
process including recovery of oil.</para></descript></crecord><crecord><classnum ref="C202S000000" doc="Class202.sgm">202</classnum><subref><clstitle>Distillation: Apparatus</clstitle><pretext></pretext></subref><descript><para>for apparatus for separating components of a nonmineral
oil mixture by distillation.</para></descript></crecord><crecord><classnum ref="C203S000000" doc="Class203.sgm">203</classnum><subref><clstitle>Distillation: Processes, Separatory</clstitle><pretext></pretext></subref><descript><para>appropriate subclass, for a process of separating
components of a nonmineral oil mixture by distillation.</para></descript></crecord><crecord><classnum ref="C208S000000" doc="Class208.sgm">208</classnum><subref><clstitle>Mineral Oils: Processes and Products</clstitle><pretext></pretext><subnum range="s" ref="C208S177000" doc="Class208.sgm">177</subnum></subref><descript><para> for processes of refining mineral oils.</para></descript></crecord><crecord><classnum ref="C210S000000" doc="Class210.sgm">210</classnum><subref><clstitle>Liquid Purification or Separation</clstitle><pretext></pretext></subref><descript><para>appropriate subclass for processes and apparatus
for purifying nonmineral oil liquids and for filters and decanting devices.</para></descript></crecord><crecord><classnum ref="C261S000000" doc="Class261.sgm">261</classnum><subref><clstitle>Gas and Liquid Contact Apparatus</clstitle><pretext></pretext></subref><descript><para>appropriate subclass, for gas-liquid scrubbing devices.</para></descript></crecord><crecord><classnum ref="C422S000000" doc="Class422.sgm">422</classnum><subref><clstitle>Chemical Apparatus and Process Disinfecting, Deodorizing,
Preserving, or Sterilizing</clstitle><pretext></pretext><subnum range="s" ref="C422S252000" doc="Class422.sgm">252</subnum></subref><descript><para> for chemical apparatus in general.</para></descript></crecord><crecord><classnum ref="C494S000000" doc="Class494.sgm">494</classnum><subref><clstitle>Imperforate Bowl: Centrifugal Separators</clstitle><pretext></pretext></subref><descript><para>appropriate subclasses, for a separator of that
class, as explained in the search note to that class appearing in
the definition of this class (196).</para></descript></crecord></srchout></subclass><subclass subnum="46.1" id="C196S046100"><sctitle>With filtration:</sctitle><parent ref="C196S046000" doc="Class196.sgm">subclass 46</parent><scdesc>Apparatus which also includes filtering means.</scdesc><srchout><crecord><classnum ref="C210S000000" doc="Class210.sgm">210</classnum><subref><clstitle>Liquid Purification or Separation</clstitle><pretext></pretext></subref><descript><para>for filters and for processes of filtering mineral
oil, per se.</para></descript></crecord></srchout></subclass><subclass subnum="98" id="C196S098000"><sctitle>COMBINED VAPORIZING AND CONDENSING:</sctitle><parent ref="C196S000000" doc="Class196.sgm">the class definition</parent><scdesc>Apparatus comprising the combination of a vaporizer and
a condenser where that apparatus is peculiar to the art of mineral-oil
distillation.</scdesc><srchout><crecord><classnum ref="C202S000000" doc="Class202.sgm">202</classnum><subref><clstitle>Distillation: Apparatus</clstitle><pretext></pretext></subref><descript><para>for similar apparatus for distilling other materials.</para></descript></crecord><crecord><classnum ref="C208S000000" doc="Class208.sgm">208</classnum><subref><clstitle>Mineral Oils: Processes and Products</clstitle><pretext></pretext><subnum range="r" ref="C208S092000" doc="Class208.sgm">92</subnum></subref><descript><para>, 100 and 347 for mineral oil distillation processes.</para></descript></crecord></srchout></subclass><subclass subnum="99" id="C196S099000"><sctitle>Condensate returned to vaporizer:</sctitle><parent ref="C196S098000" doc="Class196.sgm">subclass 98</parent><scdesc>The combination of a vaporizer with a condenser, usually
a dephlegmator or fractionating column, provided with means for
returning part or all of the condensate from the condenser to the
vaporizer.</scdesc><srchin><srecord><subnum ref="C196S139000" doc="Class196.sgm">139</subnum><descript><para>for dephlegmator or fractionating columns alone.</para></descript></srecord></srchin><srchout><crecord><classnum ref="C201S000000" doc="Class201.sgm">201</classnum><subref><clstitle>Distillation: Processes</clstitle><pretext>Thermolytic </pretext><subnum range="s" ref="C201S029000" doc="Class201.sgm">29</subnum></subref><descript><para>, for a thermolytic distillation process including
the step of returning a volatile to the carbonization zone.</para></descript></crecord><crecord><classnum ref="C202S000000" doc="Class202.sgm">202</classnum><subref><clstitle>Distillation: Apparatus</clstitle><pretext></pretext><subnum range="s" ref="C202S152000" doc="Class202.sgm">152</subnum></subref><descript><para>, for separatory distillation apparatus including
the combination of a vaporizer, a condenser and means for returning
at least a part of the condensate from the condenser to the vaporizer.</para></descript></crecord><crecord><classnum ref="C203S000000" doc="Class203.sgm">203</classnum><subref><clstitle>Distillation: Processes, Separatory</clstitle><pretext></pretext><subnum range="r" ref="C203S075000" doc="Class203.sgm">75</subnum></subref><descript><para>, 78, 82, 84, 93, 97, and 98, for a separatory distillation
process including the step of returning a condensate to a distillation
zone.</para></descript></crecord></srchout></subclass><subclass subnum="100" id="C196S100000"><sctitle>Columns:</sctitle><parent ref="C196S099000" doc="Class196.sgm">subclass 99</parent><scdesc>Fractionating columns provided with heating means for causing
vaporization of the liquid-mineral-oil- feeding stock.</scdesc><srchin><srecord><subnum ref="C196S139000" doc="Class196.sgm">139</subnum><descript><para>for columns which are heated merely by hot vapors
that are treated and which are generated in a separate vaporizer.</para></descript></srecord></srchin><srchout><crecord><classnum ref="C202S000000" doc="Class202.sgm">202</classnum><subref><clstitle>Distillation: Apparatus</clstitle><pretext>appropriate subclasses, particularly </pretext><subnum range="s" ref="C202S153000" doc="Class202.sgm">153</subnum></subref><descript><para>, for separatory distillation apparatus including
association of still and fractionating column.</para></descript></crecord><crecord><classnum ref="C260S000000" doc="Class260.sgm">260</classnum><subref><clstitle>Chemistry of Carbon Compounds</clstitle><pretext></pretext></subref><descript><para>appropriate subclasses.</para></descript></crecord></srchout></subclass><subclass subnum="102" id="C196S102000"><sctitle> Condenser or collector in vaporizer:</sctitle><parent ref="C196S098000" doc="Class196.sgm">subclass 98</parent><scdesc>Vaporizing apparatus containing some means for causing condensation
within the vaporizer or for collecting condensate formed within
the condenser.</scdesc></subclass><subclass subnum="103" id="C196S103000"><sctitle>Heads:</sctitle><parent ref="C196S098000" doc="Class196.sgm">subclass 98</parent><scdesc>Vaporizing apparatus having heads or domes that are provided
with means for condensing, filtering, or otherwise treating vapors
from the vaporizer.</scdesc><srchout><crecord><classnum ref="C122S000000" doc="Class122.sgm">122</classnum><subref><clstitle>Liquid Heaters and Vaporizers</clstitle><pretext></pretext><subnum range="s" ref="C122S508000" doc="Class122.sgm">508</subnum></subref><descript><para>.</para></descript></crecord><crecord><classnum ref="C159S000000" doc="Class159.sgm">159</classnum><subref><clstitle>Concentrating Evaporators</clstitle><pretext></pretext><subnum range="s" ref="C159S031000" doc="Class159.sgm">31</subnum></subref><descript><para>.</para></descript></crecord><crecord><classnum ref="C165S000000" doc="Class165.sgm">165</classnum><subref><clstitle>Heat Exchange</clstitle><pretext></pretext></subref><descript><para>appropriate subclasses for a heat exchanger not
limited to the mineral oil art.</para></descript></crecord></srchout></subclass><subclass subnum="104" id="C196S104000"><sctitle>VAPORIZING:</sctitle><parent ref="C196S000000" doc="Class196.sgm">the class definition</parent><scdesc>Vaporizing apparatus peculiarly designed for use in the
distillation of mineral oils.</scdesc><srchout><crecord><classnum ref="C048S000000" doc="Class048.sgm">48</classnum><subref><clstitle>Gas: Heating and Illuminating</clstitle><pretext></pretext></subref><descript><para>for pertinent subclass(es) as determined by schedule
review.</para></descript></crecord><crecord><classnum ref="C122S000000" doc="Class122.sgm">122</classnum><subref><clstitle>Liquid Heaters and Vaporizers</clstitle><pretext></pretext></subref><descript><para>for pertinent subclass(es) as determined by schedule
review.</para></descript></crecord><crecord><classnum ref="C159S000000" doc="Class159.sgm">159</classnum><subref><clstitle>Concentrating Evaporators</clstitle><pretext></pretext></subref><descript><para>165, Heat Exchange, appropriate subclasses, for a
heat exchanger of general application.</para></descript></crecord><crecord><classnum ref="C202S000000" doc="Class202.sgm">202</classnum><subref><clstitle>Distillation: Apparatus</clstitle><pretext></pretext><subnum range="s" ref="C202S152000" doc="Class202.sgm">152</subnum></subref><descript><para> and 232, for distillation apparatus in which the
distilland is vaporized.</para></descript></crecord><crecord><classnum ref="C203S000000" doc="Class203.sgm">203</classnum><subref><clstitle>Distillation: Processes, Separatory</clstitle><pretext></pretext></subref><descript><para>appropriate subclasses for a process of vaporizing
a liquid.</para></descript></crecord></srchout></subclass><subclass subnum="105" id="C196S105000"><sctitle>Systems:</sctitle><parent ref="C196S104000" doc="Class196.sgm">subclass 104</parent><scdesc>A plurality of interconnected mineral-oil vaporizers.</scdesc><srchin><srecord><subnum ref="C196S111000" doc="Class196.sgm">111</subnum><descript><para>for vaporizers provided with baffles.</para></descript></srecord></srchin></subclass><subclass subnum="106" id="C196S106000"><sctitle>Series stills:</sctitle><parent ref="C196S105000" doc="Class196.sgm">subclass 105</parent><scdesc>A plurality of mineral-oil vaporizers connected in series,
so that the oil being distilled passes from one vaporizer to the
next.</scdesc><srchout><crecord><classnum ref="C159S000000" doc="Class159.sgm">159</classnum><subref><clstitle>Concentrating Evaporators</clstitle><pretext></pretext><subnum range="s" ref="C159S017100" doc="Class159.sgm">17.1</subnum></subref><descript><para>.</para></descript></crecord><crecord><classnum ref="C202S000000" doc="Class202.sgm">202</classnum><subref><clstitle>Distillation: Apparatus</clstitle><pretext></pretext><subnum range="s" ref="C202S173000" doc="Class202.sgm">173</subnum></subref><descript><para>, for a separatory distillation system having a
plurality of stills in series.</para></descript></crecord><crecord><classnum ref="C203S000000" doc="Class203.sgm">203</classnum><subref><clstitle>Distillation: Processes, Separatory</clstitle><pretext></pretext><subnum range="s" ref="C203S071000" doc="Class203.sgm">71</subnum></subref><descript><para>, for a separatory distillation process including
a series of distillation steps.</para></descript></crecord><crecord><classnum ref="C208S000000" doc="Class208.sgm">208</classnum><subref><clstitle>Mineral Oils: Processes and Products</clstitle><pretext></pretext><subnum range="s" ref="C208S049000" doc="Class208.sgm">49</subnum></subref><descript><para> and subclass 350 for processes including plural
serial stages of mineral oil conversions or distillations, respectively.</para></descript></crecord></srchout></subclass><subclass subnum="107" id="C196S107000"><sctitle>Tube and drum:</sctitle><parent ref="C196S104000" doc="Class196.sgm">subclass 104</parent><scdesc>Vaporizing compressing heating tubes or coils for heating
the mineral-oil and a drum or expansion chamber connected to the
tube or drum. An expansion valve may or may not be placed between
the tube and drum, and the drum may or may not be heated.</scdesc><srchin><srecord><subnum ref="C196S110000" doc="Class196.sgm">110</subnum><descript><para>for tubular vaporizers.</para></descript></srecord></srchin><srchout><crecord><classnum ref="C122S000000" doc="Class122.sgm">122</classnum><subref><clstitle>Liquid Heaters and Vaporizers</clstitle><pretext></pretext><subnum range="r" ref="C122S040000" doc="Class122.sgm">40</subnum></subref><descript><para> and 235.11&plus;.</para></descript></crecord><crecord><classnum ref="C159S000000" doc="Class159.sgm">159</classnum><subref><clstitle>Concentrating Evaporators</clstitle><pretext></pretext><subnum range="r" ref="C159S002100" doc="Class159.sgm"> 2.1</subnum><endnum ref="C159S002300" doc="Class159.sgm">2.3</endnum></subref><descript><para>.</para></descript></crecord><crecord><classnum ref="C208S000000" doc="Class208.sgm">208</classnum><subref><clstitle>Minerals Oils: Processes and Products</clstitle><pretext></pretext><subnum range="s" ref="C208S131000" doc="Class208.sgm">131</subnum></subref><descript><para> for processes of cracking mineral oils employing
this type of apparatus.</para></descript></crecord></srchout></subclass><subclass subnum="108" id="C196S108000"><sctitle>Cyclic circulation:</sctitle><parent ref="C196S107000" doc="Class196.sgm">subclass 107</parent><scdesc>Vaporizers, having a means for returning the oil from the
drum back to the tube for retreatment.</scdesc></subclass><subclass subnum="109" id="C196S109000"><sctitle>Drum above tube:</sctitle><parent ref="C196S108000" doc="Class196.sgm">subclass 108</parent><scdesc>Vaporizers, wherein a part at least of the drum is placed
vertically above a part of the tube.</scdesc></subclass><subclass subnum="110" id="C196S110000"><sctitle>Tubular:</sctitle><parent ref="C196S104000" doc="Class196.sgm">subclass 104</parent><scdesc>Vaporizers, for mineral-oil distillation that are tubular
and usually of comparatively small cross section.</scdesc><srchin><srecord><subnum ref="C196S107000" doc="Class196.sgm">107</subnum><descript><para>for tube and drum type of vaporizer.</para></descript></srecord></srchin></subclass><subclass subnum="111" id="C196S111000"><sctitle>With partitions:</sctitle><parent ref="C196S104000" doc="Class196.sgm">subclass 104</parent><scdesc>Vaporizers having therein one or more partitions or baffles
either placed in the vapor space to separate it into a plurality
of chambers or placed in the liquid space to cause the liquid oil to
follow a tortuous path through the vaporizer.</scdesc><srchin><srecord><subnum ref="C196S128000" doc="Class196.sgm">128</subnum><descript><para>for vaporizers having baffles to cause the oil to
flow in films.</para></descript></srecord></srchin></subclass><subclass subnum="112" id="C196S112000"><sctitle>Rotary:</sctitle><parent ref="C196S104000" doc="Class196.sgm">subclass 104</parent><scdesc>Vaporizers mounted so as to permit their rotation.</scdesc><srchout><crecord><classnum ref="C122S000000" doc="Class122.sgm">122</classnum><subref><clstitle>Liquid Heaters and Vaporizers</clstitle><pretext></pretext><subnum range="r" ref="C122S011000" doc="Class122.sgm">11</subnum></subref><descript><para> and 12.</para></descript></crecord><crecord><classnum ref="C159S000000" doc="Class159.sgm">159</classnum><subref><clstitle>Concentrating Evaporators</clstitle><pretext></pretext><subnum range="s" ref="C159S006100" doc="Class159.sgm">6.1</subnum></subref><descript><para>.</para></descript></crecord><crecord><classnum ref="C202S000000" doc="Class202.sgm">202</classnum><subref><clstitle>Distillation: Apparatus</clstitle><pretext></pretext><subnum range="s" ref="C202S238000" doc="Class202.sgm">238</subnum></subref><descript><para>, for separatory distillation apparatus in which
the still is mounted upon an axis and rotated or tilted during distillation.</para></descript></crecord></srchout></subclass><subclass subnum="114" id="C196S114000"><sctitle>Vacuum:</sctitle><parent ref="C196S104000" doc="Class196.sgm">subclass 104</parent><scdesc>Vaporizers adapted for the distillation of mineral-oils
under reduced pressure.</scdesc><srchout><crecord><classnum ref="C159S000000" doc="Class159.sgm">159</classnum><subref><clstitle>Concentrating Evaporators</clstitle><pretext></pretext><subnum range="s" ref="C159S017100" doc="Class159.sgm">17.1</subnum></subref><descript><para>.</para></descript></crecord><crecord><classnum ref="C208S000000" doc="Class208.sgm">208</classnum><subref><clstitle>Mineral Oils: Processes and Products</clstitle><pretext></pretext><subnum range="r" ref="C208S357000" doc="Class208.sgm">357</subnum></subref><descript><para> and 366 for processes of distilling mineral oil
under reduced pressure.</para></descript></crecord></srchout></subclass><subclass subnum="115" id="C196S115000"><sctitle>Special shapes:</sctitle><parent ref="C196S104000" doc="Class196.sgm">subclass 104</parent><scdesc>Vaporizers having peculiar or nonconventional shapes.</scdesc></subclass><subclass subnum="116" id="C196S116000"><sctitle>Furnaces and flues:</sctitle><parent ref="C196S104000" doc="Class196.sgm">subclass 104</parent><scdesc>The combination of a furnace with a mineral-oil vaporizer
where the combination is designed to solve a problem peculiar to
the art of mineral-oil distillation.</scdesc><srchout><crecord><classnum ref="C110S000000" doc="Class110.sgm">110</classnum><subref><clstitle>Furnaces</clstitle><pretext></pretext></subref><descript><para>for miscellaneous furnace structure alone.</para></descript></crecord><crecord><classnum ref="C122S000000" doc="Class122.sgm">122</classnum><subref><clstitle>Liquid Heaters and Vaporizers</clstitle><pretext></pretext></subref><descript><para>for the combination of furnace with a closed liquid
heater and vaporizer of general application.</para></descript></crecord><crecord><classnum ref="C126S000000" doc="Class126.sgm">126</classnum><subref><clstitle>Stoves and Furnaces</clstitle><pretext></pretext><subnum range="r" ref="C126S344000" doc="Class126.sgm">344</subnum><endnum ref="C126S363100" doc="Class126.sgm">363.1</endnum></subref><descript><para> for a liquid heater that may include a kettle,
a steam generator, stove pipe for use with a stove, a domestic water
heater or boiler (e.g., kitchen boiler, range boiler, etc.) for use
with a stove or furnace.</para></descript></crecord><crecord><classnum ref="C264S000000" doc="Class264.sgm">264</classnum><subref><clstitle>Plastic and Nonmetallic Article Shaping or Treating:
Processes</clstitle><pretext></pretext><subnum range="s" ref="C264S030000" doc="Class264.sgm">30</subnum></subref><descript><para> for furnace lining formation or repair and see
the notes thereto.</para></descript></crecord></srchout></subclass><subclass subnum="117" id="C196S117000"><sctitle>Internal flues:</sctitle><parent ref="C196S116000" doc="Class196.sgm">subclass 116</parent><scdesc>The combination of furnace with mineral-oil vaporizer having
flues for combustion gases passing through the vaporizer.</scdesc><srchout><crecord><classnum ref="C122S000000" doc="Class122.sgm">122</classnum><subref><clstitle>Liquid Heaters and Vaporizers</clstitle><pretext></pretext><subnum range="r" ref="C122S044100" doc="Class122.sgm">44.1</subnum></subref><descript><para> and 135.1.</para></descript></crecord><crecord><classnum ref="C159S000000" doc="Class159.sgm">159</classnum><subref><clstitle>Concentrating Evaporators</clstitle><pretext></pretext><subnum range="p" ref="C159S028100" doc="Class159.sgm">28.1</subnum></subref><descript><para> and 40.</para></descript></crecord></srchout></subclass><subclass subnum="118" id="C196S118000"><sctitle>Liquid baths:</sctitle><parent ref="C196S104000" doc="Class196.sgm">subclass 104</parent><scdesc>Mineral-oil vaporizers having therein baths that are liquid,
but substantially nonvolatile at the vaporizing temperature employed.
Such material may be metal, fusible salts, or heavy hydrocarbons.</scdesc><srchout><crecord><classnum ref="C048S000000" doc="Class048.sgm">48</classnum><subref><clstitle>Gas: Heating and Illuminating</clstitle><pretext></pretext><subnum range="s" ref="C048S092000" doc="Class048.sgm">92</subnum></subref><descript><para>.</para></descript></crecord></srchout></subclass><subclass subnum="119" id="C196S119000"><sctitle>Jackets:</sctitle><parent ref="C196S104000" doc="Class196.sgm">subclass 104</parent><scdesc>Mineral-oil vaporizers that are provided with jackets around
at least part of their periphery. These jackets may be for the purpose
of heating, cooling, or heat insulating the vaporizer.</scdesc></subclass><subclass subnum="120" id="C196S120000"><sctitle>Special means for heating:</sctitle><parent ref="C196S104000" doc="Class196.sgm">subclass 104</parent><scdesc>Mineral-oil vaporizers provided with heating means other
than furnaces, liquid baths, jackets, or other conventional heating
means.</scdesc><srchout><crecord><classnum ref="C165S000000" doc="Class165.sgm">165</classnum><subref><clstitle>Heat Exchange</clstitle><pretext></pretext></subref><descript><para>appropriate subclasses for a heat exchanger, per
se.</para></descript></crecord></srchout></subclass><subclass subnum="121" id="C196S121000"><sctitle>Electric:</sctitle><parent ref="C196S120000" doc="Class196.sgm">subclass 120</parent><scdesc>Mineral-oil vaporizers heated in part at least by electric
heaters.</scdesc><srchout><crecord><classnum ref="C048S000000" doc="Class048.sgm">48</classnum><subref><clstitle>Gas: Heating and Illuminating</clstitle><pretext></pretext><subnum range="r" ref="C048S065000" doc="Class048.sgm">65</subnum></subref><descript><para> and 103.</para></descript></crecord><crecord><classnum ref="C392S000000" doc="Class392.sgm">392</classnum><subref><clstitle>Electric Resistance Heating Devices</clstitle><pretext></pretext><subnum range="p" ref="C392S386000" doc="Class392.sgm">386</subnum></subref><descript><para> for electrically heated vaporizer structure.</para></descript></crecord></srchout></subclass><subclass subnum="122" id="C196S122000"><sctitle>Carbon removers:</sctitle><parent ref="C196S104000" doc="Class196.sgm">subclass 104</parent><scdesc>Mineral-oil vaporizers provided with means for removing
carbon from the oil or from the vaporizer.</scdesc><srchin><srecord><subnum ref="C196S124000" doc="Class196.sgm">124</subnum><descript><para>for vaporizers with mechanical agitators or circulators.</para></descript></srecord></srchin><srchout><crecord><classnum ref="C015S000000" doc="Class015.sgm">15</classnum><subref><clstitle>Brushing, Scrubbing, and General Cleaning</clstitle><pretext></pretext><subnum range="p" ref="C015S10411" doc="Class015.sgm">104.011</subnum></subref><descript><para>, 104.02 and 104.03, or Class 414, Material or Article
Handling, subclass 291, and other appropriate subclasses, for carbon
removing devices which are not claimed as being permanently associated
with the vaporizing apparatus but may be applied to other chambers.</para></descript></crecord><crecord><classnum ref="C122S000000" doc="Class122.sgm">122</classnum><subref><clstitle>Liquid Heaters and Vaporizers</clstitle><pretext></pretext><subnum range="s" ref="C122S379000" doc="Class122.sgm">379</subnum></subref><descript><para>.</para></descript></crecord><crecord><classnum ref="C201S000000" doc="Class201.sgm">201</classnum><subref><clstitle>Distillation: Processes, Thermolytic</clstitle><pretext></pretext><subnum range="s" ref="C201S002000" doc="Class201.sgm">2</subnum></subref><descript><para>, for a thermolytic distillation process including
the step of removing adhering carbon from the apparatus.</para></descript></crecord><crecord><classnum ref="C202S000000" doc="Class202.sgm">202</classnum><subref><clstitle>Distillation: Apparatus</clstitle><pretext></pretext><subnum range="s" ref="C202S241000" doc="Class202.sgm">241</subnum></subref><descript><para>, for distilling apparatus including means for cleaning
and decarbonizing or preventing the fouling of the retort or still
or the tubes of the heating system therefore.</para></descript></crecord><crecord><classnum ref="C208S000000" doc="Class208.sgm">208</classnum><subref><clstitle>Mineral Oils: Processes and Products</clstitle><pretext></pretext><subnum range="s" ref="C208S048000" doc="Class208.sgm">48</subnum></subref><descript><para>.</para></descript></crecord></srchout></subclass><subclass subnum="123" id="C196S123000"><sctitle>Circulators or agitators:</sctitle><parent ref="C196S104000" doc="Class196.sgm">subclass 104</parent><scdesc>Mineral-oil vaporizers provided with means for causing or
directing the circulation or agitation of the oil.</scdesc><srchout><crecord><classnum ref="C122S000000" doc="Class122.sgm">122</classnum><subref><clstitle>Liquid Heaters and Vaporizers</clstitle><pretext></pretext><subnum range="r" ref="C122S379000" doc="Class122.sgm">379</subnum></subref><descript><para> and 406.1.</para></descript></crecord><crecord><classnum ref="C165S000000" doc="Class165.sgm">165</classnum><subref><clstitle>Heat Exchange</clstitle><pretext></pretext><subnum range="s" ref="C165S108000" doc="Class165.sgm">108</subnum></subref><descript><para> for a heat exchanger with means directing recirculation,
and subclass 109.1 for a heat exchanger with an agitator.</para></descript></crecord><crecord><classnum ref="C208S000000" doc="Class208.sgm">208</classnum><subref><clstitle>Mineral Oils: Processes and Products</clstitle><pretext></pretext><subnum range="s" ref="C208S367000" doc="Class208.sgm">367</subnum></subref><descript><para> for distillation processes with agitation.</para></descript></crecord><crecord><classnum ref="C366S000000" doc="Class366.sgm">366</classnum><subref><clstitle>Agitating</clstitle><pretext></pretext></subref><descript><para>appropriate subclasses.</para></descript></crecord></srchout></subclass><subclass subnum="124" id="C196S124000"><sctitle>Mechanical:</sctitle><parent ref="C196S123000" doc="Class196.sgm">subclass 123</parent><scdesc>Mineral-oil vaporizers provided with moving or rotating
mechanical means for causing or directing the circulation or agitation
of the oil.</scdesc><srchin><srecord><subnum ref="C196S122000" doc="Class196.sgm">122</subnum><descript><para>for means for removing carbon combined with vaporizer.</para></descript></srecord></srchin></subclass><subclass subnum="125" id="C196S125000"><sctitle>Baffles:</sctitle><parent ref="C196S123000" doc="Class196.sgm">subclass 123</parent><scdesc>Mineral-oil vaporizer provided with baffles to cause the
oil to cyclically circulate in a definite path.</scdesc><srchin><srecord><subnum ref="C196S111000" doc="Class196.sgm">111</subnum><descript><para>for baffles or partitions to cause the oil to pass
through the vaporizer in a tortuous path.</para></descript></srecord></srchin></subclass><subclass subnum="126" id="C196S126000"><sctitle>Fluid injectors:</sctitle><parent ref="C196S123000" doc="Class196.sgm">subclass 123</parent><scdesc>Mineral-oil vaporizers provided with means for injecting
a gas, vapor, or liquid to cause circulation or agitation of the
oil in a definite predetermined manner.</scdesc><srchin><srecord><subnum ref="C196S127000" doc="Class196.sgm">127</subnum><descript><para>for fluid injectors not designed or placed primarily
to cause a definite path of circulation or agitation.</para></descript></srecord></srchin></subclass><subclass subnum="127" id="C196S127000"><sctitle>Fluid injectors:</sctitle><parent ref="C196S104000" doc="Class196.sgm">subclass 104</parent><scdesc>Mineral-oil vaporizers provided with means for injecting
gas, vapor, or liquid into the oil being distilled.</scdesc><srchin><srecord><subnum ref="C196S126000" doc="Class196.sgm">126</subnum><descript><para>for fluid injectors which cause a definite circculation
or agitation of the oil.</para></descript></srecord></srchin><srchout><crecord><classnum ref="C122S000000" doc="Class122.sgm">122</classnum><subref><clstitle>Liquid Heaters and Vaporizers</clstitle><pretext></pretext><subnum range="p" ref="C122S005510" doc="Class122.sgm">5.51</subnum></subref><descript><para>.</para></descript></crecord><crecord><classnum ref="C159S000000" doc="Class159.sgm">159</classnum><subref><clstitle>Concentrating Evaporators</clstitle><pretext></pretext><subnum range="s" ref="C159S016100" doc="Class159.sgm">16.1</subnum></subref><descript><para>.</para></descript></crecord><crecord><classnum ref="C208S000000" doc="Class208.sgm">208</classnum><subref><clstitle>Mineral Oils: Processes and Products</clstitle><pretext></pretext><subnum range="r" ref="C208S125000" doc="Class208.sgm">125</subnum></subref><descript><para>, 128, 356 and 362 for processes for mineral oil
treatment involving injecting a gas, vapor or liquid.</para></descript></crecord><crecord><classnum ref="C261S000000" doc="Class261.sgm">261</classnum><subref><clstitle>Gas and Liquid Contact Apparatus</clstitle><pretext></pretext></subref><descript><para>appropriate subclass.</para></descript></crecord></srchout></subclass><subclass subnum="128" id="C196S128000"><sctitle>Films or sprays:</sctitle><parent ref="C196S104000" doc="Class196.sgm">subclass 104</parent><scdesc>Mineral-oil vaporizers having means for causing the oil
being distilled to assume the form of a film or spray.</scdesc><srchout><crecord><classnum ref="C122S000000" doc="Class122.sgm">122</classnum><subref><clstitle>Liquid Heaters and Vaporizers</clstitle><pretext></pretext><subnum range="s" ref="C122S039000" doc="Class122.sgm">39</subnum></subref><descript><para>, and subclass 501.</para></descript></crecord><crecord><classnum ref="C159S000000" doc="Class159.sgm">159</classnum><subref><clstitle>Concentrating Evaporators</clstitle><pretext></pretext><subnum range="r" ref="C159S003000" doc="Class159.sgm">3</subnum></subref><descript><para> and 5.</para></descript></crecord><crecord><classnum ref="C239S000000" doc="Class239.sgm">239</classnum><subref><clstitle>Fluid Sprikling, Spraying, and Diffusing</clstitle><pretext>appropriate subclasses for nozzle devices, per se, especially </pretext><subnum range="s" ref="C239S193000" doc="Class239.sgm">193</subnum></subref><descript><para> for weir type discharge means discharging a film
or curtain or fluid.</para></descript></crecord></srchout></subclass><subclass subnum="129" id="C196S129000"><sctitle>Depending legs or spur tubes:</sctitle><parent ref="C196S104000" doc="Class196.sgm">subclass 104</parent><scdesc>Mineral-oil vaporizers having tubes or legs projecting from
the main body of the vaporizer down into the furnace, the ends of
the tubes so projecting being closed.</scdesc><srchin><srecord><subnum ref="C196S107000" doc="Class196.sgm">107</subnum><descript><para>for heating tubes one end of which is connected
with a vaporizer and the other end of which is connected either with
a source of supply of oil or with the vaporizer.</para></descript></srecord><srecord><subnum ref="C196S110000" doc="Class196.sgm">110</subnum><descript><para>for vaporizers consisting entirely of tubular elements.</para></descript></srecord></srchin></subclass><subclass subnum="130" id="C196S130000"><sctitle>Bottoms:</sctitle><parent ref="C196S129000" doc="Class196.sgm">subclass 129</parent><scdesc>Mineral-oil vaporizers that have bottoms of peculiar shape,
construction, or position.</scdesc></subclass><subclass subnum="131" id="C196S131000"><sctitle>Unheated:</sctitle><parent ref="C196S129000" doc="Class196.sgm">subclass 129</parent><scdesc>Mineral-oil vaporizers whose bottoms are not subjected to
the direct heating action of the furnace or other heating means,
usually for the purpose of avoiding the caking of precipitated carbon.</scdesc></subclass><subclass subnum="132" id="C196S132000"><sctitle>Automatic control:</sctitle><parent ref="C196S104000" doc="Class196.sgm">subclass 104</parent><scdesc>Mineral-oil vaporizers provided with means for automatically
maintaining desired conditions, usually the temperature, constant
within the vaporizer.</scdesc><srchin><srecord><subnum ref="C196S141000" doc="Class196.sgm">141</subnum><descript><para>for condensing apparatus with similar automatic
means.</para></descript></srecord></srchin><srchout><crecord><classnum ref="C122S000000" doc="Class122.sgm">122</classnum><subref><clstitle>Liquid Heaters and Vaporizers</clstitle><pretext></pretext><subnum range="r" ref="C122S448100" doc="Class122.sgm">448.1</subnum></subref><descript><para> and 449.</para></descript></crecord><crecord><classnum ref="C165S000000" doc="Class165.sgm">165</classnum><subref><clstitle>Heat Exchange</clstitle><pretext></pretext><subnum range="p" ref="C165S200000" doc="Class165.sgm">200</subnum></subref><descript><para> for automatic control of a heat exchhanger of general
utility.</para></descript></crecord><crecord><classnum ref="C201S000000" doc="Class201.sgm">201</classnum><subref><clstitle>Distillation: Processes, Thermolytic</clstitle><pretext></pretext><subnum range="s" ref="C201S001000" doc="Class201.sgm">1</subnum></subref><descript><para> for a thermolytic distillation process combined
with the positive step of determining some characteristic of the
distilland, vapor, residue or condensate.</para></descript></crecord><crecord><classnum ref="C202S000000" doc="Class202.sgm">202</classnum><subref><clstitle>Distillation: Apparatus</clstitle><pretext></pretext><subnum range="s" ref="C202S160000" doc="Class202.sgm">160</subnum></subref><descript><para> for a column having automatic temperature and&sol;or
pressure control.</para></descript></crecord><crecord><classnum ref="C203S000000" doc="Class203.sgm">203</classnum><subref><clstitle>Distillation: Proceesses, Separatory</clstitle><pretext></pretext><subnum range="s" ref="C203S001000" doc="Class203.sgm">1</subnum></subref><descript><para>, for a separatory distillation process including
determining a characteristic or condition in the system.</para></descript></crecord><crecord><classnum ref="C236S000000" doc="Class236.sgm">236</classnum><subref><clstitle>Automatic Temperature and Humidity Regulation</clstitle><pretext></pretext></subref><descript><para>appropriate subclasses.</para></descript></crecord></srchout></subclass><subclass subnum="133" id="C196S133000"><sctitle>Special features of construction:</sctitle><parent ref="C196S104000" doc="Class196.sgm">subclass 104</parent><scdesc>Mineral-oil vaporizers having some special feature of construction
not otherwise provided for.</scdesc><srchout><crecord><classnum ref="C052S000000" doc="Class052.sgm">52</classnum><subref><clstitle>Static Structures (e.g., Buildings)</clstitle><pretext></pretext><subnum range="s" ref="C052S192000" doc="Class052.sgm">192</subnum></subref><descript><para> for an in situ constructed type container or hopper,
per se, having a material port.</para></descript></crecord></srchout></subclass><subclass subnum="134" id="C196S134000"><sctitle>Heat recovery from vapor or residuum:</sctitle><parent ref="C196S104000" doc="Class196.sgm">subclass 104</parent><scdesc>Mineral-oil vaporizers having means for preheating the incoming
oil by the heat of the vapors or the unvaporized residue of distillation.</scdesc><srchout><crecord><classnum ref="C159S000000" doc="Class159.sgm">159</classnum><subref><clstitle>Concentrating Evaporators</clstitle><pretext></pretext><subnum range="r" ref="C159S024100" doc="Class159.sgm">24.1</subnum></subref><descript><para> and 46.</para></descript></crecord><crecord><classnum ref="C165S000000" doc="Class165.sgm">165</classnum><subref><clstitle>Heat Exchange</clstitle><pretext></pretext><subnum range="s" ref="C165S066000" doc="Class165.sgm">66</subnum></subref><descript><para> for apparatus for exchanging heat between the supply
and exhaust lines of a heated or cooled vessel.</para></descript></crecord><crecord><classnum ref="C201S000000" doc="Class201.sgm">201</classnum><subref><clstitle>Distillation: Processes, Thermolytic</clstitle><pretext></pretext><subnum range="s" ref="C201S014000" doc="Class201.sgm">14</subnum></subref><descript><para> for heating the carbonaceous material by indirect
heat exchange with a conversion product of the carbonization step.</para></descript></crecord><crecord><classnum ref="C202S000000" doc="Class202.sgm">202</classnum><subref><clstitle>Distillation: Apparatus</clstitle><pretext></pretext><subnum range="r" ref="C202S150000" doc="Class202.sgm">150</subnum></subref><descript><para>, 159 and 177, for distillation apparatus combined
with a preheater.</para></descript></crecord><crecord><classnum ref="C203S000000" doc="Class203.sgm">203</classnum><subref><clstitle>Distillation: Processes, Separatory</clstitle><pretext></pretext></subref><descript><para>in which the feed is indirectly heated by recovered
heat.</para></descript></crecord></srchout></subclass><subclass subnum="135" id="C196S135000"><sctitle>Feeders:</sctitle><parent ref="C196S104000" doc="Class196.sgm">subclass 104</parent><scdesc>Special means for feeding the oil to the vaporizer.</scdesc><srchout><crecord><classnum ref="C137S000000" doc="Class137.sgm">137</classnum><subref><clstitle>Fluid Handling</clstitle><pretext>for fluid feeding and handling not otherwise provided for, particularly </pretext><subnum range="s" ref="C137S386000" doc="Class137.sgm">386</subnum></subref><descript><para> for liquid level responsive flow control.</para></descript></crecord><crecord><classnum ref="C159S000000" doc="Class159.sgm">159</classnum><subref><clstitle>Concentrating Evaporators</clstitle><pretext></pretext><subnum range="s" ref="C159S043100" doc="Class159.sgm">43.1</subnum></subref><descript><para>.</para></descript></crecord></srchout></subclass><subclass subnum="136" id="C196S136000"><sctitle>Vapor outlets:</sctitle><parent ref="C196S104000" doc="Class196.sgm">subclass 104</parent><scdesc>Special constructions for vapor outlets.</scdesc></subclass><subclass subnum="137" id="C196S137000"><sctitle>Attachments:</sctitle><parent ref="C196S104000" doc="Class196.sgm">subclass 104</parent><scdesc>Miscellaneous attachments for mineral-oil vaporizers.</scdesc></subclass><subclass subnum="138" id="C196S138000"><sctitle>CONDENSING:</sctitle><parent ref="C196S000000" doc="Class196.sgm">the class definition</parent><scdesc>Apparatus for condensing mineral-oil vapors which by construction
and operation is peculiar to this art.</scdesc><srchout><crecord><classnum ref="C165S000000" doc="Class165.sgm">165</classnum><subref><clstitle>Heat Exchange</clstitle><pretext></pretext></subref><descript><para>appropriate subclasses, for a heat exchanger not
specialized to condesing mineral-oil vapor.</para></descript></crecord><crecord><classnum ref="C202S000000" doc="Class202.sgm">202</classnum><subref><clstitle>Distillation: Apparatus</clstitle><pretext>appropriate subclasses, for distillation apparatus particularly </pretext><subnum range="s" ref="C202S185100" doc="Class202.sgm">185.1</subnum></subref><descript><para>.</para></descript></crecord><crecord><classnum ref="C208S000000" doc="Class208.sgm">208</classnum><subref><clstitle>Mineral Oils: Processes and Products</clstitle><pretext></pretext><subnum range="s" ref="C208S347000" doc="Class208.sgm">347</subnum></subref><descript><para> for distillation of mineral oils.</para></descript></crecord></srchout></subclass><subclass subnum="139" id="C196S139000"><sctitle>Dephlegmators or fractionating columns:</sctitle><parent ref="C196S138000" doc="Class196.sgm">subclass 138</parent><scdesc>Condensing apparatus, peculiar to this art, generally known
in the art as dephlegmators or fractionating columns, where the
condensate formed in cooler zone is reheated and partially revaporized
by vapors in a hotter zone.</scdesc><srchin><srecord><subnum ref="C196S100000" doc="Class196.sgm">100</subnum><descript><para>for similar devices combined with combined condensing
and vaporizing apparatus.</para></descript></srecord></srchin><srchout><crecord><classnum ref="C201S000000" doc="Class201.sgm">201</classnum><subref><clstitle>Distillation: Processes, Thermolytic</clstitle><pretext>appropriate subclasses, particularly </pretext><subnum range="s" ref="C201S030000" doc="Class201.sgm">30</subnum></subref><descript><para>, for a proocess of fractioonally condensing removed
vapor.</para></descript></crecord><crecord><classnum ref="C202S000000" doc="Class202.sgm">202</classnum><subref><clstitle>Distillation: Apparatus</clstitle><pretext>subcalsses 153 and 158, for distillation apparatus including
a fractionating column, and </pretext><subnum range="r" ref="C202S179000" doc="Class202.sgm">179</subnum></subref><descript><para> and 198 for distillation apparatus including a
dephlegmator.</para></descript></crecord><crecord><classnum ref="C203S000000" doc="Class203.sgm">203</classnum><subref><clstitle>Distillation: Processes, Separatory</clstitle><pretext></pretext><subnum range="r" ref="C203S022000" doc="Class203.sgm">22</subnum></subref><descript><para> and 87, for a distillation process in which tthe
distillation process in which the vapor is in indirect heat exchange
with the feed or the vapor is fractionally condensed.</para></descript></crecord><crecord><classnum ref="C260S000000" doc="Class260.sgm">260</classnum><subref><clstitle>Chemistry of Carbon Compounds</clstitle><pretext></pretext></subref><descript><para>appropriate subclasses.</para></descript></crecord><crecord><classnum ref="C261S000000" doc="Class261.sgm">261</classnum><subref><clstitle>Gas and Liquid Contact Apparatus</clstitle><pretext></pretext></subref><descript><para>appropriate subclasses.</para></descript></crecord></srchout></subclass><subclass subnum="140" id="C196S140000"><sctitle>Contact with cooling fluid:</sctitle><parent ref="C196S138000" doc="Class196.sgm">subclass 138</parent><scdesc>Condensing apparatus peculiar to this art where the vapors
are brought in direct contact with a cooling liquid, usually water.</scdesc><srchout><crecord><classnum ref="C261S000000" doc="Class261.sgm">261</classnum><subref><clstitle>Gas and Liquid Contact Apparatus</clstitle><pretext></pretext></subref><descript><para>appropriate subclasses.</para></descript></crecord></srchout></subclass><subclass subnum="141" id="C196S141000"><sctitle>Automatically controlled temperature:</sctitle><parent ref="C196S138000" doc="Class196.sgm">subclass 138</parent><scdesc>Apparatus for condensing mineral-oil vapors provided with
means for automatically controlling the temperature of condensation.</scdesc><srchout><crecord><classnum ref="C165S000000" doc="Class165.sgm">165</classnum><subref><clstitle>Heat Exchange</clstitle><pretext></pretext><subnum range="p" ref="C165S281000" doc="Class165.sgm">281</subnum></subref><descript><para>; and subclasses 287&plus; for heat exchange means
with automatic temperature or pressure control.</para></descript></crecord><crecord><classnum ref="C236S000000" doc="Class236.sgm">236</classnum><subref><clstitle>Automatic Temperature and Humidity Regulation</clstitle><pretext></pretext></subref><descript><para>appropriate subclasses.</para></descript></crecord></srchout></subclass><subclass subnum="155" id="C196S155000"><sctitle>MISCELLANEOUS:</sctitle><parent ref="C196S000000" doc="Class196.sgm">the class definition</parent><scdesc>Apparatus not provided for specifically above.</scdesc><notes><note1 notenum="(1)"><para>Note. Many of the patents classified in this subclass are
for apparatus for recovering mineral oils from natural or converted
gases.</para></note1></notes><srchout><crecord><classnum ref="C062S000000" doc="Class062.sgm">62</classnum><subref><clstitle>Refrigeration</clstitle><pretext></pretext></subref><descript><para>appropriate subclasses, for processes and apparatus
for separating vapors from gases by refrigeration (e.g., liquefaction,
gas compression).</para></descript></crecord><crecord><classnum ref="C096S000000" doc="Class096.sgm">96</classnum><subref><clstitle>Gas Separation: Apparatus</clstitle><pretext></pretext></subref><descript><para>for apparatus for gas separation where the recovery
of the mineral oil after separation is not included or is recited
only broadly.</para></descript></crecord><crecord><classnum ref="C208S000000" doc="Class208.sgm">208</classnum><subref><clstitle>Mineral Oils: Processes and Products</clstitle><pretext></pretext><subnum range="s" ref="C208S340000" doc="Class208.sgm">340</subnum></subref><descript><para> for processes of separating mineral oils from natural
or converted gases including specific recovery of the mineral oil
vapor.</para></descript></crecord></srchout></subclass></sclasses>
</class>
