<?xml version="1.0" encoding="UTF-8"?>
<!DOCTYPE class PUBLIC "-//USPTO//DTD Classification Definitions//EN" "xclassdef.dtd" [

<!-- Begin Document Specific Declarations -->

<!-- End Document Specific Declarations -->

]>
<?xml-stylesheet href="classdef.xsl" type="text/XSL"?>

<class classnum = "163" id = "C163S000000"><title>NEEDLE AND PIN
MAKING</title>
<sections><descsect>
<para>This class contains special apparatus and processes for the
manufacture of crocheting, knitting, and sewing needles, both for
hand and machine use; also, machines and processes for making garment-fastening
pins of the ordinary form, as well as safety pins. All such single operations
as bending, swaging, groove-milling, point-grinding, turning, and
the like will be found in appropriate subclasses under the corresponding
fuctional title.</para>
</descsect>
<scsect>
<srchout>
<crecord><classnum ref = "C053S000000" doc = "Class053.sgm">53</classnum>
<subref><clstitle>Package Making</clstitle>
<pretext></pretext></subref>
<descript><para>appropriate subclasses for methods of and apparatus
for encompassing or encasing goods or materials with a separate cover
or band which serves as means for identifying, protecting or unit
handling the goods or materials.</para></descript></crecord>
<crecord><classnum ref = "C072S000000" doc = "Class072.sgm">72</classnum>
<subref><clstitle>Metal Deforming</clstitle>
<pretext></pretext></subref>
<descript><para>appropriate subclasses for a specified metal shaping
operation.</para></descript></crecord>
<crecord><classnum ref = "C140S000000" doc = "Class140.sgm">140</classnum>
<subref><clstitle>Wireworking</clstitle>
<pretext></pretext></subref>
<descript><para>appropriate subclass for devices for making wire
objects, including hair pins.</para></descript></crecord>
<crecord><classnum ref = "C221S000000" doc = "Class221.sgm">221</classnum>
<subref><clstitle>Article Dispensing</clstitle>
<pretext></pretext>
<subnum range = "p" ref = "C221S156000" doc = "Class221.sgm">156</subnum></subref>
<descript><para> for article orienting dispensing and feeding subcombinations
not otherwise provided for, and subclasses 175&plus; for devices
for forming stacks of disarranged articles, included in an article
dispensing or feeding combination.</para></descript></crecord>
<crecord><classnum ref = "C223S000000" doc = "Class223.sgm">223</classnum>
<subref><clstitle>Apparel Apparatus</clstitle>
<pretext></pretext>
<subnum range = "r" ref = "C223S108000" doc = "Class223.sgm">108</subnum></subref>
<descript><para> and 109 for needle holders.</para></descript></crecord>
<crecord><classnum ref = "C227S000000" doc = "Class227.sgm">227</classnum>
<subref><clstitle>Elongated-Member-Driving Apparatus</clstitle>
<pretext></pretext>
<subnum range = "s" ref = "C227S065000" doc = "Class227.sgm">65</subnum></subref>
<descript><para> for apparatus for buckling work and inserting a
member, e.g., pin, through the buckled portion.</para></descript></crecord></srchout>
</scsect></sections>
<sclasses>
<subclass subnum = "1" id = "C163S001000">
<sctitle>NEEDLE MAKING:</sctitle>
<parent ref = "C163S000000" doc = "Class163.sgm">the class definition</parent>
<scdesc>Miscellaneous devices for completing the manufacture or
for performing two or more operations upon sewing-needles for either
hand or machine use.</scdesc>
<srchin>
<srecord><subnum ref = "C163S004000" doc = "Class163.sgm">4</subnum>
<descript><para>for rotary blank carrier.</para></descript></srecord></srchin>
<srchout>
<crecord><classnum ref = "C451S000000" doc = "Class451.sgm">451</classnum>
<subref><clstitle>Abrading</clstitle>
<pretext></pretext>
<subnum range = "s" ref = "C451S315000" doc = "Class451.sgm">315</subnum></subref>
<descript><para> for a needle-eye polisher. </para></descript></crecord></srchout></subclass>
<subclass subnum = "2" id = "C163S002000">
<sctitle>Knitting needles:</sctitle>
<parent ref = "C163S001000" doc = "Class163.sgm">subclass 1</parent>
<scdesc>Machines and the like for making hook-ended needles for
knitting or crocheting fabrics.</scdesc></subclass>
<subclass subnum = "3" id = "C163S003000">
<sctitle>Tongued:</sctitle>
<parent ref = "C163S002000" doc = "Class163.sgm">subclass 2</parent>
<scdesc>Special machines for making tongued needles for knitting-machines
or for attaching the tongues or latches to the bodies of such needles.</scdesc></subclass>
<subclass subnum = "4" id = "C163S004000">
<sctitle>Rotary blank carrier:</sctitle>
<parent ref = "C163S001000" doc = "Class163.sgm">subclass 1</parent>
<scdesc>Needle-making machines having sets of grippers radially
arranged on a circular carrier which has a step-by-step rotation
to bring the needle-blanks into position to be operated upon by
the various shaping devices. In some cases a plurality of carriers
is shown, together with means for transferring the blank from one
carrier to another.</scdesc>
<srchout>
<crecord><classnum ref = "C221S000000" doc = "Class221.sgm">221</classnum>
<subref><clstitle>Article Dispensing</clstitle>
<pretext></pretext>
<subnum range = "p" ref = "C221S217000" doc = "Class221.sgm">217</subnum></subref>
<descript><para> for article dispensers, not otherwise classified,
which have endless belt or rotary mounted gripper-type discharge assistants,
subclasses 224&plus; for article dispensers having manipulating means
subsequent to discharge from a source of supply, and subclasses
239 and 294 for article dispensers feeding to clamp or holddown
means. See the class definition of Class 221 for a statement of
the line between the classes and for the disposition of other similar
disclosures.</para></descript></crecord>
<crecord><classnum ref = "C470S000000" doc = "Class470.sgm">470</classnum>
<subref><clstitle>Threaded, Headed Fastener, or Washer Making: Process
and Apparatus</clstitle>
<pretext></pretext>
<subnum range = "s" ref = "C470S129000" doc = "Class470.sgm">129</subnum></subref>
<descript><para> for similar carriers. </para></descript></crecord></srchout></subclass>
<subclass subnum = "5" id = "C163S005000">
<sctitle>Processes:</sctitle>
<parent ref = "C163S001000" doc = "Class163.sgm">subclass 1</parent>
<scdesc>Miscellaneous methods of making sewing and knitting needles,
both for hand and machine use.</scdesc>
<notes><note1 notenum = "(1)">
<para>Note. For such processes as are discernible from an inspection
of the article itself, see the search notes below. </para></note1></notes>
<srchout>
<crecord><classnum ref = "C066S000000" doc = "Class066.sgm">66</classnum>
<subref><clstitle>Textiles: Knitting</clstitle>
<pretext> </pretext>
<subnum range = "p" ref = "C066S116000" doc = "Class066.sgm">116</subnum></subref>
<descript><para> for needles. </para></descript></crecord>
<crecord><classnum ref = "C112S000000" doc = "Class112.sgm">112</classnum>
<subref><clstitle>Sewing</clstitle>
<pretext> </pretext>
<subnum range = "p" ref = "C112S222000" doc = "Class112.sgm">222</subnum></subref>
<descript><para> for needles.</para></descript></crecord>
<crecord><classnum ref = "C223S000000" doc = "Class223.sgm">223</classnum>
<subref><clstitle>Apparel Apparatus</clstitle>
<pretext></pretext>
<subnum range = "r" ref = "C223S102000" doc = "Class223.sgm">102</subnum>
<endnum ref = "C223S104000" doc = "Class223.sgm">104 for needles.</endnum></subref>
<descript><para></para></descript></crecord></srchout></subclass>
<subclass subnum = "6" id = "C163S006000">
<sctitle>PIN MAKING:</sctitle>
<parent ref = "C163S000000" doc = "Class163.sgm">the class definition</parent>
<scdesc>Devices for cutting, heading and pointing ordinary straight
pins.</scdesc></subclass>
<subclass subnum = "7" id = "C163S007000">
<sctitle>Safety pins:</sctitle>
<parent ref = "C163S006000" doc = "Class163.sgm">subclass 6</parent>
<scdesc>Machines and processes for making sheath- pointed garment-fastening
pins. In most cases the machines are for shaping and attaching to the
wire body the sheet-metal point-shield.</scdesc></subclass></sclasses>
</class>
