<?xml version="1.0" encoding="UTF-8"?>
<!DOCTYPE class PUBLIC "-//USPTO//DTD Classification Definitions//EN" "xclassdef.dtd" [

<!-- Begin Document Specific Declarations -->

<!-- End Document Specific Declarations -->

]>
<?xml-stylesheet href="classdef.xsl" type="text/XSL"?>

<class classnum = "216" id = "C216S000000"><title>ETCHING A SUBSTRATE:
   PROCESSES</title>
<sections><descsect>
<para>Class 216 is an integral part of Class 156. It incorporates all
the definitions, rules, and hierarchy pertaining to subject matter
of Class 156.</para>
<para>GENERAL STATEMENT OF CLASS 216 SUBJECT MATTER:</para>
<para>This is the Generic class for chemical etching  processes for
treating articles of commerce or intermediate articles not otherwise
provided for in which one of the manufacturing steps includes a
chemical etching step (use of an etchant) and wherein the material
treated is not completely removed.</para>
<notes><note1 notenum = "(1)">
<para>Note.  The chemical etching required for placement in this
class is any intentional change of shape of an article or substrate
by the removal of material involving a chemical reaction or physical
solvation using a chemical agent (the etchant).  This is the residual
class for removing a surface by chemical reaction or solvent action
regardless of the substrate acted on.  Bright Polishing of a metal
with acid solution is considered etching and appropriate for this class.
 The processes of the patents in this class often include the formation
of a design, but the production of a design is not required to place
the patents here.</para></note1>
<note1 notenum = "(2)">
<para>Note.  Reduction in size using a chemical etchant of an unmasked
article, substrate or unmasked geometric figure, e.g., sphere, etc.
is proper for this class.</para></note1>
<note1 notenum = "(3)">
<para>Note.  Etching of a masked article, to direct the etchant
to only a portion of the article or substrate is proper for this
class.</para></note1>
<note1 notenum = "(4)">
<para>Note.  This class is not intended for the total dissolving
of an article or substrate.  Furthermore, the remaining article
or substrate must be the desired product and not the removed material.
An example of a process not proper for Class 216 would be ore beneficiating
where the dissolved material is what is desired and useful and not
the remaining residue material. Additionally a process of dissolving
out impurities or unwanted material to leave a desired article is
proper for this class when said process is not provided for elsewhere. </para></note1>
<note1 notenum = "(5)">
<para>Note.  Chemical milling is considered within the scope of
the term etching. </para></note1>
<note1 notenum = "(6)">
<para>Note.  Class 216 provides only for etching processes. Etching
compositions are elsewhere. See Lines With Other Classes, below. </para></note1></notes>
</descsect>
<linesect>
<para>Class 216 is an integral part of Class 156. It incorporates all
the definitions, rules, and hierarchy pertaining to subject matter
of Class 156.</para>
<para> Etching compositions are in Class 252, subclasses 79.1-79.4
(see the class line below in regards to Class 252 and nominal etching
processes) and etching apparatus is classifiable in Class 156, subclasses
345.1-345.55.    Compounds dis as useful in etching are classified
in the respec compound classes and articles which are produced as
the result of an etching process are classified in the appropriate
article class or stock material class.</para>
<para>A. SPECIAL CLASS LINES</para>
<para>1. CLASS 29, METAL WORKING</para>
<para>Class 216 has several important relationships with this Class
29.  Both classes take designated single-step processes, and both
are locations for multistep processes for manufacturing designated
products or using certain combinations of steps.</para>
<para>Single-step processes to produce a Class 29 special product,
include shaping particulate metal by pressure alone. In addition
Class 29 provides, for example, for processes of burnishing, filing,
or the mechanical joining of parts to manufacture the special article.
 Where only an etching step is claimed, the process is assigned to
Class 216, even though a product designated for Class 29 is manufactured.</para>
<para>Multistep processes for Class 29 are of two types: (a) Those
for making specified articles, enumerated in that part of Class
29 schedule which precedes subclass 400.1.; (b) Multistep manufacturing
processes not provided for elsewhere.</para>
<para>Insofar as processes of type (a) are concerned, these are assigned
to Class 29, even when an etching step is claimed as part of the
multistep process, except for processes classifiable in subclasses
825&plus;, which follows the category (b) rule given in the
next paragraph.                                                
       </para>
<para>Processes of type (b) are provided for in Class 216 when they
claim: (1) Etching combined with the shaping of a nonmetal; (2)
Etching either nominal or specific combined with broad or nominally
claimed metal shaping steps; (3) Specific etching including steps
for assembling parts that have been etched or are to be etched; </para>
<para>Processes of type (b) are classified in Class 29 when they
claim: (1) Nominal etching combined with specific metal shaping
steps; (2) Nominal etching combined with mechanical joining, either
broad or specific.</para>
<para>2. CLASS 438 SEMICONDUCTOR DEVICE MANUFACTURING:  PROCESS.</para>
<para>Classification is proper for Class 438:</para>
<para>(1) When the specification contains only disclosure of semiconductive
material, precursor, substrate, or device and the claims are generic
in nature the classification is proper for Class 438.</para>
<para>(2). When the specification contains disclosure to species
of semiconductive material, precursor, substrate,  or device and
nonsemiconductive species and the claims are directed to the semiconductive
material species only classification is proper for Class 438.</para>
<para>(3) When the specification contains disclosure to species
of semiconductive material, precursor, substrate, or device only
and the claims are directed to semiconductive material species only
classification is proper for Class 438.</para>
<para>Classification is proper for Class 216:</para>
<para>(1)  When the specification contains disclosure to species
of semiconductive material, precursor, substrate, or device and
nonsemiconductive species and the claims are generic in nature the
classification is proper for Class 216 Etching.</para>
<para>(2)  When the specification contains disclosure to species
of semiconductive material, precursor, substrate, or device and
nonsemiconductive species and the claims contain semiconductive
species and nonsemiconductive species classification is proper for
Class 216 Etching.</para>
<para>(3)  When the specification contains disclosure to semiconductive
material used in a nonelectrical function and the claims contain
semiconductive material used in nonelectrical function classification
is proper for Class 216 Etching.</para>
<para>B.  GENERAL LINE WITH OTHER CLASSES</para>
<para>1. CLASS 134 CLEANING AND LIQUID CONTACT WITH SOLIDS</para>
<para>Class 134 is noted for cleaning processes wherein a surface
is treated to remove or separate unwanted adherent material, e.g.,
dirt, scale, coatings, etc. Class 134, subclasses 1.1 through 1.3
provide for processes of cleaning using a plasma and for cleaning
of semiconductive material. Subclasses 2 and 3 are noted for chemical bleaching,
oxidation, or reduction of a metallic siliceous or calcareous base.</para>
<para>2. CLASS 204 CHEMISTRY:  ELECTRICAL AND WAVE ENERGY and CLASS
205 ELECTROLYSIS:  PROCESSES, COMPOSITIONS USED THEREIN AND METHODS
OF PREPARING THE COMPOSITIONS</para>
<para>Chemical etching performed on a composition, product, or article
made by a Class 204 process (e.g., an entire article previously
etched by electrolysis, a product portion modified by electrolytic
material treatment, etc.) is considered to provide a significant
modification of the composition, product, or article made by the
Class 204 process, therefore placing the combination of a Class 204
process followed by Class 216 chemical etching in Class 216.  However,
the combination of a Class 205 electrolytic coating step followed
by Class 216 chemical etching  performed (1) to allow at least a
portion of the electrolytic coating to remain and (2) to only significantly
modify the electrolytic coating, per se, is considered to be an
electrolytic coating process followed by a mere perfecting step
for the electrolytic coating, therefore placing the combination
in Class 205.  The significant modification of only the electrolytic
coating allows for mere incidental alterations to other portions
of a coated article such as the substrate provided that such changes
are clearly unintentional (e.g., chemical etching through an electrolytic
coating which may also progress into the substrate in some areas
to allow complete penetration through all desired other areas of
the electrolytic coating, etc.).  Class 216 also provides for the
original classification when the claims are alternative (claims
to a Class 216 process and claims to a Class 205 electrolytic etching,
or when a generic claim is present and no species is specifically
claimed).  When, however, a generic claim is present (disclosure
includes both Class 216 and Class 204 or Class 205 subject matter)
and a Class 204 or Class 205 species is specifically claimed, and
there is no specific claim to a Class 216 etching process, the original
classification is in Class 204 or Class 205 and a mandatory cross-reference
is placed into Class 216 based on the generic claim. </para>
<para>Other combinations of Class 204 step(s) with Class 216 step(s)
will follow the general class line for the combination of Class
204 step(s) with those from other classes as stated at the beginning
of Class 204.  In particular, see Class 205, subclasses 123&plus;,
for electrolytic coating of or with semiconductor material, subclasses
125&plus; for electrolytic coating to produce a circuit board
or a printed circuit, subclasses 206&plus; for contacting a
substrate with a solid member or material (e.g., polishing, rolling,
etc.) combined with a subsequent step of electrolytic coating, subclasses
210&plus; for treating a substrate with a liquid other than
tap water (e.g., chemical etching, etc.) combined with a subsequent
step of electrolytic coating, subclasses 640&plus; for electrolytic
erosion of a workpiece to change the shape or surface configuration
thereof, and subclasses 687&plus; for electrolytic material
treatment, in general (e.g., electrolytic stripping of an entire
coated layer from a substrate, etc.).</para>
<para>3. CLASS 219 ELECTRIC HEATING</para>
<para>See Class 219, subclasses 121.36&plus; for removing or altering
material by the use of a high temperature thermal plasma. Class
216 provides for the use of a cold plasma which is a chemical etching
process involving reactive ions and a substrate whereas the high
temperature thermal plasma proper for Class 219 alters the substrate
solely by thermal means. Class 219 subclasses 68&plus; provide
for processes of cutting or disintegrating metal by metal heating,
subclasses 121.19&plus; for processes of using an electron beam
or etching or trimming metal, subclasses 121.36&plus; for processes
of using a high temperature thermal plasma to etch metal, and subclasses
121.6&plus; for processes of using a laser to etch metal. </para>
<para>4. CLASS 264 PLASTIC AND NONMETALLIC ARTICLE SHAPING OR TREATING:
 PROCESSES</para>
<para>Combinations of shaping a plastic material and etching the
shaped product, or combinations of shaping, laminating, and etching
are proper for Class 216. Laser ablation of a Class 264 material
in the absence of an added reactive chemical is proper for Class
264, however, when a reactive chemical is used in the laser ablation process
the process is classifiable in Class 216.  Subclasses 22&plus; for
the shaping of an article by removing a portion by electrical or
wave energy, e.g., laser ablation wherein no chemical etchant is
employed, etc., subclass 49 for forming pores in situ by treating
an occluded solid, subclasses 82&plus; for reactive gas or vapor
treatment of an article, subclasses 211.12&plus; for processing
or treating after extruding, subclasses 219&plus; for processes
of preparing a mold which includes an etching step in the mold manufacture
followed by a shaping operation, and subclass 341 for the solvent
polishing of a shaped or solid article.        </para>
<para>5. CLASS 427 COATING PROCESSES</para>
<para>Subclasses 307&plus; for processes limited to etching
for making a base more compatible with or adherent to the coating
wherein the base is the substrate (work) onto which a coating is
to applied.</para>
<para>6. CLASS 430 RADIATION IMAGERY CHEMISTRY: PROCESS, COMPOSITION,
OR PRODUCT THEREOF</para>
<para>For processes of radiation imagery including claimed exposing
and finishing by a post imaging process, e.g., developing, etching,
etc. or finishing an image, e.g., developing, etching, etc. where
the claim is silent as to an exposure step.</para>
<para>Subclass 5 for producing a radiation mask, subclasses 313&plus; for
a post imaging process of treating a resist to remove a portion
of the same.</para>
</linesect>
<scsect>
<srchout>
<crecord><classnum ref = "C008S000000" doc = "Class008.sgm">8</classnum>
<subref><clstitle>Bleaching and Dying; Fluid Treatment and Chemical
Modification of Textiles and Fibers</clstitle>
<pretext></pretext></subref>
<descript><para>appropriate subclasses for chemical methods of dyeing
fabric and the like and&sol;or forming an ornamental effect
by the chemical modification of a fiber or fabric.</para></descript></crecord>
<crecord><classnum ref = "C028S000000" doc = "Class028.sgm">28</classnum>
<subref><clstitle>Textiles: Manufacturing</clstitle>
<pretext>is the generic class for textile operations, especially </pretext>
<subnum range = "p" ref = "C028S167000" doc = "Class028.sgm">167</subnum></subref>
<descript><para>, 178&plus;, 261, and 265&plus; for significantly claimed
textile operations combined with steps of coating, dyeing, fluid
treatment.</para></descript></crecord>
<crecord><classnum ref = "C051S000000" doc = "Class051.sgm">51</classnum>
<subref><clstitle>Abrasive Tool Making Process, Material, or Composition</clstitle>
<pretext></pretext>
<subnum range = "p" ref = "C051S293000" doc = "Class051.sgm">293</subnum></subref>
<descript><para> for processes of making an abrading tool.</para></descript></crecord>
<crecord><classnum ref = "C065S000000" doc = "Class065.sgm">65</classnum>
<subref><clstitle>Glass Manufacturing</clstitle>
<pretext></pretext>
<subnum range = "s" ref = "C065S031000" doc = "Class065.sgm">31</subnum></subref>
<descript><para> for etching or leaching a glass preform, and subclass
61 for the wearing away, abrading, or grinding of surface material.</para></descript></crecord>
<crecord><classnum ref = "C075S000000" doc = "Class075.sgm">75</classnum>
<subref><clstitle>Specialized Metallurgical Processes, Compositions
For Use Therein, Consolidated Metal Powder Compositions, and Loose
Particulate Mixtures</clstitle>
<pretext></pretext>
<subnum range = "p" ref = "C075S715000" doc = "Class075.sgm">715</subnum></subref>
<descript><para> for the etching of a metal to recover it from another
metal.</para></descript></crecord>
<crecord><classnum ref = "C101S000000" doc = "Class101.sgm">101</classnum>
<subref><clstitle>Printing</clstitle>
<pretext></pretext>
<subnum range = "s" ref = "C101S463100" doc = "Class101.sgm">463.1</subnum></subref>
<descript><para>, for processes of making a printing plate.</para></descript></crecord>
<crecord><classnum ref = "C112S000000" doc = "Class112.sgm">112</classnum>
<subref><clstitle>Sewing</clstitle>
<pretext></pretext>
<subnum range = "s" ref = "C112S403000" doc = "Class112.sgm">403</subnum></subref>
<descript><para> for a sewn web or sheet including a decomposable
thread or component.</para></descript></crecord>
<crecord><classnum ref = "C144S000000" doc = "Class144.sgm">144</classnum>
<subref><clstitle>Woodworking</clstitle>
<pretext></pretext>
<subnum range = "s" ref = "C144S358000" doc = "Class144.sgm">358</subnum></subref>
<descript><para> for embossing or imprinting of wood.</para></descript></crecord>
<crecord><classnum ref = "C148S000000" doc = "Class148.sgm">148</classnum>
<subref><clstitle>Metal Treatment</clstitle>
<pretext></pretext></subref>
<descript><para>for treating of metal to modify or maintain the
internal physical structure (microstructure) or chemical properties
of the metal.  Heating and working is most often used to effect
these changes.</para></descript></crecord>
<crecord><classnum ref = "C166S000000" doc = "Class166.sgm">166</classnum>
<subref><clstitle>Wells</clstitle>
<pretext></pretext>
<subnum range = "s" ref = "C166S307000" doc = "Class166.sgm">307</subnum></subref>
<descript><para> for methods of treating a geologic formation in
a well bore which may include an etching step.</para></descript></crecord>
<crecord><classnum ref = "C252S000000" doc = "Class252.sgm">252</classnum>
<subref><clstitle>Compositions</clstitle>
<pretext></pretext>
<subnum range = "p" ref = "C252S079100" doc = "Class252.sgm">79.1</subnum></subref>
<descript><para> provides for patents which in addition to an etching
composition claim also contain a claim to a nominal process of etching
even though the composition of the material treated is recited.
Any detail in the treating step, e.g., dipping, spraying, etc.,
is sufficient to render the process more than nominal and proper
for Class 216.  Class 216 is proper for a nominal etching process
when the etching composition is not claimed. Subclasses 80&plus; for
descaling agents and 89.1&plus;, appropriate subclasses, for
detergents containing acid or alkaline agents which may etch the
substances treated and for mere methods of use when the composition
is claimed.</para></descript></crecord>
<crecord><classnum ref = "C356S000000" doc = "Class356.sgm">356</classnum>
<subref><clstitle>Optics:  Measuring and Testing</clstitle>
<pretext></pretext>
<subnum range = "s" ref = "C356S031000" doc = "Class356.sgm">31</subnum></subref>
<descript><para> for  methods of determining the orientation of the
cystallos:graphic axis of a crystal which includes etching a surface
and then optically observing the etched surface.</para></descript></crecord>
<crecord><classnum ref = "C419S000000" doc = "Class419.sgm">419</classnum>
<subref><clstitle>Powder Metallurgy Processes</clstitle>
<pretext>for etching combined with a metal powder consolidation step, </pretext>
<subnum range = "p" ref = "C419S005000" doc = "Class419.sgm">5</subnum></subref>
<descript><para> for etching or dissolving of a preformed component,
e.g., core, etc. to form a hollow metal article.</para></descript></crecord>
<crecord><classnum ref = "C423S000000" doc = "Class423.sgm">423</classnum>
<subref><clstitle>Chemistry of Inorganic Compounds</clstitle>
<pretext></pretext>
<subnum range = "p" ref = "C423S001000" doc = "Class423.sgm">1</subnum></subref>
<descript><para> for processes of treating a mixture to obtain an
inorganic compound or free elemental nonmetal which may involve
a leaching or dissolving step.  Also this class generally provides
for processes involving a chemical reaction.</para></descript></crecord>
<crecord><classnum ref = "C521S000000" doc = "Class521.sgm">521</classnum>
<subref><clstitle>Synthetic Resins or Natural Rubbers</clstitle>
<pretext></pretext>
<subnum range = "p" ref = "C521S061000" doc = "Class521.sgm">61</subnum></subref>
<descript><para> for forming a cellular product without expanding
of the matrix.</para></descript></crecord>
<crecord><classnum ref = "C588S000000" doc = "Class588.sgm">588</classnum>
<subref><clstitle>Hazardous or Toxic Waste Destruction or Containment</clstitle>
<pretext></pretext></subref>
<descript><para>appropriate subclasses for the chemical destruction
or containment of hazardous or toxic etching waste.</para></descript></crecord></srchout>
</scsect>
<glossect>
<glossary><para>Terms used throughout the schedule and definitions
are to have the meaning ascribed below.</para>
<para>Generally accepted or commonly used art terms retain their
meaning found in their everyday usage and are not found in this
glossary.  Certain specialized terms are employed in these subclasses
and they have been given definitions altered to meet the needs of
this class.  Some or all of the terms may be broader or more restricted
as well as different in meaning compared to normal usage.</para>
<term>ACID</term>
<def><para>A chemical compound which yields hydrogen ions when dissolved
in water, whose hydrogen can be replaced by metals or basic radicals,
or which reacts with bases to form salts and water (neutralization).
 </para></def>
<term>GAS </term>
<def><para>Matter of very low density and viscosity, and relatively great
expansion and contraction with changes in pressure and temperature,
that is readily diffusive, with a tendency to expand indefinitely,
with molecules or atoms in free movement. The term gas includes
vapor.</para></def>
<term>GLASS</term>
<def><para>Must have all of the attributes described in 1-5 below:</para>
<para>(1) An inorganic product the constituents of which generally
include a glass former (e.g., As2O3, B2O3, GeO2, P2O5, SiO2, V2O5)
which has an essential characteristic of creating or maintaining,
singularly, or in a mixture that type of structural disorder characteristic
of a glassy condition, other oxides which approach glass forming
properties (e.g., Al2O3, BeO, PbO, Sb2O3, TiO2, ZnO, and ZrO2),
as well as oxides that are practically devoid of glass forming 
tendencies (e.g. BaO, CaO, K2O, Li2O, MgO, Na2O, and SrO).  Pure
and modified silica, silicon, and slag are also included.</para>
<para>(2) Formed by fusion and cooled to a rigid condition generally
without crystallization.</para>
<para>(3) Having no definite melting point, whereby the mass has
the characteristic of passing through a plastic state before reaching
a liquid state when heated.</para>
<para>(4) Incapable in the solid state of permanent deformation.</para>
<para>(5) Fractures when subject to deformation tension.</para></def>
<term>INORGANIC</term>
<def><para>Pertaining to compounds that do not generally contain carbon
and to elements in their free form. It relates to any of the compounds
not encompassed under the term Organic defined below in this Glossary. </para></def>
<term>METAL</term>
<def><para>As found in the periodic table of the elements, is any element
not named in the following listing, all group VIII, VIIB, VIB elements
except polonium, nitrogen, phosphorus, carbon, silicon, and boron.</para></def>
<term>ORGANIC</term>
<def><para>Is a compound containing carbon, which is further characterized
by the presence in the molecule of two carbon atoms bonded together;
or one atom of carbon bonded to at least one atom of hydrogen or
halogen; or one atom of carbon bonded to at least one atom of nitrogen
by a single or double bond.  The following compounds are specifically
excluded as being Organic for classification purposes, to-wit: 
hydrocyanic acid, cyanogen, isocyanic acid, cyanamide, cyanogen
halides, isothiocyanic acid, fulminic acid, and metal carbides.</para></def>
<term>PLASMA</term>
<def><para>A gas that is sufficiently ionized for its properties
to depend on the ionization.  It contains approximately equal numbers
of positive ions and electrons, so the mixture is electrically neutral,
highly conductive, and affected by magnetic fields.  A thermal plasma
is produced by temperatures above 20,000 degrees centigrade.</para></def>
<term>RADIATION</term>
<def><para>The propagation of energy through space or through a material.
It may be in the form of electromagnetic waves, corpuscular  emissions
or sound waves.  The format is usually categorized according to
frequency, e.g., Hertzian, infrared, visible light, ultraviolet,
X-ray, gamma ray, etc. Corpuscular emissions are categorized as
alpha, beta, or cosmic rays.</para></def>
<term>SUBSTRATE</term>
<def><para>The entire article or workpiece contacted by the chemical
reagent, except for materials which have been applied to an article
or workpiece for the sole expressed purpose of protecting at least
a portion thereof from the action of the chemical material, i.e.,
a resist.</para></def></glossary></glossect></sections>
<sclasses>
<subclass subnum = "2" id = "C216S002000">
<sctitle>ETCHING OF SEMICONDUCTOR MATERIAL TO PRODUCE AN ARTICLE HAVING
A NONELECTRICAL FUNCTION:</sctitle>
<parent ref = "C216S000000" doc = "Class216.sgm">the class definition</parent>
<scdesc>Process of etching a semiconductive precursor, substrate,
or device to produce an article whose function is not related to
the conduction of electricity.</scdesc>
<notes><note1 notenum = "(1)">
<para>Note.  This subclass is directed to the manufacture of a semiconductor
containing article which has a stated function which is nonelectrical
in nature, e.g., pressure diaphragm, spring, or coil, etc.</para></note1></notes>
<srchout>
<crecord><classnum ref = "C438S000000" doc = "Class438.sgm">438</classnum>
<subref><clstitle>Semiconductor Device Manufacturing: Process</clstitle>
<pretext></pretext></subref>
<descript><para>for (a) combined processes and (b) unit operation
not elsewhere provided for manufacturing a semiconductive electrical
substrate or device.</para></descript></crecord></srchout></subclass>
<subclass subnum = "3" id = "C216S003000">
<sctitle>FORMING OR TREATING JOSEPHSON JUNCTION ARTICLE:</sctitle>
<parent ref = "C216S000000" doc = "Class216.sgm">the class definition</parent>
<scdesc>Process wherein etching is used in the forming or treating
of a superconductive material which is joined in a Josephson Junction containing
a pair of superconductive electrodes which are separated by a thin,
less conductive portion through which superconductor tunneling may
occur.</scdesc>
<srchout>
<crecord><classnum ref = "C257S000000" doc = "Class257.sgm">257</classnum>
<subref><clstitle>Active Solid-State Devices (e.g., Transistors,
Solid-State Diodes)</clstitle>
<pretext></pretext>
<subnum range = "p" ref = "C257S031000" doc = "Class257.sgm">31</subnum></subref>
<descript><para> for a Josephson Junction device.</para></descript></crecord>
<crecord><classnum ref = "C505S000000" doc = "Class505.sgm">505</classnum>
<subref><clstitle>Superconductor Technology:  Apparatus, Material,
Process</clstitle>
<pretext></pretext>
<subnum range = "s" ref = "C505S329000" doc = "Class505.sgm">329</subnum></subref>
<descript><para> and subclasses 410&plus; for the use of high
temperature superconductor material in applications, apparatus, and
the materials, per se, not provided for elsewhere.</para></descript></crecord></srchout></subclass>
<subclass subnum = "4" id = "C216S004000">
<sctitle>FORMING OR TREATING A SIGN OR MATERIAL USEFUL IN A SIGN:</sctitle>
<parent ref = "C216S000000" doc = "Class216.sgm">the class definition</parent>
<scdesc>Process wherein etching is used in the forming or treating
of a sign for the display of intelligence by way of symbols or for
material useful in preparing a sign.</scdesc>
<srchin>
<srecord><subnum ref = "C216S008000" doc = "Class216.sgm">8</subnum>
<descript><para>for forming or treating a cylindrical or tubular
article having pattern or design on its surface. </para></descript></srecord></srchin>
<srchout>
<crecord><classnum ref = "C040S000000" doc = "Class040.sgm">40</classnum>
<subref><clstitle>Card, Picture, or Sign Exhibiting</clstitle>
<pretext></pretext>
<subnum range = "p" ref = "C040S541000" doc = "Class040.sgm">541</subnum></subref>
<descript><para> for an illuminated sign.</para></descript></crecord></srchout></subclass>
<subclass subnum = "5" id = "C216S005000">
<sctitle>Sign or material is electroluminescent:</sctitle>
<parent ref = "C216S004000" doc = "Class216.sgm">subclass 4</parent>
<scdesc>Process wherein the sign or material adiabatically emits
light in an electric field. </scdesc></subclass>
<subclass subnum = "6" id = "C216S006000">
<sctitle>FORMING OR TREATING MATERIAL USEFUL IN A CAPACITOR:</sctitle>
<parent ref = "C216S000000" doc = "Class216.sgm">the class definition</parent>
<scdesc>Process wherein etching is used in the forming or treating
of materials that may be used in a device composed of two conductors separated
by a dielectric capable of storing electrical energy blocking the
flow of direct current to a degree dependent upon the capacitance
and the frequency.</scdesc>
<srchout>
<crecord><classnum ref = "C029S000000" doc = "Class029.sgm">29</classnum>
<subref><clstitle>Metal Working</clstitle>
<pretext>for making special articles as defined in the etching class definition,
note </pretext>
<subnum range = "s" ref = "C029S02530" doc = "Class029.sgm">25.03</subnum></subref>
<descript><para> for electrolytic device making, e.g., capacitor,
etc., and subclasses 25.41&plus; for electric condenser making.</para></descript></crecord>
<crecord><classnum ref = "C174S000000" doc = "Class174.sgm">174</classnum>
<subref><clstitle>Electricity: Conductors and Insulators</clstitle>
<pretext></pretext>
<subnum range = "s" ref = "C174S143000" doc = "Class174.sgm">143</subnum></subref>
<descript><para> for bushing-type condenser.</para></descript></crecord>
<crecord><classnum ref = "C361S000000" doc = "Class361.sgm">361</classnum>
<subref><clstitle>Electricity:  Electrical Systems and Devices</clstitle>
<pretext></pretext>
<subnum range = "p" ref = "C361S268000" doc = "Class361.sgm">268</subnum></subref>
<descript><para> for induction apparatus combined with electrical
capacitors, subclasses 271&plus; for  electrostatic capacitors,
subclasses 277&plus; for variable-type electrical capacitors,
and subclasses 500&plus; for electrolytic-type condensers.</para></descript></crecord></srchout></subclass>
<subclass subnum = "7" id = "C216S007000">
<sctitle>FORMING OR TREATING FIBROUS ARTICLE OR FIBER REINFORCED COMPOSITE
STRUCTURE:</sctitle>
<parent ref = "C216S000000" doc = "Class216.sgm">the class definition</parent>
<scdesc>Process wherein etching is used in the forming or treating
of an article or structure containing fibers.</scdesc></subclass>
<subclass subnum = "8" id = "C216S008000">
<sctitle>FORMING OR TREATING CYLINDRICAL OR TUBULAR ARTICLE HAVING PATTERN
OR DESIGN ON ITS SURFACE:</sctitle>
<parent ref = "C216S000000" doc = "Class216.sgm">the class definition</parent>
<scdesc>Process wherein etching is used in the forming or treating
of a cylindrical or tubular article having a pattern or design on
the article surface, e.g., pattern roll, etc.</scdesc>
<srchout>
<crecord><classnum ref = "C205S000000" doc = "Class205.sgm">205</classnum>
<subref><clstitle>Electrolysis:  Processes, Compositions Used Therein,
and Methods of Preparing the Compositions</clstitle>
<pretext></pretext>
<subnum range = "s" ref = "C205S118000" doc = "Class205.sgm">118</subnum></subref>
<descript><para> for electrolytic coating of selected areas.</para></descript></crecord>
<crecord><classnum ref = "C427S000000" doc = "Class427.sgm">427</classnum>
<subref><clstitle>Coating Processes</clstitle>
<pretext></pretext>
<subnum range = "p" ref = "C427S256000" doc = "Class427.sgm">256</subnum></subref>
<descript><para> for nonuniform coating.</para></descript></crecord></srchout></subclass>
<subclass subnum = "9" id = "C216S009000">
<sctitle>Forming or treating an embossing cylinder or tubular article:</sctitle>
<parent ref = "C216S008000" doc = "Class216.sgm">subclass 8</parent>
<scdesc>Process wherein the cylinder or tubular article has a design
or pattern raised in relief above its surface and which is intended
to impress the design or pattern on other work.</scdesc></subclass>
<subclass subnum = "10" id = "C216S010000">
<sctitle>Forming or treating liquid transfer cylinder or tubular
article (e.g. printing roll, etc.):</sctitle>
<parent ref = "C216S008000" doc = "Class216.sgm">subclass 8</parent>
<scdesc>Process wherein the cylinder or tubular article is intended
to transfer liquid.</scdesc>
<srchout>
<crecord><classnum ref = "C101S000000" doc = "Class101.sgm">101</classnum>
<subref><clstitle>Printing</clstitle>
<pretext></pretext>
<subnum range = "p" ref = "C101S212000" doc = "Class101.sgm">212</subnum></subref>
<descript><para> for rolling contact printing machines.</para></descript></crecord></srchout></subclass>
<subclass subnum = "11" id = "C216S011000">
<sctitle>FORMING OR TREATING AN ARTICLE WHOSE FINAL CONFIGURATION
HAS A PROJECTION:</sctitle>
<parent ref = "C216S000000" doc = "Class216.sgm">the class definition</parent>
<scdesc>Process wherein etching is used in the forming or treating
of an article whose final shape has at least one raised area above
the normal planar surface, e.g.; pointer, sound needle, etc.</scdesc>
<srchout>
<crecord><classnum ref = "C438S000000" doc = "Class438.sgm">438</classnum>
<subref><clstitle>Semiconductor Device Manufacturing: Process</clstitle>
<pretext></pretext>
<subnum range = "s" ref = "C438S020000" doc = "Class438.sgm">20</subnum></subref>
<descript><para> for manufacturing an electron emissive device utilizing
a semiconductive substrate.</para></descript></crecord>
<crecord><classnum ref = "C445S000000" doc = "Class445.sgm">445</classnum>
<subref><clstitle>Electric Lamp or Space Discharge Component or
Device Manufacturing</clstitle>
<pretext></pretext>
<subnum range = "p" ref = "C445S046000" doc = "Class445.sgm">46</subnum></subref>
<descript><para> for making an electrode having a projection.</para></descript></crecord>
<crecord><classnum ref = "C604S000000" doc = "Class604.sgm">604</classnum>
<subref><clstitle>Surgery</clstitle>
<pretext></pretext>
<subnum range = "p" ref = "C604S187000" doc = "Class604.sgm">187</subnum></subref>
<descript><para> for an aspirator syringe or injector.</para></descript></crecord></srchout></subclass>
<subclass subnum = "12" id = "C216S012000">
<sctitle>FORMING OR TREATING MASK USED FOR ITS NONETCHING FUNCTION (E.G.,
SHADOW MASK,  X-RAY MASK, ETC.):</sctitle>
<parent ref = "C216S000000" doc = "Class216.sgm">the class definition</parent>
<scdesc>Process wherein etching is used in forming or treating a
mask whose function is other than as an etch mask or etch resist,
e.g., shadow mask, X-ray mask, etc.</scdesc>
<srchin>
<srecord><subnum range = "p" ref = "C216S041000" doc = "Class216.sgm">41</subnum>
<descript><para>for the masking of a substrate using an etch resist.</para></descript></srecord>
<srecord><subnum ref = "C216S056000" doc = "Class216.sgm">56</subnum>
<descript><para>for making a porous or perforated article not used
for masking.</para></descript></srecord></srchin>
<srchout>
<crecord><classnum ref = "C378S000000" doc = "Class378.sgm">378</classnum>
<subref><clstitle>X-Ray or Gamma Ray Systems or Devices</clstitle>
<pretext></pretext>
<subnum range = "s" ref = "C378S035000" doc = "Class378.sgm">35</subnum></subref>
<descript><para> for mask used in a nonetching function.</para></descript></crecord>
<crecord><classnum ref = "C430S000000" doc = "Class430.sgm">430</classnum>
<subref><clstitle>Radiation Imagery Chemistry:  Process, Composition,
or Product Thereof</clstitle>
<pretext></pretext>
<subnum range = "s" ref = "C430S005000" doc = "Class430.sgm">5</subnum></subref>
<descript><para> for a radiation mask produced by a photos:graphic step.</para></descript></crecord></srchout></subclass>
<subclass subnum = "13" id = "C216S013000">
<sctitle>FORMING OR TREATING ELECTRICAL CONDUCTOR ARTICLE (E.G.,
CIRCUIT, ETC.):</sctitle>
<parent ref = "C216S000000" doc = "Class216.sgm">the class definition</parent>
<scdesc>Process wherein etching is used in the forming or treating
of an electrical conductor.</scdesc>
<notes><note1 notenum = "(1)">
<para>Note.  The conductor maybe either a self sustaining conductor
or a conductor on a supporting substrate, e.g., a printed circuit,
etc.</para></note1></notes>
<srchout>
<crecord><classnum ref = "C205S000000" doc = "Class205.sgm">205</classnum>
<subref><clstitle>Electrolysis:  Processes, Compositions Used Therein,
and Methods of Preparing the Compositions</clstitle>
<pretext></pretext>
<subnum range = "s" ref = "C205S125000" doc = "Class205.sgm">125</subnum></subref>
<descript><para> where the product is a circuit board or printed
circuit.</para></descript></crecord>
<crecord><classnum ref = "C427S000000" doc = "Class427.sgm">427</classnum>
<subref><clstitle>Coating Processes</clstitle>
<pretext></pretext>
<subnum range = "r" ref = "C427S096100" doc = "Class427.sgm">96.1</subnum>
<endnum ref = "C427S099500" doc = "Class427.sgm">99.5</endnum></subref>
<descript><para> for a process of coating a substrate to produce
an integrated or printed circuit or circuit board.</para></descript></crecord>
<crecord><classnum ref = "C428S000000" doc = "Class428.sgm">428</classnum>
<subref><clstitle>Stock Material or Miscellaneous Articles</clstitle>
<pretext></pretext></subref>
<descript><para>cross-reference art collection 901 for a printed
circuit.</para></descript></crecord></srchout></subclass>
<subclass subnum = "14" id = "C216S014000">
<sctitle>Forming or treating lead frame or beam lead:</sctitle>
<parent ref = "C216S013000" doc = "Class216.sgm">subclass 13</parent>
<scdesc>Process directed to the forming or treating of (a) a group
of metal leads held together in the proper relationship to permit
connection to a semiconductor die (integrated circuit), or (b) an intermediate
article of manufacture utilized to produce electrical connecting
structure for circuits consisting of a generally flat electrically conductive
strap or band section which has been stamped, cut or otherwise deformed,
to produce an open encasing structure provided with a plurality
of generally rectangular cross-sectional inwardly facing bodies
designed to be attached to the circuit in a cantilever fashion.</scdesc>
<srchout>
<crecord><classnum ref = "C029S000000" doc = "Class029.sgm">29</classnum>
<subref><clstitle>Metal Working</clstitle>
<pretext></pretext>
<subnum range = "s" ref = "C029S827000" doc = "Class029.sgm">827</subnum></subref>
<descript><para> for beam lead frame or beam lead device manufacturing
including a metal working step.</para></descript></crecord></srchout></subclass>
<subclass subnum = "15" id = "C216S015000">
<sctitle>Forming or treating a crossover:</sctitle>
<parent ref = "C216S013000" doc = "Class216.sgm">subclass 13</parent>
<scdesc>Process directed to the forming or treating of a circuit
where one conductor crosses over another without electrical contact
due to the presence of an insulator therebetween.</scdesc></subclass>
<subclass subnum = "16" id = "C216S016000">
<sctitle>Forming or treating resistive material:</sctitle>
<parent ref = "C216S013000" doc = "Class216.sgm">subclass 13</parent>
<scdesc>Process directed to the forming or treating of material
which is generally used in a circuit containing a conductor, and
which material is intended to impede the flow of a steady or fluctuating
electrical current passing through the mass by conversion of electrical
energy to heat.</scdesc>
<srchout>
<crecord><classnum ref = "C029S000000" doc = "Class029.sgm">29</classnum>
<subref><clstitle>Metal Working</clstitle>
<pretext></pretext>
<subnum range = "s" ref = "C029S610100" doc = "Class029.sgm">610.1</subnum></subref>
<descript><para> for resistor making and subclass 621.1 for electrical
strain gauge making.</para></descript></crecord>
<crecord><classnum ref = "C252S000000" doc = "Class252.sgm">252</classnum>
<subref><clstitle>Compositions</clstitle>
<pretext></pretext>
<subnum range = "p" ref = "C252S500000" doc = "Class252.sgm">500</subnum></subref>
<descript><para> for an electrically conductive or emissive composition.</para></descript></crecord>
<crecord><classnum ref = "C257S000000" doc = "Class257.sgm">257</classnum>
<subref><clstitle>Active Solid-State Devices (e.g., Transistors,
Solid-State Diodes)</clstitle>
<pretext></pretext></subref>
<descript><para> which include resistive materials in their construction.</para></descript></crecord>
<crecord><classnum ref = "C338S000000" doc = "Class338.sgm">338</classnum>
<subref><clstitle>Electrical Resistors</clstitle>
<pretext></pretext></subref>
<descript><para>for electrical resistor structure.</para></descript></crecord></srchout></subclass>
<subclass subnum = "17" id = "C216S017000">
<sctitle>Forming or treating of groove or through hole:</sctitle>
<parent ref = "C216S013000" doc = "Class216.sgm">subclass 13</parent>
<scdesc>Process directed to forming or treating (a) a depression
of relatively small area which is formed partially or completely
through an electrical conductor or a substrate supporting an electrical
circuit, or (b) an elongated relatively narrow trench which is partially
or completely through an electrical conductor or substrate.</scdesc></subclass>
<subclass subnum = "18" id = "C216S018000">
<sctitle>Filling or coating of groove or through hole with a conductor
to form an electrical interconnection:</sctitle>
<parent ref = "C216S017000" doc = "Class216.sgm">subclass 17</parent>
<scdesc>Process directed to filling or coating of groove or through
hole with an  electrically conductive material so as to provide
an electrical interconnection in a circuit.</scdesc></subclass>
<subclass subnum = "19" id = "C216S019000">
<sctitle>Filling or coating of groove or through hole in a conductor
with an insulator:</sctitle>
<parent ref = "C216S017000" doc = "Class216.sgm">subclass 17</parent>
<scdesc>Process directed to filling or coating of groove or through
hole with an insulator to thus form an insulated region in or on
a conductor.</scdesc></subclass>
<subclass subnum = "20" id = "C216S020000">
<sctitle>Adhesive or autogenous bonding of self-sustaining preforms
(e.g., prefabricated base, etc.):</sctitle>
<parent ref = "C216S013000" doc = "Class216.sgm">subclass 13</parent>
<scdesc>Process including a step of adhesively or autogeneously
bonding two or more self-sustaining preforms and wherein the final
product contains the two or more adhered layers.</scdesc>
<notes><note1 notenum = "(1)">
<para>Note.  A preformed etching mask or resist is not considered
as being a preform proper for this subclass if it ultimately to
be removed.  See subclasses 41&plus; for etching processes involving
a preformed etch mask or resist. </para></note1></notes></subclass>
<subclass subnum = "21" id = "C216S021000">
<sctitle>Repairing circuit:</sctitle>
<parent ref = "C216S013000" doc = "Class216.sgm">subclass 13</parent>
<scdesc>Process directed to the refurbishing, repairing, or recovery
of a circuit as to its electrical function.</scdesc></subclass>
<subclass subnum = "22" id = "C216S022000">
<sctitle>FORMING OR TREATING ARTICLE CONTAINING MAGNETICALLY RESPONSIVE
MATERIAL:</sctitle>
<parent ref = "C216S000000" doc = "Class216.sgm">the class definition</parent>
<scdesc>Process wherein etching is used in the forming or treating
of an article which contains material therein which is responsive
to magnetism.</scdesc>
<srchout>
<crecord><classnum ref = "C029S000000" doc = "Class029.sgm">29</classnum>
<subref><clstitle>Metal Working</clstitle>
<pretext></pretext>
<subnum range = "p" ref = "C029S607000" doc = "Class029.sgm">607</subnum></subref>
<descript><para> for the making of permanent magnets and electromagnets.</para></descript></crecord></srchout></subclass>
<subclass subnum = "23" id = "C216S023000">
<sctitle>FORMING OR TREATING ARTICLE CONTAINING A LIQUID CRYSTAL MATERIAL:</sctitle>
<parent ref = "C216S000000" doc = "Class216.sgm">the class definition</parent>
<scdesc>Process wherein etching is used in the forming or treating
of an article which contains an ordered liquid, i.e., liquid crystal.</scdesc>
<srchout>
<crecord><classnum ref = "C252S000000" doc = "Class252.sgm">252</classnum>
<subref><clstitle>Compositions</clstitle>
<pretext></pretext>
<subnum range = "p" ref = "C252S29910" doc = "Class252.sgm">299.01</subnum></subref>
<descript><para> for liquid crystal compositions.</para></descript></crecord>
<crecord><classnum ref = "C428S000000" doc = "Class428.sgm">428</classnum>
<subref><clstitle>Stock Material or Miscellaneous Articles</clstitle>
<pretext></pretext>
<subnum range = "s" ref = "C428S001000" doc = "Class428.sgm">1</subnum></subref>
<descript><para> for liquid crystal containing stock material.</para></descript></crecord>
<crecord><classnum ref = "C438S000000" doc = "Class438.sgm">438</classnum>
<subref><clstitle>Semiconductor Device Manufacturing: Process</clstitle>
<pretext></pretext>
<subnum range = "s" ref = "C438S030000" doc = "Class438.sgm">30</subnum></subref>
<descript><para> for manufacturing a liquid crystal display device
utilizing a semiconductive substrate having an electrical device formed
therein or thereon.</para></descript></crecord></srchout></subclass>
<subclass subnum = "24" id = "C216S024000">
<sctitle>FORMING OR TREATING OPTICAL ARTICLE:</sctitle>
<parent ref = "C216S000000" doc = "Class216.sgm">the class definition</parent>
<scdesc>Process wherein etching is used in forming or treating of
an article which is either responsive to light, e.g., visible, UV,
etc. or which is intended to transmit, modify, or otherwise alter
light, e.g., visible, UV, etc.</scdesc>
<srchout>
<crecord><classnum ref = "C065S000000" doc = "Class065.sgm">65</classnum>
<subref><clstitle>Glass Manufacturing</clstitle>
<pretext></pretext>
<subnum range = "p" ref = "C065S037000" doc = "Class065.sgm">37</subnum></subref>
<descript><para> for lens making.</para></descript></crecord>
<crecord><classnum ref = "C264S000000" doc = "Class264.sgm">264</classnum>
<subref><clstitle>Plastic and Nonmetallic Article Shaping or Treating:
 Processes</clstitle>
<pretext></pretext>
<subnum range = "p" ref = "C264S001100" doc = "Class264.sgm">1.1</subnum></subref>
<descript><para> for optical article shaping or treating.</para></descript></crecord>
<crecord><classnum ref = "C430S000000" doc = "Class430.sgm">430</classnum>
<subref><clstitle>Radiation Imagery Chemistry: Process, Composition,
or Product Thereof</clstitle>
<pretext></pretext>
<subnum range = "s" ref = "C430S321000" doc = "Class430.sgm">321</subnum></subref>
<descript><para> for optical device manufacturing using an imaging
technique.</para></descript></crecord></srchout></subclass>
<subclass subnum = "25" id = "C216S025000">
<sctitle>Phosphor screen:</sctitle>
<parent ref = "C216S024000" doc = "Class216.sgm">subclass 24</parent>
<scdesc>Process wherein the optical article is a screen containing
phosphor elements, these elements phosphorescing (continuous emission
of light) when stimulated by an external energy source which is
usually radiation.</scdesc>
<srchout>
<crecord><classnum ref = "C250S000000" doc = "Class250.sgm">250</classnum>
<subref><clstitle>Radiant Energy</clstitle>
<pretext></pretext>
<subnum range = "p" ref = "C250S458100" doc = "Class250.sgm">458.1</subnum></subref>
<descript><para> for luminophor irradiation, and subclasses 483.1&plus; for
luminescent device.</para></descript></crecord>
<crecord><classnum ref = "C252S000000" doc = "Class252.sgm">252</classnum>
<subref><clstitle>Compositions</clstitle>
<pretext></pretext>
<subnum range = "s" ref = "C252S301160" doc = "Class252.sgm">301.16</subnum></subref>
<descript><para> for an organic luminescent material containing
composition, subclass 301.4 for an inorganic luminescent composition.</para></descript></crecord>
<crecord><classnum ref = "C313S000000" doc = "Class313.sgm">313</classnum>
<subref><clstitle>Electric Lamp and Discharge Devices</clstitle>
<pretext></pretext>
<subnum range = "p" ref = "C313S525000" doc = "Class313.sgm">525</subnum></subref>
<descript><para> for a device containing a phosphor screen.</para></descript></crecord></srchout></subclass>
<subclass subnum = "26" id = "C216S026000">
<sctitle>Lens:</sctitle>
<parent ref = "C216S024000" doc = "Class216.sgm">subclass 24</parent>
<scdesc>Process wherein the optical article contains transparent
material which converges or diverges light by refraction.</scdesc></subclass>
<subclass subnum = "27" id = "C216S027000">
<sctitle>FORMING OR TREATING THERMAL INK JET ARTICLE (E.G., PRINT
HEAD, LIQUID JET RECORDING HEAD, ETC.):</sctitle>
<parent ref = "C216S000000" doc = "Class216.sgm">the class definition</parent>
<scdesc>Process wherein etching is used in the forming or treating
of an article whose ultimate use is to expel an ink droplet, and
in which the ink droplet is produced by the action of thermal energy
to form a propelling vapor.</scdesc>
<srchout>
<crecord><classnum ref = "C346S000000" doc = "Class346.sgm">346</classnum>
<subref><clstitle>Recorders</clstitle>
<pretext></pretext>
<subnum range = "s" ref = "C346S001100" doc = "Class346.sgm">1.1</subnum></subref>
<descript><para> for processes of using thermal ink jet devices,
subclass 75 for the use of a gas blast against a receiver in printing.</para></descript></crecord>
<crecord><classnum ref = "C438S000000" doc = "Class438.sgm">438</classnum>
<subref><clstitle>Semiconductor Device Manufacturing:  Process</clstitle>
<pretext></pretext>
<subnum range = "s" ref = "C438S021000" doc = "Class438.sgm">21</subnum></subref>
<descript><para> for manufacturing an electrical device controlled
printhead utilizing a semiconductive substrate having an electrical
device formed therein or thereon.</para></descript></crecord></srchout></subclass>
<subclass subnum = "28" id = "C216S028000">
<sctitle>FORMING OR TREATING AN ORNAMENTED ARTICLE:</sctitle>
<parent ref = "C216S000000" doc = "Class216.sgm">the class definition</parent>
<scdesc>Process wherein etching is used in the forming or treating
of an article, which article possesses an effect which is intended
to be decorative in nature, and which effect possess little or no
utilitarian function or character, and wherein the article itself
may or may not possess some form of utility.</scdesc>
<srchout>
<crecord><classnum ref = "C063S000000" doc = "Class063.sgm">63</classnum>
<subref><clstitle>Jewelry</clstitle>
<pretext></pretext></subref>
<descript><para>for ornamented jewelry.</para></descript></crecord></srchout></subclass>
<subclass subnum = "29" id = "C216S029000">
<sctitle>Wood surface treated or wood grain produced:</sctitle>
<parent ref = "C216S028000" doc = "Class216.sgm">subclass 28</parent>
<scdesc>Process wherein the treating is performed on the surface
of a wood product to produce a decorative wood product, or wherein
a nonwood product is treated to produce a wood grain appearance.</scdesc></subclass>
<subclass subnum = "30" id = "C216S030000">
<sctitle>Treating stone (e.g., marble, etc.):</sctitle>
<parent ref = "C216S028000" doc = "Class216.sgm">subclass 28</parent>
<scdesc>Process wherein stone is treated, to produce a decorative
effect thereon, e.g., marble, etc.</scdesc></subclass>
<subclass subnum = "31" id = "C216S031000">
<sctitle>Treating glass (e.g., mirror, etc.):</sctitle>
<parent ref = "C216S028000" doc = "Class216.sgm">subclass 28</parent>
<scdesc>Process wherein glass is treated to produce a decorative
effect thereon, e.g., mirror, etc.</scdesc>
<srchin>
<srecord><subnum ref = "C216S080000" doc = "Class216.sgm">80</subnum>
<descript><para>for etching of a silicon containing glass by a gas
phase etchant.</para></descript></srecord>
<srecord><subnum ref = "C216S097000" doc = "Class216.sgm">97</subnum>
<descript><para>for etching of glass by nonliquid phase etchant.</para></descript></srecord>
<srecord><subnum ref = "C216S099000" doc = "Class216.sgm">99</subnum>
<descript><para>for etching of a silicon containing substrate by
a nonliquid phase etchant.</para></descript></srecord></srchin>
<srchout>
<crecord><classnum ref = "C065S000000" doc = "Class065.sgm">65</classnum>
<subref><clstitle>Glass Manufacturing</clstitle>
<pretext></pretext>
<subnum range = "s" ref = "C065S031000" doc = "Class065.sgm">31</subnum></subref>
<descript><para> for etching or leaching of glass preform in combination
with a glass manufacturing step.</para></descript></crecord></srchout></subclass>
<subclass subnum = "32" id = "C216S032000">
<sctitle>Treating elemental metal or alloy thereof:</sctitle>
<parent ref = "C216S028000" doc = "Class216.sgm">subclass 28</parent>
<scdesc>Process wherein metal or an thereof is treated to produce
a decorative effect thereon.</scdesc></subclass>
<subclass subnum = "33" id = "C216S033000">
<sctitle>ADHESIVE OR AUTOGENOUS BONDING OF TWO OR MORE SELF-SUSTAINING
PREFORMS WHEREIN AT LEAST TWO OF THE PREFORMS ARE NOT INTENDED TO
BE REMOVED (E.G., PREFABRICATED BASE, ETC.):</sctitle>
<parent ref = "C216S000000" doc = "Class216.sgm">the class definition</parent>
<scdesc>Process s including the step of adhesively or autogenously
bonding two or more self sustaining preforms.</scdesc>
<notes><note1 notenum = "(1)">
<para>Note.  A preformed etching mask or resist is not considered
as being a preform proper for this subclass if it is ultimately
to be removed.  See subclasses 41&plus; for etching processes
involving a preformed etch mask or resist.</para></note1>
<note1 notenum = "(2)">
<para>Note.  Processes appropriate for this subclass require the
forming of intended composite materials having two or more layers
and wherein the final intended material is a composite having two
or more layers.  A multilayered substrate as a preform without the
claimed forming of the multilayers by adhesive or autogenous bonding
is not appropriate herein unless a self-sustaining preform is bonded
thereto and remains with the multilayered substrate.  Removing the self-sustaining
preform (etch mask or resist) after the etching process results
in a product which does not meet the required parameters for this
subclass.</para></note1></notes>
<srchout>
<crecord><classnum ref = "C029S000000" doc = "Class029.sgm">29</classnum>
<subref><clstitle>Metal Working</clstitle>
<pretext></pretext></subref>
<descript><para>for mechanical assembly combined with etching of special
articles.</para></descript></crecord>
<crecord><classnum ref = "C156S000000" doc = "Class156.sgm">156</classnum>
<subref><clstitle>Adhesive Bonding and Miscellaneous Chemical Manufacture</clstitle>
<pretext></pretext></subref>
<descript><para>for adhesive bonding or laminating without etching.</para></descript></crecord></srchout></subclass>
<subclass subnum = "34" id = "C216S034000">
<sctitle>Etching improves or promotes adherence of preforms being
bonded:</sctitle>
<parent ref = "C216S033000" doc = "Class216.sgm">subclass 33</parent>
<scdesc>Process wherein etching is used to improve or promote adherence
or bonding between two or more preforms. </scdesc>
<notes><note1 notenum = "(1)">
<para>Note.  Included herein is the use of etching to improve or
promote the adherence of an adhesive and a preform.</para></note1></notes></subclass>
<subclass subnum = "35" id = "C216S035000">
<sctitle>Bonding of preform of metal or an alloy thereof to a preform
of a nonmetal:</sctitle>
<parent ref = "C216S034000" doc = "Class216.sgm">subclass 34</parent>
<scdesc>Process of improving or promoting the adherence or bonding
of a preform of metal or an alloy thereof to a nonmetal preform.</scdesc></subclass>
<subclass subnum = "36" id = "C216S036000">
<sctitle>Removing at least one of the self-sustaining preforms or
a portion thereof:</sctitle>
<parent ref = "C216S033000" doc = "Class216.sgm">subclass 33</parent>
<scdesc>Process wherein a delamination  occurs between any two or
more laminated preforms.</scdesc>
<notes><note1 notenum = "(1)">
<para>Note.  The preform or portion delaminated may be the same
or different from the preform bonded initially. An example of a
different preform is one which has been chemically treated after
it has been united and then removed.</para></note1></notes></subclass>
<subclass subnum = "37" id = "C216S037000">
<sctitle>ETCHING AND COATING OCCUR IN THE SAME PROCESSING CHAMBER:</sctitle>
<parent ref = "C216S000000" doc = "Class216.sgm">the class definition</parent>
<scdesc>Process wherein etching and coating occur in the same vessel.</scdesc>
<srchout>
<crecord><classnum ref = "C427S000000" doc = "Class427.sgm">427</classnum>
<subref><clstitle>Coating Processes</clstitle>
<pretext></pretext></subref>
<descript><para>for etching used to perfect a coating operation.</para></descript></crecord></srchout></subclass>
<subclass subnum = "38" id = "C216S038000">
<sctitle>PLANARIZING A NONPLANAR SURFACE:</sctitle>
<parent ref = "C216S000000" doc = "Class216.sgm">the class definition</parent>
<scdesc>Process directed to the smoothing or leveling of a surface.</scdesc>
<notes><note1 notenum = "(1)">
<para>Note.  The planarizing may include the use of a planarizing
coating layer.</para></note1></notes></subclass>
<subclass subnum = "39" id = "C216S039000">
<sctitle>FORMING GROOVE OR HOLE IN A SUBSTRATE WHICH IS SUBSEQUENTLY
FILLED OR COATED:</sctitle>
<parent ref = "C216S000000" doc = "Class216.sgm">the class definition</parent>
<scdesc>Process directed to the filling or coating of a groove or
hole in a substrate after the groove or hole is formed.</scdesc></subclass>
<subclass subnum = "40" id = "C216S040000">
<sctitle>FORMING PATTERN USING LIFT OFF TECHNIQUE:</sctitle>
<parent ref = "C216S000000" doc = "Class216.sgm">the class definition</parent>
<scdesc>Process directed to placing a mask on a substrate, coating,
or depositing material over the mask and substrate, then removing
the mask to remove the deposited layer on the mask, thus leaving
the deposited layer in a pattern where the mask was not present,
and etching using the pattern as a mask.</scdesc>
<notes><note1 notenum = "(1)">
<para>Note.  Any means of removal may be used to include dissolution.</para></note1></notes></subclass>
<subclass subnum = "41" id = "C216S041000">
<sctitle>MASKING OF A SUBSTRATE USING MATERIAL RESISTANT TO AN ETCHANT
(I.E., ETCH RESIST):</sctitle>
<parent ref = "C216S000000" doc = "Class216.sgm">the class definition</parent>
<scdesc>Process directed to using a patterned material which is
resistant to the etchant.</scdesc>
<notes><note1 notenum = "(1)">
<para>Note.  This subclass rather than subclass 49 and subclass
51 specifically provides for etch resistant material where the disclosure
of the patent is silent as to whether the material is organic or
inorganic in nature.</para></note1></notes>
<srchin>
<srecord><subnum ref = "C216S056000" doc = "Class216.sgm">56</subnum>
<descript><para>for making a porous or perforated article having
a  nonmasking function.</para></descript></srecord></srchin>
<srchout>
<crecord><classnum ref = "C430S000000" doc = "Class430.sgm">430</classnum>
<subref><clstitle>Radiation Imagery Chemistry:  Process, Composition,
or Product Thereof</clstitle>
<pretext></pretext>
<subnum range = "s" ref = "C430S005000" doc = "Class430.sgm">5</subnum></subref>
<descript><para> for a radiation mask.</para></descript></crecord></srchout></subclass>
<subclass subnum = "42" id = "C216S042000">
<sctitle>Resist material applied in particulate form or spray:</sctitle>
<parent ref = "C216S041000" doc = "Class216.sgm">subclass 41</parent>
<scdesc>Process wherein the masking is applied by a coating process
involving the application of particulate material or by a spray
coating procedure.</scdesc></subclass>
<subclass subnum = "43" id = "C216S043000">
<sctitle>Adhesively bonding resist to substrate:</sctitle>
<parent ref = "C216S041000" doc = "Class216.sgm">subclass 41</parent>
<scdesc>Process wherein the masking is applied by adhesively bonding
a self-sustaining patterned resist to a substrate.</scdesc>
<srchout>
<crecord><classnum ref = "C156S000000" doc = "Class156.sgm">156</classnum>
<subref><clstitle>Adhesive Bonding and Miscellaneous Chemical Manufacture</clstitle>
<pretext></pretext></subref>
<descript><para>for production of bonded materials.</para></descript></crecord></srchout></subclass>
<subclass subnum = "44" id = "C216S044000">
<sctitle>Mechanically forming pattern into a resist:</sctitle>
<parent ref = "C216S041000" doc = "Class216.sgm">subclass 41</parent>
<scdesc>Process directed to the forming of a pattern into the etch
resist by mechanical means, e.g., cutting, punching, scribing using
a stylus, etc.</scdesc>
<srchin>
<srecord><subnum range = "p" ref = "C216S052000" doc = "Class216.sgm">52</subnum>
<descript><para>for a separate step of mechanically shaping, deforming,
or abrading of a substrate.</para></descript></srecord></srchin></subclass>
<subclass subnum = "45" id = "C216S045000">
<sctitle>Mask is reusable (i.e., stencil):</sctitle>
<parent ref = "C216S041000" doc = "Class216.sgm">subclass 41</parent>
<scdesc>Process using a prefabricated stencil or mask which may
be reused in the subsequent etching of another substrate.</scdesc></subclass>
<subclass subnum = "46" id = "C216S046000">
<sctitle>Masking of sidewall:</sctitle>
<parent ref = "C216S041000" doc = "Class216.sgm">subclass 41</parent>
<scdesc>Process of using masking on a side wall of a substrate to
prevent or direct etching.</scdesc></subclass>
<subclass subnum = "47" id = "C216S047000">
<sctitle>Mask is multilayer resist:</sctitle>
<parent ref = "C216S041000" doc = "Class216.sgm">subclass 41</parent>
<scdesc>Process of using an etch resist comprising plural layers.</scdesc></subclass>
<subclass subnum = "48" id = "C216S048000">
<sctitle>Mask is exposed to nonimaging radiation:</sctitle>
<parent ref = "C216S041000" doc = "Class216.sgm">subclass 41</parent>
<scdesc>Process of exposing the etch resist to nonimaging radiation,
e.g., U.V. light, laser beam, etc.</scdesc>
<srchin>
<srecord><subnum ref = "C216S062000" doc = "Class216.sgm">62</subnum>
<descript><para>for altering of the etchability of a substrate by
irradiation, ion implantation, alloying, diffusing, or chemically reacting
the substrate during gas phase etching.</para></descript></srecord>
<srecord><subnum range = "p" ref = "C216S063000" doc = "Class216.sgm">63</subnum>
<descript><para>for gas phase etching with application of energy
to the substrate being etched, e.g., ultrasonic, substrate heating,
radiation, plasma, ion beam, etc.</para></descript></srecord>
<srecord><subnum ref = "C216S087000" doc = "Class216.sgm">87</subnum>
<descript><para>for altering of the etchability of a substrate during
liquid phase etching by treatment with high energy radiation, alloying,
diffusion, or chemically reacting.</para></descript></srecord>
<srecord><subnum ref = "C216S094000" doc = "Class216.sgm">94</subnum>
<descript><para>for liquid phase etching with high energy irradiation,
e.g., laser, e-beam, or ion beam, etc.</para></descript></srecord></srchin>
<srchout>
<crecord><classnum ref = "C430S000000" doc = "Class430.sgm">430</classnum>
<subref><clstitle>Radiation Imagery Chemistry: Process, Composition,
or Product Thereof</clstitle>
<pretext></pretext></subref>
<descript><para>for the production of an image formed by use of
radiation or light combined with etching.</para></descript></crecord></srchout></subclass>
<subclass subnum = "49" id = "C216S049000">
<sctitle>Mask resist contains organic compound:</sctitle>
<parent ref = "C216S041000" doc = "Class216.sgm">subclass 41</parent>
<scdesc>Process wherein the resist material contains an organic
compound.</scdesc>
<notes><note1 notenum = "(1)">
<para>Note.  See Glossary for a definition of the term  Organic.</para></note1>
<note1 notenum = "(2)">
<para>Note.  See subclass 41 for masking material where the patent
disclosure is silent as to its chemical nature. </para></note1></notes></subclass>
<subclass subnum = "50" id = "C216S050000">
<sctitle>Mask resist contains a color imparting agent:</sctitle>
<parent ref = "C216S049000" doc = "Class216.sgm">subclass 49</parent>
<scdesc>Process wherein the organic resist further contains a material
expressly added for imparting color to the resist.</scdesc></subclass>
<subclass subnum = "51" id = "C216S051000">
<sctitle>Mask resist contains inorganic material:</sctitle>
<parent ref = "C216S041000" doc = "Class216.sgm">subclass 41</parent>
<scdesc>Process wherein the resist material is inorganic and includes
material in an  elemental state.</scdesc>
<notes><note1 notenum = "(1)">
<para>Note.  See Glossary for a definition of the term Inorganic. </para></note1></notes>
<srchin>
<srecord><subnum ref = "C216S041000" doc = "Class216.sgm">41</subnum>
<descript><para>for masking material where the patent disclosure
is silent as to its chemical nature.</para></descript></srecord></srchin></subclass>
<subclass subnum = "52" id = "C216S052000">
<sctitle>MECHANICALLY SHAPING, DEFORMING, OR ABRADING OF SUBSTRATE:</sctitle>
<parent ref = "C216S000000" doc = "Class216.sgm">the class definition</parent>
<scdesc>Process including a step of subjecting a substrate to physical
force of sufficient magnitude to cause permanent distortion thereof
or removal of material therefrom.</scdesc>
<notes><note1 notenum = "(1)">
<para>Note.  Included herein, e.g., are embossing, bending, abrading,
cutting, breaking, etc.</para></note1>
<note1 notenum = "(2)">
<para>Note.  For the line between this class and the metal working
classes wherein a step of metal working is included, see Lines With
Other Classes And Within This Class in this class (216).</para></note1></notes></subclass>
<subclass subnum = "53" id = "C216S053000">
<sctitle>Nongaseous phase etching:</sctitle>
<parent ref = "C216S052000" doc = "Class216.sgm">subclass 52</parent>
<scdesc>Process wherein the etchant is employed in a nongaseous
phase.  </scdesc>
<notes><note1 notenum = "(1)">
<para>Note.  Most of the patents herein are to the use of a liquid
etchant. See the Glossary for a definition of the term Liquid.</para></note1></notes></subclass>
<subclass subnum = "54" id = "C216S054000">
<sctitle>PATTERN OR DESIGN APPLIED BY TRANSFER:</sctitle>
<parent ref = "C216S000000" doc = "Class216.sgm">the class definition</parent>
<scdesc>Process wherein a separately existing pattern or design
is temporarily adhered to a carrier and this pattern or design is
transferred to a substrate.</scdesc></subclass>
<subclass subnum = "55" id = "C216S055000">
<sctitle>HEATING OR BAKING OF SUBSTRATE PRIOR TO ETCHING TO CHANGE
THE CHEMICAL PROPERTIES OF SUBSTRATE TOWARD THE ETCHANT:</sctitle>
<parent ref = "C216S000000" doc = "Class216.sgm">the class definition</parent>
<scdesc>Process wherein the chemical properties of a substrate toward
an etchant are altered by contacting the substrate prior to etching
with a source of heat, e.g., alloying, curing, annealing, etc.</scdesc>
<srchout>
<crecord><classnum ref = "C065S000000" doc = "Class065.sgm">65</classnum>
<subref><clstitle>Glass Manufacturing</clstitle>
<pretext></pretext>
<subnum range = "p" ref = "C065S117000" doc = "Class065.sgm">117</subnum></subref>
<descript><para> for annealing of glass preform.</para></descript></crecord></srchout></subclass>
<subclass subnum = "56" id = "C216S056000">
<sctitle>ETCHING TO PRODUCE POROUS OR PERFORATED ARTICLE:</sctitle>
<parent ref = "C216S000000" doc = "Class216.sgm">the class definition</parent>
<scdesc>Process wherein the action of the etchant produces relatively
small holes or channels throughout a substrate.</scdesc>
<srchin>
<srecord><subnum ref = "C216S012000" doc = "Class216.sgm">12</subnum>
<descript><para>for forming a mask used for a nonetching function.</para></descript></srecord></srchin>
<srchout>
<crecord><classnum ref = "C106S000000" doc = "Class106.sgm">106</classnum>
<subref><clstitle>Compositions:  Coating or Plastic</clstitle>
<pretext></pretext>
<subnum range = "s" ref = "C106S122000" doc = "Class106.sgm">122</subnum></subref>
<descript><para> for pore forming.</para></descript></crecord>
<crecord><classnum ref = "C521S000000" doc = "Class521.sgm">521</classnum>
<subref><clstitle>Synthetic Resins or Natural Rubbers</clstitle>
<pretext></pretext>
<subnum range = "p" ref = "C521S050000" doc = "Class521.sgm">50</subnum></subref>
<descript><para> for cellular products or processes of preparing
a cellular product.</para></descript></crecord></srchout></subclass>
<subclass subnum = "57" id = "C216S057000">
<sctitle>GAS PHASE AND NONGASEOUS PHASE ETCHING ON THE SAME SUBSTRATE:</sctitle>
<parent ref = "C216S000000" doc = "Class216.sgm">the class definition</parent>
<scdesc>Process involving etching a substrate with a plurality of
etchants and wherein at least one of the etchants is in a nongaseous
phase and at least one of the etchants is in the gas phase.</scdesc>
<notes><note1 notenum = "(1)">
<para>Note.  See the Glossary for a definition of the term Gas.</para></note1>
<note1 notenum = "(2)">
<para>Note.  Most of the patents relating to nongaseous etching
involve a liquid etchant.  See the Glossary for a definition of
the term liquid.</para></note1></notes>
<srchin>
<srecord><subnum ref = "C216S058000" doc = "Class216.sgm">58</subnum>
<descript><para>for gas phase etching.</para></descript></srecord>
<srecord><subnum ref = "C216S083000" doc = "Class216.sgm">83</subnum>
<descript><para>for nongaseous phase etching</para></descript></srecord></srchin></subclass>
<subclass subnum = "58" id = "C216S058000">
<sctitle>GAS PHASE ETCHING OF SUBSTRATE:</sctitle>
<parent ref = "C216S000000" doc = "Class216.sgm">the class definition</parent>
<scdesc>Process wherein the etchant is in a gaseous state when it
contacts the substrate.</scdesc>
<notes><note1 notenum = "(1)">
<para>Note.  See Glossary for a definition of the term Gas.</para></note1>
<note1 notenum = "(2)">
<para>Note.  This and indented subclasses include etching employing
ionized gas with approximately equal numbers of positive ions and
electrons so the mixture is highly conductive and affected by magnetic
fields, i.e., plasma.</para></note1></notes></subclass>
<subclass subnum = "59" id = "C216S059000">
<sctitle>With measuring, testing, or inspecting:</sctitle>
<parent ref = "C216S058000" doc = "Class216.sgm">subclass 58</parent>
<scdesc>Process including the step of visually, chemically, or physically
determining or measuring a variable condition or property of the
substrate or the etching process.</scdesc>
<notes><note1 notenum = "(1)">
<para>Note.  Included here under is a process of monitoring or controlling
the etching process in response to a sensed condition.</para></note1></notes>
<srchin>
<srecord><subnum range = "p" ref = "C216S084000" doc = "Class216.sgm">84</subnum>
<descript><para>for measuring, testing, inspecting, monitoring or
controlling of a nongaseous phase etching process.</para></descript></srecord></srchin>
<srchout>
<crecord><classnum ref = "C445S000000" doc = "Class445.sgm">445</classnum>
<subref><clstitle>Electric Lamp or Space Discharge Component or
Device Manufacturing</clstitle>
<pretext></pretext>
<subnum range = "s" ref = "C445S003000" doc = "Class445.sgm">3</subnum></subref>
<descript><para> for testing or adjusting.</para></descript></crecord></srchout></subclass>
<subclass subnum = "60" id = "C216S060000">
<sctitle>By optical means or of an optical property:</sctitle>
<parent ref = "C216S059000" doc = "Class216.sgm">subclass 59</parent>
<scdesc>Process where the test is performed optically or determines
an optical property, e.g., reflectance, etc.</scdesc></subclass>
<subclass subnum = "61" id = "C216S061000">
<sctitle>By electrical means or of an electrical property:</sctitle>
<parent ref = "C216S059000" doc = "Class216.sgm">subclass 59</parent>
<scdesc>Process where the test is performed electrically or determines
an electrical property, e.g. resistance, etc.</scdesc></subclass>
<subclass subnum = "62" id = "C216S062000">
<sctitle>Irradiating, ion implanting, alloying, diffusing, or chemically
reacting the substrate prior to etching to change properties of
substrate toward the etchant:</sctitle>
<parent ref = "C216S058000" doc = "Class216.sgm">subclass 58</parent>
<scdesc>Process wherein a substrate is altered by contacting prior
to etching with a material or irradiation which (a) forms an alloy,
(b) diffuses into, or (c) chemically reacts with the substrate, or
causes a chemical reaction within the substrate to alter the effect
of the etchant on the substrate or any part thereof.</scdesc>
<srchin>
<srecord><subnum ref = "C216S087000" doc = "Class216.sgm">87</subnum>
<descript><para>for altering of the etchability of a substrate before
nongaseous phase etching by treatment with high energy radiation,
alloying, diffusing, or chemically reacting.</para></descript></srecord></srchin>
<srchout>
<crecord><classnum ref = "C438S000000" doc = "Class438.sgm">438</classnum>
<subref><clstitle>Semiconductor Device Manufacturing:  Process</clstitle>
<pretext></pretext>
<subnum range = "s" ref = "C438S705000" doc = "Class438.sgm">705</subnum></subref>
<descript><para> for processes of altering the etchability of a semiconductor
substrate prior to chemical etching for manufacturing a semiconductive
electrical substrate or device; see the search notes thereunder.</para></descript></crecord></srchout></subclass>
<subclass subnum = "63" id = "C216S063000">
<sctitle>Application of energy to the gaseous etchant or to the
substrate being etched:</sctitle>
<parent ref = "C216S058000" doc = "Class216.sgm">subclass 58</parent>
<scdesc>Process directed to the application of energy to the gaseous
etchant or to the substrate being etched, e.g.,  Ultrasonic substrate
heating, radiation, plasma, ion beam, etc.</scdesc>
<srchin>
<srecord><subnum ref = "C216S073000" doc = "Class216.sgm">73</subnum>
<descript><para>for preparing etching vapor by evaporation, boiling,
or sublimation.</para></descript></srecord>
<srecord><subnum ref = "C216S087000" doc = "Class216.sgm">87</subnum>
<descript><para>altering of the etchability of a substrate prior
to nongaseous phase etching by the use irradiation, ion implantation,
alloying, diffusing, or chemically reacting.</para></descript></srecord>
<srecord><subnum ref = "C216S094000" doc = "Class216.sgm">94</subnum>
<descript><para>for nongaseous phase etching using high energy irradiation,
e.g., laser, e-beam, or ion beam, etc.</para></descript></srecord></srchin></subclass>
<subclass subnum = "64" id = "C216S064000">
<sctitle>Etchant is devoid of chlorocarbon or fluorocarbon compound
(e.g., C.F.C., etc.):</sctitle>
<parent ref = "C216S058000" doc = "Class216.sgm">subclass 58</parent>
<scdesc>Process wherein the etchant is devoid of a compound containing
at least one chlorine and&sol;or fluorine atom and at least
one carbon atom.</scdesc>
<notes><note1 notenum = "(1)">
<para>Note.  This subclass requires that all of of the etching materials
recited be devoid of the a chlorocarbon or flurocarbon carbon (etching
mixtures).  Also excluded are multistep processes wherein one of
etching steps uses a chlorocarbon or fluorocarbon compound.  See
appropriate subclasses below for etching processes using etchants excluded
from this subclass.</para></note1></notes></subclass>
<subclass subnum = "65" id = "C216S065000">
<sctitle>Using laser:</sctitle>
<parent ref = "C216S063000" doc = "Class216.sgm">subclass 63</parent>
<scdesc>Process wherein the energy source is a laser.</scdesc>
<notes><note1 notenum = "(1)">
<para>Note.  Either visible or invisible laser may be used in this
etching process.</para></note1></notes>
<srchout>
<crecord><classnum ref = "C522S000000" doc = "Class522.sgm">522</classnum>
<subref><clstitle>Synthetic Resins or Natural Rubbers</clstitle>
<pretext></pretext>
<subnum range = "s" ref = "C522S002000" doc = "Class522.sgm">2</subnum></subref>
<descript><para> for forming or modifying a solid polymer by laser,
or compositions therefor.</para></descript></crecord></srchout></subclass>
<subclass subnum = "66" id = "C216S066000">
<sctitle>Using ion beam, ultraviolet, or visible light:</sctitle>
<parent ref = "C216S063000" doc = "Class216.sgm">subclass 63</parent>
<scdesc>Process wherein the energy source is an ion beam, ultraviolet,
or visible light.</scdesc></subclass>
<subclass subnum = "67" id = "C216S067000">
<sctitle>Using plasma:</sctitle>
<parent ref = "C216S063000" doc = "Class216.sgm">subclass 63</parent>
<scdesc>Process wherein the energy source is a plasma.</scdesc>
<notes><note1 notenum = "(1)">
<para>Note.  See Glossary for a definition of the term Plasma.</para></note1></notes></subclass>
<subclass subnum = "68" id = "C216S068000">
<sctitle>Using coil to generate the plasma:</sctitle>
<parent ref = "C216S067000" doc = "Class216.sgm">subclass 67</parent>
<scdesc>Process wherein a plasma is produced by the use of a coil,
e.g., external induction coil, etc.</scdesc></subclass>
<subclass subnum = "69" id = "C216S069000">
<sctitle>Using microwave to generate the plasma:</sctitle>
<parent ref = "C216S067000" doc = "Class216.sgm">subclass 67</parent>
<scdesc>Process wherein the plasma is produced by the use of microwaves.</scdesc></subclass>
<subclass subnum = "70" id = "C216S070000">
<sctitle>Magnetically enhancing the plasma:</sctitle>
<parent ref = "C216S069000" doc = "Class216.sgm">subclass 69</parent>
<scdesc>Process where the plasma is intensified by the use of a
magnetic field.</scdesc>
<notes><note1 notenum = "(1)">
<para>Note.  The magnetic field establishes a resonant motion of
the electrons in the chamber.</para></note1></notes></subclass>
<subclass subnum = "71" id = "C216S071000">
<sctitle>Specific configuration of electrodes to generate the plasma:</sctitle>
<parent ref = "C216S067000" doc = "Class216.sgm">subclass 67</parent>
<scdesc>Process wherein the plasma is produced using electrodes
which are in a specific enumerated configuration in relation to
each other.</scdesc></subclass>
<subclass subnum = "72" id = "C216S072000">
<sctitle>Etching a multiple layered substrate where the etching
condition used produces a different etching rate or characteristic
between at least two of the layers of the substrate:</sctitle>
<parent ref = "C216S058000" doc = "Class216.sgm">subclass 58</parent>
<scdesc>Process involving the etching of a multilayered substrate,
using a single etching step, where the process parameters used causes
a difference of the etching rate or characteristic in at least two different
layers of the substrate.</scdesc></subclass>
<subclass subnum = "73" id = "C216S073000">
<sctitle>Etching vapor produced by evaporation, boiling, or sublimation:</sctitle>
<parent ref = "C216S058000" doc = "Class216.sgm">subclass 58</parent>
<scdesc>Process wherein the etching process includes the formation
of the etchant vapor by the evaporating or boiling of a liquid,
or is directly produced from a solid without the formation of a liquid
phase.</scdesc></subclass>
<subclass subnum = "74" id = "C216S074000">
<sctitle>Etching inorganic substrate:</sctitle>
<parent ref = "C216S058000" doc = "Class216.sgm">subclass 58</parent>
<scdesc>Process wherein the etching step is performed on an inorganic
substrate and may include  elemental material.</scdesc>
<notes><note1 notenum = "(1)">
<para>Note.  See Glossary for what is meant by the term Inorganic.</para></note1></notes></subclass>
<subclass subnum = "75" id = "C216S075000">
<sctitle>Substrate contains elemental metal, alloy thereof, or metal
compound:</sctitle>
<parent ref = "C216S074000" doc = "Class216.sgm">subclass 74</parent>
<scdesc>Process wherein the substrate contains metal in elemental,
alloy, or compound form.</scdesc>
<srchin>
<srecord><subnum range = "p" ref = "C216S100000" doc = "Class216.sgm">100</subnum>
<descript><para>for nongaseous phase etching of an elemental metal,
alloy, or metal compound containing substrate.</para></descript></srecord></srchin></subclass>
<subclass subnum = "76" id = "C216S076000">
<sctitle>Etching of substrate containing at least one compound having
at least one oxygen atom and at least one metal atom:</sctitle>
<parent ref = "C216S075000" doc = "Class216.sgm">subclass 75</parent>
<scdesc>Process wherein the material  etched contains a compound
having at least one metal atom and at least one oxygen atom, e.g.,
indium titanium oxide (I.T.O.), a ceramic oxide, etc.</scdesc>
<notes><note1 notenum = "(1)">
<para>Note.  The metal oxygen compound may also contain other elements.</para></note1></notes></subclass>
<subclass subnum = "77" id = "C216S077000">
<sctitle>Etching of substrate containing elemental aluminum, or
an alloy or compound thereof:</sctitle>
<parent ref = "C216S075000" doc = "Class216.sgm">subclass 75</parent>
<scdesc>Process wherein the material  to be etched contains elemental
aluminum or an alloy thereof, or a compound containing aluminum.</scdesc></subclass>
<subclass subnum = "78" id = "C216S078000">
<sctitle>Etching of substrate containing elemental copper, or an
alloy or compound thereof:</sctitle>
<parent ref = "C216S075000" doc = "Class216.sgm">subclass 75</parent>
<scdesc>Process wherein the material to be etched contains elemental
copper or an alloy thereof, or a compound containing copper.</scdesc></subclass>
<subclass subnum = "79" id = "C216S079000">
<sctitle>Etching silicon containing substrate:</sctitle>
<parent ref = "C216S074000" doc = "Class216.sgm">subclass 74</parent>
<scdesc>Process wherein the material to be etched contains silicon
in either elemental or combined form.</scdesc>
<srchin>
<srecord><subnum range = "p" ref = "C216S097000" doc = "Class216.sgm">97</subnum>
<descript><para>for nongaseous phase etching of glass.</para></descript></srecord>
<srecord><subnum ref = "C216S099000" doc = "Class216.sgm">99</subnum>
<descript><para>for nongaseous phase etching of a silicon containing
substrate.</para></descript></srecord></srchin>
<srchout>
<crecord><classnum ref = "C438S000000" doc = "Class438.sgm">438</classnum>
<subref><clstitle>Semiconductor Device Manufacturing:  Process</clstitle>
<pretext></pretext></subref>
<descript><para>for (a) combined processes and (b) unit operation
not elsewhere provided for manufacturing a semiconductive electrical
substrate or device.</para></descript></crecord></srchout></subclass>
<subclass subnum = "80" id = "C216S080000">
<sctitle>Silicon containing substrate is glass:</sctitle>
<parent ref = "C216S079000" doc = "Class216.sgm">subclass 79</parent>
<scdesc>Process wherein the material is composed of glass. </scdesc>
<notes><note1 notenum = "(1)">
<para>Note.  See Glossary for a definition of the term Glass.</para></note1></notes>
<srchout>
<crecord><classnum ref = "C065S000000" doc = "Class065.sgm">65</classnum>
<subref><clstitle>Glass Manufacturing</clstitle>
<pretext> </pretext>
<subnum range = "s" ref = "C065S031000" doc = "Class065.sgm">31</subnum></subref>
<descript><para> for etching or leaching of a glass preform, made
by a Class 65 glass manufacturing method, e.g., molding, shaping, etc.
of the glass in a plastic or softened state by heating, subclass
61 for wearing away of surface material, e.g., abrading or grinding,
etc.</para></descript></crecord></srchout></subclass>
<subclass subnum = "81" id = "C216S081000">
<sctitle>Etching elemental carbon containing substrate:</sctitle>
<parent ref = "C216S074000" doc = "Class216.sgm">subclass 74</parent>
<scdesc>Process wherein the material to be etched contains elemental
carbon in any of its allotropic forms, e.g., diamond, etc.</scdesc></subclass>
<subclass subnum = "83" id = "C216S083000">
<sctitle>NONGASEOUS PHASE ETCHING OF SUBSTRATE:</sctitle>
<parent ref = "C216S000000" doc = "Class216.sgm">the class definition</parent>
<scdesc>Process the ...  wherein the etchant used is employed in
a nongaseous phase:</scdesc>
<notes><note1 notenum = "(1)">
<para>Note.  Most of the patents found in this subclass involve
liquid phase etching processes. See Glossary for a definition of
the term Liquid.</para></note1></notes></subclass>
<subclass subnum = "84" id = "C216S084000">
<sctitle>With measuring, testing, or inspecting:</sctitle>
<parent ref = "C216S083000" doc = "Class216.sgm">subclass 83</parent>
<scdesc>Process including the step of visually, chemically, or physically
determining or measuring a variable condition or property of the
substrate or the etching process.</scdesc>
<notes><note1 notenum = "(1)">
<para>Note.  Included hereunder is a process of monitoring or controlling
the etching process in response to a sensed condition.</para></note1></notes>
<srchin>
<srecord><subnum ref = "C216S059000" doc = "Class216.sgm">59</subnum>
<descript><para>for measuring testing, inspecting, monitoring, or
controlling of gas phase etching.</para></descript></srecord>
<srecord><subnum ref = "C216S093000" doc = "Class216.sgm">93</subnum>
<descript><para>for recycling, regenerating, or rejuvenating an
etchant including a testing, measuring, inspecting, monitoring,
or controlling step.</para></descript></srecord></srchin>
<srchout>
<crecord><classnum ref = "C445S000000" doc = "Class445.sgm">445</classnum>
<subref><clstitle>Electric Lamp or Space Discharge Component or
Device Manufacturing</clstitle>
<pretext></pretext>
<subnum range = "s" ref = "C445S003000" doc = "Class445.sgm">3</subnum></subref>
<descript><para> for testing or adjusting.</para></descript></crecord></srchout></subclass>
<subclass subnum = "85" id = "C216S085000">
<sctitle>By optical means or of an optical property:</sctitle>
<parent ref = "C216S084000" doc = "Class216.sgm">subclass 84</parent>
<scdesc>Process where the test is performed optically or determines
an optical property, e.g., reflectance, etc.</scdesc></subclass>
<subclass subnum = "86" id = "C216S086000">
<sctitle>By electrical means or of an electrical property:</sctitle>
<parent ref = "C216S084000" doc = "Class216.sgm">subclass 84</parent>
<scdesc>Process where the test is performed electrically or determines
an electrical property, e.g., resistance, etc.</scdesc></subclass>
<subclass subnum = "87" id = "C216S087000">
<sctitle>Irradiating, ion implanting, alloying, diffusing, or chemically
reacting the substrate prior to etching to change properties of
substrate toward the etchant:</sctitle>
<parent ref = "C216S083000" doc = "Class216.sgm">subclass 83</parent>
<scdesc>Process wherein a substrate is altered by contacting prior
to etching with a material or irradiation which (a) forms an alloy,
(b) diffuses into, or (c) chemically reacts with the substrate, or
causes a chemical reaction within the substrate to alter the effect
of the etchant on the substrate or any part thereof.</scdesc>
<srchin>
<srecord><subnum ref = "C216S094000" doc = "Class216.sgm">94</subnum>
<descript><para>nongaseous phase etching using high energy irradiation,
e.g., laser, electron-beam, ion beam, etc., where the substrate
is not modified by irradiation prior to etching. </para></descript></srecord></srchin>
<srchout>
<crecord><classnum ref = "C438S000000" doc = "Class438.sgm">438</classnum>
<subref><clstitle>Semiconductor Device Manufacturing:  Process</clstitle>
<pretext></pretext>
<subnum range = "s" ref = "C438S705000" doc = "Class438.sgm">705</subnum></subref>
<descript><para> for processes of altering the etchability of a semiconductor
substrate prior the chemical etching for manufacturing a semiconductive
electrical substrate or device; see the search notes thereunder.</para></descript></crecord></srchout></subclass>
<subclass subnum = "88" id = "C216S088000">
<sctitle>Using film of etchant between a stationary surface and
a moving surface (e.g., chemical lapping, etc.):</sctitle>
<parent ref = "C216S083000" doc = "Class216.sgm">subclass 83</parent>
<scdesc>Process in which the etching occurs at the interface at
a film between the substrate and a conforming surface with relative
motion between the substrate and the conforming surface.</scdesc>
<srchout>
<crecord><classnum ref = "C438S000000" doc = "Class438.sgm">438</classnum>
<subref><clstitle>Semiconductor Device Manufacturing:  Process</clstitle>
<pretext></pretext>
<subnum range = "p" ref = "C438S691000" doc = "Class438.sgm">691</subnum></subref>
<descript><para> for chemical-mechanical polishing processes for
manufacturing a semiconductive electrical substrate or device.</para></descript></crecord></srchout></subclass>
<subclass subnum = "89" id = "C216S089000">
<sctitle>Etchant contains solid particle (e.g., abrasive for polishing,
etc.):</sctitle>
<parent ref = "C216S088000" doc = "Class216.sgm">subclass 88</parent>
<scdesc>Process wherein the etchant also contains solid particles.</scdesc></subclass>
<subclass subnum = "90" id = "C216S090000">
<sctitle>Relative movement between the substrate and a confined
pool of etchant:</sctitle>
<parent ref = "C216S083000" doc = "Class216.sgm">subclass 83</parent>
<scdesc>Process including the step of causing a relative motion
between a substrate being etched and an etchant which is confined
in a container, (e.g., dipping, ultrasonic vibrating., etc.):</scdesc>
<notes><note1 notenum = "(1)">
<para>Note.  The substrate being etched may also serve as the container.</para></note1>
<note1 notenum = "(2)">
<para>Note.  Boiling a liquid etchant is not considered sufficient
for this subclass without disclosure that it is boiled to establish
relative motion.</para></note1></notes></subclass>
<subclass subnum = "91" id = "C216S091000">
<sctitle>Rotating, repeated dipping, or advancing movement of substrate:</sctitle>
<parent ref = "C216S090000" doc = "Class216.sgm">subclass 90</parent>
<scdesc>Process wherein the substrate is (a) rotated with respect
to the pool of etchant, (b) repeatedly dipped into and removed from
the same pool of etchant, or (c) moved through a pool of etchant.</scdesc></subclass>
<subclass subnum = "92" id = "C216S092000">
<sctitle>Projecting etchant against a moving substrate or controlling
the angle or pattern projection of the etchant or controlling the angle
or pattern of movement of the substrate:</sctitle>
<parent ref = "C216S083000" doc = "Class216.sgm">subclass 83</parent>
<scdesc>Process wherein an etchant is transported through space
by mechanical force and (a) brought into contact with a substrate
while the substrate is in motion, (b) the etchant or substrate is
transported at a predetermined angle, or (c) the etchant or substrate
is transported in a particular pattern.</scdesc></subclass>
<subclass subnum = "93" id = "C216S093000">
<sctitle>Recycling, regenerating, or rejuvenating etchant:</sctitle>
<parent ref = "C216S083000" doc = "Class216.sgm">subclass 83</parent>
<scdesc>Process which includes the steps of reconstituing or reusing
an etchant.</scdesc>
<notes><note1 notenum = "(1)">
<para>Note.  Removal of etchant from an etching bath and its return
to an etching bath is considered recycling for this subclass.</para></note1></notes></subclass>
<subclass subnum = "94" id = "C216S094000">
<sctitle>Etching using radiation (e.g., laser, electron-beam, ion-beam,
etc.):</sctitle>
<parent ref = "C216S083000" doc = "Class216.sgm">subclass 83</parent>
<scdesc>Process wherein radiation is used separately or simultaneously
during etching.</scdesc></subclass>
<subclass subnum = "95" id = "C216S095000">
<sctitle>Substrate is multilayered:</sctitle>
<parent ref = "C216S083000" doc = "Class216.sgm">subclass 83</parent>
<scdesc>Process wherein the substrate is plural layered.</scdesc>
<notes><note1 notenum = "(1)">
<para>Note.  The presence of a resist layer whose sole function
is to protect some part of the substrate from etchant will not be
considered sufficient to make the substrate plural-layered if it
is to be removed.</para></note1></notes></subclass>
<subclass subnum = "96" id = "C216S096000">
<sctitle>Etching inorganic substrate:</sctitle>
<parent ref = "C216S083000" doc = "Class216.sgm">subclass 83</parent>
<scdesc>Process wherein at least one of layers of the substrate
contains inorganic material.</scdesc>
<notes><note1 notenum = "(1)">
<para>Note.  See Glossary for a definition of the term Inorganic.</para></note1></notes></subclass>
<subclass subnum = "97" id = "C216S097000">
<sctitle>Substrate is glass:</sctitle>
<parent ref = "C216S096000" doc = "Class216.sgm">subclass 96</parent>
<scdesc>Process wherein at least one of the layers of the substrate
contains glass material.</scdesc>
<notes><note1 notenum = "(1)">
<para>Note.  See Glossary for a definition of the term Glass.</para></note1></notes>
<srchout>
<crecord><classnum ref = "C065S000000" doc = "Class065.sgm">65</classnum>
<subref><clstitle>Glass Manufacturing</clstitle>
<pretext></pretext>
<subnum range = "s" ref = "C065S031000" doc = "Class065.sgm">31</subnum></subref>
<descript><para> for etching or leaching of glass preform, during
manufacturing of a glass preform as per Class 65 definition.</para></descript></crecord></srchout></subclass>
<subclass subnum = "98" id = "C216S098000">
<sctitle>Frosting glass:</sctitle>
<parent ref = "C216S097000" doc = "Class216.sgm">subclass 97</parent>
<scdesc>Process of producing a frost like opaque surface on the
glass by etching.</scdesc></subclass>
<subclass subnum = "99" id = "C216S099000">
<sctitle>Substrate contains silicon or silicon compound:</sctitle>
<parent ref = "C216S096000" doc = "Class216.sgm">subclass 96</parent>
<scdesc>Process wherein the substrate contains silicon in either
elemental form or combined form.</scdesc>
<srchout>
<crecord><classnum ref = "C438S000000" doc = "Class438.sgm">438</classnum>
<subref><clstitle>Semiconductor Device Manufacturing:  Process</clstitle>
<pretext></pretext></subref>
<descript><para>for (a) combined processes and (b) unit operation
not elsewhere provided for manufacturing a semiconductive electrical
substrate or device.</para></descript></crecord></srchout></subclass>
<subclass subnum = "100" id = "C216S100000">
<sctitle>Substrate contains elemental metal, alloy thereof, or metal
compound:</sctitle>
<parent ref = "C216S096000" doc = "Class216.sgm">subclass 96</parent>
<scdesc>Process wherein the substrate contains metal in elemental,
alloy, or compound form.</scdesc></subclass>
<subclass subnum = "101" id = "C216S101000">
<sctitle>Etching of a compound containing at least one oxygen atom
and at least one metal atom:</sctitle>
<parent ref = "C216S100000" doc = "Class216.sgm">subclass 100</parent>
<scdesc>Process wherein the substrate etched contains a compound
having at least one metal atom and at least one oxygen atom, e.g.,
indium titanium oxide (I.T.O.), a ceramic oxide, etc.</scdesc>
<notes><note1 notenum = "(1)">
<para>Note.  The substrate may also contain other elements.</para></note1></notes></subclass>
<subclass subnum = "102" id = "C216S102000">
<sctitle>Metal is elemental aluminum, an alloy, or compound thereof:</sctitle>
<parent ref = "C216S100000" doc = "Class216.sgm">subclass 100</parent>
<scdesc>Process wherein the substrate etched contains elemental
aluminum, its alloys, or a compound thereof.</scdesc></subclass>
<subclass subnum = "103" id = "C216S103000">
<sctitle>Etchant contains acid:</sctitle>
<parent ref = "C216S102000" doc = "Class216.sgm">subclass 102</parent>
<scdesc>Process wherein the substrate is etched with H&plus; ion
producing or containing material.</scdesc>
<notes><note1 notenum = "(1)">
<para>Note.  See Glossary for a definition of the term Acid.</para></note1></notes></subclass>
<subclass subnum = "104" id = "C216S104000">
<sctitle>Etchant contains fluoride ion:</sctitle>
<parent ref = "C216S103000" doc = "Class216.sgm">subclass 103</parent>
<scdesc>Process wherein the etchant contains fluoride ion.</scdesc></subclass>
<subclass subnum = "105" id = "C216S105000">
<sctitle>Metal is elemental copper, an alloy, or compound thereof:</sctitle>
<parent ref = "C216S100000" doc = "Class216.sgm">subclass 100</parent>
<scdesc>Process wherein the substrate etched contains elemental
copper, its alloys, or a compound thereof.</scdesc></subclass>
<subclass subnum = "106" id = "C216S106000">
<sctitle>Etchant contains acid:</sctitle>
<parent ref = "C216S105000" doc = "Class216.sgm">subclass 105</parent>
<scdesc>Process wherein the substrate is etched with H&plus; ion
producing or containing material.</scdesc>
<notes><note1 notenum = "(1)">
<para>Note.  See Glossary for a definition of the term Acid.</para></note1></notes></subclass>
<subclass subnum = "107" id = "C216S107000">
<sctitle>Etchant contains fluoride ion:</sctitle>
<parent ref = "C216S106000" doc = "Class216.sgm">subclass 106</parent>
<scdesc>Process wherein the etchant contains fluoride ion.</scdesc></subclass>
<subclass subnum = "108" id = "C216S108000">
<sctitle>Etchant contains acid:</sctitle>
<parent ref = "C216S100000" doc = "Class216.sgm">subclass 100</parent>
<scdesc>Process wherein the substrate is etched with H&plus; ion
producing or containing material.</scdesc>
<notes><note1 notenum = "(1)">
<para>Note.  See Glossary for a definition of the  term Acid.</para></note1></notes></subclass>
<subclass subnum = "109" id = "C216S109000">
<sctitle>Etchant contains fluoride ion:</sctitle>
<parent ref = "C216S108000" doc = "Class216.sgm">subclass 108</parent>
<scdesc>Process wherein the etchant  contains fluoride ion.</scdesc></subclass></sclasses>
</class>
