<?xml version="1.0" encoding="UTF-8"?>
<!DOCTYPE class PUBLIC "-//USPTO//DTD Classification Definitions//EN" "xclassdef.dtd" [

<!-- Begin Document Specific Declarations -->

<!-- End Document Specific Declarations -->

]>
<?xml-stylesheet href="classdef.xsl" type="text/XSL"?>

<class classnum = "245" id = "C245S000000"><title>WIRE FABRICS AND
STRUCTURE</title>
<sections><descsect>
<para>This class includes flexible all-wire or slat-and-wire fabric,
wire blanks, panels and fabric structures not otherwise classifiable,
and miscellaneous wire fabric joints in which at least one of the
intersecting or connected elements is bent, looped, twisted, or
coiled about the other or is subjected to an analogous wire-working
operation to form or make the fabric or wherein wire is made an
essential element of the invention.  Fabrics, joints, or other structures
wherein the elements are joined or secured together, for example,
by tie-wires or ties, without bending or twisting the elements,
or by weaving, welding, casting, nailing, and stapling and wherein
wire is not made an essential element of the invention are excluded.</para>
</descsect>
<linesect>
<notes><note1 notenum = "(1)">
<para>Note.  Wire fabrics to which features or elements have been
added which particularly adapt such fabrics for conveyor use, and which
may be considered as more than an improved fabric structure, are
classifiable with conveyors (see the References to Other Classes
below).</para></note1>
<note1 notenum = "(2)">
<para>Note.  For composite fabrics comprising fabric or web structures
in which a wire fabric is used for reinforcement or protection see
Search Class notes below.</para></note1>
<note1 notenum = "(3)">
<para>Note. Class 428, Stock Material or Miscellaneous Articles,
subclasses 544&plus; is the residual locus for patents drawn
to stock materials which are all metal or have adjacent metal components.
 As such, it provides for many rod structures analogous to wire
structures and should be considered proper as a supplementary search
field.</para></note1></notes>
</linesect>
<scsect>
<srchout>
<crecord><classnum ref = "C005S000000" doc = "Class005.sgm">5</classnum>
<subref><clstitle>Beds</clstitle>
<pretext></pretext>
<subnum range = "r" ref = "C005S186000" doc = "Class005.sgm">186</subnum>
<endnum ref = "C005S199000" doc = "Class005.sgm">199</endnum></subref>
<descript><para> for structures specific thereto, as combinations
with the frame, end springs, bottom springs, etc.</para></descript></crecord>
<crecord><classnum ref = "C015S000000" doc = "Class015.sgm">15</classnum>
<subref><clstitle>Brushing, Scrubbing, and General Cleaning</clstitle>
<pretext></pretext>
<subnum range = "s" ref = "C015S238000" doc = "Class015.sgm">238</subnum></subref>
<descript><para>, and indented subclasses for combinations of wire
fabrics with frames, borders, or end strips, scrapers, etc.</para></descript></crecord>
<crecord><classnum ref = "C052S000000" doc = "Class052.sgm">52</classnum>
<subref><clstitle>Static Structures (e.g., Buildings)</clstitle>
<pretext>appropriate subclasses for residual structural metal work and
units, particularly </pretext>
<subnum range = "r" ref = "C052S343000" doc = "Class052.sgm">343</subnum></subref>
<descript><para> and 660&plus; for a surface forming fabric
or lattice openwork, e.g., a grating or grille.</para></descript></crecord>
<crecord><classnum ref = "C065S000000" doc = "Class065.sgm">65</classnum>
<subref><clstitle>Glass Manufacturing</clstitle>
<pretext></pretext>
<subnum range = "p" ref = "C065S050000" doc = "Class065.sgm">50</subnum></subref>
<descript><para> for a process of making sheet glass and bonding
the formed   sheet   to    glass,   subclasses   147&plus; 
   for  glassworking apparatus including means to feed and laminate
wire fabric thereto, and subclass 154 for glass to metal bonding
by glassworking apparatus.</para></descript></crecord>
<crecord><classnum ref = "C066S000000" doc = "Class066.sgm">66</classnum>
<subref><clstitle>Textiles:  Knitting</clstitle>
<pretext></pretext>
<subnum range = "s" ref = "C066S169000" doc = "Class066.sgm">169</subnum></subref>
<descript><para> for methods of forming meshes and ties.</para></descript></crecord>
<crecord><classnum ref = "C101S000000" doc = "Class101.sgm">101</classnum>
<subref><clstitle>Printing</clstitle>
<pretext></pretext>
<subnum range = "s" ref = "C101S113000" doc = "Class101.sgm">113</subnum></subref>
<descript><para> (See (2) Note above)</para></descript></crecord>
<crecord><classnum ref = "C138S000000" doc = "Class138.sgm">138</classnum>
<subref><clstitle>Pipes and Tubular Conduits</clstitle>
<pretext></pretext>
<subnum range = "p" ref = "C138S123000" doc = "Class138.sgm">123</subnum></subref>
<descript><para>, 131, 133, 134&plus;, 138 and 139 for flexible
pipes having wire fabric in the wall make-up thereof. (See (2) Note
above)</para></descript></crecord>
<crecord><classnum ref = "C152S000000" doc = "Class152.sgm">152</classnum>
<subref><clstitle>Resilient Tires and Wheels</clstitle>
<pretext></pretext>
<subnum range = "s" ref = "C152S202000" doc = "Class152.sgm">202</subnum></subref>
<descript><para>. (See (2) Note above).</para></descript></crecord>
<crecord><classnum ref = "C198S000000" doc = "Class198.sgm">198</classnum>
<subref><clstitle>Conveyors:  Power-Driven</clstitle>
<pretext></pretext>
<subnum range = "s" ref = "C198S847000" doc = "Class198.sgm">847</subnum></subref>
<descript><para> for an endless belt conveyor reinforced by wires and
subclasses 848&plus; for an endless belt conveyor formed of
wire fabric.</para></descript></crecord>
<crecord><classnum ref = "C219S000000" doc = "Class219.sgm">219</classnum>
<subref><clstitle>Electric Heating</clstitle>
<pretext></pretext>
<subnum range = "p" ref = "C219S528000" doc = "Class219.sgm">528</subnum></subref>
<descript><para>.</para></descript></crecord>
<crecord><classnum ref = "C256S000000" doc = "Class256.sgm">256</classnum>
<subref><clstitle>Fences</clstitle>
<pretext></pretext>
<subnum range = "p" ref = "C256S032000" doc = "Class256.sgm">32</subnum></subref>
<descript><para> for structures specific to fences, as the combination
with posts, stretchers, joints, or for ornamental fence fabrics.</para></descript></crecord>
<crecord><classnum ref = "C313S000000" doc = "Class313.sgm">313</classnum>
<subref><clstitle>Electric Lamp and Discharge Devices</clstitle>
<pretext></pretext>
<subnum range = "p" ref = "C313S348000" doc = "Class313.sgm">348</subnum></subref>
<descript><para> for electrodes and shields for electric lamps and
electric space discharge devices which are formed of wire fabrics.</para></descript></crecord>
<crecord><classnum ref = "C403S000000" doc = "Class403.sgm">403</classnum>
<subref><clstitle>Joints and Connections</clstitle>
<pretext></pretext>
<subnum range = "p" ref = "C403S384000" doc = "Class403.sgm">384</subnum></subref>
<descript><para> for rod-like members joined side-to-side.</para></descript></crecord>
<crecord><classnum ref = "C404S000000" doc = "Class404.sgm">404</classnum>
<subref><clstitle>Road Structure, Process, or Apparatus</clstitle>
<pretext></pretext>
<subnum range = "p" ref = "C404S134000" doc = "Class404.sgm">134</subnum></subref>
<descript><para> for reinforcement structure, per se.</para></descript></crecord>
<crecord><classnum ref = "C428S000000" doc = "Class428.sgm">428</classnum>
<subref><clstitle>Stock Material or Miscellaneous Articles</clstitle>
<pretext>appropriate subclasses for a stock material product in
the form of a single or plural layer web or sheet including a wire
fabric as a component, see especially </pretext>
<subnum range = "s" ref = "C428S038000" doc = "Class428.sgm">38</subnum></subref>
<descript><para> for a light transmissive mass which has an opaque
frame or border therearound, which may be a wire fabric, (e.g.,
stained glass or wire reinforced glass), and subclass 608 for metallic
stock which includes a layer or component comprising interengaged
fibers. (See (2) Note above).</para></descript></crecord>
<crecord><classnum ref = "C442S000000" doc = "Class442.sgm">442</classnum>
<subref><clstitle>Fabric (Woven, Knitted, or Nonwoven Textile or
Cloth</clstitle>
<pretext>etc.), </pretext>
<subnum range = "p" ref = "C442S001000" doc = "Class442.sgm">1</subnum></subref>
<descript><para> for an open mesh material. (See (2) Note above).</para></descript></crecord>
<crecord><classnum ref = "C450S000000" doc = "Class450.sgm">450</classnum>
<subref><clstitle>Foundation Garments</clstitle>
<pretext></pretext>
<subnum range = "r" ref = "C450S043000" doc = "Class450.sgm">43</subnum></subref>
<descript><para> and 44 for brassiere cups incorporating wire fabric.
(See (2) Note above).</para></descript></crecord>
<crecord><classnum ref = "C474S000000" doc = "Class474.sgm">474</classnum>
<subref><clstitle>Endless Belt Power Transmission Systems or Components</clstitle>
<pretext>particularly </pretext>
<subnum range = "p" ref = "C474S237000" doc = "Class474.sgm">237</subnum></subref>
<descript><para> for a friction drive belt which may be formed from a
wire fabric or have a wire fabric as a component thereof. (See (2)
Note above).</para></descript></crecord></srchout>
</scsect></sections>
<sclasses>
<subclass subnum = "1" id = "C245S001000">
<sctitle>MISCELLANEOUS:</sctitle>
<parent ref = "C242S000000" doc = "Class242.sgm">the class definition</parent>
<scdesc>Miscellaneous wire articles not otherwise classifiable,
fabric blanks, panels, or other structural fabric forms adapted
to be used in the manufacture of chairs, lounges, carriages, go-carts,
napkin rings, or other articles, or to be united to similar blanks
for any purpose.</scdesc></subclass>
<subclass subnum = "1.5" id = "C245S001500">
<sctitle>TIRE-BEAD GROMMETS:</sctitle>
<parent ref = "C242S000000" doc = "Class242.sgm">the class definition</parent>
<scdesc>Ring-shaped articles formed for the most part of wire adapted
for reenforcing the beads of pneumatic tires and processes of making
the same.</scdesc>
<notes><note1 notenum = "(1)">
<para>Note.  For endless bands made by a twisting or twining operation
and of general application, see Search Notes below.</para></note1></notes>
<srchout>
<crecord><classnum ref = "C029S000000" doc = "Class029.sgm">29</classnum>
<subref><clstitle>Metal Working</clstitle>
<pretext></pretext>
<subnum range = "s" ref = "C029S890150" doc = "Class029.sgm">890.15</subnum></subref>
<descript><para> for a process of making a plumbing ferrule or reshaping
same.</para></descript></crecord>
<crecord><classnum ref = "C057S000000" doc = "Class057.sgm">57</classnum>
<subref><clstitle>Textiles: Spinning, Twisting, and Twining</clstitle>
<pretext></pretext>
<subnum range = "s" ref = "C057S201000" doc = "Class057.sgm">201</subnum></subref>
<descript><para> for endless bands made by a twisting or twining operation
and of general application.</para></descript></crecord>
<crecord><classnum ref = "C140S000000" doc = "Class140.sgm">140</classnum>
<subref><clstitle>WireWorking</clstitle>
<pretext></pretext>
<subnum range = "s" ref = "C140S088000" doc = "Class140.sgm">88</subnum></subref>
<descript><para>. </para></descript></crecord>
<crecord><classnum ref = "C152S000000" doc = "Class152.sgm">152</classnum>
<subref><clstitle>Resilient Tires and Wheels</clstitle>
<pretext></pretext>
<subnum range = "p" ref = "C152S450000" doc = "Class152.sgm">450</subnum></subref>
<descript><para> for tires embodying these elements.</para></descript></crecord></srchout></subclass>
<subclass subnum = "2" id = "C245S002000">
<sctitle>FABRICS:</sctitle>
<parent ref = "C242S000000" doc = "Class242.sgm">the class definition</parent>
<scdesc>Miscellaneous wire fabrics not otherwise classifiable.</scdesc>
<notes><note1 notenum = "(1)">
<para>Note.  Patches are in this subclass (2).</para></note1></notes>
<srchout>
<crecord><classnum ref = "C205S000000" doc = "Class205.sgm">205</classnum>
<subref><clstitle>Electrolysis: Processes, Compositions Used Therein,
and Methods of Preparing the Compositions</clstitle>
<pretext></pretext>
<subnum range = "s" ref = "C205S075000" doc = "Class205.sgm">75</subnum></subref>
<descript><para>, for processes of electroforming foraminous articles
and products resulting from such processes.</para></descript></crecord>
<crecord><classnum ref = "C428S000000" doc = "Class428.sgm">428</classnum>
<subref><clstitle>Stock Material or Miscellaneous Articles</clstitle>
<pretext></pretext>
<subnum range = "s" ref = "C428S549000" doc = "Class428.sgm">549</subnum></subref>
<descript><para> for composite stock having a component which contains metal
particles and fiber, cellulose or asbestos, and subclass 596 for
metallic stock which is apertured.</para></descript></crecord></srchout></subclass>
<subclass subnum = "3" id = "C245S003000">
<sctitle>Ties and clips:</sctitle>
<parent ref = "C245S002000" doc = "Class245.sgm">subclass 2</parent>
<scdesc>Wire fabrics having the elements secured together by bending,
coiling, or twisting and in which the tie-wires or clips are used
for strengthening the joints of the intersecting wires.</scdesc></subclass>
<subclass subnum = "4" id = "C245S004000">
<sctitle>Chains:</sctitle>
<parent ref = "C245S002000" doc = "Class245.sgm">subclass 2</parent>
<scdesc>Chain-type fabrics having elements or links substantially
alike and interlinked with those adjacent.</scdesc>
<srchout>
<crecord><classnum ref = "C059S000000" doc = "Class059.sgm">59</classnum>
<subref><clstitle>Chain, Staple, and Horseshoe Making</clstitle>
<pretext></pretext>
<subnum range = "r" ref = "C059S080000" doc = "Class059.sgm">80</subnum></subref>
<descript><para> and 83.</para></descript></crecord>
<crecord><classnum ref = "C063S000000" doc = "Class063.sgm">63</classnum>
<subref><clstitle>Jewelry</clstitle>
<pretext></pretext>
<subnum range = "s" ref = "C063S004000" doc = "Class063.sgm">4</subnum></subref>
<descript><para>.</para></descript></crecord>
<crecord><classnum ref = "C474S000000" doc = "Class474.sgm">474</classnum>
<subref><clstitle>Endless Belt Power Transmission Systems or Components</clstitle>
<pretext>particularly </pretext>
<subnum range = "p" ref = "C474S237000" doc = "Class474.sgm">237</subnum></subref>
<descript><para> for a friction drive belt which may be formed from
wire fabric or have a wire fabric as a component thereof.</para></descript></crecord></srchout></subclass>
<subclass subnum = "5" id = "C245S005000">
<sctitle>Interlocking loops:</sctitle>
<parent ref = "C245S002000" doc = "Class245.sgm">subclass 2</parent>
<scdesc>Fabrics in which the longitudinal or cross wires are bent
to form a series of loop elements, generally arranged in rows, which
hook into, pass through, interlock, or otherwise engage and hold
loops formed in an adjacent row or section.</scdesc>
<srchout>
<crecord><classnum ref = "C066S000000" doc = "Class066.sgm">66</classnum>
<subref><clstitle>Textiles: Knitting</clstitle>
<pretext></pretext>
<subnum range = "s" ref = "C066S169000" doc = "Class066.sgm">169</subnum></subref>
<descript><para> and indented subclasses for tying methods.</para></descript></crecord></srchout></subclass>
<subclass subnum = "6" id = "C245S006000">
<sctitle>Coil:</sctitle>
<parent ref = "C245S002000" doc = "Class245.sgm">subclass 2</parent>
<scdesc>Fabrics comprising a plurality of connected helical coils,
usually intercoiled together.</scdesc>
<srchout>
<crecord><classnum ref = "C005S000000" doc = "Class005.sgm">5</classnum>
<subref><clstitle>Beds</clstitle>
<pretext></pretext>
<subnum range = "s" ref = "C005S189000" doc = "Class005.sgm">189</subnum></subref>
<descript><para> for coil fabrics specific to bed-bottoms.</para></descript></crecord>
<crecord><classnum ref = "C015S000000" doc = "Class015.sgm">15</classnum>
<subref><clstitle>Brushing, Scrubbing, and General Cleaning</clstitle>
<pretext></pretext>
<subnum range = "s" ref = "C015S241000" doc = "Class015.sgm">241</subnum></subref>
<descript><para> for coil fabrics specific to mats.</para></descript></crecord>
<crecord><classnum ref = "C140S000000" doc = "Class140.sgm">140</classnum>
<subref><clstitle>Wireworking</clstitle>
<pretext></pretext>
<subnum range = "p" ref = "C140S092300" doc = "Class140.sgm">92.3</subnum></subref>
<descript><para> for processes and apparatus including intercoiling
of helices with each other or with successive loops or apertures.</para></descript></crecord>
<crecord><classnum ref = "C428S000000" doc = "Class428.sgm">428</classnum>
<subref><clstitle>Stock Material or Miscellaneous Articles</clstitle>
<pretext></pretext>
<subnum range = "s" ref = "C428S592000" doc = "Class428.sgm">592</subnum></subref>
<descript><para> for metallic stock which is helical or has a helical
component.</para></descript></crecord></srchout></subclass>
<subclass subnum = "7" id = "C245S007000">
<sctitle>Hexagonal mesh:</sctitle>
<parent ref = "C245S002000" doc = "Class245.sgm">subclass 2</parent>
<scdesc>Wire fabrics having substantially six-sided meshes.</scdesc>
<srchout>
<crecord><classnum ref = "C087S000000" doc = "Class087.sgm">87</classnum>
<subref><clstitle>Textiles:  Braiding, Netting, and Lace Making</clstitle>
<pretext></pretext>
<subnum range = "s" ref = "C087S003000" doc = "Class087.sgm">3</subnum></subref>
<descript><para> and indented subclass and subclasses 8 to 12 for
similar textile net fabrics.</para></descript></crecord></srchout></subclass>
<subclass subnum = "8" id = "C245S008000">
<sctitle>Quadrangular mesh:</sctitle>
<parent ref = "C245S002000" doc = "Class245.sgm">subclass 2</parent>
<scdesc>Wire fabrics having four-sided meshes.</scdesc>
<srchin>
<srecord><subnum ref = "C245S009000" doc = "Class245.sgm">9</subnum>
<descript><para>for link fabrics of quadrangular mesh.</para></descript></srecord></srchin>
<srchout>
<crecord><classnum ref = "C005S000000" doc = "Class005.sgm">5</classnum>
<subref><clstitle>Beds</clstitle>
<pretext></pretext>
<subnum range = "s" ref = "C005S188000" doc = "Class005.sgm">188</subnum></subref>
<descript><para>. </para></descript></crecord>
<crecord><classnum ref = "C087S000000" doc = "Class087.sgm">87</classnum>
<subref><clstitle>Textiles:  Braiding, Netting, and Lace Making</clstitle>
<pretext></pretext>
<subnum range = "s" ref = "C087S003000" doc = "Class087.sgm">3</subnum></subref>
<descript><para> and indented subclass and subclasses 8 to 12, for
similar textile net fabrics.</para></descript></crecord>
<crecord><classnum ref = "C256S000000" doc = "Class256.sgm">256</classnum>
<subref><clstitle>Fences</clstitle>
<pretext></pretext>
<subnum range = "s" ref = "C256S045000" doc = "Class256.sgm">45</subnum></subref>
<descript><para> for structures, specific to fences.</para></descript></crecord></srchout></subclass>
<subclass subnum = "9" id = "C245S009000">
<sctitle>Link:</sctitle>
<parent ref = "C245S002000" doc = "Class245.sgm">subclass 2</parent>
<scdesc>Wire fabrics in which a plurality of similar elements are
united by dissimilar elements or links or in which the cross wires
are composed of sections suitably connected together or to the longitudinal
wires or strands.</scdesc>
<srchout>
<crecord><classnum ref = "C256S000000" doc = "Class256.sgm">256</classnum>
<subref><clstitle>Fences</clstitle>
<pretext></pretext>
<subnum range = "s" ref = "C256S045000" doc = "Class256.sgm">45</subnum></subref>
<descript><para>.</para></descript></crecord></srchout></subclass>
<subclass subnum = "10" id = "C245S010000">
<sctitle>Edges and seams:</sctitle>
<parent ref = "C245S002000" doc = "Class245.sgm">subclass 2</parent>
<scdesc>Edge, selvage, or seam structures of wire fabrics.</scdesc></subclass>
<subclass subnum = "11" id = "C245S011000">
<sctitle>Slat and wire:</sctitle>
<parent ref = "C245S002000" doc = "Class245.sgm">subclass 2</parent>
<scdesc>Miscellaneous fabrics not otherwise classifiable, comprising
slats and wires secured together by the mere bending, coiling or
twisting of the wires about the slats.</scdesc>
<srchout>
<crecord><classnum ref = "C052S000000" doc = "Class052.sgm">52</classnum>
<subref><clstitle>Static Structures (e.g., Buildings)</clstitle>
<pretext></pretext>
<subnum range = "s" ref = "C052S343000" doc = "Class052.sgm">343</subnum></subref>
<descript><para> and 660&plus; for a residual surface forming
fabric or lattice openwork, e.g., a grating or grille.</para></descript></crecord>
<crecord><classnum ref = "C217S000000" doc = "Class217.sgm">217</classnum>
<subref><clstitle>Wooden Receptacles</clstitle>
<pretext></pretext>
<subnum range = "s" ref = "C217S044000" doc = "Class217.sgm">44</subnum></subref>
<descript><para>.</para></descript></crecord>
<crecord><classnum ref = "C256S000000" doc = "Class256.sgm">256</classnum>
<subref><clstitle>Fences</clstitle>
<pretext></pretext>
<subnum range = "s" ref = "C256S034000" doc = "Class256.sgm">34</subnum></subref>
<descript><para>.</para></descript></crecord>
<crecord><classnum ref = "C313S000000" doc = "Class313.sgm">313</classnum>
<subref><clstitle>Electric Lamp and Discharge Devices</clstitle>
<pretext></pretext>
<subnum range = "s" ref = "C313S350000" doc = "Class313.sgm">350</subnum></subref>
<descript><para> for electrodes and shields for electric lamps and electric
space discharge devices which are formed slat and wire fabrics.</para></descript></crecord></srchout></subclass></sclasses>
</class>
