<?xml version="1.0" encoding="UTF-8"?>
<!DOCTYPE class PUBLIC "-//USPTO//DTD Classification Definitions//EN" "xclassdef.dtd" [

<!-- Begin Document Specific Declarations -->

<!-- End Document Specific Declarations -->

]>
<?xml-stylesheet href="classdef.xsl" type="text/XSL"?>

<class classnum = "293" id = "C293S000000"><title>VEHICLE FENDERS</title>
<sections><descsect>
<para>Devices attached to vehicles-such as automobiles, railway
cars, or locomotives-for the purpose of removing persons and animals
from the path of a moving vehicle or of catching and retaining the
same or for receiving or fending off blows from other vehicles or
objects.</para>
</descsect>
<scsect>
<srchout>
<crecord><classnum ref = "C114S000000" doc = "Class114.sgm">114</classnum>
<subref><clstitle>Ships</clstitle>
<pretext></pretext>
<subnum range = "p" ref = "C114S219000" doc = "Class114.sgm">219</subnum></subref>
<descript><para> for shipboard fenders.</para></descript></crecord>
<crecord><classnum ref = "C280S000000" doc = "Class280.sgm">280</classnum>
<subref><clstitle>Land Vehicles</clstitle>
<pretext></pretext>
<subnum range = "p" ref = "C280S727000" doc = "Class280.sgm">727</subnum></subref>
<descript><para> for miscellaneous vehicle attachments resembling
fenders (e.g., plant spreaders, dust and mud guards).</para></descript></crecord>
<crecord><classnum ref = "C405S000000" doc = "Class405.sgm">405</classnum>
<subref><clstitle>Hydraulic and Earth Engineering</clstitle>
<pretext></pretext>
<subnum range = "p" ref = "C405S212000" doc = "Class405.sgm">212</subnum></subref>
<descript><para> for fenders for marine structures.</para></descript></crecord></srchout>
</scsect></sections>
<sclasses>
<subclass subnum = "1" id = "C293S001000">
<sctitle>MISCELLANEOUS:</sctitle>
<parent ref = "C293S000000" doc = "Class293.sgm">the class definition</parent>
<scdesc>Devices not falling properly into any of the following subclasses.</scdesc></subclass>
<subclass subnum = "2" id = "C293S002000">
<sctitle>WITH CAR CONTROL:</sctitle>
<parent ref = "C293S000000" doc = "Class293.sgm">the class definition</parent>
<scdesc>Fenders interconnected in operation with car controlling
elements.</scdesc>
<notes><note1 notenum = "(1)">
<para>Note. During the reclassification of former subclasses 91&plus; of
Class 180, Motor Vehicles, now subclasses 274&plus; thereof,
it was not possible to review the art of this area (subclasses 2&plus;)
to determine if a conflict exists between the two areas.</para></note1></notes>
<srchout>
<crecord><classnum ref = "C180S000000" doc = "Class180.sgm">180</classnum>
<subref><clstitle>Motor Vehicles</clstitle>
<pretext></pretext>
<subnum range = "p" ref = "C180S274000" doc = "Class180.sgm">274</subnum></subref>
<descript><para> for a motor vehicle provided with a safety-promoting
means which is responsive to the engagement of a portion of the perimeter
(e.g., fender) of the vehicle with an external object, and see (1) Note
of this subclass (2).</para></descript></crecord></srchout></subclass>
<subclass subnum = "3" id = "C293S003000">
<sctitle>Cable grip:</sctitle>
<parent ref = "C293S002000" doc = "Class293.sgm">subclass 2</parent>
<scdesc>The operation of the fender is concurrent with releasing
device for a cable grip.</scdesc></subclass>
<subclass subnum = "4" id = "C293S004000">
<sctitle>Electric circuit:</sctitle>
<parent ref = "C293S002000" doc = "Class293.sgm">subclass 2</parent>
<scdesc>The fender operation is interconnected with an electric
switch which relates to the control of the car movement.</scdesc>
<srchout>
<crecord><classnum ref = "C180S000000" doc = "Class180.sgm">180</classnum>
<subref><clstitle>Motor Vehicles</clstitle>
<pretext></pretext>
<subnum range = "s" ref = "C180S279000" doc = "Class180.sgm">279</subnum></subref>
<descript><para> for a motor vehicle provided with a safety-promoting
means which is responsive to the engagement of a portion of the perimeter
(e.g., a fender) of the vehicle with an external object and wherein
the response interrupts an electrical system of the vehicle or its motor,
and see (1) Note of subclass 2 above.</para></descript></crecord></srchout></subclass>
<subclass subnum = "5" id = "C293S005000">
<sctitle>Fluid brake:</sctitle>
<parent ref = "C293S002000" doc = "Class293.sgm">subclass 2</parent>
<scdesc>Movable fender devices interconnected with the operation
of a fluid brake system for the car.</scdesc>
<srchout>
<crecord><classnum ref = "C180S000000" doc = "Class180.sgm">180</classnum>
<subref><clstitle>Motor Vehicles</clstitle>
<pretext></pretext>
<subnum range = "p" ref = "C180S275000" doc = "Class180.sgm">275</subnum></subref>
<descript><para> for a motor vehicle provided with a safety-promoting
means which is responsive to the engagement of a portion of the perimeter
(e.g., a fender) of the vehicle with an external object and wherein
the response applies one or more braking devices on the vehicle, and
see (1) Note of subclass 2 above.</para></descript></crecord></srchout></subclass>
<subclass subnum = "6" id = "C293S006000">
<sctitle>Track brake:</sctitle>
<parent ref = "C293S002000" doc = "Class293.sgm">subclass 2</parent>
<scdesc>The operation of a track or rail brake is connected up with
the fender operation.</scdesc>
<srchout>
<crecord><classnum ref = "C180S000000" doc = "Class180.sgm">180</classnum>
<subref><clstitle>Motor Vehicles</clstitle>
<pretext></pretext>
<subnum range = "p" ref = "C180S275000" doc = "Class180.sgm">275</subnum></subref>
<descript><para> as explained in the reference thereto appearing
in subclass 5 above, and see especially subclass 276.</para></descript></crecord></srchout></subclass>
<subclass subnum = "7" id = "C293S007000">
<sctitle>Chock block:</sctitle>
<parent ref = "C293S002000" doc = "Class293.sgm">subclass 2</parent>
<scdesc>A wedge or chock block engages both the wheel and rail and
is connected in operation with the fender.</scdesc></subclass>
<subclass subnum = "8" id = "C293S008000">
<sctitle>Wheel shoe:</sctitle>
<parent ref = "C293S002000" doc = "Class293.sgm">subclass 2</parent>
<scdesc>Brake shoes for the car wheels connected for operation with
a fender.</scdesc>
<srchout>
<crecord><classnum ref = "C180S000000" doc = "Class180.sgm">180</classnum>
<subref><clstitle>Motor Vehicles</clstitle>
<pretext></pretext>
<subnum range = "p" ref = "C180S275000" doc = "Class180.sgm">275</subnum></subref>
<descript><para> as explained in the reference thereto appearing
in subclass 5 above.</para></descript></crecord></srchout></subclass>
<subclass subnum = "9" id = "C293S009000">
<sctitle>MOTOR ACTUATED:</sctitle>
<parent ref = "C293S000000" doc = "Class293.sgm">the class definition</parent>
<scdesc>Motors, usually pneumatic, for fender operation.</scdesc>
<srchin>
<srecord><subnum ref = "C293S005000" doc = "Class293.sgm">5</subnum>
<descript><para></para></descript></srecord></srchin></subclass>
<subclass subnum = "10" id = "C293S010000">
<sctitle>Electric:</sctitle>
<parent ref = "C293S009000" doc = "Class293.sgm">subclass 9</parent>
<scdesc>Electric motors and electromagnets for fender operation
and control.</scdesc></subclass>
<subclass subnum = "11" id = "C293S011000">
<sctitle>CAR AXLE-ACTUATED:</sctitle>
<parent ref = "C293S000000" doc = "Class293.sgm">the class definition</parent>
<scdesc>Driving connections from a car axis or wheel for fender
operation. This does not include such devices for the rotary subclasses 17
to 20.</scdesc></subclass>
<subclass subnum = "12" id = "C293S012000">
<sctitle>DIRIGIBLE:</sctitle>
<parent ref = "C293S000000" doc = "Class293.sgm">the class definition</parent>
<scdesc>Devices under the control of the motorman for causing the
fender to follow a curved track in a changeable angular relation
to the car.</scdesc></subclass>
<subclass subnum = "13" id = "C293S013000">
<sctitle>Automatic:</sctitle>
<parent ref = "C293S012000" doc = "Class293.sgm">subclass 12</parent>
<scdesc>Automatic devices connected to the front truck of a car
or knuckles of an automobile to laterally direct the fender.</scdesc></subclass>
<subclass subnum = "14" id = "C293S014000">
<sctitle>CAR AND TRUCK EQUALIZER:</sctitle>
<parent ref = "C293S000000" doc = "Class293.sgm">the class definition</parent>
<scdesc>The interconnection of the fender with the truck and car
body is such as to eliminate excessive vertical oscillation of the
fender.</scdesc></subclass>
<subclass subnum = "15" id = "C293S015000">
<sctitle>BODY TRAPS:</sctitle>
<parent ref = "C293S000000" doc = "Class293.sgm">the class definition</parent>
<scdesc>Boxes, gripping pads, and wings for catching and retaining
a body.</scdesc></subclass>
<subclass subnum = "16" id = "C293S016000">
<sctitle>Lateral closure:</sctitle>
<parent ref = "C293S015000" doc = "Class293.sgm">subclass 15</parent>
<scdesc>Twin body-grasping members move in horizontal planes.</scdesc></subclass>
<subclass subnum = "17" id = "C293S017000">
<sctitle>ROTARY:</sctitle>
<parent ref = "C293S000000" doc = "Class293.sgm">the class definition</parent>
<scdesc>Rotary drums and rollers for engaging bodies and moving
them to a safe position.</scdesc>
<srchout>
<crecord><classnum ref = "C492S000000" doc = "Class492.sgm">492</classnum>
<subref><clstitle>Roll or Roller</clstitle>
<pretext></pretext></subref>
<descript><para>for a roll, per se, not elsewhere provided for,
and see the notes thereunder.</para></descript></crecord></srchout></subclass>
<subclass subnum = "18" id = "C293S018000">
<sctitle>Diverging rolls:</sctitle>
<parent ref = "C293S017000" doc = "Class293.sgm">subclass 17</parent>
<scdesc>Two driven rolls which in plan form a V diverging from the
front toward the rear.</scdesc></subclass>
<subclass subnum = "19" id = "C293S019000">
<sctitle>Horizontal wheel of vehicle width:</sctitle>
<parent ref = "C293S017000" doc = "Class293.sgm">subclass 17</parent>
<scdesc>Apparatus comprising a horizontal wheel arranged in front
of the car and having a diameter substantially that of car-truck
width.</scdesc></subclass>
<subclass subnum = "20" id = "C293S020000">
<sctitle>Endless belts:</sctitle>
<parent ref = "C293S017000" doc = "Class293.sgm">subclass 17</parent>
<scdesc>One or more endless body-engaging belts form all or a portion
of the car fender.</scdesc></subclass>
<subclass subnum = "21" id = "C293S021000">
<sctitle>SIDE PROJECTOR:</sctitle>
<parent ref = "C293S017000" doc = "Class293.sgm">subclass 17</parent>
<scdesc>Oscillating or reciprocatory devices for positively moving
bodies transversely and to one side of the track.</scdesc></subclass>
<subclass subnum = "22" id = "C293S022000">
<sctitle>Twin sections:</sctitle>
<parent ref = "C293S021000" doc = "Class293.sgm">subclass 21</parent>
<scdesc> except that a pair of projectors are used, one for each
side of the track.</scdesc></subclass>
<subclass subnum = "23" id = "C293S023000">
<sctitle>Single tilter:</sctitle>
<parent ref = "C293S021000" doc = "Class293.sgm">subclass 21</parent>
<scdesc> except that a member arranged transversely of the vehicle
end is designed to yield rearwardly at one end to effect the shunting
of the body from the track.</scdesc></subclass>
<subclass subnum = "24" id = "C293S024000">
<sctitle>FORWARD PROJECTOR:</sctitle>
<parent ref = "C293S000000" doc = "Class293.sgm">the class definition</parent>
<scdesc>Fenders which are projected forwardly when a body is to
be engaged.</scdesc>
<srchin>
<srecord><subnum ref = "C293S011000" doc = "Class293.sgm">11</subnum>
<descript><para></para></descript></srecord></srchin></subclass>
<subclass subnum = "25" id = "C293S025000">
<sctitle>Spring-acutated:</sctitle>
<parent ref = "C293S024000" doc = "Class293.sgm">subclass 24</parent>
<scdesc>Fenders in which a spring power is used for projecting the
fender forwardly.</scdesc></subclass>
<subclass subnum = "26" id = "C293S026000">
<sctitle>Plunger type:</sctitle>
<parent ref = "C293S025000" doc = "Class293.sgm">subclass 25</parent>
<scdesc> except that the fender is thrust forward by spring-actuated
plungers, the spring being concentric with the plunger.</scdesc></subclass>
<subclass subnum = "27" id = "C293S027000">
<sctitle>LAZY TONGS:</sctitle>
<parent ref = "C293S000000" doc = "Class293.sgm">the class definition</parent>
<scdesc>Fenders of lazy-tongs form.</scdesc></subclass>
<subclass subnum = "28" id = "C293S028000">
<sctitle>REAR-SLIDE STORAGE:</sctitle>
<parent ref = "C293S000000" doc = "Class293.sgm">the class definition</parent>
<scdesc>Fenders which are adapted to slide rearwardly under a car
platform to get them out of the way when not in use.</scdesc>
<srchin>
<srecord><subnum ref = "C293S024000" doc = "Class293.sgm">24</subnum>
<descript><para>25,  and 26.</para></descript></srecord></srchin></subclass>
<subclass subnum = "29" id = "C293S029000">
<sctitle>Folding upright:</sctitle>
<parent ref = "C293S028000" doc = "Class293.sgm">subclass 28</parent>
<scdesc> with the addition of a vertical foldable fender hinged
to the sliding fender.</scdesc></subclass>
<subclass subnum = "30" id = "C293S030000">
<sctitle>DOUBLE-ENDER INTERCONNECTED:</sctitle>
<parent ref = "C293S000000" doc = "Class293.sgm">the class definition</parent>
<scdesc>Bumpers at opposite ends of a vehicle interconnected through
their mounting means so that impact on one is absorbed by the mounting
means of both.</scdesc>
<srchin>
<srecord><subnum ref = "C293S126000" doc = "Class293.sgm">126</subnum>
<descript><para>for bumpers extending entirely around a vehicle.</para></descript></srecord></srchin></subclass>
<subclass subnum = "31" id = "C293S031000">
<sctitle>DASH AND WHEEL:</sctitle>
<parent ref = "C293S000000" doc = "Class293.sgm">the class definition</parent>
<scdesc>A fender at the front of or on the dashboard of a car which
may uphold a body and wheel-guard fender under a car platform. The dash
fender usually controls the wheel-guard fender.</scdesc></subclass>
<subclass subnum = "32" id = "C293S032000">
<sctitle>Front-lift back drop:</sctitle>
<parent ref = "C293S031000" doc = "Class293.sgm">subclass 31</parent>
<scdesc>The front fender element lifts up usually by a body passing
thereunder, which results in the tripping of the wheel fender, so
that the body may be caught therein.</scdesc></subclass>
<subclass subnum = "33" id = "C293S033000">
<sctitle>Trip gate:</sctitle>
<parent ref = "C293S031000" doc = "Class293.sgm">subclass 31</parent>
<scdesc>A vertically depending trip gate is located between the
dash and wheel fenders, so that a body not caught by the dash fender
will operate the trip gate and drop the wheel fender.</scdesc></subclass>
<subclass subnum = "34" id = "C293S034000">
<sctitle>DROP FENDER:</sctitle>
<parent ref = "C293S000000" doc = "Class293.sgm">the class definition</parent>
<scdesc>A fender caused to drop to the lowered position by the operator
working a hand lever or foot pedal.</scdesc>
<srchin>
<srecord><subnum ref = "C293S035000" doc = "Class293.sgm">35</subnum>
<descript><para></para></descript></srecord></srchin></subclass>
<subclass subnum = "35" id = "C293S035000">
<sctitle>Trip gate:</sctitle>
<parent ref = "C293S034000" doc = "Class293.sgm">subclass 34</parent>
<scdesc> except that a depending trip gate controls the drop fender.</scdesc></subclass>
<subclass subnum = "36" id = "C293S036000">
<sctitle>Contact on fender:</sctitle>
<parent ref = "C293S034000" doc = "Class293.sgm">subclass 34</parent>
<scdesc>The drop fender is operated by direct contact with a body
or through a contactor, such as a rope or trigger bar, connected
to the front end of the drop fender.</scdesc></subclass>
<subclass subnum = "37" id = "C293S037000">
<sctitle>Buffer trip:</sctitle>
<parent ref = "C293S034000" doc = "Class293.sgm">subclass 34</parent>
<scdesc>Drop fenders having a body-contact trip, which is a buffer
separate from the drop fender-that is, the buffer does not drop
with the drop fender.</scdesc>
<srchin>
<srecord><subnum ref = "C293S031000" doc = "Class293.sgm">31</subnum>
<descript><para>and 32.</para></descript></srecord></srchin></subclass>
<subclass subnum = "38" id = "C293S038000">
<sctitle>FRONT BARRIER:</sctitle>
<parent ref = "C293S000000" doc = "Class293.sgm">the class definition</parent>
<scdesc>Fenders adapted to catch a body and a front barrier to retain
the body, so that it will not fall from the front of the fender.</scdesc>
<srchin>
<srecord><subnum ref = "C293S015000" doc = "Class293.sgm">15</subnum>
<descript><para></para></descript></srecord></srchin></subclass>
<subclass subnum = "39" id = "C293S039000">
<sctitle>Tilting receiver:</sctitle>
<parent ref = "C293S038000" doc = "Class293.sgm">subclass 38</parent>
<scdesc>The fender has a tilting floor or receiver which tilts downward
toward the rear to retain the body.</scdesc></subclass>
<subclass subnum = "40" id = "C293S040000">
<sctitle>Net tension-operated:</sctitle>
<parent ref = "C293S038000" doc = "Class293.sgm">subclass 38</parent>
<scdesc>The fender has an inclined front net, which on receiving
a body pulls up the front end of the fender to retain the body.</scdesc></subclass>
<subclass subnum = "41" id = "C293S041000">
<sctitle>RELEASABLE UPRIGHT APRON:</sctitle>
<parent ref = "C293S000000" doc = "Class293.sgm">the class definition</parent>
<scdesc>An upright apron drops toward the track or may be extended
upwardly away from the track or may be expanded both upwardly and downwardly.</scdesc></subclass>
<subclass subnum = "42" id = "C293S042000">
<sctitle>SCOOP TYPE:</sctitle>
<parent ref = "C293S000000" doc = "Class293.sgm">the class definition</parent>
<scdesc>Fenders of general scoop type not otherwise classified.</scdesc></subclass>
<subclass subnum = "43" id = "C293S043000">
<sctitle>Wheeled:</sctitle>
<parent ref = "C293S042000" doc = "Class293.sgm">subclass 42</parent>
<scdesc>Fenders of scoop type carried at all times on wheels traveling
on the rails.</scdesc></subclass>
<subclass subnum = "44" id = "C293S044000">
<sctitle>Hinged:</sctitle>
<parent ref = "C293S042000" doc = "Class293.sgm">subclass 42</parent>
<scdesc>Fenders of scoop type pivotally mounted at the rear or top.</scdesc></subclass>
<subclass subnum = "45" id = "C293S045000">
<sctitle>Folding:</sctitle>
<parent ref = "C293S044000" doc = "Class293.sgm">subclass 44</parent>
<scdesc>Hinged scoop fenders adapted to fold up in front of the
vehicle.</scdesc></subclass>
<subclass subnum = "46" id = "C293S046000">
<sctitle>Net roller:</sctitle>
<parent ref = "C293S044000" doc = "Class293.sgm">subclass 44</parent>
<scdesc>Inclined-net folding fenders with a roller for winding up
the net.</scdesc></subclass>
<subclass subnum = "47" id = "C293S047000">
<sctitle>Swing-link:</sctitle>
<parent ref = "C293S042000" doc = "Class293.sgm">subclass 42</parent>
<scdesc>Scoop fender supported by swinging links.</scdesc></subclass>
<subclass subnum = "48" id = "C293S048000">
<sctitle>PILOT TYPE:</sctitle>
<parent ref = "C293S000000" doc = "Class293.sgm">the class definition</parent>
<scdesc>Fenders of locomotive-pilot shape, usually intended to deflect
the body to the side of the track.</scdesc></subclass>
<subclass subnum = "49" id = "C293S049000">
<sctitle>Roller front:</sctitle>
<parent ref = "C293S044000" doc = "Class293.sgm">subclass 48</parent>
<scdesc>The front of the fender is provided with loose rollers adapted
to facilitate the passage of the body to the side of the track.</scdesc>
<srchin>
<srecord><subnum ref = "C293S124000" doc = "Class293.sgm">124</subnum>
<descript><para>for bar type buffers with rollers.</para></descript></srecord></srchin></subclass>
<subclass subnum = "50" id = "C293S050000">
<sctitle>FOLDABLE SIDE WINGS:</sctitle>
<parent ref = "C293S000000" doc = "Class293.sgm">the class definition</parent>
<scdesc>The fender is provided with wings adapted to be extended
laterally from each side of the fender.</scdesc></subclass>
<subclass subnum = "53" id = "C293S053000">
<sctitle>RAKE TOOTH:</sctitle>
<parent ref = "C293S000000" doc = "Class293.sgm">the class definition</parent>
<scdesc>The body-engaging member is formed of a plurality of fingers
or long teeth.</scdesc></subclass>
<subclass subnum = "58" id = "C293S058000">
<sctitle>WHEEL TREAD:</sctitle>
<parent ref = "C293S000000" doc = "Class293.sgm">the class definition</parent>
<scdesc>Individual wheel guards extending downwardly in front of
each front wheel to clear objects from the path of the wheel.</scdesc>
<srchout>
<crecord><classnum ref = "C172S000000" doc = "Class172.sgm">172</classnum>
<subref><clstitle>Earth Working</clstitle>
<pretext></pretext>
<subnum range = "r" ref = "C172S297000" doc = "Class172.sgm">297</subnum></subref>
<descript><para> and  810&plus; for earth working apparatus which
may include an earth working tool in front of a vehicle wheel.</para></descript></crecord></srchout></subclass>
<subclass subnum = "102" id = "C293S102000">
<sctitle>BUFFER OR BUMPER TYPE:</sctitle>
<parent ref = "C293S000000" doc = "Class293.sgm">the class definition</parent>
<scdesc>Devices being bumper means having an impact member comprising
bars, plates, or other barrier structure attached to the vehicle body,
frame, or other parts for the purpose of fending off blows from
other vehicles or objects.</scdesc>
<notes><note1 notenum = "(1)">
<para>Note. This and indented subclasses include combinations of
claimed specific bumper structure and such vehicle structure (e.g.,
panel, door, etc.) which is modified specifically to accommodate the
bumper or such vehicle structure with which a bumper otherwise has
a specific cooperative relationship.</para></note1></notes>
<srchout>
<crecord><classnum ref = "C015S000000" doc = "Class015.sgm">15</classnum>
<subref><clstitle>Brushing, Scrubbing, and General Cleaning</clstitle>
<pretext></pretext>
<subnum range = "s" ref = "C015S045000" doc = "Class015.sgm">45</subnum></subref>
<descript><para> for carpet sweepers having bumper means attached
thereto.</para></descript></crecord>
<crecord><classnum ref = "C052S000000" doc = "Class052.sgm">52</classnum>
<subref><clstitle>Static Structures (e.g., Buildings)</clstitle>
<pretext></pretext>
<subnum range = "p" ref = "C052S633000" doc = "Class052.sgm">633</subnum></subref>
<descript><para> for a grille, per se, consisting of either a perforated
sheet, plural members held at spaced intervals, or a single elongated
member shaped to define an area; and subclasses 656.8 and 716.5&plus; for
an in situ attached channel or a trim strip.</para></descript></crecord>
<crecord><classnum ref = "C165S000000" doc = "Class165.sgm">165</classnum>
<subref><clstitle>Heat Exchange</clstitle>
<pretext></pretext>
<subnum range = "s" ref = "C165S098000" doc = "Class165.sgm">98</subnum></subref>
<descript><para> for a radiator with an adjustable face covering
means.</para></descript></crecord>
<crecord><classnum ref = "C180S000000" doc = "Class180.sgm">180</classnum>
<subref><clstitle>Motor Vehicles</clstitle>
<pretext></pretext>
<subnum range = "s" ref = "C180S068600" doc = "Class180.sgm">68.6</subnum></subref>
<descript><para> for vehicles having radiator protectors. See also
subclasses 274&plus; for a motor vehicle provided with a safety
promoting means which is responsive to the engagement of a portion
of the perimeter of the vehicle (e.g., fender) with an external
object.</para></descript></crecord>
<crecord><classnum ref = "C213S000000" doc = "Class213.sgm">213</classnum>
<subref><clstitle>Railway Draft Appliances</clstitle>
<pretext></pretext>
<subnum range = "s" ref = "C213S009000" doc = "Class213.sgm">9</subnum></subref>
<descript><para> for cushioned draft appliances combined with car
end buffer means; and subclasses 220&plus; for car end bumpers of
buffers.</para></descript></crecord>
<crecord><classnum ref = "C267S000000" doc = "Class267.sgm">267</classnum>
<subref><clstitle>Spring Devices</clstitle>
<pretext>for fluid and other types of springs, as found, for example,
in </pretext>
<subnum range = "r" ref = "C267S116000" doc = "Class267.sgm">116</subnum></subref>
<descript><para> and 139&plus;, useful in the construction of
a bumper for a vehicle.</para></descript></crecord>
<crecord><classnum ref = "C280S000000" doc = "Class280.sgm">280</classnum>
<subref><clstitle>Land Vehicles</clstitle>
<pretext></pretext>
<subnum range = "s" ref = "C280S481000" doc = "Class280.sgm">481</subnum></subref>
<descript><para> for articulated vehicles having means by which
one vehicle pushes another vehicle. Also see subclasses 415.1, 491.1&plus;,
500&plus;, and 505 for articulated vehicles having means which
may include bumper structure or modification thereof for the purpose
of interconnecting the vehicles. See subclass 770 for vehicle attachments
designed to protect a particular part of the vehicle from externally
caused damage.</para></descript></crecord></srchout></subclass>
<subclass subnum = "103" id = "C293S103000">
<sctitle>Having means maintaining bumper distance above road:</sctitle>
<parent ref = "C293S102000" doc = "Class293.sgm">subclass 102</parent>
<scdesc>Device having means for mounting the bumper means on a vehicle
so that as the vehicle body moves vertically because of irregular
road or ground conditions or because of acceleration or deceleration,
a constant spacing is maintained between the road and said bumper
means.</scdesc></subclass>
<subclass subnum = "104" id = "C293S104000">
<sctitle>Vibration dampening type:</sctitle>
<parent ref = "C293S102000" doc = "Class293.sgm">subclass 102</parent>
<scdesc>Device wherein the bumper means particularly constructed,
either by inherent design or by the attachment of additional elements
(e.g., spring), so that, as a unit, the bumper means tends to dampen
shimmy or other undesirable vibration which develops in the moving
vehicle.</scdesc></subclass>
<subclass subnum = "105" id = "C293S105000">
<sctitle>For use on two or three wheel cycle:</sctitle>
<parent ref = "C293S102000" doc = "Class293.sgm">subclass 102</parent>
<scdesc>Device particularly constructed for attachment to bicycles,
tricycles, or motorcycles.</scdesc></subclass>
<subclass subnum = "106" id = "C293S106000">
<sctitle>Having a storage compartment:</sctitle>
<parent ref = "C293S102000" doc = "Class293.sgm">subclass 102</parent>
<scdesc>Device having container means for liquids, gases, or solids
for transportation or storage and means for removing the contents
of said container means.</scdesc>
<srchin>
<srecord><subnum range = "p" ref = "C293S107000" doc = "Class293.sgm">107</subnum>
<descript><para>for bumpers having means for containing a liquid
in gas in the impact member for the purpose of absorbing an impact
force on the bumper.</para></descript></srecord></srchin>
<srchout>
<crecord><classnum ref = "C224S000000" doc = "Class224.sgm">224</classnum>
<subref><clstitle>Package and Article Carriers</clstitle>
<pretext></pretext>
<subnum range = "p" ref = "C224S489000" doc = "Class224.sgm">489</subnum></subref>
<descript><para> and 512&plus; for auxiliary luggage carriers
attachable to bumpers.</para></descript></crecord></srchout></subclass>
<subclass subnum = "107" id = "C293S107000">
<sctitle>Having fluid means within impact means to absorb energy:</sctitle>
<parent ref = "C293S102000" doc = "Class293.sgm">subclass 102</parent>
<scdesc>Devices wherein the impact member has gas or liquid confined
therein by a means which takes advantage of the properties of said
gas or liquid to absorb the force of impact of said member.</scdesc>
<srchin>
<srecord><subnum ref = "C293S106000" doc = "Class293.sgm">106</subnum>
<descript><para>for bumpers having means which may be used for storing
and transporting materials such as gases or liquids.</para></descript></srecord>
<srecord><subnum ref = "C293S134000" doc = "Class293.sgm">134</subnum>
<descript><para>for bumpers having fluid shock absorbers interposed
between the impact member and the vehicle structure.</para></descript></srecord></srchin></subclass>
<subclass subnum = "108" id = "C293S108000">
<sctitle>Bumper guard:</sctitle>
<parent ref = "C293S107000" doc = "Class293.sgm">subclass 107</parent>
<scdesc>Device in which the liquid or gas is confined in an additional
force impact receiving means which is attached to the main force
impact receiving means or to some other part of the vehicle and
the function of the additional means is to protect a limited portion
only of the main impact receiving means.</scdesc>
<srchin>
<srecord><subnum ref = "C293S115000" doc = "Class293.sgm">115</subnum>
<descript><para>146&plus;, and 149&plus;, for structures
which are an addition to the main impact member and which may also
be directly impacted by other objects.</para></descript></srecord></srchin>
<srchout>
<crecord><classnum ref = "C280S000000" doc = "Class280.sgm">280</classnum>
<subref><clstitle>Land Vehicles</clstitle>
<pretext></pretext>
<subnum range = "p" ref = "C280S500000" doc = "Class280.sgm">500</subnum></subref>
<descript><para> and 505 for impact bar guards designed to serve
as trailer hitches.</para></descript></crecord></srchout></subclass>
<subclass subnum = "109" id = "C293S109000">
<sctitle>Foam filled impact means:</sctitle>
<parent ref = "C293S107000" doc = "Class293.sgm">subclass 107</parent>
<scdesc>Device in which the liquid- or gas-confining means is a
cellular spongy material usually made from plastic, rubber, or like
substances.</scdesc></subclass>
<subclass subnum = "110" id = "C293S110000">
<sctitle>Compartmented impact means:</sctitle>
<parent ref = "C293S107000" doc = "Class293.sgm">subclass 107</parent>
<scdesc>Device in which the gas or liquid is confined in relatively
large isolated compartments or in compartments having means permitting
flow of the gas or liquid between compartments to thereby absorb
the force of impact.</scdesc></subclass>
<subclass subnum = "111.1" id = "C293S111100">
<sctitle>With vehicle jack:</sctitle>
<parent ref = "C293S102000" doc = "Class293.sgm">subclass 102</parent>
<scdesc>Device having, in combination therewith, jack means movable
between an inoperative position and an operation position, for the
purpose of lifting a vehicle, or a part thereof, off of the surface
on which the vehicle is supported.</scdesc>
<srchout>
<crecord><classnum ref = "C254S000000" doc = "Class254.sgm">254</classnum>
<subref><clstitle>Implements or Apparatus for Applying Pushing or
Pulling Force</clstitle>
<pretext></pretext>
<subnum range = "s" ref = "C254S133000" doc = "Class254.sgm">133</subnum></subref>
<descript><para> for a vehicle jack wherein significance is attributed
to the interface between the jack and the bumper and subclasses
418&plus; for a jack attached to a vehicle at a place other than
the bumper.</para></descript></crecord>
<crecord><classnum ref = "C280S000000" doc = "Class280.sgm">280</classnum>
<subref><clstitle>Land Vehicles</clstitle>
<pretext></pretext>
<subnum range = "s" ref = "C280S763100" doc = "Class280.sgm">763.1</subnum></subref>
<descript><para> for a land vehicle having an attached prop, support
or stabilizer.</para></descript></crecord></srchout></subclass>
<subclass subnum = "112" id = "C293S112000">
<sctitle>With means to deflect projected road debris:</sctitle>
<parent ref = "C293S102000" doc = "Class293.sgm">subclass 102</parent>
<scdesc>Device having shields, plates, or other means attached thereto
for the purpose of fending off stones and other matter thrown from
the roadway by the vehicle when moving.</scdesc></subclass>
<subclass subnum = "113" id = "C293S113000">
<sctitle>Having vehicle exhaust pipe receiving means or air scoop
opening:</sctitle>
<parent ref = "C293S102000" doc = "Class293.sgm">subclass 102</parent>
<scdesc>Device constructed with an opening therein which has the
function either to provide a passage therethrough of (a) vehicle
engine exhaust gases or the conduit carrying said exhaust gases
or (b) air forced therethrough as the result of the motion of the
vehicle through the ambient.</scdesc>
<srchout>
<crecord><classnum ref = "C180S000000" doc = "Class180.sgm">180</classnum>
<subref><clstitle>Motor Vehicles</clstitle>
<pretext></pretext>
<subnum range = "r" ref = "C180S089200" doc = "Class180.sgm">89.2</subnum></subref>
<descript><para>, 296, and 309 for a motor vehicle provided with
means for handling the exhaust of its motor.</para></descript></crecord></srchout></subclass>
<subclass subnum = "114" id = "C293S114000">
<sctitle>With outrigger means extendable laterally from bumper:</sctitle>
<parent ref = "C293S102000" doc = "Class293.sgm">subclass 102</parent>
<scdesc>Device having means which may be extended from the bumper
and laterally beyond the confines of the vehicle body for the purpose
of providing an outrigger to prevent overturning the vehicle.</scdesc>
<srchin>
<srecord><subnum ref = "C293S119000" doc = "Class293.sgm">119</subnum>
<descript><para>for a bumper impact member in which all or a section
thereof may be moved in a horizontal place between a plurality of
operative positions by means other than when impacted by another object.</para></descript></srecord></srchin></subclass>
<subclass subnum = "115" id = "C293S115000">
<sctitle>With grille or radiator guard:</sctitle>
<parent ref = "C293S102000" doc = "Class293.sgm">subclass 102</parent>
<scdesc>Device having attached thereto or integral therewith structure
designed to be located forward of the vehicle radiator for the purpose
of bending off objects which may otherwise damage said radiator.</scdesc>
<srchin>
<srecord><subnum range = "p" ref = "C293S142000" doc = "Class293.sgm">142</subnum>
<descript><para>for guards which may be attached to the bumper impact
means for the purpose of protecting a portion of the bumper and
which may extend beyond the vertical limits of said bumper.</para></descript></srecord></srchin>
<srchout>
<crecord><classnum ref = "C052S000000" doc = "Class052.sgm">52</classnum>
<subref><clstitle>Static Structures (e.g., Buildings)</clstitle>
<pretext></pretext>
<subnum range = "p" ref = "C052S633000" doc = "Class052.sgm">633</subnum></subref>
<descript><para> for vehicle grilles or radiator guards, per se.</para></descript></crecord></srchout></subclass>
<subclass subnum = "116" id = "C293S116000">
<sctitle>Convertible:</sctitle>
<parent ref = "C293S102000" doc = "Class293.sgm">subclass 102</parent>
<scdesc>Device which by adjustment or relative rearrangement of
its parts, or by the addition or omission of a part, is so changed
as to become basic subject matter of another class.</scdesc>
<srchout>
<crecord><classnum ref = "C280S000000" doc = "Class280.sgm">280</classnum>
<subref><clstitle>Land Vehicles</clstitle>
<pretext></pretext>
<subnum range = "s" ref = "C280S415100" doc = "Class280.sgm">415.1</subnum></subref>
<descript><para> for articulated vehicles having bumpers which may
be converted to towing means.</para></descript></crecord></srchout></subclass>
<subclass subnum = "117" id = "C293S117000">
<sctitle>Combined:</sctitle>
<parent ref = "C293S102000" doc = "Class293.sgm">subclass 102</parent>
<scdesc>Device combined with a device classified outside this class
definition and not provided for in other classes or in other subclasses
in this class.</scdesc>
<notes><note1 notenum = "(1)">
<para>Note. In this subclass, for example, are combinations of bumpers
with road brushes, bottle openers, switches, signs, lights, tool
supports, etc.</para></note1></notes>
<srchout>
<crecord><classnum ref = "C040S000000" doc = "Class040.sgm">40</classnum>
<subref><clstitle>Card, Picture, or Sign Exhibiting</clstitle>
<pretext></pretext>
<subnum range = "p" ref = "C040S204000" doc = "Class040.sgm">204</subnum></subref>
<descript><para> for signs or license plates mounted on bumpers
where bumper structure is not claimed beyond that necessary to mount
the reflector.</para></descript></crecord>
<crecord><classnum ref = "C070S000000" doc = "Class070.sgm">70</classnum>
<subref><clstitle>Locks</clstitle>
<pretext></pretext>
<subnum range = "p" ref = "C070S237000" doc = "Class070.sgm">237</subnum></subref>
<descript><para> for bumpers combined with means for locking the wheels
against steering.</para></descript></crecord>
<crecord><classnum ref = "C280S000000" doc = "Class280.sgm">280</classnum>
<subref><clstitle>Land Vehicles</clstitle>
<pretext></pretext>
<subnum range = "s" ref = "C280S830000" doc = "Class280.sgm">830</subnum></subref>
<descript><para> for bumpers combined with tank truck dispensing
means and subclasses 500&plus; and 505 for land vehicles combined
with bumpers which form or carry a hitch element for connecting another
vehicle.</para></descript></crecord>
<crecord><classnum ref = "C343S000000" doc = "Class343.sgm">343</classnum>
<subref><clstitle>Communications: Radio Wave Antennas</clstitle>
<pretext></pretext>
<subnum range = "p" ref = "C343S711000" doc = "Class343.sgm">711</subnum></subref>
<descript><para> for antennas combined with, having a part of or common
with, a vehicle bumper.</para></descript></crecord>
<crecord><classnum ref = "C359S000000" doc = "Class359.sgm">359</classnum>
<subref><clstitle>Optical: Systems and Elements</clstitle>
<pretext></pretext>
<subnum range = "p" ref = "C359S515000" doc = "Class359.sgm">515</subnum></subref>
<descript><para> for signal reflectors which can be mounted on a
vehicle bumper where bumper structure is not claimed beyond that
necessary to mount the reflector.</para></descript></crecord>
<crecord><classnum ref = "C361S000000" doc = "Class361.sgm">361</classnum>
<subref><clstitle>Electricity: Electrical Systems and Devices</clstitle>
<pretext></pretext>
<subnum range = "p" ref = "C361S212000" doc = "Class361.sgm">212</subnum></subref>
<descript><para> for discharging or preventing accumulation of electric
charge.</para></descript></crecord></srchout></subclass>
<subclass subnum = "118" id = "C293S118000">
<sctitle>Shiftable between operative and inoperative positions other
than by impact:</sctitle>
<parent ref = "C293S102000" doc = "Class293.sgm">subclass 102</parent>
<scdesc>Device having impact members or portions thereof that may
be (a) shifted between operative and inoperative position or (b)
carried in two or more alternative positions relative to the vehicle.</scdesc>
<notes><note1 notenum = "(1)">
<para>Note. The alternative positions include other than a normal
impact position such as an extended packing guard position, a nonuse
position including those permitting access to the vehicle or parts
thereof behind the bumper, and those facilitating release of interengaged
objects, positions close to the ground, or inverted positions involving
more than a mere adjustment of the mounting means to bring the impact
member into a desired permanent position.</para></note1>
<note1 notenum = "(2)">
<para>Note. Yielding or yieldably mounted bumpers that move only
upon frontal impact with an object are classified elsewhere in this
class.</para></note1></notes>
<srchin>
<srecord><subnum range = "p" ref = "C293S107000" doc = "Class293.sgm">107</subnum>
<descript><para>124, 129, and 132, for yielding or yieldably mounted
bumpers that move only upon frontal impact with an object.</para></descript></srecord>
<srecord><subnum ref = "C293S140000" doc = "Class293.sgm">140</subnum>
<descript><para>for bumper means mounted for vertical adjustment
on the vehicle spring horn.</para></descript></srecord></srchin>
<srchout>
<crecord><classnum ref = "C224S000000" doc = "Class224.sgm">224</classnum>
<subref><clstitle>Package and Article Carriers</clstitle>
<pretext></pretext>
<subnum range = "p" ref = "C224S495000" doc = "Class224.sgm">495</subnum></subref>
<descript><para> for combined tire carriers and movable section
bumpers.</para></descript></crecord>
<crecord><classnum ref = "C280S000000" doc = "Class280.sgm">280</classnum>
<subref><clstitle>Land Vehicles</clstitle>
<pretext></pretext>
<subnum range = "s" ref = "C280S415100" doc = "Class280.sgm">415.1</subnum></subref>
<descript><para> for bumpers which may be converted into towing
means and subclasses 491.1&plus; for draft means on a vehicle
which may be retracted and serve as a bumper.</para></descript></crecord></srchout></subclass>
<subclass subnum = "119" id = "C293S119000">
<sctitle>Horizontally movable to plural operative positions other
than by impact:</sctitle>
<parent ref = "C293S102000" doc = "Class293.sgm">subclass 102</parent>
<scdesc>Device in which the impact member or a portion thereof is
mounted on the vehicle so that it may be slid or swung horizontally
and longitudinally of the vehicle from one operative position to
another operative position by means other than when impacted by
another object.</scdesc>
<srchin>
<srecord><subnum ref = "C293S114000" doc = "Class293.sgm">114</subnum>
<descript><para>for an impact member combined with an outrigger
means which is extendable from the member to a position laterally
of the vehicle.</para></descript></srecord></srchin></subclass>
<subclass subnum = "120" id = "C293S120000">
<sctitle>Composite bumper:</sctitle>
<parent ref = "C293S102000" doc = "Class293.sgm">subclass 102</parent>
<scdesc>Device in which the impact member is constructed of a plurality
of diverse substances permanently and rigidly interconnected to
form a unitary device.</scdesc>
<srchin>
<srecord><subnum ref = "C293S106000" doc = "Class293.sgm">106</subnum>
<descript><para>for a bumper impact member useable to store a material
for transportation thereof.</para></descript></srecord>
<srecord><subnum range = "p" ref = "C293S107000" doc = "Class293.sgm">107</subnum>
<descript><para>for bumper impact means wherein one of the diverse
materials is capable of confining a gas or liquid for the purpose
of absorbing the force of an impact.</para></descript></srecord>
<srecord><subnum ref = "C293S142000" doc = "Class293.sgm">142</subnum>
<descript><para>for guards for bumper impact members which comprise
a narrow strip of material attached to the bumper and extending
longitudinally thereon which is designed to protect a small portion
of the impact member against impact.</para></descript></srecord></srchin></subclass>
<subclass subnum = "121" id = "C293S121000">
<sctitle>Covered metal bar:</sctitle>
<parent ref = "C293S120000" doc = "Class293.sgm">subclass 120</parent>
<scdesc>Device in which one of the materials from which the impact
member is constructed is a solid metallic bar and having a diverse
material completely encasing said bar.</scdesc></subclass>
<subclass subnum = "122" id = "C293S122000">
<sctitle>Hollow cylinder:</sctitle>
<parent ref = "C293S120000" doc = "Class293.sgm">subclass 120</parent>
<scdesc>Device in which one of the materials from which the impact
member is constructed is in the form of a tube.</scdesc></subclass>
<subclass subnum = "123" id = "C293S123000">
<sctitle>Vertically extending only:</sctitle>
<parent ref = "C293S102000" doc = "Class293.sgm">subclass 102</parent>
<scdesc>Device in which the impact member or members are exclusively
vertical in orientation.</scdesc></subclass>
<subclass subnum = "124" id = "C293S124000">
<sctitle>Flexible cord or coil spring:</sctitle>
<parent ref = "C293S102000" doc = "Class293.sgm">subclass 102</parent>
<scdesc>Device having an impact member comprising chain, rope, wire,
elongated rubber member, or coiled spring.</scdesc>
<srchout>
<crecord><classnum ref = "C024S000000" doc = "Class024.sgm">24</classnum>
<subref><clstitle>Buckles, Buttons, Clasps</clstitle>
<pretext>etc., </pretext>
<subnum range = "p" ref = "C024S115000" doc = "Class024.sgm">115</subnum></subref>
<descript><para> for cord and rope holders.</para></descript></crecord></srchout></subclass>
<subclass subnum = "125" id = "C293S125000">
<sctitle>Having roller impact member:</sctitle>
<parent ref = "C293S102000" doc = "Class293.sgm">subclass 102</parent>
<scdesc>Device wherein the impact member comprises rotatable means
which is free to rotate when impacted.</scdesc>
<srchin>
<srecord><subnum ref = "C293S049000" doc = "Class293.sgm">49</subnum>
<descript><para>for fenders having rollers for guiding engaged bodies
out of the path of the vehicle.</para></descript></srecord></srchin>
<srchout>
<crecord><classnum ref = "C114S000000" doc = "Class114.sgm">114</classnum>
<subref><clstitle>Ships</clstitle>
<pretext></pretext>
<subnum range = "s" ref = "C114S220000" doc = "Class114.sgm">220</subnum></subref>
<descript><para> for roller fenders on ships.</para></descript></crecord></srchout></subclass>
<subclass subnum = "126" id = "C293S126000">
<sctitle>Bumper extends along side of vehicle:</sctitle>
<parent ref = "C293S102000" doc = "Class293.sgm">subclass 102</parent>
<scdesc>Device which is designed to fend a blow to the side of a
vehicle to which it is attached.</scdesc>
<notes><note1 notenum = "(1)">
<para>Note. Fore and aft end bumpers which merely project around
the vehicle corner and are not attached to the sides are classified
on other features.</para></note1></notes>
<srchout>
<crecord><classnum ref = "C052S000000" doc = "Class052.sgm">52</classnum>
<subref><clstitle>Static Structures (e.g., Buildings)</clstitle>
<pretext></pretext>
<subnum range = "p" ref = "C052S716500" doc = "Class052.sgm">716.5</subnum></subref>
<descript><para> for an in situ attached channel or trim strip of
more general application which may be disclosed or defined as used
with a vehicle.</para></descript></crecord>
<crecord><classnum ref = "C280S000000" doc = "Class280.sgm">280</classnum>
<subref><clstitle>Land Vehicles</clstitle>
<pretext></pretext>
<subnum range = "p" ref = "C280S847000" doc = "Class280.sgm">847</subnum></subref>
<descript><para> for rub strips and moldings combined with vehicle
bodies and mudguards.</para></descript></crecord>
<crecord><classnum ref = "C296S000000" doc = "Class296.sgm">296</classnum>
<subref><clstitle>Land Vehicles: Bodies and Tops</clstitle>
<pretext></pretext>
<subnum range = "s" ref = "C296S041000" doc = "Class296.sgm">41</subnum></subref>
<descript><para> for wear strips.</para></descript></crecord></srchout></subclass>
<subclass subnum = "127" id = "C293S127000">
<sctitle>And completely encircles vehicle:</sctitle>
<parent ref = "C293S126000" doc = "Class293.sgm">subclass 126</parent>
<scdesc>Device wherein the bumper means extends around both sides
and ends of the vehicle.</scdesc></subclass>
<subclass subnum = "128" id = "C293S128000">
<sctitle>For side of vehicle only:</sctitle>
<parent ref = "C293S126000" doc = "Class293.sgm">subclass 126</parent>
<scdesc>Device which extends from the end bumper along the side
of the vehicle body or mudguard and is attached to the vehicle side
at least at one point.</scdesc></subclass>
<subclass subnum = "129" id = "C293S129000">
<sctitle>Vehicle suspension spring absorbs force exerted on bumper:</sctitle>
<parent ref = "C293S102000" doc = "Class293.sgm">subclass 102</parent>
<scdesc>Device being operatively connected to a suspension spring
means for the vehicle whereby the shock force of a blow encountered
by said bumper is dampened by said spring as said force is thereby
transmitted to the vehicle body or frame.</scdesc>
<srchin>
<srecord><subnum ref = "C293S138000" doc = "Class293.sgm">138</subnum>
<descript><para>for bumpers mounted on the spring horn of a vehicle
frame.</para></descript></srecord></srchin></subclass>
<subclass subnum = "130" id = "C293S130000">
<sctitle>Single piece impact bar having plural loops in horizontal
plane:</sctitle>
<parent ref = "C293S102000" doc = "Class293.sgm">subclass 102</parent>
<scdesc>Device having a least one impact member which consists of
a single elongated member having a loop or reverse bend located
at each lateral extremity of the vehicle and wherein there is a
single horizontal plane common to each bend.</scdesc></subclass>
<subclass subnum = "131" id = "C293S131000">
<sctitle>Bumper having lever and shock absorber mount:</sctitle>
<parent ref = "C293S102000" doc = "Class293.sgm">subclass 102</parent>
<scdesc>Device having lever or other pivoted link means by which
an impact force, exerted against the bumper, is transmitted to a
shock absorbing means intermediate said link and the vehicle body
or frame.</scdesc></subclass>
<subclass subnum = "132" id = "C293S132000">
<sctitle>Bumper having impact force absorbing means directly interposed
between bumper and vehicle structure:</sctitle>
<parent ref = "C293S102000" doc = "Class293.sgm">subclass 102</parent>
<scdesc>Device in which a shock dampening means is located intermediate
the bumper impact member and the vehicle body, frame, or mudguard so
as to attenuate the force which would be transmitted initially to
the vehicle when the member impacts an object.</scdesc>
<srchin>
<srecord><subnum ref = "C293S131000" doc = "Class293.sgm">131</subnum>
<descript><para>for bumper having a lever and shock absorber mount.</para></descript></srecord></srchin></subclass>
<subclass subnum = "133" id = "C293S133000">
<sctitle>One-shot type:</sctitle>
<parent ref = "C293S132000" doc = "Class293.sgm">subclass 132</parent>
<scdesc>Device in which the usefulness of the shock-dampening means
is destroyed as the result of its use in dampening the force of
a single shock.</scdesc>
<notes><note1 notenum = "(1)">
<para>Note. This subclass includes one-shot devices which may be
restored to useable condition by an operator-actuated means only.</para></note1></notes>
<srchout>
<crecord><classnum ref = "C074S000000" doc = "Class074.sgm">74</classnum>
<subref><clstitle>Machine Element or Mechanism</clstitle>
<pretext></pretext>
<subnum range = "s" ref = "C074S492000" doc = "Class074.sgm">492</subnum></subref>
<descript><para> for one-shot type collapsible steering columns.</para></descript></crecord>
<crecord><classnum ref = "C188S000000" doc = "Class188.sgm">188</classnum>
<subref><clstitle>Brakes</clstitle>
<pretext></pretext>
<subnum range = "p" ref = "C188S371000" doc = "Class188.sgm">371</subnum></subref>
<descript><para> for a plastically deformable impact absorber.</para></descript></crecord>
<crecord><classnum ref = "C213S000000" doc = "Class213.sgm">213</classnum>
<subref><clstitle>Railway Draft Appliances</clstitle>
<pretext></pretext>
<subnum range = "s" ref = "C213S001000" doc = "Class213.sgm">1</subnum></subref>
<descript><para> for a one-shot shock absorber.</para></descript></crecord></srchout></subclass>
<subclass subnum = "134" id = "C293S134000">
<sctitle>Fluid shock absorber type:</sctitle>
<parent ref = "C293S132000" doc = "Class293.sgm">subclass 132</parent>
<scdesc>Device in which the shock-dampening means employs either
a compressible fluid or the restricted flow of either a noncompressible fluid
or compressible fluid as the medium by which the shock force is
attenuated.</scdesc>
<srchin>
<srecord><subnum range = "p" ref = "C293S107000" doc = "Class293.sgm">107</subnum>
<descript><para>for bumpers in which the impact member contains
a fluid for the purpose of absorbing the force of impact.</para></descript></srecord></srchin>
<srchout>
<crecord><classnum ref = "C188S000000" doc = "Class188.sgm">188</classnum>
<subref><clstitle>Brakes</clstitle>
<pretext></pretext>
<subnum range = "p" ref = "C188S266000" doc = "Class188.sgm">266</subnum></subref>
<descript><para> for fluid type internal-resistance motion retarders.</para></descript></crecord></srchout></subclass>
<subclass subnum = "135" id = "C293S135000">
<sctitle>Spring type:</sctitle>
<parent ref = "C293S132000" doc = "Class293.sgm">subclass 132</parent>
<scdesc>Device in which the shock-dampening means employs the elasticity
of a solid material as the means by which the shock force is attenuated.</scdesc>
<srchout>
<crecord><classnum ref = "C267S000000" doc = "Class267.sgm">267</classnum>
<subref><clstitle>Spring Devices</clstitle>
<pretext></pretext>
<subnum range = "s" ref = "C267S139000" doc = "Class267.sgm">139</subnum></subref>
<descript><para> for a spring support means for a bumper where only
the spring support is claimed.</para></descript></crecord></srchout></subclass>
<subclass subnum = "136" id = "C293S136000">
<sctitle>Elastomeric:</sctitle>
<parent ref = "C293S135000" doc = "Class293.sgm">subclass 135</parent>
<scdesc>Device in which the shock-dampening material is an elastic
rubberlike substance such as a synthetic rubber or a plastic having
some of the physical properties of rubber.</scdesc>
<srchout>
<crecord><classnum ref = "C267S000000" doc = "Class267.sgm">267</classnum>
<subref><clstitle>Spring Devices</clstitle>
<pretext></pretext>
<subnum range = "s" ref = "C267S140000" doc = "Class267.sgm">140</subnum></subref>
<descript><para> for elastomeric support means for a bumper where
only the support is claimed.</para></descript></crecord></srchout></subclass>
<subclass subnum = "137" id = "C293S137000">
<sctitle>Coil spring:</sctitle>
<parent ref = "C293S135000" doc = "Class293.sgm">subclass 135</parent>
<scdesc>Device in which the shock-dampening material is in the form
of a spiral.</scdesc></subclass>
<subclass subnum = "138" id = "C293S138000">
<sctitle>Bumper mounted on vehicle spring supporting frame member
(i.e., spring horn):</sctitle>
<parent ref = "C293S102000" doc = "Class293.sgm">subclass 102</parent>
<scdesc>Device having mean attaching the bumper to the curved side
frame of the vehicle to which the end of the vehicle suspension
spring is attached.</scdesc>
<srchin>
<srecord><subnum ref = "C293S129000" doc = "Class293.sgm">129</subnum>
<descript><para>for a bumper mounted so that the suspension spring
for the vehicle is also the shock absorbing means for the bumper.</para></descript></srecord></srchin></subclass>
<subclass subnum = "139" id = "C293S139000">
<sctitle>Sectional- or wing-type impact bar:</sctitle>
<parent ref = "C293S138000" doc = "Class293.sgm">subclass 138</parent>
<scdesc>Device in which the impact member of the bumper comprises
two or more sections in horizontal alignment, said sections may
or may not be connected.</scdesc>
<srchin>
<srecord><subnum range = "p" ref = "C293S149000" doc = "Class293.sgm">149</subnum>
<descript><para>for sectional- or wing-type impact bars.</para></descript></srecord></srchin></subclass>
<subclass subnum = "140" id = "C293S140000">
<sctitle>Vertically adjustable:</sctitle>
<parent ref = "C293S138000" doc = "Class293.sgm">subclass 138</parent>
<scdesc>Device having means whereby the impact member may be secured
in place at one of several possible vertical locations in a plane
substantially normal to the ground or in an arc about a horizontal
axis.</scdesc>
<srchin>
<srecord><subnum ref = "C293S103000" doc = "Class293.sgm">103</subnum>
<descript><para>for bumpers having means which automatically maintain
the impact member at a given distance vertically above the ground
as the vehicle moves.</para></descript></srecord>
<srecord><subnum ref = "C293S118000" doc = "Class293.sgm">118</subnum>
<descript><para>for bumper impact means mounted on the vehicle for
movement between operative and inoperative positions.</para></descript></srecord></srchin></subclass>
<subclass subnum = "141" id = "C293S141000">
<sctitle>Bumper attached to vehicle mudguard:</sctitle>
<parent ref = "C293S102000" doc = "Class293.sgm">subclass 102</parent>
<scdesc>Device having means to attach the bumper means to the fender
or mudguard, or the bracket therefor, which extends over the vehicle
wheel.</scdesc>
<srchin>
<srecord><subnum range = "p" ref = "C293S126000" doc = "Class293.sgm">126</subnum>
<descript><para>for bumpers which extend along the side of a vehicle
body and which may be attached to the vehicle mudguard.</para></descript></srecord></srchin>
<srchout>
<crecord><classnum ref = "C280S000000" doc = "Class280.sgm">280</classnum>
<subref><clstitle>Land Vehicles</clstitle>
<pretext></pretext>
<subnum range = "p" ref = "C280S847000" doc = "Class280.sgm">847</subnum></subref>
<descript><para> for land vehicle mudguards.</para></descript></crecord></srchout></subclass>
<subclass subnum = "142" id = "C293S142000">
<sctitle>Bumper guard:</sctitle>
<parent ref = "C293S102000" doc = "Class293.sgm">subclass 102</parent>
<scdesc>Device comprising a main horizontally extending impact means
and additional impact-receiving means, attachable to said main impact
means or to some other vehicle structure, to protect a limited portion
only of the entire area of said main impact means against impact
by other objects.</scdesc>
<notes><note1 notenum = "(1)">
<para>Note. The additional impact means may have greater height
than width and may extend beyond the vertical limits of the main
impact means.</para></note1></notes>
<srchin>
<srecord><subnum ref = "C293S108000" doc = "Class293.sgm">108</subnum>
<descript><para>for bumper guards having gas or liquid therein for
the purpose of absorbing the force of impact thereon.</para></descript></srecord>
<srecord><subnum ref = "C293S115000" doc = "Class293.sgm">115</subnum>
<descript><para>for bumpers having additional impact means attached
thereto and which extend vertically of the bumper as a means to
protect the vehicle radiator.</para></descript></srecord>
<srecord><subnum range = "p" ref = "C293S146000" doc = "Class293.sgm">146</subnum>
<descript><para>for vertically spaced impact bars having means interconnecting
said bars which is not intended as a guard means for said bars.</para></descript></srecord>
<srecord><subnum range = "p" ref = "C293S149000" doc = "Class293.sgm">149</subnum>
<descript><para>for sectional main impact receiving bumper means
having means which may lay in the plane of impact merely to interconnect
the sections and not as protection therefor.</para></descript></srecord></srchin>
<srchout>
<crecord><classnum ref = "C280S000000" doc = "Class280.sgm">280</classnum>
<subref><clstitle>Land Vehicles</clstitle>
<pretext></pretext>
<subnum range = "p" ref = "C280S500000" doc = "Class280.sgm">500</subnum></subref>
<descript><para> and 505 for impact bar guards designed to serve
as trailer hitches.</para></descript></crecord></srchout></subclass>
<subclass subnum = "143" id = "C293S143000">
<sctitle>Increases vertical area of bumper:</sctitle>
<parent ref = "C293S142000" doc = "Class293.sgm">subclass 142</parent>
<scdesc>Device in which the additional impact-receiving means extends
vertically beyond the upper or lower extremities of the main horizontally extending
impact means.</scdesc>
<notes><note1 notenum = "(1)">
<para>Note. The vertically extending means has greater height than
width and is less than the length of the main horizontally extending
impact member which it protects.</para></note1></notes></subclass>
<subclass subnum = "144" id = "C293S144000">
<sctitle>With horizontal member:</sctitle>
<parent ref = "C293S143000" doc = "Class293.sgm">subclass 143</parent>
<scdesc>Device having horizontally extending means which is spaced
vertically from the main impact means and which is supported in
place by the vertically extending impact means.</scdesc></subclass>
<subclass subnum = "145" id = "C293S145000">
<sctitle>Spring or pivotally mounted:</sctitle>
<parent ref = "C293S143000" doc = "Class293.sgm">subclass 143</parent>
<scdesc>Device in which the bumper guard has spring means in the
guard or in its attachment to the main impact means or in which
the bumper guard may have means whereby it may pivot relative to
its support.</scdesc>
<notes><note1 notenum = "(1)">
<para>Note. The guards in this subclass may be pivoted so that objects
may be removed therefrom, to permit access to other parts of the
vehicle, etc.</para></note1></notes>
<srchin>
<srecord><subnum ref = "C293S150000" doc = "Class293.sgm">150</subnum>
<descript><para>for bumpers having horizontally extending sections
which may be mounted to pivot about a vertical axis.</para></descript></srecord></srchin></subclass>
<subclass subnum = "146" id = "C293S146000">
<sctitle>Plural impact bars vertically spaced in impact plane:</sctitle>
<parent ref = "C293S102000" doc = "Class293.sgm">subclass 102</parent>
<scdesc>Device having more than one horizontally extending impact
bar means arranged in a vertical impact plane so that one bar means
is spaced above another bar means.</scdesc>
<notes><note1 notenum = "(1)">
<para>Note. Clamps for joining vertically spaced impact bars are
in this and indented subclasses except when they are used or structured
for other specific functions, e.g., bumper guards.</para></note1></notes>
<srchin>
<srecord><subnum ref = "C293S144000" doc = "Class293.sgm">144</subnum>
<descript><para>for clamps used as bumper guards with vertically
spaced impact bars.</para></descript></srecord></srchin></subclass>
<subclass subnum = "147" id = "C293S147000">
<sctitle>Impact bars intersect in the impact plane:</sctitle>
<parent ref = "C293S146000" doc = "Class293.sgm">subclass 146</parent>
<scdesc>Device in which a plurality of the vertically spaced impact
bar means are designed to lay in a crossed relation in the impact
plane.</scdesc>
<notes><note1 notenum = "(1)">
<para>Note. The bars may or may not be interconnected at point where
crossed.</para></note1></notes></subclass>
<subclass subnum = "148" id = "C293S148000">
<sctitle>Impact bars connected at center to support member:</sctitle>
<parent ref = "C293S146000" doc = "Class293.sgm">subclass 146</parent>
<scdesc>Device in which a plurality of the spaced impact bar means
are connected with a support member, such as a backing bar, approximately at
the midpoint between the lateral extremities of the impact bar means.</scdesc></subclass>
<subclass subnum = "149" id = "C293S149000">
<sctitle>Sectional- or wing-type impact bars:</sctitle>
<parent ref = "C293S102000" doc = "Class293.sgm">subclass 102</parent>
<scdesc>Device having impact bar like means made up of two or more
sections in horizontal alignment, said sections may or may not be
connected.</scdesc>
<srchin>
<srecord><subnum ref = "C293S139000" doc = "Class293.sgm">139</subnum>
<descript><para>for a sectional- or wing-type bumper mounted on
the vehicle spring horn.</para></descript></srecord></srchin></subclass>
<subclass subnum = "150" id = "C293S150000">
<sctitle>End section pivotable upon impact:</sctitle>
<parent ref = "C293S149000" doc = "Class293.sgm">subclass 149</parent>
<scdesc>Device wherein the impact sections of the bumper located
relative the lateral extremities of the vehicle are mounted either
to the vehicle or another section of the bumper for pivotal motion
about a vertical axis upon impact of said section with another object.</scdesc>
<notes><note1 notenum = "(1)">
<para>Note. Bumpers in which the pivotally mounted section may break
away or otherwise become disengaged from its support after having
swung a predetermined arc are included herein.</para></note1></notes>
<srchin>
<srecord><subnum ref = "C293S118000" doc = "Class293.sgm">118</subnum>
<descript><para>for a bumper in which the impact member or a portion
thereof may be moved between operative and inoperative positions
by means other than impact means.</para></descript></srecord></srchin>
<srchout>
<crecord><classnum ref = "C016S000000" doc = "Class016.sgm">16</classnum>
<subref><clstitle>Miscellaneous Hardware (e.g., Bushing, Carpet
Fastener, Caster, Door Closer, Panel Hanger, Attachable or Adjunct
Handle, Hinge, Window Sash Balance, etc.)</clstitle>
<pretext></pretext>
<subnum range = "p" ref = "C016S277000" doc = "Class016.sgm">277</subnum></subref>
<descript><para> for spring hinges, per se.</para></descript></crecord></srchout></subclass>
<subclass subnum = "151" id = "C293S151000">
<sctitle>Having means to interconnect sections:</sctitle>
<parent ref = "C293S149000" doc = "Class293.sgm">subclass 149</parent>
<scdesc>Device having means by which said impact sections are interconnected.</scdesc>
<notes><note1 notenum = "(1)">
<para>Note. Included in this subclass are those bumpers in which
the means interconnecting the impact sections is offset from the
impact plane of said impact sections usually to accommodate mounting
a spare tire or the like.</para></note1></notes></subclass>
<subclass subnum = "152" id = "C293S152000">
<sctitle>Interconnect means lies in bumper impact plane:</sctitle>
<parent ref = "C293S151000" doc = "Class293.sgm">subclass 151</parent>
<scdesc>Device in which the means interconnecting the impact sections
is itself in the impact plane of the impact sections.</scdesc></subclass>
<subclass subnum = "153" id = "C293S153000">
<sctitle>Overlapping bar portions:</sctitle>
<parent ref = "C293S152000" doc = "Class293.sgm">subclass 152</parent>
<scdesc>Device in which the impact sections are overlappingly connected
to form a continuous impact member.</scdesc></subclass>
<subclass subnum = "154" id = "C293S154000">
<sctitle>End connections:</sctitle>
<parent ref = "C293S102000" doc = "Class293.sgm">subclass 102</parent>
<scdesc>Device having means connecting the extreme ends of the impact
member and the supporting structure for said impact member.</scdesc>
<notes><note1 notenum = "(1)">
<para>Note. End connectors, per se, are in this subclass where the
sole disclosed use is with a vehicle bumper.</para></note1></notes>
<srchin>
<srecord><subnum range = "p" ref = "C293S146000" doc = "Class293.sgm">146</subnum>
<descript><para>for plural vertically spaced impact members having
end connections with support means.</para></descript></srecord>
<srecord><subnum ref = "C293S155000" doc = "Class293.sgm">155</subnum>
<descript><para>for other joints and connections.</para></descript></srecord></srchin></subclass>
<subclass subnum = "155" id = "C293S155000">
<sctitle>Joints and connections:</sctitle>
<parent ref = "C293S102000" doc = "Class293.sgm">subclass 102</parent>
<scdesc>Device having means by which the bumper assembly may be
connected to the vehicle frame, body, or other vehicle structure,
or means by which various parts of the bumper assembly may be connected
together.</scdesc>
<srchin>
<srecord><subnum ref = "C293S154000" doc = "Class293.sgm">154</subnum>
<descript><para>for connection by which the extreme ends of the
impact member are connected to its support means.</para></descript></srecord></srchin>
<srchout>
<crecord><classnum ref = "C024S000000" doc = "Class024.sgm">24</classnum>
<subref><clstitle>Buckles, Buttons, Clasps</clstitle>
<pretext>etc., </pretext>
<subnum range = "p" ref = "C024S115000" doc = "Class024.sgm">115</subnum></subref>
<descript><para> for cord and rope holders and subclasses 455&plus; for
clasps.</para></descript></crecord>
<crecord><classnum ref = "C248S000000" doc = "Class248.sgm">248</classnum>
<subref><clstitle>Supports</clstitle>
<pretext></pretext>
<subnum range = "p" ref = "C248S200000" doc = "Class248.sgm">200</subnum></subref>
<descript><para> for bracket-type supports of general utility.</para></descript></crecord>
<crecord><classnum ref = "C403S000000" doc = "Class403.sgm">403</classnum>
<subref><clstitle>Joints and Connections</clstitle>
<pretext></pretext></subref>
<descript><para>appropriate subclasses for joints of general application. </para></descript></crecord></srchout></subclass></sclasses>
</class>
