<?xml version="1.0" encoding="UTF-8"?>
<!DOCTYPE class PUBLIC "-//USPTO//DTD Classification Definitions//EN" "xclassdef.dtd" [

<!-- Begin Document Specific Declarations -->

<!ENTITY C125S11-01 SYSTEM "C125S11-01.TIF" NDATA TIF>
<!ENTITY C125S11-02 SYSTEM "C125S11-02.TIF" NDATA TIF>
<!ENTITY C125S11-03 SYSTEM "C125S11-03.TIF" NDATA TIF>
<!ENTITY C125S11-05 SYSTEM "C125S11-05.TIF" NDATA TIF>
<!ENTITY C125S11-06 SYSTEM "C125S11-06.TIF" NDATA TIF>
<!ENTITY C125S11-07 SYSTEM "C125S11-07.TIF" NDATA TIF>
<!ENTITY C125S11-08 SYSTEM "C125S11-08.TIF" NDATA TIF>
<!ENTITY C125S11-09 SYSTEM "C125S11-09.TIF" NDATA TIF>
<!ENTITY C125S11-1 SYSTEM "C125S11-1.TIF" NDATA TIF>
<!ENTITY C125S11-11 SYSTEM "C125S11-11.TIF" NDATA TIF>
<!ENTITY C125S11-12 SYSTEM "C125S11-12.TIF" NDATA TIF>
<!ENTITY C125S11-13 SYSTEM "C125S11-13.TIF" NDATA TIF>
<!ENTITY C125S11-15 SYSTEM "C125S11-15.TIF" NDATA TIF>
<!ENTITY C125S11-17 SYSTEM "C125S11-17.TIF" NDATA TIF>
<!ENTITY C125S11-18 SYSTEM "C125S11-18.TIF" NDATA TIF>
<!ENTITY C125S11-19 SYSTEM "C125S11-19.TIF" NDATA TIF>
<!ENTITY C125S11-21 SYSTEM "C125S11-21.TIF" NDATA TIF>
<!ENTITY C125S11-22 SYSTEM "C125S11-22.TIF" NDATA TIF>
<!ENTITY C125S13-01 SYSTEM "C125S13-01.TIF" NDATA TIF>
<!ENTITY C125S13-03 SYSTEM "C125S13-03.TIF" NDATA TIF>
<!ENTITY C125S16-01 SYSTEM "C125S16-01.TIF" NDATA TIF>
<!ENTITY C125S16-02 SYSTEM "C125S16-02.TIF" NDATA TIF>
<!ENTITY C125S16-03 SYSTEM "C125S16-03.TIF" NDATA TIF>
<!ENTITY C125S16-04 SYSTEM "C125S16-04.TIF" NDATA TIF>
<!ENTITY C125S23-02 SYSTEM "C125S23-02.TIF" NDATA TIF>
<!ENTITY C125S30-02 SYSTEM "C125S30-02.TIF" NDATA TIF>
<!ENTITY graphic1 SYSTEM "C125S11-01.TIF" NDATA TIF>
<!ENTITY graphic2 SYSTEM "C125S11-02.TIF" NDATA TIF>
<!ENTITY graphic3 SYSTEM "C125S11-03.TIF" NDATA TIF>
<!ENTITY graphic4 SYSTEM "C125S11-05.TIF" NDATA TIF>
<!ENTITY graphic5 SYSTEM "C125S11-06.TIF" NDATA TIF>
<!ENTITY graphic6 SYSTEM "C125S11-07.TIF" NDATA TIF>
<!ENTITY graphic7 SYSTEM "C125S11-08.TIF" NDATA TIF>
<!ENTITY graphic8 SYSTEM "C125S11-09.TIF" NDATA TIF>
<!ENTITY graphic9 SYSTEM "C125S11-1.TIF" NDATA TIF>
<!ENTITY graphic10 SYSTEM "C125S11-11.TIF" NDATA TIF>
<!ENTITY graphic11 SYSTEM "C125S11-12.TIF" NDATA TIF>
<!ENTITY graphic12 SYSTEM "C125S11-13.TIF" NDATA TIF>
<!ENTITY graphic13 SYSTEM "C125S11-15.TIF" NDATA TIF>
<!ENTITY graphic14 SYSTEM "C125S11-17.TIF" NDATA TIF>
<!ENTITY graphic15 SYSTEM "C125S11-18.TIF" NDATA TIF>
<!ENTITY graphic16 SYSTEM "C125S11-19.TIF" NDATA TIF>
<!ENTITY graphic17 SYSTEM "C125S11-21.TIF" NDATA TIF>
<!ENTITY graphic18 SYSTEM "C125S11-22.TIF" NDATA TIF>
<!ENTITY graphic19 SYSTEM "C125S13-01.TIF" NDATA TIF>
<!ENTITY graphic20 SYSTEM "C125S13-03.TIF" NDATA TIF>
<!ENTITY graphic21 SYSTEM "C125S16-01.TIF" NDATA TIF>
<!ENTITY graphic22 SYSTEM "C125S16-02.TIF" NDATA TIF>
<!ENTITY graphic23 SYSTEM "C125S16-03.TIF" NDATA TIF>
<!ENTITY graphic24 SYSTEM "C125S16-04.TIF" NDATA TIF>
<!ENTITY graphic25 SYSTEM "C125S23-02.TIF" NDATA TIF>
<!ENTITY graphic26 SYSTEM "C125S30-02.TIF" NDATA TIF>
<!-- End Document Specific Declarations -->

]>
<?xml-stylesheet href="classdef.xsl" type="text/XSL"?>

<class classnum = "125" id = "C125S000000"><title>STONE WORKING</title>
<sections><descsect>
<para>This class includes machines, tools, and processes not otherwise
classified for operating upon stone or stone-like substance, which
has previously been removed from its native position in the earth,
and also some miners&quot; hand-tools. This class does not include:</para>
<para>(1) Inventions classifiable in the class for Mining or In Situ
Disintegration of Hard Material, for mining valuable material or
disintegrating hard material in situ (See Search Notes below for
specific class reference.);</para>
<para>(2) Inventions classifiable in the class for  Abrading, for operating
upon the surface of the material with an abradant;  (See Search
Notes below for specific class reference.);</para>
<para>(3) Processes and apparatus for comminuting stone and stone-like
substance, classifiable in the class for  Solid Material Comminution
or Disintegration.   (See Search Notes below for specific class
reference.)  Class 125 includes some patents for working stone or
stone-like comminuting elements (e.g., millstones) to prepare them for
use.  See particularly subclasses 27&plus; and 42. </para>
<para>(4) Inventions which are equally useful for operation upon
metal and are classifiable in classes for Metal Working; for Turning;
 for Cutting;  for Cutting by Use of Rotating Axially Moving Tool;
and  for Gear Cutting, Milling, or Planing.  (See Search Notes below
for specific class references);</para>
<para>(5) Inventions which are equally useful for operation upon
softer material, like wood and are classifiable in classes for 
Cutting; for Wood Turning; and for Woodworking  (See Search Notes
below for specific class references);</para>
<para>(6) A process or means for boring into the earth, concrete,
stone or the like in situ is classified in the class for Boring
or Penetrating the Earth, as is a hammer or impact device for impacting
an earth penetrating means.  (See Search Notes below for specific
class reference.);</para>
<para>(6A) The class for Tool Driving or Impacting provides for
subject matter directed to driving or impacting a tool, when such
subject matter includes combined features peculiar to tool driving,
but which does not include features limiting the subject matter
to a specific tool art, such as specific shape of the work contacting
portion of a tool, related tools, or an opposed work support.  Class 125
has not been cleared as to subject matter in conflict with this
line.  (See Search Notes below for specific class reference.)</para>
<para>(7) Tools in which the invention resides merely in the means
for securing the operating portion of the tool to the handle or
holder.  These are classified in the class for Chucks or Sockets.
 (See Search Notes below for specific class reference.)</para>
<para>(8) The subcombination of cleaning stone or brick by detergent,
for which see the class for Cleaning and Liquid Contact With Solids.
 (See Search Notes below for specific class reference.)</para>
<para>(9) Ice picks and chippers, for which see the class for Cutlery
Cutlery.  (See Search Notes below for specific class reference.)</para>
</descsect>
<scsect>
<srchout>
<crecord><classnum ref = "C029S000000" doc = "Class029.sgm">29</classnum>
<subref><clstitle>Metal Working</clstitle>
<pretext></pretext></subref>
<descript><para>for inventions  equally useful for operation upon
metal  (see (4) above).</para></descript></crecord>
<crecord><classnum ref = "C030S000000" doc = "Class030.sgm">30</classnum>
<subref><clstitle>Cutlery</clstitle>
<pretext></pretext></subref>
<descript><para>for ice picks and chippers (also see (9) above).</para></descript></crecord>
<crecord><classnum ref = "C082S000000" doc = "Class082.sgm">82</classnum>
<subref><clstitle>Turning</clstitle>
<pretext></pretext></subref>
<descript><para>for inventions equally useful for operation upon
metal  (see (4) above).</para></descript></crecord>
<crecord><classnum ref = "C083S000000" doc = "Class083.sgm">83</classnum>
<subref><clstitle>Cutting</clstitle>
<pretext></pretext></subref>
<descript><para>for inventions equally useful for operation upon
metal  (see (4) above).</para></descript></crecord>
<crecord><classnum ref = "C083S000000" doc = "Class083.sgm">83</classnum>
<subref><clstitle>Cutting</clstitle>
<pretext></pretext></subref>
<descript><para>for inventions equally useful for operation upon
softer material, like wood (see (5) above).  </para></descript></crecord>
<crecord><classnum ref = "C134S000000" doc = "Class134.sgm">134</classnum>
<subref><clstitle>Cleaning and Liquid Contact With Solids</clstitle>
<pretext></pretext></subref>
<descript><para>for the subcombination of cleaning stone or brick by
detergent (also see (8) above).</para></descript></crecord>
<crecord><classnum ref = "C142S000000" doc = "Class142.sgm">142</classnum>
<subref><clstitle>Wood Turning</clstitle>
<pretext></pretext></subref>
<descript><para>equally useful for operation upon softer material,
like wood (see (5) above).  </para></descript></crecord>
<crecord><classnum ref = "C144S000000" doc = "Class144.sgm">144</classnum>
<subref><clstitle>Woodworking</clstitle>
<pretext></pretext></subref>
<descript><para>equally useful for operation upon softer material,
like wood (see (5) above).  </para></descript></crecord>
<crecord><classnum ref = "C173S000000" doc = "Class173.sgm">173</classnum>
<subref><clstitle>Tool Driving or Impacting</clstitle>
<pretext></pretext></subref>
<descript><para>for subject matter directed to driving or impacting
a tool, when such subject matter includes combined features peculiar
to tool driving, but which does not include features limiting the
subject matter to a specific tool art, such as specific shape of
the work contacting portion of a tool, related tools, or an opposed
work support. (see (6A) above). </para></descript></crecord>
<crecord><classnum ref = "C175S000000" doc = "Class175.sgm">175</classnum>
<subref><clstitle>Boring or Penetrating the Earth</clstitle>
<pretext>for a process or means for boring into the earth, concrete, stone
or the like in situ; </pretext>
<subnum range = "s" ref = "C175S135000" doc = "Class175.sgm">135</subnum></subref>
<descript><para> for a hammer or impact device for impacting an earth
penetrating means; and see the class definition of Class 175 for
the line between Class 125 and Class 175 (also see (6) above).</para></descript></crecord>
<crecord><classnum ref = "C241S000000" doc = "Class241.sgm">241</classnum>
<subref><clstitle>Solid Material Comminution or Disintegration</clstitle>
<pretext></pretext></subref>
<descript><para>for processes and apparatus for comminuting stone
and stone-like substances. See the main class definition of that
class (241) for the line.   (also see (3) above).</para></descript></crecord>
<crecord><classnum ref = "C279S000000" doc = "Class279.sgm">279</classnum>
<subref><clstitle>Chucks or Sockets</clstitle>
<pretext></pretext></subref>
<descript><para>for t.ools in which the invention resides merely
in the means for securing the operating portion of the tool to the handle
or holder. (see (7) above).</para></descript></crecord>
<crecord><classnum ref = "C299S000000" doc = "Class299.sgm">299</classnum>
<subref><clstitle>Mining or In Situ Disintegration of Hard Material</clstitle>
<pretext></pretext></subref>
<descript><para>for mining valuable material or disintegrating hard
material in situ. (See (1) above).</para></descript></crecord>
<crecord><classnum ref = "C451S000000" doc = "Class451.sgm">451</classnum>
<subref><clstitle>Abrading</clstitle>
<pretext></pretext></subref>
<descript><para>for operating upon the surface of the material with
an abradant (see (2) above).</para></descript></crecord>
<crecord><classnum ref = "C408S000000" doc = "Class408.sgm">408</classnum>
<subref><clstitle>Cutting by Use of Rotating Axially Moving Tool</clstitle>
<pretext></pretext></subref>
<descript><para>for inventions equally useful for operation upon
metal  (see (4) above).</para></descript></crecord>
<crecord><classnum ref = "C409S000000" doc = "Class409.sgm">409</classnum>
<subref><clstitle>Gear Cutting, Milling, or Planing</clstitle>
<pretext></pretext></subref>
<descript><para>for inventions equally useful for operation upon
metal  (see (4) above).</para></descript></crecord></srchout>
</scsect></sections>
<sclasses>
<subclass subnum = "1" id = "C125S001000">
<sctitle>MISCELLANEOUS:</sctitle>
<parent ref = "C125S000000" doc = "Class125.sgm">the class definition</parent>
<scdesc>Inventions relating to the stone-working art are not otherwise
classifiable.</scdesc></subclass>
<subclass subnum = "2" id = "C125S002000">
<sctitle>DRESSING:</sctitle>
<parent ref = "C125S000000" doc = "Class125.sgm">the class definition</parent>
<scdesc>Mechanically operating upon stone to cut, chip, or otherwise
remove material from the surface thereof in such a manner as to
produce a surface of definite form, the tool having a cutting movement
independent of the relative feeding movement between the tool and
the stone.</scdesc></subclass>
<subclass subnum = "3" id = "C125S003000">
<sctitle>Rotary cutter:</sctitle>
<parent ref = "C125S002000" doc = "Class125.sgm">subclass 2</parent>
<scdesc>The stone is operated upon by the rotation of a cutter other
than a grinding-wheel.</scdesc>
<srchout>
<crecord><classnum ref = "C408S000000" doc = "Class408.sgm">408</classnum>
<subref><clstitle>Cutting by Use of Rotating Axially Moving Tool</clstitle>
<pretext></pretext></subref>
<descript><para>appropriate subclasses, for drilling machines which
feed the work or tool or both relative to one another along the
axis of the tool; and, see the Notes thereto for other machines
in which a rotating tool is fed relative to work.</para></descript></crecord></srchout></subclass>
<subclass subnum = "4" id = "C125S004000">
<sctitle>Cutter-support feed:</sctitle>
<parent ref = "C125S003000" doc = "Class125.sgm">subclass 3</parent>
<scdesc>Machines in which the cutter-support is given a feeding
movement during operation of the cutting-tool.</scdesc></subclass>
<subclass subnum = "5" id = "C125S005000">
<sctitle>Rotary tools:</sctitle>
<parent ref = "C125S003000" doc = "Class125.sgm">subclass 3</parent>
<scdesc>Rotary power-operated tools adapted to be interchangeably
secured to power-driven arbors of stone-dressing machines.</scdesc></subclass>
<subclass subnum = "6" id = "C125S006000">
<sctitle>Pick-action cutter:</sctitle>
<parent ref = "C125S002000" doc = "Class125.sgm">subclass 2</parent>
<scdesc>The stone is operated upon by the continuous operation of
a picking-tool.</scdesc></subclass>
<subclass subnum = "7" id = "C125S007000">
<sctitle>Cutter-support feed:</sctitle>
<parent ref = "C125S006000" doc = "Class125.sgm">subclass 6</parent>
<scdesc>Machine in which the picking-tool support is given a feeding
movement during operation of the picking-tool.</scdesc></subclass>
<subclass subnum = "8" id = "C125S008000">
<sctitle>Arm-supported tool:</sctitle>
<parent ref = "C125S002000" doc = "Class125.sgm">subclass 2</parent>
<scdesc>Machines in which a tool capable of independent operation
is supported on the end of an arm which extends considerably beyond
the main frame of the machine.</scdesc></subclass>
<subclass subnum = "9" id = "C125S009000">
<sctitle>PLANING:</sctitle>
<parent ref = "C125S000000" doc = "Class125.sgm">the class definition</parent>
<scdesc>Material is removed from a stone-surface by movement of
a tool with a cutting edge along the surface of the stone.</scdesc></subclass>
<subclass subnum = "10" id = "C125S010000">
<sctitle>TURNING:</sctitle>
<parent ref = "C125S000000" doc = "Class125.sgm">the class definition</parent>
<scdesc>The stone is given a continuous rotary movement against
a tool.</scdesc></subclass>
<subclass subnum = "11.01" id = "C125S011010">
<sctitle>Grinding-wheel dressing:</sctitle>
<parent ref = "C125S010000" doc = "Class125.sgm">subclass 10</parent>
<scdesc>Subject matter in which the wheel is sharpened by cutting
away its glazed or loaded grinding surface, thereby exposing sharp
new cutting grains to the work.</scdesc>
<notes><note1 notenum = "(1)">
<para>Note.  For ease of cutting and proper chip removal, voids
are provided in the grinding wheel.  As cutting proceeds, some chips
become firmly lodged in the voids.  This reduces grain clearance
and cutting efficiency.  This condition is called &ldquo;loading&rdquo;. </para>
<figure><graphic boardno = "graphic1" impsize = "1.813in 1.520in"    filename = "C125S11-01.TIF">
</figure></note1></notes>
<srchout>
<crecord><classnum ref = "C451S000000" doc = "Class451.sgm">451</classnum>
<subref><clstitle>Abrading</clstitle>
<pretext></pretext>
<subnum range = "s" ref = "C451S442000" doc = "Class451.sgm">442</subnum></subref>
<descript><para> for an accessory  having a function supplemental to
grinding such as &ldquo;truing,&rdquo; subclass 72 for a combined
abrading machine with dressing, subclasses 21 and 22 for a grinding
machine with grinding wheel wear compensation, and subclass 56 for
a method of grinding and tool forming.</para></descript></crecord></srchout></subclass>
<subclass subnum = "11.02" id = "C125S011020">
<sctitle>Indexing of tool point:</sctitle>
<parent ref = "C125S01110" doc = "Class125.sgm">subclass 11.01</parent>
<scdesc>Subject matter in which a dressing tool for truing up the
grinding wheel has a plurality of cutting edges and is secured to
a tool holder for a movement which causes a change from one cutting
edge to another.</scdesc>
<notes><note1 notenum = "(1)">
<para>Note.  The dressing tool may include a truing head consisting
of a cylinder provided with a series of separate retractable diamond
tools each of which is capable of being rigidly locked.</para></note1>
<note1 notenum = "(2)">
<para>Note.  The dressing tool may include a body having a shank,
an insert holder and an indexable head diamond insert press fitted
into the insert holder.</para>
<figure><graphic boardno = "graphic2" impsize = "3.022in 1.864in"    filename = "C125S11-02.TIF">
</figure></note1></notes></subclass>
<subclass subnum = "11.03" id = "C125S011030">
<sctitle>Rotary or crush dressing:</sctitle>
<parent ref = "C125S01110" doc = "Class125.sgm">subclass 11.01</parent>
<scdesc>Subject matter for dressing the grinding wheel surface by
use of a (heavy crushing) pressure between the tool and the grinding
wheel to break the grinding wheel abrasive bond or by the use of
a dressing tool which rotates during dressing.</scdesc>
<figure><graphic boardno = "graphic3" impsize = "1.493in 1.786in"    filename = "C125S11-03.TIF">
</figure></subclass>
<subclass subnum = "11.04" id = "C125S011040">
<sctitle>Contouring of grinding wheel face:</sctitle>
<parent ref = "C125S01110" doc = "Class125.sgm">subclass 11.01</parent>
<scdesc>Subject matter to produce a form other than flat on the
wheel surface.</scdesc>
<notes><note1 notenum = "(1)">
<para>Note.  This form may be a curve or radius, an angle, indentation
or serration (tooth), or any type of profile other than straight.</para></note1></notes></subclass>
<subclass subnum = "11.05" id = "C125S011050">
<sctitle>Cam controlled:</sctitle>
<parent ref = "C125S01140" doc = "Class125.sgm">subclass 11.04</parent>
<scdesc>Subject matter for forming a shape on the grinding wheel
with a relative movement between the grinding wheel and dressing
tool, the path of which is guided or controlled by a rotatable,
pivotal or rockable member having a contour.</scdesc>
<notes><note1 notenum = "(1)">
<para>Note.  Three generic types of cam are:  face, cylindrical,
and plate.</para>
<note2 notenum = "(1)">
<para>The face cam consists of a cam track cut into the periphery
of a wheel.</para></note2>
<note2 notenum = "(2)">
<para>The cylindrical cam has the cam track cut into the face of
a cylinder.</para></note2>
<note2 notenum = "(3)">
<para>The plate cam use the periphery of edge of a longitudinal
member.  The cam follower presses against the edge of a plate cam
and is held there by pressure from a spring or the pressure of the grinding
wheel itself.</para></note2></note1>
<note1 notenum = "(2)">
<para>Note.  In cam controlled, the dressing tool is mounted in
a floating holder that is actuated by a cam to produce required shape
in the wheel.</para>
<figure><graphic boardno = "graphic4" impsize = "3.150in 1.764in"    filename = "C125S11-05.TIF">
</figure></note1></notes></subclass>
<subclass subnum = "11.06" id = "C125S011060">
<sctitle>Templet-or pattern-controlled:</sctitle>
<parent ref = "C125S01140" doc = "Class125.sgm">subclass 11.04</parent>
<scdesc>Subject matter which includes an original or model form
contour for imitation and a stylus.  The point of the stylus following
the form contour activates the dressing tool to duplicate the form
contour on the periphery of the grinding wheel.</scdesc>
<notes><note1 notenum = "(1)">
<para>Note.  The device duplicates the motion path of a tracer moving
over a templet, but does so with a reduction in motion in proportion
to the pantograph ratio.  The templet is the exact form that is
required on the grinding wheel but is enlarged by an amount equal
to the pantograph ratio.</para>
<figure><graphic boardno = "graphic5" impsize = "3.050in 1.453in"    filename = "C125S11-06.TIF">
</figure></note1></notes></subclass>
<subclass subnum = "11.07" id = "C125S011070">
<sctitle>Hydraulically actuated:</sctitle>
<parent ref = "C125S01160" doc = "Class125.sgm">subclass 11.06</parent>
<scdesc>Subject matter in which the dressing motion is imparted
by fluid acting on a piston.</scdesc>
<figure><graphic boardno = "graphic6" impsize = "3.135in 2.216in"    filename = "C125S11-07.TIF">
</figure>
<srchin>
<srecord><subnum ref = "C125S011200" doc = "Class125.sgm">11.2</subnum>
<descript><para>for dressing tool motion controlled by fluid actuated
drive means.</para></descript></srecord></srchin></subclass>
<subclass subnum = "11.08" id = "C125S011080">
<sctitle>Pantograph:</sctitle>
<parent ref = "C125S01160" doc = "Class125.sgm">subclass 11.06</parent>
<scdesc>Subject matter in which the dressing tool is operated by
a device, having a stylus for tracing and copying, mounted on multiple
jointed members in the form of a parallelogram.</scdesc>
<figure><graphic boardno = "graphic7" impsize = "2.350in 1.440in"    filename = "C125S11-08.TIF">
</figure></subclass>
<subclass subnum = "11.09" id = "C125S011090">
<sctitle>Fulcrum bar:</sctitle>
<parent ref = "C125S01160" doc = "Class125.sgm">subclass 11.06</parent>
<scdesc>Subject matter which includes a single lever or arm having
one end journaled for universal movement and the other end operating
over a form template.</scdesc>
<notes><note1 notenum = "(1)">
<para>Note.  The arm or lever has a single support which may be
a spherical bearing, a gimble mechanism, a ball or roller type bearing
or other similar means which permits the lever movement.</para>
<figure><graphic boardno = "graphic8" impsize = "3.135in 1.786in"    filename = "C125S11-09.TIF">
</figure></note1></notes></subclass>
<subclass subnum = "11.1" id = "C125S011100">
<sctitle>Tangent bar forms arcuate surface:</sctitle>
<parent ref = "C125S01140" doc = "Class125.sgm">subclass 11.04</parent>
<scdesc>Subject matter in which the dressing tool is guided by an
elongate bar which is transversely rotated around a curved surface.</scdesc>
<figure><graphic boardno = "graphic9" impsize = "1.253in 1.706in"    filename = "C125S11-1.TIF">
</figure></subclass>
<subclass subnum = "11.11" id = "C125S011110">
<sctitle>Forming arcs and tangents thereto:</sctitle>
<parent ref = "C125S01140" doc = "Class125.sgm">subclass 11.04</parent>
<scdesc>Subject matter in which the wheel dresser produces a surface
of curved form on the grinding wheel and also a planer surface which
intersects the curved form.</scdesc>
<figure><graphic boardno = "graphic10" impsize = "2.960in 0.960in"    filename = "C125S11-11.TIF">
</figure></subclass>
<subclass subnum = "11.12" id = "C125S011120">
<sctitle>Generation of arc or bevel by two or more tools:</sctitle>
<parent ref = "C125S01140" doc = "Class125.sgm">subclass 11.04</parent>
<scdesc>Subject matter in which a curved or bevel surface on a grinding
wheel is accomplished by two or more dressing tools.</scdesc>
<notes><note1 notenum = "(1)">
<para>Note.  Both tools may produce bevel surface on each side of
a wheel or one tool may produce a bevel surface and the other tool
may produce a curved surface.</para>
<figure><graphic boardno = "graphic11" impsize = "2.100in 1.933in"    filename = "C125S11-12.TIF">
</figure></note1></notes></subclass>
<subclass subnum = "11.13" id = "C125S011130">
<sctitle>With compound motion of tool:</sctitle>
<parent ref = "C125S01140" doc = "Class125.sgm">subclass 11.04</parent>
<scdesc>With compound motion of tool:ubject matter in which the
dressing tool is moved in a main dressing motion and also has an
additional or separate motion which motion together produces the
desired shape.</scdesc>
<figure><graphic boardno = "graphic12" impsize = "1.893in 1.720in"    filename = "C125S11-13.TIF">
</figure></subclass>
<subclass subnum = "11.14" id = "C125S011140">
<sctitle>Arc forming by swinging tool:</sctitle>
<parent ref = "C125S01140" doc = "Class125.sgm">subclass 11.04</parent>
<scdesc>Subject matter in which a swinging arm that carries the
dressing tool pivots in an arc or radius about an axis to form a
curved shape on the grinding wheel.</scdesc></subclass>
<subclass subnum = "11.15" id = "C125S011150">
<sctitle>Forming bevel:</sctitle>
<parent ref = "C125S01140" doc = "Class125.sgm">subclass 11.04</parent>
<scdesc>Subject matter in which the dressing tool cuts an inclination
that forms an angle other than a right angle with respect to the
grinding wheel axis of rotation.</scdesc>
<figure><graphic boardno = "graphic13" impsize = "1.013in 1.760in"    filename = "C125S11-15.TIF">
</figure></subclass>
<subclass subnum = "11.16" id = "C125S011160">
<sctitle>By swinging tool:</sctitle>
<parent ref = "C125S011150" doc = "Class125.sgm">subclass 11.15</parent>
<scdesc>Subject matter in which the dressing tool swings about an
axis to form an angle on the grinding wheel face.</scdesc></subclass>
<subclass subnum = "11.17" id = "C125S011170">
<sctitle>Transverse swinging motion to form planar surface:</sctitle>
<parent ref = "C125S01110" doc = "Class125.sgm">subclass 11.01</parent>
<scdesc>Subject matter which forms a linear grinding surface across
the grinding wheel by a dressing tool pivoting in a plane generally
parallel to grinding wheel surface.</scdesc>
<figure><graphic boardno = "graphic14" impsize = "2.626in 2.306in"    filename = "C125S11-17.TIF">
</figure></subclass>
<subclass subnum = "11.18" id = "C125S011180">
<sctitle>Peripheral grinding face:</sctitle>
<parent ref = "C125S01110" doc = "Class125.sgm">subclass 11.01</parent>
<scdesc>Subject matter in which the tool is especially adapted for
dressing of a grinding wheel which is used in grinding the internal
bore of a workpiece.</scdesc>
<figure><graphic boardno = "graphic15" impsize = "2.546in 1.560in"    filename = "C125S11-18.TIF">
</figure></subclass>
<subclass subnum = "11.19" id = "C125S011190">
<sctitle>Radial grinding face:</sctitle>
<parent ref = "C125S01110" doc = "Class125.sgm">subclass 11.01</parent>
<scdesc>Subject matter which  provides for movement of dressing
tool across the side face of the grinding wheel, i.e., the dresser
acts along the radial face of the grinding.</scdesc>
<figure><graphic boardno = "graphic16" impsize = "2.626in 1.666in"    filename = "C125S11-19.TIF">
</figure></subclass>
<subclass subnum = "11.2" id = "C125S011200">
<sctitle>Hydraulic tool traversing means:</sctitle>
<parent ref = "C125S01110" doc = "Class125.sgm">subclass 11.01</parent>
<scdesc>Subject matter in which the dressing tool is moved across
the grinding wheel by fluid actuated drive means.</scdesc></subclass>
<subclass subnum = "11.21" id = "C125S011210">
<sctitle>Rectilinearly reciprocating tool:</sctitle>
<parent ref = "C125S01110" doc = "Class125.sgm">subclass 11.01</parent>
<scdesc>Subject matter in which the dressing tool traverses back-and-forth
in a straight line across the face of the grinding wheel.</scdesc>
<notes><note1 notenum = "(1)">
<para>Note.  The dressing tool may dress the wheel during forward
movement or during backward movement.</para>
<figure><graphic boardno = "graphic17" impsize = "2.853in 1.773in"    filename = "C125S11-21.TIF">
</figure></note1></notes></subclass>
<subclass subnum = "11.22" id = "C125S011220">
<sctitle>Coolant supply:</sctitle>
<parent ref = "C125S01110" doc = "Class125.sgm">subclass 11.01</parent>
<scdesc>Subject matter in which a coolant fluid or similar means
is provided to cool the dressing tip.</scdesc>
<notes><note1 notenum = "(1)">
<para>Note.  The life of the dressing tip is extended by preventing
it from becoming overheated during the wheel dressing and truing
operation.</para>
<figure><graphic boardno = "graphic18" impsize = "2.933in 2.840in"    filename = "C125S11-22.TIF">
</figure></note1></notes></subclass>
<subclass subnum = "11.23" id = "C125S011230">
<sctitle>With compensator for tool wear:</sctitle>
<parent ref = "C125S01110" doc = "Class125.sgm">subclass 11.01</parent>
<scdesc>Subject matter including a supplementary mechanism responsive
to the operation of means for dressing the wheel and effective to adjust
the distance between the wheel and the dressing tool by a predetermined
fixed amount to offset the reduction in the dressing tool which
results from the dressing operation.</scdesc></subclass>
<subclass subnum = "12" id = "C125S012000">
<sctitle>SAWING:</sctitle>
<parent ref = "C125S000000" doc = "Class125.sgm">the class definition</parent>
<scdesc>The stone is divided into two or more smaller stones by
sawing a kerf either entirely through the stone or to a sufficient
depth to permit the portions to be readily broken apart.</scdesc>
<srchout>
<crecord><classnum ref = "C030S000000" doc = "Class030.sgm">30</classnum>
<subref><clstitle>Cutlery</clstitle>
<pretext></pretext>
<subnum range = "s" ref = "C030S166000" doc = "Class030.sgm">166</subnum></subref>
<descript><para>, is the generic place for hand manipulable saws
and see (3) Note thereto for other classes where hand manipulated
saws and sawing machines will be found.</para></descript></crecord>
<crecord><classnum ref = "C083S000000" doc = "Class083.sgm">83</classnum>
<subref><clstitle>Cutting</clstitle>
<pretext></pretext>
<subnum range = "p" ref = "C083S875000" doc = "Class083.sgm">875</subnum></subref>
<descript><para> and 915.3 for ice-cutting machines.</para></descript></crecord>
<crecord><classnum ref = "C175S000000" doc = "Class175.sgm">175</classnum>
<subref><clstitle>Boring or Penetrating the Earth</clstitle>
<pretext></pretext>
<subnum range = "s" ref = "C175S091000" doc = "Class175.sgm">91</subnum></subref>
<descript><para> for earth boring means including a continuously
rotating bit describing a noncircular cross-sectional bore.</para></descript></crecord></srchout></subclass>
<subclass subnum = "13.01" id = "C125S013010">
<sctitle>Rotary:</sctitle>
<parent ref = "C125S012000" doc = "Class125.sgm">subclass 12</parent>
<scdesc>Subject matter in which sawing of stone or similar material
is accomplished by rotation of a circular saw in the plane of the
kerf.</scdesc>
<notes><note1 notenum = "(1)">
<para>Note.  The device usually comprises a blade which is held
between a pair of plates or supported by a frame assembly or similar
support means and operatively connected to a drive means to rotate
at a very high speed.</para>
<figure><graphic boardno = "graphic19" impsize = "3.055in 1.603in"    filename = "C125S13-01.TIF">
</figure></note1></notes>
<srchout>
<crecord><classnum ref = "C030S000000" doc = "Class030.sgm">30</classnum>
<subref><clstitle>Cutlery</clstitle>
<pretext></pretext>
<subnum range = "s" ref = "C030S347000" doc = "Class030.sgm">347</subnum></subref>
<descript><para> for rotary blades.</para></descript></crecord>
<crecord><classnum ref = "C083S000000" doc = "Class083.sgm">83</classnum>
<subref><clstitle>Cutting</clstitle>
<pretext></pretext>
<subnum range = "p" ref = "C083S409000" doc = "Class083.sgm">409</subnum></subref>
<descript><para> for cutting by using rotatable-disc tool pair or tool
and carrier.</para></descript></crecord>
<crecord><classnum ref = "C175S000000" doc = "Class175.sgm">175</classnum>
<subref><clstitle>Boring or Penetrating the Earth</clstitle>
<pretext></pretext>
<subnum range = "s" ref = "C175S091000" doc = "Class175.sgm">91</subnum></subref>
<descript><para> for rotating cutters forming circular bores.</para></descript></crecord>
<crecord><classnum ref = "C408S000000" doc = "Class408.sgm">408</classnum>
<subref><clstitle>Cutting by Use of Rotating Axially Moving Tool</clstitle>
<pretext></pretext></subref>
<descript><para>appropriate subclasses for drilling machines which
feed the work or tool or both relative to one another along the
axis of the tool; and, see the notes thereto for other machines
in which a rotating tool is fed relative to work.</para></descript></crecord></srchout></subclass>
<subclass subnum = "13.02" id = "C125S013020">
<sctitle>Having internal cutting edge:</sctitle>
<parent ref = "C125S01310" doc = "Class125.sgm">subclass 13.01</parent>
<scdesc>Subject matter including a rotary blade having an opening
with a cutting edge on the internal edge of the opening, the workpiece
being projected into the opening for cutting.</scdesc>
<srchout>
<crecord><classnum ref = "C451S000000" doc = "Class451.sgm">451</classnum>
<subref><clstitle>Abrading</clstitle>
<pretext></pretext>
<subnum range = "s" ref = "C451S180000" doc = "Class451.sgm">180</subnum></subref>
<descript><para> for an abrading machine in which grinding is done by
the internal peripheral face of an annular tool having rotary motion.</para></descript></crecord></srchout></subclass>
<subclass subnum = "13.03" id = "C125S013030">
<sctitle>With pivoted frame:</sctitle>
<parent ref = "C125S01310" doc = "Class125.sgm">subclass 13.01</parent>
<scdesc>Subject matter in which the saw blade is mounted for movement
on a swingable arm adjacent to the workpiece.</scdesc>
<figure><graphic boardno = "graphic20" impsize = "3.000in 2.042in"    filename = "C125S13-03.TIF">
</figure>
<srchout>
<crecord><classnum ref = "C083S000000" doc = "Class083.sgm">83</classnum>
<subref><clstitle>Cutting</clstitle>
<pretext></pretext>
<subnum range = "s" ref = "C083S490000" doc = "Class083.sgm">490</subnum></subref>
<descript><para> for cutting by saws mounted on a rotatable carrier movable
during cutting.</para></descript></crecord>
<crecord><classnum ref = "C451S000000" doc = "Class451.sgm">451</classnum>
<subref><clstitle>Abrading</clstitle>
<pretext></pretext>
<subnum range = "s" ref = "C451S236000" doc = "Class451.sgm">236</subnum></subref>
<descript><para> for abrading machines in which the tool is mounted on
a swinging carrier, permitting its application to and removal from
the work, as desired.</para></descript></crecord></srchout></subclass>
<subclass subnum = "14" id = "C125S014000">
<sctitle>Saw-support feed:</sctitle>
<parent ref = "C125S01310" doc = "Class125.sgm">subclass 13.01</parent>
<scdesc>Machines in which the saw-support is given a feeding movement
during the operation of the saw.</scdesc></subclass>
<subclass subnum = "15" id = "C125S015000">
<sctitle>Saw blades:</sctitle>
<parent ref = "C125S01310" doc = "Class125.sgm">subclass 13.01</parent>
<scdesc>Rotary disk saws adapted to be interchangeably secured to
power-driven arbors of stone-sawing machines.</scdesc></subclass>
<subclass subnum = "16.01" id = "C125S016010">
<sctitle>Reciprocating:</sctitle>
<parent ref = "C125S012000" doc = "Class125.sgm">subclass 12</parent>
<scdesc>Subject matter wherein the cutting blade moves back and
forth in a straight line.</scdesc>
<figure><graphic boardno = "graphic21" impsize = "2.413in 1.920in"    filename = "C125S16-01.TIF">
</figure>
<srchout>
<crecord><classnum ref = "C083S000000" doc = "Class083.sgm">83</classnum>
<subref><clstitle>Cutting</clstitle>
<pretext></pretext>
<subnum range = "s" ref = "C083S746000" doc = "Class083.sgm">746</subnum></subref>
<descript><para> for cutting by tool reciprocable along elongated edge
and by rectilinearly reciprocating tool.</para></descript></crecord>
<crecord><classnum ref = "C451S000000" doc = "Class451.sgm">451</classnum>
<subref><clstitle>Abrading</clstitle>
<pretext></pretext>
<subnum range = "s" ref = "C451S164000" doc = "Class451.sgm">164</subnum></subref>
<descript><para> for abrading machine having rectilinearly reciprocating
tool.</para></descript></crecord></srchout></subclass>
<subclass subnum = "16.02" id = "C125S016020">
<sctitle>Having saw with supply and take-up means:</sctitle>
<parent ref = "C125S01610" doc = "Class125.sgm">subclass 16.01</parent>
<scdesc>Subject matter having means to feed a fresh portion of the
saw for cutting to the workpiece and to move the used portion of
the saw away from the workpiece.</scdesc>
<figure><graphic boardno = "graphic22" impsize = "1.866in 2.093in"    filename = "C125S16-02.TIF">
</figure></subclass>
<subclass subnum = "16.03" id = "C125S016030">
<sctitle>Lever-operated saw:</sctitle>
<parent ref = "C125S01610" doc = "Class125.sgm">subclass 16.01</parent>
<scdesc>Subject matter in which the saw blade is supported by pivoting
members for its cutting movement. </scdesc>
<figure><graphic boardno = "graphic23" impsize = "2.493in 1.933in"    filename = "C125S16-03.TIF">
</figure></subclass>
<subclass subnum = "16.04" id = "C125S016040">
<sctitle>Angular cutting saws:</sctitle>
<parent ref = "C125S01610" doc = "Class125.sgm">subclass 16.01</parent>
<scdesc>Subject matter in which a plurality of saws are arranged
to cut the workpiece in blocks or slabs of tapering form.</scdesc>
<figure><graphic boardno = "graphic24" impsize = "1.333in 1.826in"    filename = "C125S16-04.TIF">
</figure></subclass>
<subclass subnum = "17" id = "C125S017000">
<sctitle>Saw racks:</sctitle>
<parent ref = "C125S01610" doc = "Class125.sgm">subclass 16.01</parent>
<scdesc>Frames in which the saws are mounted and which reciprocate
with the saws during operation.</scdesc></subclass>
<subclass subnum = "18" id = "C125S018000">
<sctitle>Saw blades:</sctitle>
<parent ref = "C125S01610" doc = "Class125.sgm">subclass 16.01</parent>
<scdesc>Reciprocating saw-blades adapted to be interchangeably secured
to the other parts of the machine for receiving a reciprocating
movement.</scdesc></subclass>
<subclass subnum = "19" id = "C125S019000">
<sctitle>Oscillating:</sctitle>
<parent ref = "C125S012000" doc = "Class125.sgm">subclass 12</parent>
<scdesc>Sawing stone by the oscillation of a saw-blade in the plane
of the kerf.</scdesc></subclass>
<subclass subnum = "20" id = "C125S020000">
<sctitle>Disk cutting:</sctitle>
<parent ref = "C125S012000" doc = "Class125.sgm">subclass 12</parent>
<scdesc>Cutting of a cylindrical kerf by rotary movement of a saw
in a closed path around the periphery of the disk.</scdesc>
<srchout>
<crecord><classnum ref = "C175S000000" doc = "Class175.sgm">175</classnum>
<subref><clstitle>Boring or Penetrating the Earth</clstitle>
<pretext></pretext>
<subnum range = "p" ref = "C175S403000" doc = "Class175.sgm">403</subnum></subref>
<descript><para> for a core forming type earth boring bit.</para></descript></crecord></srchout></subclass>
<subclass subnum = "21" id = "C125S021000">
<sctitle>Endless:</sctitle>
<parent ref = "C125S012000" doc = "Class125.sgm">subclass 12</parent>
<scdesc>Sawing stone by the continuous travel of an endless flexible
member along its own length while in contact with the stone.</scdesc></subclass>
<subclass subnum = "22" id = "C125S022000">
<sctitle>Saw teeth:</sctitle>
<parent ref = "C125S012000" doc = "Class125.sgm">subclass 12</parent>
<scdesc>Abrading or cutting units adapted to be independently secured
to or formed along the edge of a saw-blade at spaced-apart points.</scdesc></subclass>
<subclass subnum = "23.01" id = "C125S023010">
<sctitle>SPLITTING, SHEARING AND PUNCHING:</sctitle>
<parent ref = "C125S000000" doc = "Class125.sgm">the class definition</parent>
<scdesc>Subject matter for shearing, splitting, or punching of stone
by the application of opposing forces to different portions of an
integral stone.</scdesc>
<srchout>
<crecord><classnum ref = "C225S000000" doc = "Class225.sgm">225</classnum>
<subref><clstitle>Severing by Tearing or Breaking</clstitle>
<pretext></pretext>
<subnum range = "p" ref = "C225S093000" doc = "Class225.sgm">93</subnum></subref>
<descript><para> for breaking or tearing apparatus.</para></descript></crecord>
<crecord><classnum ref = "C241S000000" doc = "Class241.sgm">241</classnum>
<subref><clstitle>Solid Material Comminution or Disintegration</clstitle>
<pretext></pretext>
<subnum range = "s" ref = "C241S004000" doc = "Class241.sgm">4</subnum></subref>
<descript><para> which includes physical steps of separation of
the laminations of materials (such as mica) when combined with the
comminuting or disintegrating step.</para></descript></crecord></srchout></subclass>
<subclass subnum = "23.02" id = "C125S023020">
<sctitle>Roller-type cutters:</sctitle>
<parent ref = "C125S02310" doc = "Class125.sgm">subclass 23.01</parent>
<scdesc>Subject matter in which a working force is applied by at
least one member having a cutter in the form of a rotatable element
which is traversed across the workpiece.</scdesc>
<notes><note1 notenum = "(1)">
<para>Note.  Cutting to a desired size or shape is usually accomplished
by scoring the surface of the workpiece.</para>
<figure><graphic boardno = "graphic25" impsize = "2.026in 1.146in"    filename = "C125S23-02.TIF">
</figure></note1></notes></subclass>
<subclass subnum = "24" id = "C125S024000">
<sctitle>Mica splitting:</sctitle>
<parent ref = "C125S02310" doc = "Class125.sgm">subclass 23.01</parent>
<scdesc>Separating mica or mica-like substance along its planes
of cleavage.</scdesc></subclass>
<subclass subnum = "25" id = "C125S025000">
<sctitle>SLATE SURFACING:</sctitle>
<parent ref = "C125S000000" doc = "Class125.sgm">the class definition</parent>
<scdesc>Dressing the surfaces of slates or thin slabs of stone.</scdesc></subclass>
<subclass subnum = "26" id = "C125S026000">
<sctitle>BRICK CLEANING:</sctitle>
<parent ref = "C125S000000" doc = "Class125.sgm">the class definition</parent>
<scdesc>Removing foreign material adhering to bricks.</scdesc>
<srchout>
<crecord><classnum ref = "C134S000000" doc = "Class134.sgm">134</classnum>
<subref><clstitle>Cleaning and Liquid Contact With Solids</clstitle>
<pretext></pretext></subref>
<descript><para>for processes of cleaning brick by detergent action.</para></descript></crecord></srchout></subclass>
<subclass subnum = "27" id = "C125S027000">
<sctitle>MILLSTONE DRESSING:</sctitle>
<parent ref = "C125S000000" doc = "Class125.sgm">the class definition</parent>
<scdesc>Cutting or cleaning the grooves or millstones or like objects.</scdesc>
<srchout>
<crecord><classnum ref = "C241S000000" doc = "Class241.sgm">241</classnum>
<subref><clstitle>Solid Material Comminution or Disintegration</clstitle>
<pretext></pretext>
<subnum range = "p" ref = "C241S291000" doc = "Class241.sgm">291</subnum></subref>
<descript><para> for comminuting elements (e.g., millstones).  Patents
including claims to both the comminuting element and the process or
apparatus for dressing or fashioning it are classified in class
241 on the basis of the article.</para></descript></crecord></srchout></subclass>
<subclass subnum = "28" id = "C125S028000">
<sctitle>Rotary cutter:</sctitle>
<parent ref = "C125S027000" doc = "Class125.sgm">subclass 27</parent>
<scdesc>Operating upon the grooves of millstones by the continuous
rotation of a cutter other than a grinding-wheel.</scdesc></subclass>
<subclass subnum = "29" id = "C125S029000">
<sctitle>Pick-action cutter:</sctitle>
<parent ref = "C125S027000" doc = "Class125.sgm">subclass 27</parent>
<scdesc>Operating upon the grooves of millstones by the continuous
operation of a picking-tool.</scdesc></subclass>
<subclass subnum = "30.01" id = "C125S030010">
<sctitle>PRECIOUS STONE WORKING:</sctitle>
<parent ref = "C125S000000" doc = "Class125.sgm">the class definition</parent>
<scdesc>Subject matter for working various minerals, such as diamond,
emerald, ruby, or sapphire, valued for their rarity or appearance.</scdesc>
<srchout>
<crecord><classnum ref = "C029S000000" doc = "Class029.sgm">29</classnum>
<subref><clstitle>Metal Working</clstitle>
<pretext></pretext>
<subnum range = "s" ref = "C029S025350" doc = "Class029.sgm">25.35</subnum></subref>
<descript><para> for piezoelectric device making.</para></descript></crecord>
<crecord><classnum ref = "C175S000000" doc = "Class175.sgm">175</classnum>
<subref><clstitle>Boring or Penetrating the Earth</clstitle>
<pretext></pretext>
<subnum range = "s" ref = "C175S434000" doc = "Class175.sgm">434</subnum></subref>
<descript><para> for an earth boring bit which includes a diamond
on its cutting edge.</para></descript></crecord>
<crecord><classnum ref = "C356S000000" doc = "Class356.sgm">356</classnum>
<subref><clstitle>Optics:  Measuring and Testing</clstitle>
<pretext></pretext>
<subnum range = "s" ref = "C356S030000" doc = "Class356.sgm">30</subnum></subref>
<descript><para> which includes claims for nominal cutting of crystal
to prepare it for optical examination.</para></descript></crecord></srchout></subclass>
<subclass subnum = "30.02" id = "C125S030020">
<sctitle>Wire drawing die making:</sctitle>
<parent ref = "C125S03010" doc = "Class125.sgm">subclass 30.01</parent>
<scdesc>Subject matter for forming or reconditioning the hole in
a wire drawing die.</scdesc>
<figure><graphic boardno = "graphic26" impsize = "1.466in 1.800in"    filename = "C125S30-02.TIF">
</figure></subclass>
<subclass subnum = "35" id = "C125S035000">
<sctitle>WORK SUPPORTS:</sctitle>
<parent ref = "C125S000000" doc = "Class125.sgm">the class definition</parent>
<scdesc>Supporting structures for holding stones in place while
being operated upon.</scdesc>
<srchout>
<crecord><classnum ref = "C269S000000" doc = "Class269.sgm">269</classnum>
<subref><clstitle>Work Holders</clstitle>
<pretext></pretext></subref>
<descript><para>appropriate subclasses. Class 269 is the residual
 locus for patents to a device for clamping, supporting and&sol;or
holding an article (or articles) in position to be operated on or
treated.  See notes thereunder for other related loci.</para></descript></crecord></srchout></subclass>
<subclass subnum = "36" id = "C125S036000">
<sctitle>TOOLS:</sctitle>
<parent ref = "C125S000000" doc = "Class125.sgm">the class definition</parent>
<scdesc>Tools for operating upon stone not otherwise classifiable.</scdesc>
<srchout>
<crecord><classnum ref = "C030S000000" doc = "Class030.sgm">30</classnum>
<subref><clstitle>Cutlery</clstitle>
<pretext></pretext>
<subnum range = "p" ref = "C030S164500" doc = "Class030.sgm">164.5</subnum></subref>
<descript><para> for ice picks and chippers.</para></descript></crecord>
<crecord><classnum ref = "C175S000000" doc = "Class175.sgm">175</classnum>
<subref><clstitle>Boring or Penetrating the Earth</clstitle>
<pretext></pretext>
<subnum range = "p" ref = "C175S327000" doc = "Class175.sgm">327</subnum></subref>
<descript><para> for an earth boring bit or bit element.</para></descript></crecord>
<crecord><classnum ref = "C299S000000" doc = "Class299.sgm">299</classnum>
<subref><clstitle>Mining or In Situ Disintegration of Hard Material</clstitle>
<pretext></pretext>
<subnum range = "p" ref = "C299S079100" doc = "Class299.sgm">79.1</subnum></subref>
<descript><para> for a cutter head or tooth for mining or disintegrating
hard material in situ.</para></descript></crecord></srchout></subclass>
<subclass subnum = "37" id = "C125S037000">
<sctitle>Traction rotated:</sctitle>
<parent ref = "C125S036000" doc = "Class125.sgm">subclass 36</parent>
<scdesc>A freely rotatable wheel adapted to wear down the surface
of the stone by traveling across the same.</scdesc></subclass>
<subclass subnum = "38" id = "C125S038000">
<sctitle>Surface traversing:</sctitle>
<parent ref = "C125S036000" doc = "Class125.sgm">subclass 36</parent>
<scdesc>The cutting portions are rigidly held in place and are adaped
to be moved along the stone-surface to remove material therefrom.</scdesc></subclass>
<subclass subnum = "39" id = "C125S039000">
<sctitle>Diamond:</sctitle>
<parent ref = "C125S038000" doc = "Class125.sgm">subclass 38</parent>
<scdesc>The cutting portion consists of a diamond rigidly held in
place.</scdesc>
<srchout>
<crecord><classnum ref = "C175S000000" doc = "Class175.sgm">175</classnum>
<subref><clstitle>Boring or Penetrating the Earth</clstitle>
<pretext></pretext>
<subnum range = "s" ref = "C175S434000" doc = "Class175.sgm">434</subnum></subref>
<descript><para> for an earth boring bit which includes a diamond
on its cutting edge.</para></descript></crecord></srchout></subclass>
<subclass subnum = "40" id = "C125S040000">
<sctitle>Impact:</sctitle>
<parent ref = "C125S036000" doc = "Class125.sgm">subclass 36</parent>
<scdesc>For dressing stone by striking against the stone-surface.</scdesc>
<srchout>
<crecord><classnum ref = "C081S000000" doc = "Class081.sgm">81</classnum>
<subref><clstitle>Tools</clstitle>
<pretext></pretext>
<subnum range = "s" ref = "C081S463000" doc = "Class081.sgm">463</subnum></subref>
<descript><para>, and see the notes thereto for other impact tools.</para></descript></crecord>
<crecord><classnum ref = "C175S000000" doc = "Class175.sgm">175</classnum>
<subref><clstitle>Boring or Penetrating the Earth</clstitle>
<pretext></pretext>
<subnum range = "p" ref = "C175S414000" doc = "Class175.sgm">414</subnum></subref>
<descript><para> for an impact type earth boring bit.</para></descript></crecord></srchout></subclass>
<subclass subnum = "41" id = "C125S041000">
<sctitle>Bush hammers and chisels:</sctitle>
<parent ref = "C125S040000" doc = "Class125.sgm">subclass 40</parent>
<scdesc>Provided with a plurality of closely-arranged projections
upon the stone-striking portion.</scdesc></subclass>
<subclass subnum = "42" id = "C125S042000">
<sctitle>Millstone picks:</sctitle>
<parent ref = "C125S040000" doc = "Class125.sgm">subclass 40</parent>
<scdesc>For cleaning and cutting the grooves of millstones.  The
cutting element usually consists of a blade with its cutting edge
extending laterally and transversely of the handle.</scdesc>
<notes><note1 notenum = "(1)">
<para>Note.  See the note under subclass 27.</para></note1></notes></subclass>
<subclass subnum = "43" id = "C125S043000">
<sctitle>Miners&quot; picks:</sctitle>
<parent ref = "C125S040000" doc = "Class125.sgm">subclass 40</parent>
<scdesc>Adapted to be used upon comparatively soft material or ordinary
earth.</scdesc></subclass></sclasses>
<xrefcols>
<subclass subnum = "901" id = "C125S901000">
<sctitle>FORMING PIEZOELECTRIC CRYSTALS:</sctitle>
<parent ref = "C125S000000" doc = "Class125.sgm">the class definition</parent>
<scdesc>Apparatus having means to form an element which has ability
to generate voltage when mechanical force is applied or to produce mechanical
force when a voltage is applied.  </scdesc></subclass></xrefcols>
</class>
