<?xml version="1.0" encoding="UTF-8"?>
<!DOCTYPE class PUBLIC "-//USPTO//DTD Classification Definitions//EN" "xclassdef.dtd" [

<!-- Begin Document Specific Declarations -->

<!-- End Document Specific Declarations -->

]>
<?xml-stylesheet href="classdef.xsl" type="text/XSL"?>

<class classnum = "223" id = "C223S000000"><title>APPAREL APPARATUS</title>
<sections><descsect>
<para>This class is the generic class for machines and machine methods
of making, repairing, and maintaining in proper condition articles
of apparel and analogous articles except as provided for in other
classes.</para>
<para>It also includes certain devices and methods of plaiting, folding,
turning, etc., applied to table linen, bed linen, curtains, bags
and like articles not apparel, because of their similarity to apparel-treating
devices.</para>
<para>The group of trimming making also includes devices and methods
of making trimmings not necessarily used with garments but which
may be so used and are analogous to those which are so used as e.g.,
making tassels for curtains are here since their making is like
that of muff or garment tassels.</para>
</descsect>
<linesect>
<para>For apparel articles and article processes, see Class 2, Apparel,
which is the broad class for articles of apparel and article processes
not coming under this class or the classes noted below.</para>
<para>For dyeing and fluid treatment of fabrics see Class 8, Bleaching
and Dyeing; Fluid Treatment and Chemical Modification of Textiles
and Fibers, for apparatus for dyeing and fluid treatment of textiles
and fabrics, see Class 68, Textiles: Fluid Treating Apparatus.</para>
<para>For making shoes, see Class 12, Boot and Shoe Making.</para>
<para>For brushing and general cleaning, see Class 15, Brushing,
Scrubbing, and General Cleaning.</para>
<para>For the Treatment, finishing, and ornamentation of cloth,
see Class 26, Textiles: Cloth Finishing.</para>
<para>See Class 34, Drying and Gas or Vapor Contact With Solids,
for garment drying apparatus and processes of general utility, not
claiming features of a form to fit or hold a garment, or process
steps correspondingly limited. The mere naming of the garment in
a process, or the recitation of a garment form generally or for
a particular garment (e.g., by reciting forms, flat forms, garment
forms, boards, stocking forms, etc.) will not exclude the case from
Class 34.</para>
<para>For boots and shoes, see Class 36, Boots, Shoes, and Leggings.</para>
<para>For the manufacture of garments by knitting, weaving or sewing,
see Class 66, Textiles: Knitting; Class 139, Textiles: Weaving;
and Class 112, Sewing, respectively.</para>
<para>For washing garments and for dry cleaning thereof, see Class
68, Textiles: Fluid Treating Apparatus. For ironing and smoothing
garments, see Class 38, Textiles: Ironing or Smoothing.</para>
<para>For coating or impregnating, per se, search Class 427, Coating
Processes, and Class 118, Coating Apparatus.</para>
<para>For making of garments, etc., by braiding, netting, or lace
making, see Class 87, Textiles: Braiding, Netting, and Lace Making.</para>
<para>For making sanitary pads or garmet pads by depositing a fibrous
pad on a cloth base and folding the base around the pad see Class
19, Textiles: Fiber Preparation, subclass 147. For processes and
apparatus for laminating in general and for forming a pad by a Class
19 operation combined with a laminating step see Class 156, Adhesive
Bonding and Miscellaneous Chemical Manufacture, appropriate subclasses.</para>
</linesect>
<scsect>
<srchout>
<crecord><classnum ref = "C053S000000" doc = "Class053.sgm">53</classnum>
<subref><clstitle>Package Making</clstitle>
<pretext></pretext></subref>
<descript><para>appropriate subclasses, for a method of an apparatus
for packaging stockings which includes some significant packaging
operation beyond the mere insertion of a form in the stocking (e.g.,
banding, wrapping, etc.).</para></descript></crecord>
<crecord><classnum ref = "C623S000000" doc = "Class623.sgm">623</classnum>
<subref><clstitle>Prosthesis (i.e., Artificial Body Members), Parts
Thereof, or Aids and Accessories Therefor</clstitle>
<pretext></pretext></subref>
<descript><para>appropriate subclass for body forms, frames or structures
used to replace portions of a living human body.</para></descript></crecord></srchout>
</scsect></sections>
<sclasses>
<subclass subnum = "1" id = "C223S001000">
<scdesc>Inventions coming under the definition of the class, but
not under any subclass below.</scdesc></subclass>
<subclass subnum = "1.1" id = "C223S001100">
<parent ref = "C223S000000" doc = "Class223.sgm">the class definition</parent>
<scdesc>Devices including means to cut the lower end of a garment
so as to fix the height of the hem above the ground when worn.</scdesc>
<notes><note1 notenum = "(1)">
<para>Note. This art grouping includes the combination of marking
and cutting means.</para></note1></notes>
<srchout>
<crecord><classnum ref = "C033S000000" doc = "Class033.sgm">33</classnum>
<subref><clstitle>Geometrical Instruments</clstitle>
<pretext></pretext>
<subnum range = "p" ref = "C033S002000" doc = "Class033.sgm">2</subnum></subref>
<descript><para> for garment marking, per se.</para></descript></crecord>
<crecord><classnum ref = "C082S000000" doc = "Class082.sgm">82</classnum>
<subref><clstitle>Turning</clstitle>
<pretext></pretext>
<subnum range = "p" ref = "C082S046000" doc = "Class082.sgm">46</subnum></subref>
<descript><para> for severing of tubular material by turning.</para></descript></crecord></srchout></subclass>
<subclass subnum = "2" id = "C223S002000">
<scdesc>Machines, tools and processes for performing various manufacturing
operations on a collar, cuff, or the bosom of a shirt. Cutting,
pressing, embossing and folding, and combinations of these acts,
restricted to collar, cuffs, and bosoms, are here.</scdesc>
<srchin>
<srecord><subnum ref = "C223S037000" doc = "Class223.sgm">37</subnum>
<descript><para>38, for folding, per se.</para></descript></srecord>
<srecord><subnum range = "p" ref = "C223S061000" doc = "Class223.sgm">61</subnum>
<descript><para>for stretching, per se.</para></descript></srecord></srchin>
<srchout>
<crecord><classnum ref = "C053S000000" doc = "Class053.sgm">53</classnum>
<subref><clstitle>Package Making</clstitle>
<pretext></pretext>
<subnum range = "p" ref = "C053S428000" doc = "Class053.sgm">428</subnum></subref>
<descript><para> for methods and subclasses 117&plus; for apparatus
to form a package including means to fold or roll up sheet material or
garments.</para></descript></crecord>
<crecord><classnum ref = "C083S000000" doc = "Class083.sgm">83</classnum>
<subref><clstitle>Cutting</clstitle>
<pretext>for cutting and punching, per se; also for cutting button-holes
see appropriate subclasses, particularly </pretext>
<subnum range = "s" ref = "C083S905000" doc = "Class083.sgm">905</subnum></subref>
<descript><para>.</para></descript></crecord>
<crecord><classnum ref = "C118S000000" doc = "Class118.sgm">118</classnum>
<subref><clstitle>Coating Apparatus</clstitle>
<pretext></pretext></subref>
<descript><para>for coating or impregnating, per se.</para></descript></crecord>
<crecord><classnum ref = "C225S000000" doc = "Class225.sgm">225</classnum>
<subref><clstitle>Severing by Tearing or Breaking</clstitle>
<pretext></pretext></subref>
<descript><para>for tearing, per se.</para></descript></crecord>
<crecord><classnum ref = "C226S000000" doc = "Class226.sgm">226</classnum>
<subref><clstitle>Advancing Material of Indeterminate Length</clstitle>
<pretext></pretext></subref>
<descript><para>for web feeding, </para></descript></crecord>
<crecord><classnum ref = "C242S000000" doc = "Class242.sgm">242</classnum>
<subref><clstitle>Winding, Tensioning, or Guiding</clstitle>
<pretext></pretext></subref>
<descript><para>for web feeding.</para></descript></crecord>
<crecord><classnum ref = "C270S000000" doc = "Class270.sgm">270</classnum>
<subref><clstitle>Sheet-Material Associating</clstitle>
<pretext></pretext></subref>
<descript><para>for sheet folding in general, see Class .</para></descript></crecord>
<crecord><classnum ref = "C271S000000" doc = "Class271.sgm">271</classnum>
<subref><clstitle>Sheet Feeding or Delivering</clstitle>
<pretext></pretext></subref>
<descript><para>for sheet feeding.</para></descript></crecord>
<crecord><classnum ref = "C427S000000" doc = "Class427.sgm">427</classnum>
<subref><clstitle>Coating Processes</clstitle>
<pretext></pretext></subref>
<descript><para>for coating or impregnating, per se.</para></descript></crecord></srchout></subclass>
<subclass subnum = "3" id = "C223S003000">
<parent ref = "C223S002000" doc = "Class223.sgm">subclass 2</parent>
<scdesc>Devices and methods for pasting, folding and drying, and
combinations of these acts.</scdesc>
<srchin>
<srecord><subnum ref = "C223S037000" doc = "Class223.sgm">37</subnum>
<descript><para></para></descript></srecord></srchin>
<srchout>
<crecord><classnum ref = "C118S000000" doc = "Class118.sgm">118</classnum>
<subref><clstitle>Coating Apparatus</clstitle>
<pretext>for coating apparatus and processes, especially </pretext>
<subnum range = "s" ref = "C118S032000" doc = "Class118.sgm">32</subnum></subref>
<descript><para> for coating apparatus combined with means to fold
the work, and subclasses 58&plus; for coating apparatus combined
with means to dry the work.</para></descript></crecord>
<crecord><classnum ref = "C270S000000" doc = "Class270.sgm">270</classnum>
<subref><clstitle>Sheet-Material Associating</clstitle>
<pretext></pretext></subref>
<descript><para>for sheet folding.</para></descript></crecord>
<crecord><classnum ref = "C427S000000" doc = "Class427.sgm">427</classnum>
<subref><clstitle>Coating Processes</clstitle>
<pretext></pretext></subref>
<descript><para>for coating apparatus and processes.</para></descript></crecord></srchout></subclass>
<subclass subnum = "4" id = "C223S004000">
<scdesc>Devices for and methods of applying a reinforce around the
button holes of a collar, cuff, or bosom.</scdesc>
<srchout>
<crecord><classnum ref = "C002S000000" doc = "Class002.sgm">2</classnum>
<subref><clstitle>Apparel</clstitle>
<pretext></pretext>
<subnum range = "p" ref = "C002S118000" doc = "Class002.sgm">118</subnum></subref>
<descript><para>, 122, 123&plus;, 127, 129&plus;, 136, and
241.</para></descript></crecord></srchout></subclass>
<subclass subnum = "6" id = "C223S006000">
<scdesc>Devices for forming hoop skirts.</scdesc>
<srchin>
<srecord><subnum ref = "C223S052000" doc = "Class223.sgm">52</subnum>
<descript><para>53, 68, and indented subclasses.</para></descript></srecord></srchin>
<srchout>
<crecord><classnum ref = "C072S000000" doc = "Class072.sgm">72</classnum>
<subref><clstitle>Metal Deforming</clstitle>
<pretext></pretext>
<subnum range = "p" ref = "C072S138000" doc = "Class072.sgm">138</subnum></subref>
<descript><para> for a method of or means for making a conical spring.</para></descript></crecord>
<crecord><classnum ref = "C140S000000" doc = "Class140.sgm">140</classnum>
<subref><clstitle>Wireworking</clstitle>
<pretext></pretext>
<subnum range = "r" ref = "C140S090000" doc = "Class140.sgm">90</subnum></subref>
<descript><para>, 92.1, and indented subclass. </para></descript></crecord></srchout></subclass>
<subclass subnum = "7" id = "C223S007000">
<parent ref = "C223S000000" doc = "Class223.sgm">the class definition</parent>
<scdesc>Devices for and processes of making and renovating hats
coming not provided for below or in other classes.</scdesc>
<notes><note1 notenum = "(1)">
<para>Note. Combinations of methods or devices falling in Classes
19, Textiles: Fiber Preparation; 26, Textiles: Cloth Finishing;
28, Textiles: Manufacturing, with a device or method falling in
this class are placed here and cross-referenced into the other classes.</para></note1>
<note1 notenum = "(2)">
<para>Note. Devices and methods for compacting, dipping, sizing,
pinning, clearing, napping, clipping, pouncing, pressing, shaping,
stretching, steaming, or otherwise operating on a formed hat or
hat body are in this class, with this exception that if adapted
for general application to textiles the device goes to Class 26,
Textiles: Cloth Finishing, or Class 28, Textiles: Manufacturing;
e.g., devices for operating on a hat body in flattened, rolled up,
folded or similar condition, are in Classes 26 or 28; the hat in
such case being regarded as a stock fabric.</para></note1></notes>
<srchin>
<srecord><subnum ref = "C223S051000" doc = "Class223.sgm">51</subnum>
<descript><para>for heating and steaming hats.</para></descript></srecord></srchin>
<srchout>
<crecord><classnum ref = "C002S000000" doc = "Class002.sgm">2</classnum>
<subref><clstitle>Apparel</clstitle>
<pretext></pretext>
<subnum range = "p" ref = "C002S171000" doc = "Class002.sgm">171</subnum></subref>
<descript><para> for a hat structure.</para></descript></crecord>
<crecord><classnum ref = "C019S000000" doc = "Class019.sgm">19</classnum>
<subref><clstitle>Textiles: Fiber Preparation</clstitle>
<pretext></pretext></subref>
<descript><para>for devices and processes directed to assembling
fur or other fibers into a cone or blank.</para></descript></crecord>
<crecord><classnum ref = "C026S000000" doc = "Class026.sgm">26</classnum>
<subref><clstitle>Textiles: Cloth Finishing</clstitle>
<pretext></pretext>
<subnum range = "r" ref = "C026S003000" doc = "Class026.sgm">3</subnum>
<endnum ref = "C026S006000" doc = "Class026.sgm">6</endnum></subref>
<descript><para> for singeing.</para></descript></crecord>
<crecord><classnum ref = "C028S000000" doc = "Class028.sgm">28</classnum>
<subref><clstitle>Textiles: Manufacturing</clstitle>
<pretext></pretext>
<subnum range = "s" ref = "C028S239000" doc = "Class028.sgm"> 239</subnum></subref>
<descript><para>, for singeing,.</para></descript></crecord>
<crecord><classnum ref = "C112S000000" doc = "Class112.sgm">112</classnum>
<subref><clstitle>Sewing</clstitle>
<pretext></pretext>
<subnum range = "p" ref = "C112S012000" doc = "Class112.sgm">12</subnum></subref>
<descript><para> for a hat sewing machine, and subclass 475.11 for a
method of sewing hats.</para></descript></crecord>
<crecord><classnum ref = "C156S000000" doc = "Class156.sgm">156</classnum>
<subref><clstitle>Adhesive Bonding and Miscellaneous Chemical Manufacture</clstitle>
<pretext></pretext></subref>
<descript><para>for methods and apparatus for forming rubber bathing
caps by a laminating operation.</para></descript></crecord></srchout></subclass>
<subclass subnum = "8" id = "C223S008000">
<scdesc>Devices and methods for forming wire frames for hats.</scdesc>
<srchin>
<srecord><subnum ref = "C223S025000" doc = "Class223.sgm">25</subnum>
<descript><para>for adjustable blocks.</para></descript></srecord></srchin>
<srchout>
<crecord><classnum ref = "C140S000000" doc = "Class140.sgm">140</classnum>
<subref><clstitle>Wireworking</clstitle>
<pretext></pretext>
<subnum range = "r" ref = "C140S071000" doc = "Class140.sgm">71</subnum></subref>
<descript><para>, 77, 92.1, and indented subclass.</para></descript></crecord></srchout></subclass>
<subclass subnum = "10" id = "C223S010000">
<scdesc>Means for wetting or sizing hat bodies by dipping, brushing,
or in other ways.</scdesc>
<srchout>
<crecord><classnum ref = "C028S000000" doc = "Class028.sgm">28</classnum>
<subref><clstitle>Textiles: Manufacturing</clstitle>
<pretext></pretext>
<subnum range = "s" ref = "C028S116000" doc = "Class028.sgm">116</subnum></subref>
<descript><para> for felting apparatus of general utility.</para></descript></crecord>
<crecord><classnum ref = "C118S000000" doc = "Class118.sgm">118</classnum>
<subref><clstitle>Coating Apparatus</clstitle>
<pretext></pretext></subref>
<descript><para>appropriate subclasses for coating apparatus of
general application.</para></descript></crecord>
<crecord><classnum ref = "C427S000000" doc = "Class427.sgm">427</classnum>
<subref><clstitle>Coating Processes</clstitle>
<pretext></pretext></subref>
<descript><para>for coating processes in general.</para></descript></crecord></srchout></subclass>
<subclass subnum = "11" id = "C223S011000">
<scdesc>Devices for removing excess water or size from hat bodies
after felting or sizing, usually by roll-pressing or brushing.</scdesc>
<srchout>
<crecord><classnum ref = "C028S000000" doc = "Class028.sgm">28</classnum>
<subref><clstitle>Textiles: Manufacturing</clstitle>
<pretext></pretext>
<subnum range = "s" ref = "C028S116000" doc = "Class028.sgm">116</subnum></subref>
<descript><para> and indented subclasses.</para></descript></crecord></srchout></subclass>
<subclass subnum = "12" id = "C223S012000">
<scdesc>Includes devices and methods for blocking, pressing, molding,
stretching, and otherwise permanently shaping a hat or hat part.</scdesc>
<srchin>
<srecord><subnum ref = "C223S008000" doc = "Class223.sgm">8</subnum>
<descript><para>21.</para></descript></srecord>
<srecord><subnum ref = "C223S051000" doc = "Class223.sgm">51</subnum>
<descript><para>for heaters, per se.</para></descript></srecord></srchin>
<srchout>
<crecord><classnum ref = "C028S000000" doc = "Class028.sgm">28</classnum>
<subref><clstitle>Textiles: Manufacturing</clstitle>
<pretext></pretext>
<subnum range = "p" ref = "C028S116000" doc = "Class028.sgm">116</subnum></subref>
<descript><para> and especially subclass 124 for processes of an
apparatus for felting hats or hat blanks where no specific step
of or mechanism for forming hat structure, e.g., a brim is present.
There mere felting of a parabolic, conical or cylindrical blank
will not exclude a patent from Class 28.</para></descript></crecord>
<crecord><classnum ref = "C100S000000" doc = "Class100.sgm">100</classnum>
<subref><clstitle>Presses</clstitle>
<pretext></pretext></subref>
<descript><para>appropriate subclasses for presses not elsewhere
provided for.</para></descript></crecord>
<crecord><classnum ref = "C264S000000" doc = "Class264.sgm">264</classnum>
<subref><clstitle>Plastic and Nonmetallic Article Shaping or Treating:
Processes</clstitle>
<pretext>appropriate subclasses for processes for molding or shaping
plastic materials within the class definition, see for example </pretext>
<subnum range = "s" ref = "C264S292000" doc = "Class264.sgm">292</subnum></subref>
<descript><para> pertaining to processes which include the step
of stretching or stretch drawing over a form and subclass 296 for
plural sequential shaping processes wherein one step reshapes only
a portion of an article.</para></descript></crecord>
<crecord><classnum ref = "C425S000000" doc = "Class425.sgm">425</classnum>
<subref><clstitle>Plastic Article or Earthenware Shaping or Treating:
Apparatus</clstitle>
<pretext></pretext>
<subnum range = "p" ref = "C425S383000" doc = "Class425.sgm">383</subnum></subref>
<descript><para> for a molding machine comprising preform reshaping
or resizing means, or vulcanizing means with a conforming preform
support.</para></descript></crecord></srchout></subclass>
<subclass subnum = "13" id = "C223S013000">
<parent ref = "C223S012000" doc = "Class223.sgm">subclass 12</parent>
<scdesc>Devices in which the pressure is applied through fluid means.</scdesc></subclass>
<subclass subnum = "14" id = "C223S014000">
<parent ref = "C223S012000" doc = "Class223.sgm">subclass 12</parent>
<scdesc>Devices coming peculiarly designed to shape the brim.</scdesc>
<srchin>
<srecord><subnum ref = "C223S051000" doc = "Class223.sgm">51</subnum>
<descript><para>for brim heaters.</para></descript></srecord></srchin></subclass>
<subclass subnum = "15" id = "C223S015000">
<scdesc>Devices for stretching or for shaping a hat including stretching.</scdesc>
<srchin>
<srecord><subnum ref = "C223S012000" doc = "Class223.sgm">12</subnum>
<descript><para>25, and indented subclasses.</para></descript></srecord></srchin></subclass>
<subclass subnum = "16" id = "C223S016000">
<scdesc>Devices for trimming the brim of a hat to its proper contour.</scdesc>
<srchout>
<crecord><classnum ref = "C083S000000" doc = "Class083.sgm">83</classnum>
<subref><clstitle>Cutting</clstitle>
<pretext></pretext></subref>
<descript><para>for severing sheets in general.</para></descript></crecord></srchout></subclass>
<subclass subnum = "17" id = "C223S017000">
<scdesc>Devices for wiring a brim or binding the brim edge.</scdesc>
<srchin>
<srecord><subnum ref = "C223S022000" doc = "Class223.sgm">22</subnum>
<descript><para></para></descript></srecord></srchin>
<srchout>
<crecord><classnum ref = "C002S000000" doc = "Class002.sgm">2</classnum>
<subref><clstitle>Apparel</clstitle>
<pretext></pretext>
<subnum range = "p" ref = "C002S175300" doc = "Class002.sgm">175.3</subnum></subref>
<descript><para> for a hat including an edge binding; and subclass
274 for an edge binding for garments not specifically provided for elsewhere.</para></descript></crecord>
<crecord><classnum ref = "C029S000000" doc = "Class029.sgm">29</classnum>
<subref><clstitle>Metal Working</clstitle>
<pretext></pretext>
<subnum range = "p" ref = "C029S243570" doc = "Class029.sgm">243.57</subnum></subref>
<descript><para> for a device for adding a binding or covering of
metal to an article by overedge assembly therewith.</para></descript></crecord>
<crecord><classnum ref = "C036S000000" doc = "Class036.sgm">36</classnum>
<subref><clstitle>Boots, Shoes, and Leggings</clstitle>
<pretext></pretext>
<subnum range = "s" ref = "C036S078000" doc = "Class036.sgm">78</subnum></subref>
<descript><para>.</para></descript></crecord></srchout></subclass>
<subclass subnum = "18" id = "C223S018000">
<scdesc>Devices and methods for raising the nap on a hat, usually
by the use of brushes.</scdesc>
<srchin>
<srecord><subnum ref = "C223S020000" doc = "Class223.sgm">20</subnum>
<descript><para>23.</para></descript></srecord></srchin>
<srchout>
<crecord><classnum ref = "C019S000000" doc = "Class019.sgm">19</classnum>
<subref><clstitle>Textiles: Fiber Preparation</clstitle>
<pretext></pretext></subref>
<descript><para>for carding.</para></descript></crecord>
<crecord><classnum ref = "C026S000000" doc = "Class026.sgm">26</classnum>
<subref><clstitle>Textiles: Cloth Finishing</clstitle>
<pretext></pretext>
<subnum range = "s" ref = "C026S029000" doc = "Class026.sgm">  29</subnum></subref>
<descript><para>, and indented subclasses, for napping fabrics in
general.</para></descript></crecord></srchout></subclass>
<subclass subnum = "19" id = "C223S019000">
<scdesc>Devices and methods for clipping, shaving, and cutting a
nap or for pulling out the long or rough fibers of the nap.</scdesc>
<srchout>
<crecord><classnum ref = "C026S000000" doc = "Class026.sgm">26</classnum>
<subref><clstitle>Textiles: Cloth Finishing</clstitle>
<pretext>for singeing. also see </pretext>
<subnum range = "s" ref = "C026S007000" doc = "Class026.sgm">7</subnum></subref>
<descript><para> and indented subclasses.</para></descript></crecord>
<crecord><classnum ref = "C030S000000" doc = "Class030.sgm">30</classnum>
<subref><clstitle>Cutlery</clstitle>
<pretext></pretext></subref>
<descript><para>for cutters in general.</para></descript></crecord>
<crecord><classnum ref = "C083S000000" doc = "Class083.sgm">83</classnum>
<subref><clstitle>Cutting</clstitle>
<pretext></pretext></subref>
<descript><para>for cutters in general</para></descript></crecord>
<crecord><classnum ref = "C069S000000" doc = "Class069.sgm">69</classnum>
<subref><clstitle>Leather Manufactures</clstitle>
<pretext></pretext>
<subnum range = "p" ref = "C069S024000" doc = "Class069.sgm">24</subnum></subref>
<descript><para> for the removal of coarse or water hairs from a
fur skin.</para></descript></crecord></srchout></subclass>
<subclass subnum = "20" id = "C223S020000">
<scdesc>Devices and methods for smoothing or polishing the nap of
a hat by abrading, rubbing, brushing, or the like operation. The
use of a sand-papering device or a polishing and coating device
is here.</scdesc>
<srchin>
<srecord><subnum ref = "C223S021000" doc = "Class223.sgm">21</subnum>
<descript><para></para></descript></srecord></srchin>
<srchout>
<crecord><classnum ref = "C451S000000" doc = "Class451.sgm">451</classnum>
<subref><clstitle>Abrading</clstitle>
<pretext></pretext></subref>
<descript><para>for abrading in general.</para></descript></crecord></srchout></subclass>
<subclass subnum = "21" id = "C223S021000">
<scdesc>Machines, implements, and processes for ironing hats, caps,
etc.</scdesc>
<srchin>
<srecord><subnum ref = "C223S020000" doc = "Class223.sgm">20</subnum>
<descript><para></para></descript></srecord>
<srecord><subnum ref = "C223S035000" doc = "Class223.sgm">35</subnum>
<descript><para>36, for fluting irons.</para></descript></srecord></srchin>
<srchout>
<crecord><classnum ref = "C038S000000" doc = "Class038.sgm">38</classnum>
<subref><clstitle>Textiles: Ironing or Smoothing</clstitle>
<pretext></pretext></subref>
<descript><para>appropriate subclasses or ironing or smoothing machines
and implements in general.</para></descript></crecord></srchout></subclass>
<subclass subnum = "22" id = "C223S022000">
<scdesc>Devices and methods for preparing bands, bindings and linings,
and applying them to a hat, not provided for in other classes.</scdesc>
<srchin>
<srecord><subnum ref = "C223S016000" doc = "Class223.sgm">16</subnum>
<descript><para>17.</para></descript></srecord></srchin>
<srchout>
<crecord><classnum ref = "C002S000000" doc = "Class002.sgm">2</classnum>
<subref><clstitle>Apparel</clstitle>
<pretext></pretext>
<subnum range = "p" ref = "C002S181000" doc = "Class002.sgm">181</subnum></subref>
<descript><para> for a liner for a head covering, a head covering having
a liner, a method of making a liner for a head covering, or a method of
making a head covering having a liner and subclass 175.3 for an
exterior band for a hat, a hat having an exterior band, a method
of making an exterior band for a hat, or a method of making a hat
having an exterior band.</para></descript></crecord></srchout></subclass>
<subclass subnum = "23" id = "C223S023000">
<scdesc>Miscellaneous devices and methods of cleaning hats during
manufacture or to renovate them.</scdesc>
<srchin>
<srecord><subnum ref = "C223S020000" doc = "Class223.sgm">20</subnum>
<descript><para></para></descript></srecord></srchin>
<srchout>
<crecord><classnum ref = "C015S000000" doc = "Class015.sgm">15</classnum>
<subref><clstitle>Brushing, Scrubbing, and General Cleaning</clstitle>
<pretext></pretext></subref>
<descript><para>for brushing devices in general, also for rubbing
and beating to clean,</para></descript></crecord>
<crecord><classnum ref = "C026S000000" doc = "Class026.sgm">26</classnum>
<subref><clstitle>Textiles: Cloth Finishing</clstitle>
<pretext></pretext></subref>
<descript><para> or rubbing and beating to clean.</para></descript></crecord></srchout></subclass>
<subclass subnum = "24" id = "C223S024000">
<scdesc>Devices of hat form to hold the hat in shape for pouncing
and other operations and to impart a definite shape in forming.</scdesc>
<srchout>
<crecord><classnum ref = "C211S000000" doc = "Class211.sgm">211</classnum>
<subref><clstitle>Supports: Racks</clstitle>
<pretext></pretext>
<subnum range = "s" ref = "C211S030000" doc = "Class211.sgm">30</subnum></subref>
<descript><para>, and indented subclasses.</para></descript></crecord></srchout></subclass>
<subclass subnum = "25" id = "C223S025000">
<parent ref = "C223S024000" doc = "Class223.sgm">subclass 24</parent>
<scdesc>Devices adjustable to the size of the hat or to stretch
the same.</scdesc>
<srchin>
<srecord><subnum ref = "C223S015000" doc = "Class223.sgm">15</subnum>
<descript><para></para></descript></srecord></srchin></subclass>
<subclass subnum = "26" id = "C223S026000">
<parent ref = "C223S025000" doc = "Class223.sgm">subclass 25</parent>
<scdesc>Devices having heating means.</scdesc>
<srchin>
<srecord><subnum ref = "C223S051000" doc = "Class223.sgm">51</subnum>
<descript><para>for heaters, per se.</para></descript></srecord></srchin></subclass>
<subclass subnum = "27" id = "C223S027000">
<scdesc>Devices and methods for making and attaching garment stiffeners;
including many devices for making corset parts.</scdesc>
<srchin>
<srecord><subnum ref = "C223S053000" doc = "Class223.sgm">53</subnum>
<descript><para>for molding and shaping corsets.</para></descript></srecord></srchin>
<srchout>
<crecord><classnum ref = "C002S000000" doc = "Class002.sgm">2</classnum>
<subref><clstitle>Apparel</clstitle>
<pretext></pretext>
<subnum range = "p" ref = "C002S255000" doc = "Class002.sgm">255</subnum></subref>
<descript><para> for garment stiffeners.</para></descript></crecord>
<crecord><classnum ref = "C029S000000" doc = "Class029.sgm">29</classnum>
<subref><clstitle>Metal Working</clstitle>
<pretext></pretext>
<subnum range = "p" ref = "C029S033500" doc = "Class029.sgm">33.5</subnum></subref>
<descript><para> for apparatus for binding or covering and cutting
residually, and subclasses 243.57&plus; for binding or covering.</para></descript></crecord>
<crecord><classnum ref = "C140S000000" doc = "Class140.sgm">140</classnum>
<subref><clstitle>Wireworking</clstitle>
<pretext></pretext>
<subnum range = "s" ref = "C140S091000" doc = "Class140.sgm">91</subnum></subref>
<descript><para> for making wire garment stays.</para></descript></crecord>
<crecord><classnum ref = "C156S000000" doc = "Class156.sgm">156</classnum>
<subref><clstitle>Adhesive Bonding and Miscellaneous Chemical Manufacture</clstitle>
<pretext></pretext></subref>
<descript><para>appropriate subclasses for methods and apparatus
for making laminated articles.</para></descript></crecord>
<crecord><classnum ref = "C450S000000" doc = "Class450.sgm">450</classnum>
<subref><clstitle>Foundation Garments</clstitle>
<pretext></pretext>
<subnum range = "p" ref = "C450S041000" doc = "Class450.sgm">41</subnum></subref>
<descript><para> and 143&plus; for brassieres and corsets, respectively,
with stays.</para></descript></crecord></srchout></subclass>
<subclass subnum = "28" id = "C223S028000">
<scdesc>Devices for plaiting, fluting, or shirring fabrics in the
manufacture of garments, ornaments therefor, and similar material.</scdesc>
<srchout>
<crecord><classnum ref = "C026S000000" doc = "Class026.sgm">26</classnum>
<subref><clstitle>Textiles: Cloth Finishing</clstitle>
<pretext></pretext>
<subnum range = "s" ref = "C026S021000" doc = "Class026.sgm">  21</subnum></subref>
<descript><para>.</para></descript></crecord>
<crecord><classnum ref = "C100S000000" doc = "Class100.sgm">100</classnum>
<subref><clstitle>Presses</clstitle>
<pretext></pretext></subref>
<descript><para>appropriate subclasses for presses not elsewhere
provided for.</para></descript></crecord>
<crecord><classnum ref = "C112S000000" doc = "Class112.sgm">112</classnum>
<subref><clstitle>Sewing</clstitle>
<pretext></pretext>
<subnum range = "s" ref = "C112S025000" doc = "Class112.sgm">25</subnum></subref>
<descript><para>, and indented subclasses; 144, and indented subclasses;
for rufflers or gatherers, subclass 132, and indented subclasses.</para></descript></crecord>
<crecord><classnum ref = "C156S000000" doc = "Class156.sgm">156</classnum>
<subref><clstitle>Adhesive Bonding and Miscellaneous Chemical Manufacturing</clstitle>
<pretext></pretext>
<subnum range = "p" ref = "C156S339000" doc = "Class156.sgm">339</subnum></subref>
<descript><para> for methods for deforming or reshaping paper or
paper like materials.</para></descript></crecord>
<crecord><classnum ref = "C383S000000" doc = "Class383.sgm">383</classnum>
<subref><clstitle>Flexible Bags</clstitle>
<pretext></pretext>
<subnum range = "p" ref = "C383S072000" doc = "Class383.sgm">72</subnum></subref>
<descript><para> for bags having drawstrings.</para></descript></crecord>
<crecord><classnum ref = "C425S000000" doc = "Class425.sgm">425</classnum>
<subref><clstitle>Plastic Article or Earthenware Shaping or Treating:
Apparatus</clstitle>
<pretext></pretext>
<subnum range = "p" ref = "C425S363000" doc = "Class425.sgm">363</subnum></subref>
<descript><para> for a press reshaping means including an endless
surface and subclasses 383&plus; for a preform reshaping means
for nonmetallic materials not provided for elsewhere.</para></descript></crecord>
<crecord><classnum ref = "C493S000000" doc = "Class493.sgm">493</classnum>
<subref><clstitle>Manufacturing Container or Tube From Paper; or
Other Manufacturing From a Sheet or Web</clstitle>
<pretext></pretext>
<subnum range = "p" ref = "C493S395000" doc = "Class493.sgm">395</subnum></subref>
<descript><para>.</para></descript></crecord></srchout></subclass>
<subclass subnum = "29" id = "C223S029000">
<parent ref = "C223S028000" doc = "Class223.sgm">subclass 28</parent>
<scdesc>Devices and having additional means to crease or flatten
across previously made plaits.</scdesc></subclass>
<subclass subnum = "30" id = "C223S030000">
<scdesc>Devices making plaits by means of one or more reciprocating
blades operating generally against a slotted bed or between rolls
or other plaiting elements.</scdesc>
<srchin>
<srecord><subnum ref = "C223S033000" doc = "Class223.sgm">33</subnum>
<descript><para></para></descript></srecord></srchin></subclass>
<subclass subnum = "31" id = "C223S031000">
<scdesc>The blades operate against a series of slots in a bed.</scdesc></subclass>
<subclass subnum = "32" id = "C223S032000">
<scdesc>Devices forming plaits by passing the fabric through rolls,
bands, or other elements having intermeshing teeth, which form the
plairs or flutes.</scdesc>
<srchout>
<crecord><classnum ref = "C156S000000" doc = "Class156.sgm">156</classnum>
<subref><clstitle>Adhesive Bonding and Miscellaneous Chemical Manufacture</clstitle>
<pretext></pretext>
<subnum range = "p" ref = "C156S339000" doc = "Class156.sgm">339</subnum></subref>
<descript><para> for methods for deforming or reshaping paper or
paper like materials.</para></descript></crecord>
<crecord><classnum ref = "C425S000000" doc = "Class425.sgm">425</classnum>
<subref><clstitle>Plastic Article or Earthenware Shaping or Treating:
Apparatus</clstitle>
<pretext></pretext>
<subnum range = "p" ref = "C425S369000" doc = "Class425.sgm">369</subnum></subref>
<descript><para> for a preform corrugating means comprising opposed
endless shaping means.</para></descript></crecord></srchout></subclass>
<subclass subnum = "33" id = "C223S033000">
<parent ref = "C223S028000" doc = "Class223.sgm">subclass 28</parent>
<scdesc>Devices and methods having a boardlike form having means
in the form of rods or projections on which the material is plaited.
In some instances the board serves merely to hold the material which
is plaited by a hand implement or by a pattern element.</scdesc>
<srchin>
<srecord><subnum ref = "C223S028000" doc = "Class223.sgm">28</subnum>
<descript><para>for boards in which the surface is made up by adjustable
blocks.</para></descript></srecord>
<srecord><subnum ref = "C223S036000" doc = "Class223.sgm">36</subnum>
<descript><para></para></descript></srecord></srchin></subclass>
<subclass subnum = "34" id = "C223S034000">
<scdesc>Fixed guides for producing (usually) longitudinal plaits
in a strip of material by a relative motion of the material guide.</scdesc>
<srchin>
<srecord><subnum ref = "C223S037000" doc = "Class223.sgm">37</subnum>
<descript><para></para></descript></srecord></srchin>
<srchout>
<crecord><classnum ref = "C112S000000" doc = "Class112.sgm">112</classnum>
<subref><clstitle>Sewing</clstitle>
<pretext></pretext>
<subnum range = "p" ref = "C112S136000" doc = "Class112.sgm">136</subnum></subref>
<descript><para>.</para></descript></crecord></srchout></subclass>
<subclass subnum = "35" id = "C223S035000">
<scdesc>Hand implements for fluting or crimping material.</scdesc>
<srchout>
<crecord><classnum ref = "C132S000000" doc = "Class132.sgm">132</classnum>
<subref><clstitle>Toilet</clstitle>
<pretext></pretext>
<subnum range = "s" ref = "C132S031000" doc = "Class132.sgm">31</subnum></subref>
<descript><para> and indented subclasses.</para></descript></crecord></srchout></subclass>
<subclass subnum = "36" id = "C223S036000">
<parent ref = "C223S035000" doc = "Class223.sgm">subclass 35</parent>
<scdesc>Hand implements. These include combined sad and fluting
irons, and hand irons, having teeth intermeshing with a bed.</scdesc></subclass>
<subclass subnum = "37" id = "C223S037000">
<scdesc>Devices and methods for folding garments and the like or
parts thereof. Devices for folding collars and cuff blanks, for
folding selvage edges, cuffs, or borders, on stockings, pants, and
the like, are here.</scdesc>
<srchin>
<srecord><subnum ref = "C223S002000" doc = "Class223.sgm">2</subnum>
<descript><para>3, 27, 28&plus;, 35.</para></descript></srecord></srchin>
<srchout>
<crecord><classnum ref = "C053S000000" doc = "Class053.sgm">53</classnum>
<subref><clstitle>Package Making</clstitle>
<pretext></pretext>
<subnum range = "p" ref = "C053S428000" doc = "Class053.sgm">428</subnum></subref>
<descript><para> for methods and subclasses 117&plus; for apparatus
to form a package including means to fold or roll up sheet material or
garments.</para></descript></crecord>
<crecord><classnum ref = "C112S000000" doc = "Class112.sgm">112</classnum>
<subref><clstitle>Sewing</clstitle>
<pretext></pretext>
<subnum range = "s" ref = "C112S136000" doc = "Class112.sgm">136</subnum></subref>
<descript><para>, and indented subclasses or folders in connection with
sewing machines.</para></descript></crecord>
<crecord><classnum ref = "C156S000000" doc = "Class156.sgm">156</classnum>
<subref><clstitle>Adhesive Bonding and Miscellaneous Chemical Manufacturing</clstitle>
<pretext>appropriate subclasses for processes and apparatus for
laminating combined with a shaping step and see especially </pretext>
<subnum range = "p" ref = "C156S339000" doc = "Class156.sgm">339</subnum></subref>
<descript><para>.</para></descript></crecord>
<crecord><classnum ref = "C270S000000" doc = "Class270.sgm">270</classnum>
<subref><clstitle>Sheet-Material Associating</clstitle>
<pretext></pretext></subref>
<descript><para> for the general folding art.</para></descript></crecord>
<crecord><classnum ref = "C493S000000" doc = "Class493.sgm">493</classnum>
<subref><clstitle>Manufacturing Container or Tube From Paper; or
Other Manufacturing From a Sheet or Web</clstitle>
<pretext></pretext>
<subnum range = "p" ref = "C493S405000" doc = "Class493.sgm">405</subnum></subref>
<descript><para> for folding a nonmetal sheet or web, generally.</para></descript></crecord></srchout></subclass>
<subclass subnum = "38" id = "C223S038000">
<parent ref = "C223S037000" doc = "Class223.sgm">subclass 37</parent>
<scdesc>Machines, implements, and processes for folding coming,
and having a templet over which the edge of the material is folded
by movable folder blades.</scdesc>
<srchout>
<crecord><classnum ref = "C112S000000" doc = "Class112.sgm">112</classnum>
<subref><clstitle>Sewing</clstitle>
<pretext></pretext>
<subnum range = "s" ref = "C112S120000" doc = "Class112.sgm">120</subnum></subref>
<descript><para>.</para></descript></crecord></srchout></subclass>
<subclass subnum = "39" id = "C223S039000">
<scdesc>Devices and methods of turning inside out and reversing
garments, bags, and tubular fabric material.</scdesc>
<srchin>
<srecord><subnum ref = "C223S037000" doc = "Class223.sgm">37</subnum>
<descript><para>for devices for turning a cuff or sleeve partly
over on trousers bottom, or stocking top, or the like.</para></descript></srecord></srchin>
<srchout>
<crecord><classnum ref = "C012S000000" doc = "Class012.sgm">12</classnum>
<subref><clstitle>Boot and Shoe Making</clstitle>
<pretext></pretext>
<subnum range = "p" ref = "C012S057000" doc = "Class012.sgm">57</subnum></subref>
<descript><para> for apparatus for turning boots and shoes or the
uppers or upper parts.</para></descript></crecord></srchout></subclass>
<subclass subnum = "40" id = "C223S040000">
<parent ref = "C223S039000" doc = "Class223.sgm">subclass 39</parent>
<scdesc>Devices coming having opposed members telescopically related,
one passing within or between the opposing member or members.</scdesc></subclass>
<subclass subnum = "41" id = "C223S041000">
<parent ref = "C223S039000" doc = "Class223.sgm">subclass 39</parent>
<scdesc>Devices coming and having supports arranged end to end in
abutting relation, the article being pulled from one to the other
and thereby reversed.</scdesc></subclass>
<subclass subnum = "42" id = "C223S042000">
<scdesc>The devices have a rod on one end of which is an article
engaging clamp.</scdesc></subclass>
<subclass subnum = "43" id = "C223S043000">
<scdesc>Devices which effect the turning operation by fluid pressure
impressed directly on the article.</scdesc>
<srchout>
<crecord><classnum ref = "C015S000000" doc = "Class015.sgm">15</classnum>
<subref><clstitle>Brushing, Scrubbing, and General Cleaning</clstitle>
<pretext></pretext>
<subnum range = "s" ref = "C015S304000" doc = "Class015.sgm">304</subnum></subref>
<descript><para> for similar devices having additional cleaning means.</para></descript></crecord></srchout></subclass>
<subclass subnum = "44" id = "C223S044000">
<scdesc>This is the general subclass for making and attaching trimmings
to apparel, table ware and similar objects unless provided in other
classes as noted below.</scdesc>
<notes><note1 notenum = "(1)">
<para>Note. For making ornamentations by sewing, weaving, knitting,
dyeing, or other processes provided for in the textile classes,
see the appropriate class.</para></note1>
<note1 notenum = "(2)">
<para>Note. Button setters not provided for in another class are
placed in this subclass, except for hooked-needle or eyed-needle types,
for which see Search This Class, Subclass notes below. </para></note1></notes>
<srchin>
<srecord><subnum ref = "C223S028000" doc = "Class223.sgm">28</subnum>
<descript><para>for plaiting, shirring and fluting.</para></descript></srecord>
<srecord><subnum ref = "C223S102000" doc = "Class223.sgm">102</subnum>
<descript><para>for hooked-needle or eyed-needle types.</para></descript></srecord></srchin>
<srchout>
<crecord><classnum ref = "C002S000000" doc = "Class002.sgm">2</classnum>
<subref><clstitle>Apparel</clstitle>
<pretext></pretext>
<subnum range = "p" ref = "C002S244000" doc = "Class002.sgm">244</subnum></subref>
<descript><para> for trimmings and for ornamental articles of apparel
and similar ornamental articles; subclasses 265&plus; for other
means or for methods of attaching a button to apparel,</para></descript></crecord>
<crecord><classnum ref = "C026S000000" doc = "Class026.sgm">26</classnum>
<subref><clstitle>Textiles: Cloth Finishing</clstitle>
<pretext></pretext>
<subnum range = "r" ref = "C026S016000" doc = "Class026.sgm">16</subnum></subref>
<descript><para>, 30 and 69 for  methods of ornamenting cloth.</para></descript></crecord>
<crecord><classnum ref = "C066S000000" doc = "Class066.sgm">66</classnum>
<subref><clstitle>Textiles: Knitting</clstitle>
<pretext></pretext></subref>
<descript><para>for ornamentation of fabrics or articles while being woven
or knit.</para></descript></crecord>
<crecord><classnum ref = "C101S000000" doc = "Class101.sgm">101</classnum>
<subref><clstitle>Printing</clstitle>
<pretext></pretext></subref>
<descript><para>for embossing methods and machines in general.</para></descript></crecord>
<crecord><classnum ref = "C112S000000" doc = "Class112.sgm">112</classnum>
<subref><clstitle>Sewing</clstitle>
<pretext>appropriate subclasses for sewn trimming stock material; </pretext>
<subnum range = "p" ref = "C112S104000" doc = "Class112.sgm">104</subnum></subref>
<descript><para> and 265.1 for means or methods of attaching a button
by using a sewing machine.</para></descript></crecord>
<crecord><classnum ref = "C139S000000" doc = "Class139.sgm">139</classnum>
<subref><clstitle>Textiles: Weaving</clstitle>
<pretext></pretext></subref>
<descript><para>for ornamentation of fabrics or articles while being woven
or knit.</para></descript></crecord>
<crecord><classnum ref = "C156S000000" doc = "Class156.sgm">156</classnum>
<subref><clstitle>Adhesive Bonding and Miscellaneous Chemical Manufacture</clstitle>
<pretext></pretext></subref>
<descript><para>appropriate subclasses, for methods and apparatus
for securing elements together by a laminating operation.</para></descript></crecord>
<crecord><classnum ref = "C227S000000" doc = "Class227.sgm">227</classnum>
<subref><clstitle>Elongated-Member-Driving Apparatus</clstitle>
<pretext></pretext>
<subnum range = "p" ref = "C227S031000" doc = "Class227.sgm">31</subnum></subref>
<descript><para> for apparatus which attaches a button by driving
it or a securing member (e.g., a staple) into a workpiece. </para></descript></crecord>
<crecord><classnum ref = "C428S000000" doc = "Class428.sgm">428</classnum>
<subref><clstitle>Stock Material or Miscellaneous Articles</clstitle>
<pretext>appropriate subclasses for trimming material which is not
sewn, and </pretext>
<subnum range = "p" ref = "C428S102000" doc = "Class428.sgm">102</subnum></subref>
<descript><para> for stock material which may be used as trimming
material and which includes stitching and discrete fasteners, coating
or an adhesive bond.</para></descript></crecord></srchout></subclass>
<subclass subnum = "45" id = "C223S045000">
<scdesc>Devices and methods for spotting fabrics usually by applying
tufts of chenille to fabrics.</scdesc>
<srchout>
<crecord><classnum ref = "C026S000000" doc = "Class026.sgm">26</classnum>
<subref><clstitle>Textiles: Cloth Finishing</clstitle>
<pretext></pretext>
<subnum range = "r" ref = "C026S002000" doc = "Class026.sgm">2</subnum></subref>
<descript><para>, 7&plus;, 13&plus;.</para></descript></crecord>
<crecord><classnum ref = "C066S000000" doc = "Class066.sgm">66</classnum>
<subref><clstitle>Textiles: Knitting</clstitle>
<pretext></pretext>
<subnum range = "p" ref = "C066S091000" doc = "Class066.sgm">91</subnum></subref>
<descript><para>.</para></descript></crecord>
<crecord><classnum ref = "C112S000000" doc = "Class112.sgm">112</classnum>
<subref><clstitle>Sewing</clstitle>
<pretext></pretext>
<subnum range = "p" ref = "C112S08010" doc = "Class112.sgm">80.01</subnum></subref>
<descript><para> for tufting type sewing apparatus.</para></descript></crecord>
<crecord><classnum ref = "C139S000000" doc = "Class139.sgm">139</classnum>
<subref><clstitle>Textiles: Weaving</clstitle>
<pretext></pretext>
<subnum range = "p" ref = "C139S002000" doc = "Class139.sgm">2</subnum></subref>
<descript><para>, 37&plus;, and 391&plus;.</para></descript></crecord></srchout></subclass>
<subclass subnum = "46" id = "C223S046000">
<scdesc>Machines and processes for making bows, tassels, and the
like.</scdesc>
<srchout>
<crecord><classnum ref = "C028S000000" doc = "Class028.sgm">28</classnum>
<subref><clstitle>Textiles: Manufacturing</clstitle>
<pretext></pretext>
<subnum range = "s" ref = "C028S147000" doc = "Class028.sgm">147</subnum></subref>
<descript><para> for binding thread or yarn in bundles to form tufts.</para></descript></crecord>
<crecord><classnum ref = "C428S000000" doc = "Class428.sgm">428</classnum>
<subref><clstitle>Stock Material or Miscellaneous Articles</clstitle>
<pretext></pretext>
<subnum range = "p" ref = "C428S004000" doc = "Class428.sgm">4</subnum></subref>
<descript><para> for a bow, pompom or rosette article structure,
per se, and subclass 28 for a tassel, per se.</para></descript></crecord></srchout></subclass>
<subclass subnum = "47" id = "C223S047000">
<scdesc>Devices for preparing features for plumes, boas, dusters,
etc., for curling feathers, attaching feathers to fabrics, and otherwise
preparing feather ornaments not otherwise provided for.</scdesc>
<srchout>
<crecord><classnum ref = "C019S000000" doc = "Class019.sgm">19</classnum>
<subref><clstitle>Textiles: Fiber Preparation</clstitle>
<pretext></pretext>
<subnum range = "s" ref = "C019S004000" doc = "Class019.sgm">4</subnum></subref>
<descript><para> for reducing feathers to upholstery and cloth making
materials.</para></descript></crecord>
<crecord><classnum ref = "C112S000000" doc = "Class112.sgm">112</classnum>
<subref><clstitle>Sewing</clstitle>
<pretext></pretext>
<subnum range = "s" ref = "C112S404000" doc = "Class112.sgm">404</subnum></subref>
<descript><para> for stock material including feathers sewn thereto; subclass
121.17 for a machine for sewing feathers to a base fabric; and subclass
470.19 for a method of sewing feathers to a base fabric.</para></descript></crecord>
<crecord><classnum ref = "C428S000000" doc = "Class428.sgm">428</classnum>
<subref><clstitle>Stock Material or Miscellaneous</clstitle>
<pretext> 428, </pretext>
<subnum range = "s" ref = "C428S006000" doc = "Class428.sgm">6</subnum></subref>
<descript><para> for an article comprising feathers or a group of
feathers.</para></descript></crecord></srchout></subclass>
<subclass subnum = "48" id = "C223S048000">
<scdesc>Devices and methods of stringing pearls, beads, etc.</scdesc>
<srchout>
<crecord><classnum ref = "C029S000000" doc = "Class029.sgm">29</classnum>
<subref><clstitle>Metal Working</clstitle>
<pretext></pretext>
<subnum range = "p" ref = "C029S241000" doc = "Class029.sgm">241</subnum></subref>
<descript><para> for other apparatus for assembling by stringing.</para></descript></crecord>
<crecord><classnum ref = "C063S000000" doc = "Class063.sgm">63</classnum>
<subref><clstitle>Jewelry</clstitle>
<pretext></pretext></subref>
<descript><para>for pertinent subclass (es) as determined by schedule
review.</para></descript></crecord></srchout></subclass>
<subclass subnum = "49" id = "C223S049000">
<scdesc>Devices for assembling parts of suspenders, garters, and
the like.</scdesc>
<srchout>
<crecord><classnum ref = "C029S000000" doc = "Class029.sgm">29</classnum>
<subref><clstitle>Metal Working</clstitle>
<pretext>for assembling generally, see </pretext>
<subnum range = "p" ref = "C029S700000" doc = "Class029.sgm">700</subnum></subref>
<descript><para>.</para></descript></crecord></srchout></subclass>
<subclass subnum = "50" id = "C223S050000">
<scdesc>Devices for inserting a tape, thread or cord into a garment,
lace and the like.</scdesc>
<srchin>
<srecord><subnum ref = "C223S103000" doc = "Class223.sgm">103</subnum>
<descript><para>105.</para></descript></srecord></srchin>
<srchout>
<crecord><classnum ref = "C024S000000" doc = "Class024.sgm">24</classnum>
<subref><clstitle>Buckles, Buttons, Clasps, etc.</clstitle>
<subnum range = "r" ref = "C024S034000" doc = "Class024.sgm">34</subnum></subref>
<descript><para>, and 712&plus;.</para></descript></crecord>
<crecord><classnum ref = "C029S000000" doc = "Class029.sgm">29</classnum>
<subref><clstitle>Metal Working</clstitle>
<pretext></pretext>
<subnum range = "p" ref = "C029S241000" doc = "Class029.sgm">241</subnum></subref>
<descript><para> for apparatus that assembles and disassembles by
a stringing action, either by stringing parts on an attenuated or elongated
means or by passing such means through a part or parts.</para></descript></crecord>
<crecord><classnum ref = "C383S000000" doc = "Class383.sgm">383</classnum>
<subref><clstitle>Flexible Bags</clstitle>
<pretext></pretext>
<subnum range = "p" ref = "C383S072000" doc = "Class383.sgm">72</subnum></subref>
<descript><para> for bags having drawstrings.</para></descript></crecord></srchout></subclass>
<subclass subnum = "51" id = "C223S051000">
<scdesc>Devices for heating and&sol;or steaming hats and other
articles in this class in making or remodeling the same.</scdesc>
<srchin>
<srecord><subnum range = "s" ref = "C223S026000" doc = "Class223.sgm">26</subnum>
<descript><para>for a heated adjustable hat-making block and form.</para></descript></srecord>
<srecord><subnum range = "s" ref = "C223S060000" doc = "Class223.sgm">60</subnum>
<descript><para>for a means or method for molding or pressing a
stocking where the form may be heated by the press plates, or an
internal steam, hot-air or water current.</para></descript></srecord>
<srecord><subnum range = "s" ref = "C223S069000" doc = "Class223.sgm">69</subnum>
<descript><para>for a dress, coat, or skirt drying and stretching
frame.</para></descript></srecord>
<srecord><subnum range = "s" ref = "C223S073000" doc = "Class223.sgm">73</subnum>
<descript><para>for a heating or steaming form for trousers or sleeve.</para></descript></srecord>
<srecord><subnum range = "s" ref = "C223S076000" doc = "Class223.sgm">76</subnum>
<descript><para>for a heating or steaming form for a stocking.</para></descript></srecord>
<srecord><subnum range = "s" ref = "C223S079000" doc = "Class223.sgm">79</subnum>
<descript><para>for a heating or steaming form for a glove.</para></descript></srecord></srchin>
<srchout>
<crecord><classnum ref = "C038S000000" doc = "Class038.sgm">38</classnum>
<subref><clstitle>Textiles: Ironing or Smoothing</clstitle>
<pretext></pretext>
<subnum range = "r" ref = "C038S014000" doc = "Class038.sgm">14</subnum>
<endnum ref = "C038S016000" doc = "Class038.sgm">16</endnum></subref>
<descript><para> for a smoothing machine having fluid flow to or through
the work or subclasses 71 and 72 for a platen press smoothing implement.</para></descript></crecord>
<crecord><classnum ref = "C068S000000" doc = "Class068.sgm">68</classnum>
<subref><clstitle>Textiles: Fluid Treating Apparatus</clstitle>
<pretext></pretext>
<subnum range = "r" ref = "C068S005000" doc = "Class068.sgm">5</subnum>
<endnum ref = "C068S008000" doc = "Class068.sgm">8</endnum></subref>
<descript><para> for a machine using gas, steam, or mist to treat
the textile.</para></descript></crecord>
<crecord><classnum ref = "C126S000000" doc = "Class126.sgm">126</classnum>
<subref><clstitle>Stoves and Furnaces</clstitle>
<pretext></pretext>
<subnum range = "s" ref = "C126S348000" doc = "Class126.sgm">348</subnum></subref>
<descript><para> for a liquid heating-type steam generator and cooker
or subclasses 369-369.3 for a steam chamber for food.</para></descript></crecord></srchout></subclass>
<subclass subnum = "52" id = "C223S052000">
<scdesc>The miscellaneous subclass for forming, molding, pressing,
stretching articles of apparel and similar things not otherwise
provided for in this class.</scdesc>
<srchin>
<srecord><subnum ref = "C223S053000" doc = "Class223.sgm">53</subnum>
<descript><para>54, 57, and other appropriate subclasses for like
treatments of other articles of apparel.</para></descript></srecord></srchin>
<srchout>
<crecord><classnum ref = "C012S000000" doc = "Class012.sgm">12</classnum>
<subref><clstitle>Boot and Shoe Making</clstitle>
<pretext></pretext></subref>
<descript><para> for shaping and forming shoe parts, see Class </para></descript></crecord>
<crecord><classnum ref = "C026S000000" doc = "Class026.sgm">26</classnum>
<subref><clstitle>Textiles: Cloth Finishing</clstitle>
<pretext></pretext>
<subnum range = "p" ref = "C026S071000" doc = "Class026.sgm">71</subnum></subref>
<descript><para> for apparatus for stretching running length webs
of cloth; and </para></descript></crecord>
<crecord><classnum ref = "C038S000000" doc = "Class038.sgm">38</classnum>
<subref><clstitle>Textiles: Ironing or Smoothing</clstitle>
<pretext></pretext>
<subnum range = "p" ref = "C038S102000" doc = "Class038.sgm">102</subnum></subref>
<descript><para> for stretching apparatus for sheets of cloth.</para></descript></crecord>
<crecord><classnum ref = "C100S000000" doc = "Class100.sgm">100</classnum>
<subref><clstitle>Presses</clstitle>
<pretext></pretext></subref>
<descript><para>appropriate subclasses for presses not elsewhere
provided for.</para></descript></crecord>
<crecord><classnum ref = "C156S000000" doc = "Class156.sgm">156</classnum>
<subref><clstitle>Adhesive Bonding and Miscellaneous Chemical Manufacture</clstitle>
<pretext>appropriate subclasses for laminating combined with a shaping
step and see especially </pretext>
<subnum range = "p" ref = "C156S339000" doc = "Class156.sgm">339</subnum></subref>
<descript><para>.</para></descript></crecord>
<crecord><classnum ref = "C425S000000" doc = "Class425.sgm">425</classnum>
<subref><clstitle>Plastic Article or Earthenware Shaping or Treating:
Apparatus</clstitle>
<pretext></pretext>
<subnum range = "p" ref = "C425S383000" doc = "Class425.sgm">383</subnum></subref>
<descript><para> for molding apparatus comprising a preform reshaping
or resizing means, or a vulcanizing means including a conforming
preform support.</para></descript></crecord></srchout></subclass>
<subclass subnum = "52.1" id = "C223S052100">
<scdesc>Special machines for ironing collars, cuffs, or neckbands.</scdesc>
<srchout>
<crecord><classnum ref = "C038S000000" doc = "Class038.sgm">38</classnum>
<subref><clstitle>Textiles: Ironing or Smoothing</clstitle>
<pretext></pretext></subref>
<descript><para>or ironing machines in general. </para></descript></crecord></srchout></subclass>
<subclass subnum = "52.2" id = "C223S052200">
<scdesc>Collar or cuff ironers which fold the collar or cuff on
a fold line and which curl the collar or cuff.</scdesc></subclass>
<subclass subnum = "52.3" id = "C223S052300">
<scdesc>Collar or cuff ironers which fold the collar or cuff on
a fold line.</scdesc></subclass>
<subclass subnum = "52.4" id = "C223S052400">
<scdesc>Collar or cuff ironers which curl the collar or cuff.</scdesc></subclass>
<subclass subnum = "52.5" id = "C223S052500">
<scdesc>Collar, cuff or neckband ironers which iron an edge of the
collar, cuff or neckband.</scdesc></subclass>
<subclass subnum = "52.6" id = "C223S052600">
<scdesc>Collar ironers which iron the folded edge of a collar.</scdesc></subclass>
<subclass subnum = "53" id = "C223S053000">
<scdesc>Machine methods of and machines for manufacturing corsets.</scdesc>
<srchin>
<srecord><subnum ref = "C223S027000" doc = "Class223.sgm">27</subnum>
<descript><para>for devices and methods for making and attaching
garment stiffeners, including devices for making corset parts.</para></descript></srecord></srchin>
<srchout>
<crecord><classnum ref = "C002S000000" doc = "Class002.sgm">2</classnum>
<subref><clstitle>Apparel</clstitle>
<pretext></pretext>
<subnum range = "p" ref = "C002S255000" doc = "Class002.sgm">255</subnum></subref>
<descript><para> for garment stiffening and staying.</para></descript></crecord>
<crecord><classnum ref = "C450S000000" doc = "Class450.sgm">450</classnum>
<subref><clstitle>Foundation Garments</clstitle>
<pretext></pretext>
<subnum range = "p" ref = "C450S007000" doc = "Class450.sgm">7</subnum></subref>
<descript><para> and 94&plus; for corsets combined with brassieres
and for corsets, respectively, and subclasses 92 and 155 for hand
methods of making the above-noted articles, respectively.</para></descript></crecord></srchout></subclass>
<subclass subnum = "54" id = "C223S054000">
<scdesc>Machine methods of and machines for making dress shields.</scdesc>
<notes><note1 notenum = "(1)">
<para>Note. See the class definition for the line with regard to
garment and sanitary pads.</para></note1></notes>
<srchin>
<srecord><subnum ref = "C223S057000" doc = "Class223.sgm">57</subnum>
<descript><para></para></descript></srecord></srchin>
<srchout>
<crecord><classnum ref = "C002S000000" doc = "Class002.sgm">2</classnum>
<subref><clstitle>Apparel</clstitle>
<pretext></pretext>
<subnum range = "s" ref = "C002S053000" doc = "Class002.sgm">53</subnum></subref>
<descript><para>.</para></descript></crecord></srchout></subclass>
<subclass subnum = "57" id = "C223S057000">
<scdesc>Devices and methods of shaping or reshaping an article of
apparel or part thereof and similar articles as pads, bandages,
and the like, by a pressing or molding operation.</scdesc>
<notes><note1 notenum = "(2)">
<para>Note. For pressing garments on a form conforming to the shape
of the garment, and by one operation see this class.</para></note1></notes>
<srchin>
<srecord><subnum range = "p" ref = "C223S002000" doc = "Class223.sgm">2</subnum>
<descript><para>12&plus;, 21, and 52&plus;.</para></descript></srecord>
<srecord><subnum range = "p" ref = "C223S012000" doc = "Class223.sgm">12</subnum>
<descript><para>24&plus;, for pressing hats.</para></descript></srecord></srchin>
<srchout>
<crecord><classnum ref = "C012S000000" doc = "Class012.sgm">12</classnum>
<subref><clstitle>Boot and Shoe Making</clstitle>
<pretext></pretext>
<subnum range = "r" ref = "C012S021000" doc = "Class012.sgm"> 21</subnum></subref>
<descript><para>, 22, 48, 64&plus;, for pressing and forming
leather articles.</para></descript></crecord>
<crecord><classnum ref = "C038S000000" doc = "Class038.sgm">38</classnum>
<subref><clstitle>Textiles: Ironing or Smoothing</clstitle>
<pretext></pretext></subref>
<descript><para>for pressing cloth and for ironing clothing and
analogous articles such as, e.g., table and bed linens.</para></descript></crecord>
<crecord><classnum ref = "C044S000000" doc = "Class044.sgm">44</classnum>
<subref><clstitle>Fuel and Related Compositions</clstitle>
<pretext></pretext></subref>
<descript><para>for apparatus and methods for molding of plastics,
see Classes </para></descript></crecord>
<crecord><classnum ref = "C069S000000" doc = "Class069.sgm">69</classnum>
<subref><clstitle>Leather Manufactures</clstitle>
<pretext></pretext>
<subnum range = "r" ref = "C069S007000" doc = "Class069.sgm">7</subnum></subref>
<descript><para>, 8 and 37-48, for pressing and forming leather
articles.</para></descript></crecord>
<crecord><classnum ref = "C100S000000" doc = "Class100.sgm">100</classnum>
<subref><clstitle>Presses</clstitle>
<pretext></pretext></subref>
<descript><para>for presses in general.</para></descript></crecord>
<crecord><classnum ref = "C162S000000" doc = "Class162.sgm">162</classnum>
<subref><clstitle>Paper Making and Fiber Liberation</clstitle>
<pretext></pretext></subref>
<descript><para> for apparatus and methods for molding of plastics.</para></descript></crecord>
<crecord><classnum ref = "C264S000000" doc = "Class264.sgm">264</classnum>
<subref><clstitle>Plastic and Nonmetallic Article Shaping or Treating:
Processes</clstitle>
<pretext></pretext></subref>
<descript><para>for apparatus and methods for molding of plastics.</para></descript></crecord></srchout></subclass>
<subclass subnum = "60" id = "C223S060000">
<scdesc>Means and methods for pressing a stocking. Usually the form
is heated either by the press plates or an internal steam or hot-air
or water current.</scdesc>
<srchin>
<srecord><subnum ref = "C223S076000" doc = "Class223.sgm">76</subnum>
<descript><para>77.</para></descript></srecord></srchin></subclass>
<subclass subnum = "61" id = "C223S061000">
<scdesc>Various devices and methods of stretching not otherwise
provided for below.</scdesc>
<srchin>
<srecord><subnum ref = "C223S015000" doc = "Class223.sgm">15</subnum>
<descript><para>for hat shaping devices employing stretching.</para></descript></srecord></srchin>
<srchout>
<crecord><classnum ref = "C029S000000" doc = "Class029.sgm">29</classnum>
<subref><clstitle>Metal Working</clstitle>
<pretext></pretext>
<subnum range = "s" ref = "C029S235000" doc = "Class029.sgm">235</subnum></subref>
<descript><para> for devices for stretching resilient sleeves for
assembling articles within them.</para></descript></crecord>
<crecord><classnum ref = "C038S000000" doc = "Class038.sgm">38</classnum>
<subref><clstitle>Textiles: Ironing or Smoothing</clstitle>
<pretext></pretext>
<subnum range = "s" ref = "C038S102100" doc = "Class038.sgm">102.1</subnum></subref>
<descript><para> for a cloth stretcher frame.</para></descript></crecord>
<crecord><classnum ref = "C069S000000" doc = "Class069.sgm">69</classnum>
<subref><clstitle>Leather Manufactures</clstitle>
<pretext></pretext>
<subnum range = "p" ref = "C069S019100" doc = "Class069.sgm">19.1</subnum></subref>
<descript><para> for a skin or hide stretcher.</para></descript></crecord>
<crecord><classnum ref = "C072S000000" doc = "Class072.sgm">72</classnum>
<subref><clstitle>Metal Deforming</clstitle>
<pretext></pretext>
<subnum range = "p" ref = "C072S296000" doc = "Class072.sgm">296</subnum></subref>
<descript><para>, 302, 378 and 392 for a method or an apparatus
for stretching metal beyond its elastic limit.</para></descript></crecord></srchout></subclass>
<subclass subnum = "63" id = "C223S063000">
<scdesc>Frames or the like to be placed inside the sleeve or leg
and expanded to stretch and&sol;or crease the same.</scdesc>
<srchin>
<srecord><subnum range = "p" ref = "C223S072000" doc = "Class223.sgm">72</subnum>
<descript><para>75&plus;, and 78&plus;, for inside forms
of fixed form or adjustable over which other articles may be placed
for exhibition, drying, shrinking, or stretching.</para></descript></srecord></srchin></subclass>
<subclass subnum = "65" id = "C223S065000">
<parent ref = "C223S061000" doc = "Class223.sgm">subclass 61</parent>
<scdesc>Devices coming in which the stretching is effected by a
stretching frame inside the tie.</scdesc>
<srchin>
<srecord><subnum ref = "C223S082000" doc = "Class223.sgm">82</subnum>
<descript><para></para></descript></srecord></srchin></subclass>
<subclass subnum = "66" id = "C223S066000">
<scdesc>Miscellaneous structures in the nature of a form over which
a garment may be fitted and which serves to impart a shape to the
garment preventing wrinkling and simulating its appearance when
worn, and for purposes of storage or display.</scdesc>
<notes><note1 notenum = "(1)">
<para>Note. These devices also serve to prevent shrinkage and when
adjustable in size may serve as stretchers. Stretchers when stretching
is due to the size, character or adjustability of the form itself are
here or in subclasses 63 and 65; otherwise, for stretching search
the subclasses of stretchers.</para></note1></notes>
<srchin>
<srecord><subnum ref = "C223S024000" doc = "Class223.sgm">24</subnum>
<descript><para>25, 26, for hat blocks.</para></descript></srecord></srchin>
<srchout>
<crecord><classnum ref = "C012S000000" doc = "Class012.sgm">12</classnum>
<subref><clstitle>Boot and Shoe Making</clstitle>
<pretext></pretext></subref>
<descript><para>for lasts.</para></descript></crecord>
<crecord><classnum ref = "C211S000000" doc = "Class211.sgm">211</classnum>
<subref><clstitle>Supports: Racks</clstitle>
<pretext></pretext>
<subnum range = "p" ref = "C211S030000" doc = "Class211.sgm">30</subnum></subref>
<descript><para> and 34&plus;.</para></descript></crecord>
<crecord><classnum ref = "C425S000000" doc = "Class425.sgm">425</classnum>
<subref><clstitle>Plastic Article or Earthenware Shaping or Treating:
Apparatus</clstitle>
<pretext></pretext>
<subnum range = "s" ref = "C425S402000" doc = "Class425.sgm">402</subnum></subref>
<descript><para> for a preform reshaping surface, per se.</para></descript></crecord></srchout></subclass>
<subclass subnum = "67" id = "C223S067000">
<parent ref = "C223S066000" doc = "Class223.sgm">subclass 66</parent>
<scdesc>Forms coming which are inflatable in whole or part.</scdesc>
<srchout>
<crecord><classnum ref = "C012S000000" doc = "Class012.sgm">12</classnum>
<subref><clstitle>Boot and Shoe Making</clstitle>
<pretext></pretext>
<subnum range = "s" ref = "C012S114400" doc = "Class012.sgm">114.4</subnum></subref>
<descript><para> for forms for shaping and stretching shoes, which
are inflated by pneumatic pressure while inserted in the shoe.</para></descript></crecord></srchout></subclass>
<subclass subnum = "68" id = "C223S068000">
<parent ref = "C223S066000" doc = "Class223.sgm">subclass 66</parent>
<scdesc>Devices coming simulating the appearance of dress, coat,
or skirt.</scdesc>
<srchout>
<crecord><classnum ref = "C033S000000" doc = "Class033.sgm">33</classnum>
<subref><clstitle>Geometrical Instruments</clstitle>
<pretext></pretext>
<subnum range = "r" ref = "C033S011000" doc = "Class033.sgm">11</subnum>
<endnum ref = "C033S016000" doc = "Class033.sgm">16</endnum></subref>
<descript><para> for devices for and methods of laying out and measuring, using
sometimes forms expansible and contractile to fit the person.</para></descript></crecord></srchout></subclass>
<subclass subnum = "69" id = "C223S069000">
<scdesc>Devices in the nature of flat expansible frames simulating
the outline of a coat, skirt, etc., on which the garment may be
stretched to shrink, dry, or display it.</scdesc>
<srchin>
<srecord><subnum ref = "C223S051000" doc = "Class223.sgm">51</subnum>
<descript><para>63, 76, 79.</para></descript></srecord></srchin></subclass>
<subclass subnum = "70" id = "C223S070000">
<parent ref = "C223S068000" doc = "Class223.sgm">subclass 68</parent>
<scdesc>Devices coming having heating or steaming means.</scdesc>
<srchin>
<srecord><subnum ref = "C223S051000" doc = "Class223.sgm">51</subnum>
<descript><para>73, 76, 79.</para></descript></srecord></srchin></subclass>
<subclass subnum = "71" id = "C223S071000">
<scdesc>Devices in the nature of substantially flat or planar forms
to assist in retaining the shape or form of a laundered dress, coat
or skirt for use in display, storage, or as a laundry or travel accessory.</scdesc></subclass>
<subclass subnum = "72" id = "C223S072000">
<parent ref = "C223S066000" doc = "Class223.sgm">subclass 66</parent>
<scdesc>Constructions coming in the general form of a tubular article
as a sleeve or trouser-leg upon which an article may be placed for
display, or to dry and shrink, or for other purposes.</scdesc>
<srchin>
<srecord><subnum ref = "C223S063000" doc = "Class223.sgm">63</subnum>
<descript><para>for internal trouser stretching frames.</para></descript></srecord></srchin></subclass>
<subclass subnum = "73" id = "C223S073000">
<parent ref = "C223S072000" doc = "Class223.sgm">subclass 72</parent>
<scdesc>Devices coming having means internal or external to heat
or steam the article placed on the form.</scdesc>
<srchin>
<srecord><subnum ref = "C223S051000" doc = "Class223.sgm">51</subnum>
<descript><para>for heating and steaming hats.</para></descript></srecord>
<srecord><subnum ref = "C223S069000" doc = "Class223.sgm">69</subnum>
<descript><para>70, 76, and 79 for heating and steaming forms for
coats, gloves and stockings.</para></descript></srecord></srchin></subclass>
<subclass subnum = "74" id = "C223S074000">
<parent ref = "C223S072000" doc = "Class223.sgm">subclass 72</parent>
<scdesc>Devices coming which are expansible to fit different sized
garments or to stretch the same.</scdesc>
<srchin>
<srecord><subnum range = "p" ref = "C223S061000" doc = "Class223.sgm">61</subnum>
<descript><para>if specific stretching means other than the mere
adjustability to size of the form are present.</para></descript></srecord>
<srecord><subnum ref = "C223S063000" doc = "Class223.sgm">63</subnum>
<descript><para>for inside expansible frames as stretchers.</para></descript></srecord></srchin></subclass>
<subclass subnum = "75" id = "C223S075000">
<parent ref = "C223S066000" doc = "Class223.sgm">subclass 66</parent>
<scdesc>Devices coming in form of a stocking or stocking-foot.</scdesc>
<srchin>
<srecord><subnum ref = "C223S060000" doc = "Class223.sgm">60</subnum>
<descript><para></para></descript></srecord></srchin></subclass>
<subclass subnum = "76" id = "C223S076000">
<parent ref = "C223S075000" doc = "Class223.sgm">subclass 75</parent>
<scdesc>Devices coming having forms combined with heating means
as electrical, hot water, or steam systems. Also forms per se specially
adapted to be used in connection with such heating means.</scdesc>
<srchin>
<srecord><subnum ref = "C223S051000" doc = "Class223.sgm">51</subnum>
<descript><para>60, 70, 76, and 79.</para></descript></srecord></srchin></subclass>
<subclass subnum = "77" id = "C223S077000">
<parent ref = "C223S076000" doc = "Class223.sgm">subclass 76</parent>
<scdesc>Forms coming having means to expand them in one or more
directions.</scdesc></subclass>
<subclass subnum = "78" id = "C223S078000">
<parent ref = "C223S066000" doc = "Class223.sgm">subclass 66</parent>
<scdesc>Forms coming in the form of a hand or part of a hand.</scdesc>
<srchout>
<crecord><classnum ref = "C623S000000" doc = "Class623.sgm">623</classnum>
<subref><clstitle>Prosthesis (i.e., Artificial Body Members), Part
Thereof, or Aids and Accessories Therefor</clstitle>
<pretext></pretext>
<subnum range = "p" ref = "C623S057000" doc = "Class623.sgm">57</subnum></subref>
<descript><para> for artificial hands designed to replace missing
members of a living human body.</para></descript></crecord></srchout></subclass>
<subclass subnum = "79" id = "C223S079000">
<parent ref = "C223S078000" doc = "Class223.sgm">subclass 78</parent>
<scdesc>Devices coming having heating or steaming means.</scdesc>
<srchin>
<srecord><subnum ref = "C223S051000" doc = "Class223.sgm">51</subnum>
<descript><para>60, 70, 73, and 76, for heating forms for other
articles.</para></descript></srecord></srchin></subclass>
<subclass subnum = "80" id = "C223S080000">
<parent ref = "C223S078000" doc = "Class223.sgm">subclass 78</parent>
<scdesc>Devices coming which are expansible, usually to stretch
a glove or finger.</scdesc>
<srchin>
<srecord><subnum ref = "C223S074000" doc = "Class223.sgm">74</subnum>
<descript><para>77, for other expansible forms.</para></descript></srecord>
<srecord><subnum ref = "C223S079000" doc = "Class223.sgm">79</subnum>
<descript><para>for heated expansible forms.</para></descript></srecord></srchin></subclass>
<subclass subnum = "81" id = "C223S081000">
<parent ref = "C223S066000" doc = "Class223.sgm">subclass 66</parent>
<scdesc>Forms coming shaped to conform to articles of neckwear as
collars and ties.</scdesc>
<srchin>
<srecord><subnum ref = "C223S065000" doc = "Class223.sgm">65</subnum>
<descript><para>for inside stretcher frames.</para></descript></srecord></srchin></subclass>
<subclass subnum = "82" id = "C223S082000">
<parent ref = "C223S081000" doc = "Class223.sgm">subclass 81</parent>
<scdesc>Devices coming to be placed inside the tie or other article.</scdesc>
<srchin>
<srecord><subnum ref = "C223S065000" doc = "Class223.sgm">65</subnum>
<descript><para>for stretching frames inside a tie.</para></descript></srecord></srchin></subclass>
<subclass subnum = "83" id = "C223S083000">
<scdesc>Miscellaneous devices for retaining the form of collars,
ties, etc., usually in connection with putting up laundered articles,
or as baggage, packing or traveling accessories.</scdesc>
<srchin>
<srecord><subnum ref = "C223S071000" doc = "Class223.sgm">71</subnum>
<descript><para>84.</para></descript></srecord></srchin></subclass>
<subclass subnum = "84" id = "C223S084000">
<scdesc>Miscellaneous devices for retaining the shape or form of
an article of apparel, usually to retain the form of a laundered
article but, also, for display purposes.</scdesc>
<srchin>
<srecord><subnum ref = "C223S071000" doc = "Class223.sgm">71</subnum>
<descript><para>83.</para></descript></srecord></srchin></subclass>
<subclass subnum = "85" id = "C223S085000">
<scdesc>Devices having features specially adapting them to suspend
garments.</scdesc>
<notes><note1 notenum = "(1)">
<para>Note. These are distinguished from forms, this class, in that
the latter are designed to simulate to a greater or less extend
the human form to support and shape the garment as it is when worn. The
mere rounded top coat hanger is in hangers.</para></note1></notes>
<srchout>
<crecord><classnum ref = "C024S000000" doc = "Class024.sgm">24</classnum>
<subref><clstitle>Buckles, Buttons, Clasps, etc.</clstitle>
<subnum range = "s" ref = "C024S716000" doc = "Class024.sgm">716</subnum></subref>
<descript><para> for a hanger device (e.g., hook) for portable article
support (e.g., coat hanger).</para></descript></crecord>
<crecord><classnum ref = "C140S000000" doc = "Class140.sgm">140</classnum>
<subref><clstitle>Wireworking</clstitle>
<pretext></pretext>
<subnum range = "s" ref = "C140S081500" doc = "Class140.sgm">81.5</subnum></subref>
<descript><para> for processes and apparatus for forming wire garment
hangers.</para></descript></crecord>
<crecord><classnum ref = "C206S000000" doc = "Class206.sgm">206</classnum>
<subref><clstitle>Special Receptacle or Package</clstitle>
<pretext></pretext>
<subnum range = "p" ref = "C206S278000" doc = "Class206.sgm">278</subnum></subref>
<descript><para> for a container specially adapted to contain garments
and made-up articles of cloth. Includes a former, coacting with
the container, for holding the article in shape and a special former
for packing and not capable of use for display.</para></descript></crecord>
<crecord><classnum ref = "C211S000000" doc = "Class211.sgm">211</classnum>
<subref><clstitle>Supports: Racks</clstitle>
<pretext></pretext>
<subnum range = "p" ref = "C211S030000" doc = "Class211.sgm">30</subnum></subref>
<descript><para>, 38 for hat and shoe supports, and hangers; for
other suspending supports, seesubclasses 113&plus;, and  45&plus;,
which are in general for supporting plural articles. Also see this
class for devices which may be used for suspending a garment and
equally well for suspending other articles, having no special adaptation
for garment hanging,.</para></descript></crecord>
<crecord><classnum ref = "C248S000000" doc = "Class248.sgm">248</classnum>
<subref><clstitle>Supports</clstitle>
<pretext></pretext></subref>
<descript><para>for other suspending supports, see various subclasses
of suspended support in this class, which are in general for supporting
single articles; also see this class for devices which may be used
for suspending a garment and equally well for suspending other articles,
having no special adaptation for garment hanging; also  for hooks,
per se.</para></descript></crecord></srchout></subclass>
<subclass subnum = "86" id = "C223S086000">
<parent ref = "C223S085000" doc = "Class223.sgm">subclass 85</parent>
<scdesc>Hangers coming, having means to retain perfumery or insect
repelling material.</scdesc></subclass>
<subclass subnum = "87" id = "C223S087000">
<parent ref = "C223S085000" doc = "Class223.sgm">subclass 85</parent>
<scdesc>Hangers coming, made of sheet material, usually a flexible
cardboard.</scdesc></subclass>
<subclass subnum = "88" id = "C223S088000">
<scdesc>Garment hangers constructed to support more than one garment
at a time, the garments being of different types.</scdesc></subclass>
<subclass subnum = "89" id = "C223S089000">
<scdesc>Combined type hangers constructed to be either foldable
or telescopic.</scdesc></subclass>
<subclass subnum = "90" id = "C223S090000">
<scdesc>Foldable or telescopic hangers of the combined type having
a clamp or clamps for supporting garments.</scdesc></subclass>
<subclass subnum = "91" id = "C223S091000">
<scdesc>Combined type hangers having a clamp or clamps for supporting
garments.</scdesc></subclass>
<subclass subnum = "92" id = "C223S092000">
<scdesc>Garment hangers constructed to support a coat or dress.
These hangers for the most part are of the simple single supporting
bar type.</scdesc></subclass>
<subclass subnum = "93" id = "C223S093000">
<scdesc>Coat or dress hangers having a clamp or clamps for supporting
garments.</scdesc>
<srchin>
<srecord><subnum ref = "C223S090000" doc = "Class223.sgm">90</subnum>
<descript><para>and 91, for clamp type garment hangers in combined
form.</para></descript></srecord></srchin></subclass>
<subclass subnum = "94" id = "C223S094000">
<scdesc>Coat or dress hangers constructed to be either foldable
or telescopic.</scdesc>
<notes><note1 notenum = "(1)">
<para>Note. Coat or dress hangers which are both &ldquo;with
clamp&rdquo; and &ldquo;foldable or telescopic&rdquo;,
will be classified in subclass 93, and cross-referenced into subclass
94.</para></note1></notes>
<srchin>
<srecord><subnum ref = "C223S089000" doc = "Class223.sgm">89</subnum>
<descript><para>for combined type hangers which are foldable or
telescopic.</para></descript></srecord></srchin></subclass>
<subclass subnum = "95" id = "C223S095000">
<scdesc>Garment hangers constructed to support a skirt or trousers.</scdesc>
<srchout>
<crecord><classnum ref = "C211S000000" doc = "Class211.sgm">211</classnum>
<subref><clstitle>Supports: Racks</clstitle>
<pretext></pretext>
<subnum range = "p" ref = "C211S045000" doc = "Class211.sgm">45</subnum></subref>
<descript><para>, 113&plus;.</para></descript></crecord></srchout></subclass>
<subclass subnum = "96" id = "C223S096000">
<scdesc>Skirt or trousers hangers having a clamp or clamps for supporting
garments.</scdesc>
<srchin>
<srecord><subnum ref = "C223S090000" doc = "Class223.sgm">90</subnum>
<descript><para>and 91, for clamp type garment hangers in combined
form.</para></descript></srecord></srchin></subclass>
<subclass subnum = "97" id = "C223S097000">
<scdesc>Garment hangers constructed to support a fur scarf or muff
or both.</scdesc></subclass>
<subclass subnum = "98" id = "C223S098000">
<scdesc>Devices, frequently cardboard, to be placed over the hanger,
or over the hanger and garment to protect the latter from dust or
from injury by the hanger.</scdesc>
<srchout>
<crecord><classnum ref = "C150S000000" doc = "Class150.sgm">150</classnum>
<subref><clstitle>Purses, Wallets, and Protective Covers</clstitle>
<pretext></pretext>
<subnum range = "p" ref = "C150S154000" doc = "Class150.sgm">154</subnum></subref>
<descript><para> for a flaccid protective cover which is configured
for and supported by the article it protects.</para></descript></crecord>
<crecord><classnum ref = "C312S000000" doc = "Class312.sgm">312</classnum>
<subref><clstitle>Supports: Cabinet Structure</clstitle>
<pretext></pretext>
<subnum range = "p" ref = "C312S003000" doc = "Class312.sgm">3</subnum></subref>
<descript><para>.</para></descript></crecord></srchout></subclass>
<subclass subnum = "99" id = "C223S099000">
<scdesc>Devices for threading needles.</scdesc>
<srchout>
<crecord><classnum ref = "C029S000000" doc = "Class029.sgm">29</classnum>
<subref><clstitle>Metal Working</clstitle>
<pretext></pretext>
<subnum range = "s" ref = "C029S241000" doc = "Class029.sgm">241</subnum></subref>
<descript><para> for apparatus for assembling and disassembling
by a stringing action, either by stringing parts on an attenuated
or elongated means or by passing such means through a part or parts.</para></descript></crecord>
<crecord><classnum ref = "C112S000000" doc = "Class112.sgm">112</classnum>
<subref><clstitle>Sewing</clstitle>
<pretext></pretext>
<subnum range = "r" ref = "C112S222000" doc = "Class112.sgm">222</subnum>
<endnum ref = "C112S225000" doc = "Class112.sgm">225</endnum></subref>
<descript><para> for threading devices in connection with sewing
machines.</para></descript></crecord></srchout></subclass>
<subclass subnum = "100" id = "C223S100000">
<scdesc>Forms over which material is placed to hold in position
for darning.</scdesc>
<srchout>
<crecord><classnum ref = "C028S000000" doc = "Class028.sgm">28</classnum>
<subref><clstitle>Textiles: Manufacturing</clstitle>
<pretext></pretext>
<subnum range = "p" ref = "C028S149000" doc = "Class028.sgm">149</subnum></subref>
<descript><para> for thread frames not provided for elsewhere.</para></descript></crecord>
<crecord><classnum ref = "C066S000000" doc = "Class066.sgm">66</classnum>
<subref><clstitle>Textiles: Knitting</clstitle>
<pretext></pretext>
<subnum range = "s" ref = "C066S002000" doc = "Class066.sgm">2</subnum></subref>
<descript><para>.</para></descript></crecord></srchout></subclass>
<subclass subnum = "101" id = "C223S101000">
<scdesc>Hand devices for pushing and&sol;or pulling a needle
or pin through the work.</scdesc>
<srchin>
<srecord><subnum ref = "C223S099000" doc = "Class223.sgm">99</subnum>
<descript><para>for combined thimbles and threaders.</para></descript></srecord></srchin>
<srchout>
<crecord><classnum ref = "C002S000000" doc = "Class002.sgm">2</classnum>
<subref><clstitle>Apparel</clstitle>
<pretext></pretext>
<subnum range = "s" ref = "C002S021000" doc = "Class002.sgm">21</subnum></subref>
<descript><para> for finger cots.</para></descript></crecord>
<crecord><classnum ref = "C007S000000" doc = "Class007.sgm">7</classnum>
<subref><clstitle>Compound Tools</clstitle>
<pretext></pretext>
<subnum range = "s" ref = "C007S121000" doc = "Class007.sgm">121</subnum></subref>
<descript><para> for thread cutters combined with thimbles.</para></descript></crecord>
<crecord><classnum ref = "C030S000000" doc = "Class030.sgm">30</classnum>
<subref><clstitle>Cutlery</clstitle>
<pretext></pretext></subref>
<descript><para>appropriate subclasses, for thread cutters, per
se.</para></descript></crecord></srchout></subclass>
<subclass subnum = "102" id = "C223S102000">
<scdesc>The general subclass for pointed instruments having an eye,
hook or equivalent to attach to a thread, tape, or the like, for
sewing, threading, or attaching the thread to a fabric.</scdesc>
<notes><note1 notenum = "(1)">
<para>Note. This subclass includes button setting apparatus having
an eye or hook which engages a button-eye or button-attaching thread
means. See (2) Note under subclass 44 above.</para></note1></notes>
<srchin>
<srecord><subnum ref = "C223S044000" doc = "Class223.sgm">44</subnum>
<descript><para>for other button-attachers.</para></descript></srecord></srchin>
<srchout>
<crecord><classnum ref = "C029S000000" doc = "Class029.sgm">29</classnum>
<subref><clstitle>Metal Working</clstitle>
<pretext></pretext>
<subnum range = "s" ref = "C029S241000" doc = "Class029.sgm">241</subnum></subref>
<descript><para> for apparatus for assembling and disassembling
by a stringing action, either by stringing parts on an attenuated
or elongated means or by passing such means through a part or parts.</para></descript></crecord>
<crecord><classnum ref = "C066S000000" doc = "Class066.sgm">66</classnum>
<subref><clstitle>Textiles: Knitting</clstitle>
<pretext></pretext>
<subnum range = "p" ref = "C066S116000" doc = "Class066.sgm">116</subnum></subref>
<descript><para> for knitting needles.</para></descript></crecord>
<crecord><classnum ref = "C057S000000" doc = "Class057.sgm">57</classnum>
<subref><clstitle>Textiles: Spinning, Twisting, and Twining</clstitle>
<pretext></pretext>
<subnum range = "s" ref = "C057S023000" doc = "Class057.sgm">23</subnum></subref>
<descript><para> for marlin spikes.</para></descript></crecord>
<crecord><classnum ref = "C083S000000" doc = "Class083.sgm">83</classnum>
<subref><clstitle>Cutting</clstitle>
<pretext>appropriate subclasses, particularly </pretext>
<subnum range = "s" ref = "C083S030000" doc = "Class083.sgm">30</subnum></subref>
<descript><para> for method of puncturing, subclass 95 for means
to stack a product by spindling or perforating, and subclass 660
for a pointed perforator, per se.</para></descript></crecord>
<crecord><classnum ref = "C112S000000" doc = "Class112.sgm">112</classnum>
<subref><clstitle>Sewing</clstitle>
<pretext></pretext>
<subnum range = "p" ref = "C112S222000" doc = "Class112.sgm">222</subnum></subref>
<descript><para>, for sewing machine needles.</para></descript></crecord>
<crecord><classnum ref = "C163S000000" doc = "Class163.sgm">163</classnum>
<subref><clstitle>Needle and Pin Making</clstitle>
<pretext></pretext></subref>
<descript><para>or needle making, see Class. </para></descript></crecord>
<crecord><classnum ref = "C206S000000" doc = "Class206.sgm">206</classnum>
<subref><clstitle>Special Receptacle or Package</clstitle>
<pretext></pretext>
<subnum range = "p" ref = "C206S380000" doc = "Class206.sgm">380</subnum></subref>
<descript><para> for a needle package.</para></descript></crecord>
<crecord><classnum ref = "C289S000000" doc = "Class289.sgm">289</classnum>
<subref><clstitle>Knots and Knot Tying</clstitle>
<pretext></pretext>
<subnum range = "s" ref = "C289S016000" doc = "Class289.sgm">16</subnum></subref>
<descript><para> for needles or machines for tying cords or strands.</para></descript></crecord>
<crecord><classnum ref = "C402S000000" doc = "Class402.sgm">402</classnum>
<subref><clstitle>Binder Device Releasably Engaging Aperture or
Notch of Sheet</clstitle>
<pretext></pretext>
<subnum range = "s" ref = "C402S007000" doc = "Class402.sgm">7</subnum></subref>
<descript><para> for a device of that class including a sheet retainer
which impales one or more sheets and inserts a binder strand therethrough.</para></descript></crecord>
<crecord><classnum ref = "C606S000000" doc = "Class606.sgm">606</classnum>
<subref><clstitle>Surgery</clstitle>
<pretext></pretext>
<subnum range = "p" ref = "C606S222000" doc = "Class606.sgm">222</subnum></subref>
<descript><para>, for surgical needles.</para></descript></crecord></srchout></subclass>
<subclass subnum = "103" id = "C223S103000">
<parent ref = "C223S102000" doc = "Class223.sgm">subclass 102</parent>
<scdesc>Devices coming and specially constructed to insert a tape
as distinguished from a cord or thread.</scdesc></subclass>
<subclass subnum = "104" id = "C223S104000">
<parent ref = "C223S102000" doc = "Class223.sgm">subclass 102</parent>
<scdesc>Devices coming and in the nature of awls. They usually have
handles and frequently carry in the handle a thread supply.</scdesc>
<srchout>
<crecord><classnum ref = "C012S000000" doc = "Class012.sgm">12</classnum>
<subref><clstitle>Boot and Shoe Making</clstitle>
<pretext></pretext>
<subnum range = "s" ref = "C012S103000" doc = "Class012.sgm">103</subnum></subref>
<descript><para>.</para></descript></crecord>
<crecord><classnum ref = "C083S000000" doc = "Class083.sgm">83</classnum>
<subref><clstitle>Cutting</clstitle>
<pretext>appropriate subclasses, particularly </pretext>
<subnum range = "s" ref = "C083S660000" doc = "Class083.sgm">660</subnum></subref>
<descript><para> for a pointed perforator, per se.</para></descript></crecord>
<crecord><classnum ref = "C112S000000" doc = "Class112.sgm">112</classnum>
<subref><clstitle>Sewing</clstitle>
<pretext></pretext>
<subnum range = "r" ref = "C112S048000" doc = "Class112.sgm">48</subnum></subref>
<descript><para> and 169.</para></descript></crecord>
<crecord><classnum ref = "C606S000000" doc = "Class606.sgm">606</classnum>
<subref><clstitle>Surgery</clstitle>
<pretext></pretext>
<subnum range = "p" ref = "C606S144000" doc = "Class606.sgm">144</subnum></subref>
<descript><para>, for mechanical suture or ligature applying devices
including spool thread supply devices carried on the needle handle.</para></descript></crecord></srchout></subclass>
<subclass subnum = "105" id = "C223S105000">
<scdesc>Devices used to thread a curtain pole or rod through a curtain
or shade loop.</scdesc>
<srchout>
<crecord><classnum ref = "C029S000000" doc = "Class029.sgm">29</classnum>
<subref><clstitle>Metal Working</clstitle>
<pretext></pretext>
<subnum range = "s" ref = "C029S241000" doc = "Class029.sgm">241</subnum></subref>
<descript><para> for apparatus for assembling parts by stringing.</para></descript></crecord></srchout></subclass>
<subclass subnum = "106" id = "C223S106000">
<scdesc>Miscellaneous stands, racks, and holders, especially designed
to hold sewing accessories such as work, spools needles, pins, scissors,
etc.</scdesc>
<srchin>
<srecord><subnum ref = "C223S100000" doc = "Class223.sgm">100</subnum>
<descript><para>for darning lasts hollowed to contain needles, spools
etc.</para></descript></srecord></srchin>
<srchout>
<crecord><classnum ref = "C132S000000" doc = "Class132.sgm">132</classnum>
<subref><clstitle>Toilet</clstitle>
<pretext></pretext></subref>
<descript><para>for toilet kits.</para></descript></crecord>
<crecord><classnum ref = "C206S000000" doc = "Class206.sgm">206</classnum>
<subref><clstitle>Special Receptacle or Package</clstitle>
<pretext></pretext>
<subnum range = "s" ref = "C206S227000" doc = "Class206.sgm">227</subnum></subref>
<descript><para> for a kit package including thread, subclasses
349&plus; for a tool or appliance container and subclasses 389&plus; for
a roll, reel or spool container; also see this class for compartment
boxes.</para></descript></crecord>
<crecord><classnum ref = "C217S000000" doc = "Class217.sgm">217</classnum>
<subref><clstitle>Wooden Receptacles</clstitle>
<pretext></pretext></subref>
<descript><para> for compartment boxes.</para></descript></crecord>
<crecord><classnum ref = "C220S000000" doc = "Class220.sgm">220</classnum>
<subref><clstitle>Receptacles</clstitle>
<pretext></pretext></subref>
<descript><para>and 229, Paper Receptacles.for compartment boxes</para></descript></crecord>
<crecord><classnum ref = "C211S000000" doc = "Class211.sgm">211</classnum>
<subref><clstitle>Supports: Racks</clstitle>
<pretext></pretext></subref>
<descript><para>for racks.</para></descript></crecord>
<crecord><classnum ref = "C221S000000" doc = "Class221.sgm">221</classnum>
<subref><clstitle>Article Dispensing</clstitle>
<pretext></pretext></subref>
<descript><para>for stands, racks and holders including article
dispensing means.</para></descript></crecord>
<crecord><classnum ref = "C242S000000" doc = "Class242.sgm">242</classnum>
<subref><clstitle>Winding, Tensioning, or Guiding</clstitle>
<pretext></pretext></subref>
<descript><para>for spool holders, per se.</para></descript></crecord>
<crecord><classnum ref = "C322S312000" doc = "Class312.sgm">312</classnum>
<subref><clstitle>Supports:  Cabinet Structure</clstitle>
<pretext></pretext></subref>
<descript><para>for cabinets generally.</para></descript></crecord></srchout></subclass>
<subclass subnum = "107" id = "C223S107000">
<parent ref = "C223S106000" doc = "Class223.sgm">subclass 106</parent>
<scdesc>Devices coming distinguished in that they have as important
or dominant features a basket or box to hold the spools, implements,
or work.</scdesc></subclass>
<subclass subnum = "108" id = "C223S108000">
<scdesc>Devices for holding pins, needles, thimbles, and other implements
for use in sewing.</scdesc>
<srchin>
<srecord><subnum ref = "C223S106000" doc = "Class223.sgm">106</subnum>
<descript><para>107, for implement holders combined with spool holders.</para></descript></srecord></srchin></subclass>
<subclass subnum = "109" id = "C223S109000">
<scdesc>Devices for holding needles and pins.</scdesc>
<srchin>
<srecord><subnum ref = "C223S106000" doc = "Class223.sgm">106</subnum>
<descript><para>107, 108, to complete a search for pin cushions.</para></descript></srecord></srchin>
<srchout>
<crecord><classnum ref = "C206S000000" doc = "Class206.sgm">206</classnum>
<subref><clstitle>Special Receptacle or Package</clstitle>
<pretext>see (3) Note under </pretext>
<subnum range = "s" ref = "C206S106000" doc = "Class206.sgm">106</subnum></subref>
<descript><para> above.</para></descript></crecord></srchout></subclass>
<subclass subnum = "111" id = "C223S111000">
<scdesc>Devices to assist in putting on or removing garments from
the person.</scdesc>
<srchout>
<crecord><classnum ref = "C294S000000" doc = "Class294.sgm">294</classnum>
<subref><clstitle>Handling: Hand and Hoist-Line Implements</clstitle>
<pretext></pretext>
<subnum range = "s" ref = "C294S003600" doc = "Class294.sgm">3.6</subnum></subref>
<descript><para>, for tools which are intended to pull the slider
of a zipper up or down, even when the only disclosed use is to assist
in the putting on or taking off of a garment.</para></descript></crecord></srchout></subclass>
<subclass subnum = "112" id = "C223S112000">
<scdesc>Devices to remove stockings and other garments from forms,
usually of drying or treating machines.</scdesc></subclass>
<subclass subnum = "113" id = "C223S113000">
<scdesc>Various types of devices for aiding in putting on or taking
off boots, shoes, or overshoes.</scdesc></subclass>
<subclass subnum = "114" id = "C223S114000">
<scdesc>Devices for engaging the heel or the heel and toe of a boot
or shoe to aid in its removal. Some are straps in the form of a
kind of harness.</scdesc></subclass>
<subclass subnum = "115" id = "C223S115000">
<scdesc>The jack can be folded upon itself or against the wall,
chair, or other support to which attached.</scdesc></subclass>
<subclass subnum = "116" id = "C223S116000">
<scdesc>The heel-engaging jaws move generally through not always
automatically to grip the heel of the boot or shoe more firmly.</scdesc></subclass>
<subclass subnum = "117" id = "C223S117000">
<scdesc>The jack has means for engaging both the heel and the toe
of the boot or shoe.</scdesc></subclass>
<subclass subnum = "118" id = "C223S118000">
<scdesc>Devices to be temporarily inserted in shoes to facilitate
putting on the latter.</scdesc></subclass>
<subclass subnum = "119" id = "C223S119000">
<scdesc>The horn has means for gripping the shoe-upper, so a pull
can be applied to the shoe.</scdesc></subclass>
<subclass subnum = "120" id = "C223S120000">
<scdesc>Supports, bases and stands claimed in connection with apparatus
in this class.</scdesc>
<srchout>
<crecord><classnum ref = "C248S000000" doc = "Class248.sgm">248</classnum>
<subref><clstitle>Supports</clstitle>
<pretext></pretext></subref>
<descript><para>for supports, bases and stands for more general
application.</para></descript></crecord>
<crecord><classnum ref = "C269S000000" doc = "Class269.sgm">269</classnum>
<subref><clstitle>Work Holders</clstitle>
<pretext></pretext></subref>
<descript><para>appropriate subclasses. Class 269 is the <emphasis
    emph = "u">residual</emphasis> locus for patents to a device
for clamping, supporting and&sol;or holding an article (or
articles) in position to be operated on or treated. See notes thereunder
for other related loci.</para></descript></crecord></srchout></subclass></sclasses>
</class>
