<?xml version="1.0" encoding="UTF-8"?>
<!DOCTYPE class PUBLIC "-//USPTO//DTD Classification Definitions//EN" "xclassdef.dtd" [

<!-- Begin Document Specific Declarations -->

<!-- End Document Specific Declarations -->

]>
<?xml-stylesheet href="classdef.xsl" type="text/XSL"?>

<class classnum = "193" id = "C193S000000"><title>CONVEYORS, CHUTES,
SKIDS, GUIDES, AND WAYS</title>
<sections><descsect>
<para>Includes devices limited to guiding material either vertically,
horizontally, or at an inclination.</para>
<notes><note1 notenum = "(1)">
<para>Note.  The material may be either individual articles or fluent.
 It may be guided and acted on by the force of gravity or may be acted
on by power applied either by hand or machinery to move the material
up an inclined way or horizontally.  The devices classified, here,
however, do not include the combination of the chute, skid or way
with the power mechanism, neither does this class include guides
connected to a specific hopper for delivering articles to machines or
for dispensing them.</para></note1>
<note1 notenum = "(2)">
<para>Note.  For chutes combined with means utilizable by a person
(e.g., handrail or ladder) or with means to sustain life (e.g. ventilation
means), see References to Other Classes, below.</para></note1>
<note1 notenum = "(3)">
<para>Note.  Mere tubes and pipes are classified elsewhere. See
References to Other Classes, below.</para></note1></notes>
</descsect>
<scsect>
<srchout>
<crecord><classnum ref = "C004S000000" doc = "Class004.sgm">4</classnum>
<subref><clstitle>Baths, Closets, Sinks, and Spittoons</clstitle>
<pretext></pretext>
<subnum range = "p" ref = "C004S464000" doc = "Class004.sgm">464</subnum></subref>
<descript><para>.</para></descript></crecord>
<crecord><classnum ref = "C014S000000" doc = "Class014.sgm">14</classnum>
<subref><clstitle>Bridges</clstitle>
<pretext></pretext></subref>
<descript><para>subclass 69.5</para></descript></crecord>
<crecord><classnum ref = "C034S000000" doc = "Class034.sgm">34</classnum>
<subref><clstitle>Drying and Gas or Vapor Contact With Solids</clstitle>
<pretext></pretext>
<subnum range = "p" ref = "C034S165000" doc = "Class034.sgm">165</subnum></subref>
<descript><para>.</para></descript></crecord>
<crecord><classnum ref = "C048S000000" doc = "Class048.sgm">48</classnum>
<subref><clstitle>Gas:  Heating and Illuminating</clstitle>
<pretext></pretext>
<subnum range = "s" ref = "C048S086000" doc = "Class048.sgm">86</subnum></subref>
<descript><para>.</para></descript></crecord>
<crecord><classnum ref = "C056S000000" doc = "Class056.sgm">56</classnum>
<subref><clstitle>Harvesters</clstitle>
<pretext></pretext>
<subnum range = "r" ref = "C056S328100" doc = "Class056.sgm">328.1</subnum>
<endnum ref = "C056S340000" doc = "Class056.sgm">340.</endnum></subref>
<descript><para></para></descript></crecord>
<crecord><classnum ref = "C065S000000" doc = "Class065.sgm">65</classnum>
<subref><clstitle>Glass Manufacturing</clstitle>
<pretext></pretext>
<subnum range = "s" ref = "C065S304000" doc = "Class065.sgm">304</subnum></subref>
<descript><para> for chute means combined with glassworking means, and
see the &ldquo;Search Notes&rdquo; thereunder.</para></descript></crecord>
<crecord><classnum ref = "C073S000000" doc = "Class073.sgm">73</classnum>
<subref><clstitle>Measuring and Testing</clstitle>
<pretext></pretext>
<subnum range = "p" ref = "C073S863000" doc = "Class073.sgm">863</subnum></subref>
<descript><para> for samplers and tollers.</para></descript></crecord>
<crecord><classnum ref = "C086S000000" doc = "Class086.sgm">86</classnum>
<subref><clstitle>Ammunition and Explosive-Charge Making</clstitle>
<pretext></pretext>
<subnum range = "r" ref = "C086S045000" doc = "Class086.sgm">45</subnum></subref>
<descript><para> and 46.</para></descript></crecord>
<crecord><classnum ref = "C100S000000" doc = "Class100.sgm">100</classnum>
<subref><clstitle>Presses</clstitle>
<pretext></pretext>
<subnum range = "s" ref = "C100S167000" doc = "Class100.sgm">167</subnum></subref>
<descript><para> for plural stage roll-type mills not elsewhere
provided for and having a chute between stages.</para></descript></crecord>
<crecord><classnum ref = "C104S000000" doc = "Class104.sgm">104</classnum>
<subref><clstitle>Railways</clstitle>
<pretext></pretext>
<subnum range = "r" ref = "C104S056000" doc = "Class104.sgm">56</subnum></subref>
<descript><para>, 69, 70, 134, 135, and 164.</para></descript></crecord>
<crecord><classnum ref = "C105S000000" doc = "Class105.sgm">105</classnum>
<subref><clstitle>Railway Rolling Stock</clstitle>
<pretext></pretext>
<subnum range = "r" ref = "C105S158100" doc = "Class105.sgm">158.1</subnum></subref>
<descript><para>, 239, 247, 252, 254, 256, 279, 301, and 436.</para></descript></crecord>
<crecord><classnum ref = "C110S000000" doc = "Class110.sgm">110</classnum>
<subref><clstitle>Furnaces</clstitle>
<pretext></pretext>
<subnum range = "r" ref = "C110S102000" doc = "Class110.sgm">102</subnum></subref>
<descript><para>, 116, 117, and 118.</para></descript></crecord>
<crecord><classnum ref = "C111S000000" doc = "Class111.sgm">111</classnum>
<subref><clstitle>Planting</clstitle>
<pretext></pretext></subref>
<descript><para>generally.</para></descript></crecord>
<crecord><classnum ref = "C112S000000" doc = "Class112.sgm">112</classnum>
<subref><clstitle>Sewing</clstitle>
<pretext></pretext>
<subnum range = "r" ref = "C112S106000" doc = "Class112.sgm">106</subnum></subref>
<descript><para> and 113.</para></descript></crecord>
<crecord><classnum ref = "C114S000000" doc = "Class114.sgm">114</classnum>
<subref><clstitle>Ships</clstitle>
<pretext></pretext>
<subnum range = "s" ref = "C114S375000" doc = "Class114.sgm">375</subnum></subref>
<descript><para>.</para></descript></crecord>
<crecord><classnum ref = "C119S000000" doc = "Class119.sgm">119</classnum>
<subref><clstitle>Animal Husbandry</clstitle>
<pretext></pretext>
<subnum range = "p" ref = "C119S05111" doc = "Class119.sgm">51.011</subnum></subref>
<descript><para>, 52.1 to 56.1, 402, 408&plus;, 449, 456&plus;,
464, 475&plus;, 515, 521, and 843&plus;.</para></descript></crecord>
<crecord><classnum ref = "C126S000000" doc = "Class126.sgm">126</classnum>
<subref><clstitle>Stoves and Furnaces</clstitle>
<pretext></pretext>
<subnum range = "s" ref = "C126S242000" doc = "Class126.sgm">242</subnum></subref>
<descript><para>.</para></descript></crecord>
<crecord><classnum ref = "C137S000000" doc = "Class137.sgm">137</classnum>
<subref><clstitle>Fluid Handling</clstitle>
<pretext></pretext></subref>
<descript><para>for fluid handling not otherwise provided for.</para></descript></crecord>
<crecord><classnum ref = "C138S000000" doc = "Class138.sgm">138</classnum>
<subref><clstitle>Pipes and Tubular Conduits</clstitle>
<pretext></pretext></subref>
<descript><para>for mere tubes and pipes.</para></descript></crecord>
<crecord><classnum ref = "C141S000000" doc = "Class141.sgm">141</classnum>
<subref><clstitle>Fluent Material Handling</clstitle>
<pretext></pretext></subref>
<descript><para>With Receiver or Receiver Coacting Means.</para></descript></crecord>
<crecord><classnum ref = "C156S000000" doc = "Class156.sgm">156</classnum>
<subref><clstitle>Adhesive Bonding and Miscellaneous Chemical Manufacture</clstitle>
<pretext></pretext></subref>
<descript><para>appropriate apparatus subclasses.</para></descript></crecord>
<crecord><classnum ref = "C182S000000" doc = "Class182.sgm">182</classnum>
<subref><clstitle>Fire Escape, Ladder, or Scaffold</clstitle>
<pretext></pretext>
<subnum range = "p" ref = "C182S048000" doc = "Class182.sgm">48</subnum></subref>
<descript><para> for chutes combined with means utilizable by a
person (e.g., handrail or ladder) or with means to sustain life
(e.g., ventilation means).</para></descript></crecord>
<crecord><classnum ref = "C186S000000" doc = "Class186.sgm">186</classnum>
<subref><clstitle>Merchandising</clstitle>
<pretext></pretext>
<subnum range = "r" ref = "C186S002000" doc = "Class186.sgm">2</subnum></subref>
<descript><para>, 19 and 34.</para></descript></crecord>
<crecord><classnum ref = "C198S000000" doc = "Class198.sgm">198</classnum>
<subref><clstitle>Conveyors: Power-Driven</clstitle>
<pretext></pretext>
<subnum range = "r" ref = "C198S311000" doc = "Class198.sgm">311</subnum></subref>
<descript><para>, 359&plus; and 523&plus;.</para></descript></crecord>
<crecord><classnum ref = "C209S000000" doc = "Class209.sgm">209</classnum>
<subref><clstitle>Classifying, Separating, and Assorting Solids</clstitle>
<pretext></pretext>
<subnum range = "p" ref = "C209S233000" doc = "Class209.sgm">233</subnum></subref>
<descript><para> and 509&plus;.</para></descript></crecord>
<crecord><classnum ref = "C211S000000" doc = "Class211.sgm">211</classnum>
<subref><clstitle>Supports:  Racks</clstitle>
<pretext></pretext>
<subnum range = "s" ref = "C211S014000" doc = "Class211.sgm">14</subnum></subref>
<descript><para>.</para></descript></crecord>
<crecord><classnum ref = "C220S000000" doc = "Class220.sgm">220</classnum>
<subref><clstitle>Receptacles</clstitle>
<pretext></pretext>
<subnum range = "p" ref = "C220S476000" doc = "Class220.sgm">476</subnum></subref>
<descript><para>.</para></descript></crecord>
<crecord><classnum ref = "C221S000000" doc = "Class221.sgm">221</classnum>
<subref><clstitle>Article Dispensing</clstitle>
<pretext></pretext></subref>
<descript><para>appropriate subclasses and see Lines With Other
Classes and Within This Class in the class definition of Class 221
for a statement of the line between the classes.</para></descript></crecord>
<crecord><classnum ref = "C222S000000" doc = "Class222.sgm">222</classnum>
<subref><clstitle>Dispensing</clstitle>
<pretext></pretext>
<subnum range = "p" ref = "C222S526000" doc = "Class222.sgm">526</subnum></subref>
<descript><para> and 566&plus;, and see the notes thereto for
dispenser outlets.</para></descript></crecord>
<crecord><classnum ref = "C226S000000" doc = "Class226.sgm">226</classnum>
<subref><clstitle>Advancing Material of Indeterminate Length</clstitle>
<pretext>in general, for methods or apparatus to move material using
other than its leading or trailing ends, especially </pretext>
<subnum range = "s" ref = "C226S196100" doc = "Class226.sgm">196.1</subnum></subref>
<descript><para> for a passive guide combined with a material feeder
that may include a nominal recitation of a supply or take-up coil
(e.g., less than a support for such a coil or a cooperative relationship
between a tension or exhaust detector and reel driving or reel stopping
means, etc.).</para></descript></crecord>
<crecord><classnum ref = "C227S000000" doc = "Class227.sgm">227</classnum>
<subref><clstitle>Elongated-Member-Driving Apparatus</clstitle>
<pretext></pretext>
<subnum range = "p" ref = "C227S039000" doc = "Class227.sgm">39</subnum></subref>
<descript><para>, 99&plus; and 107&plus;.</para></descript></crecord></srchout>
</scsect></sections>
<sclasses>
<subclass subnum = "1" id = "C193S001000">
<sctitle>MISCELLANEOUS:</sctitle>
<parent ref = "C193S000000" doc = "Class193.sgm">the class definition</parent>
<scdesc>Devices not otherwise classifiable.</scdesc></subclass>
<subclass subnum = "2" id = "C193S002000">
<sctitle>CHUTES:</sctitle>
<parent ref = "C193S000000" doc = "Class193.sgm">the class definition</parent>
<scdesc>Apparatus having either pipes or troughs through which material
may pass under the influence of gravity.</scdesc>
<notes><note1 notenum = "(1)">
<para>Note.  See Class 104, Railways, subclasses 53 and 69.</para></note1>
<note1 notenum = "(2)">
<para>Note.  See Class 182, Fire Escape, Ladder, or Scaffold, subclasses
48&plus; for a chute with a handrail or ladder, or with means
to sustain life.</para></note1></notes></subclass>
<subclass subnum = "3" id = "C193S003000">
<sctitle>Loading or trimming:</sctitle>
<parent ref = "C193S002000" doc = "Class193.sgm">subclass 2</parent>
<scdesc>Apparatus for loading vehicles, generally including distributors
or &ldquo;trimmers.&rdquo;</scdesc>
<notes><note1 notenum = "(1)">
<para>Note.  See Classes 14, Bridges, subclass 69.5, 119, Animal
Husbandry, subclass 82; 296, Land Vehicles:  Bodies and Tops, subclass
61.</para></note1></notes></subclass>
<subclass subnum = "4" id = "C193S004000">
<sctitle>Unloading:</sctitle>
<parent ref = "C193S002000" doc = "Class193.sgm">subclass 2</parent>
<scdesc>Apparatus for unloading vehicles.</scdesc>
<notes><note1 notenum = "(1)">
<para>Note.  See Classes 105, Railway Rolling Stock, subclasses
252 and 256; 280, Land Vehicles, subclass 32; 296, Land Vehicles:
Bodies and Tops, subclass 61; 298, Land Vehicles:  Dumping, subclass 7,
and 414, Material or Article Handling, subclasses 529&plus; and
537.</para></note1></notes></subclass>
<subclass subnum = "5" id = "C193S005000">
<sctitle>Vehicle wall supported:</sctitle>
<parent ref = "C193S004000" doc = "Class193.sgm">subclass 4</parent>
<scdesc>Chute wholly supported by the vehicle wall.</scdesc>
<srchout>
<crecord><classnum ref = "C414S000000" doc = "Class414.sgm">414</classnum>
<subref><clstitle>Material or Article Handling</clstitle>
<pretext></pretext>
<subnum range = "p" ref = "C414S537000" doc = "Class414.sgm">537</subnum></subref>
<descript><para> for a self-loading or unloading vehicle having
a skidway.</para></descript></crecord></srchout></subclass>
<subclass subnum = "6" id = "C193S006000">
<sctitle>Extensible trough:</sctitle>
<parent ref = "C193S004000" doc = "Class193.sgm">subclass 4</parent>
<scdesc>The chute consists of an open trough made in sections relatively
slidable longitudinally.</scdesc>
<srchout>
<crecord><classnum ref = "C280S000000" doc = "Class280.sgm">280</classnum>
<subref><clstitle>Land Vehicles</clstitle>
<pretext></pretext>
<subnum range = "s" ref = "C280S032000" doc = "Class280.sgm">32</subnum></subref>
<descript><para>.</para></descript></crecord>
<crecord><classnum ref = "C296S000000" doc = "Class296.sgm">296</classnum>
<subref><clstitle>Land Vehicles:  Bodies and Tops</clstitle>
<pretext></pretext>
<subnum range = "s" ref = "C296S061000" doc = "Class296.sgm">61</subnum></subref>
<descript><para>.</para></descript></crecord>
<crecord><classnum ref = "C298S000000" doc = "Class298.sgm">298</classnum>
<subref><clstitle>Land Vehicles:  Dumping</clstitle>
<pretext></pretext>
<subnum range = "s" ref = "C298S007000" doc = "Class298.sgm">7</subnum></subref>
<descript><para>.</para></descript></crecord></srchout></subclass>
<subclass subnum = "7" id = "C193S007000">
<sctitle>Fruit:</sctitle>
<parent ref = "C193S002000" doc = "Class193.sgm">subclass 2</parent>
<scdesc>Apparatus especially adapted for preventing fruit from injury.</scdesc>
<notes><note1 notenum = "(1)">
<para>Note.  See this class, subclass 25.</para></note1>
<note1 notenum = "(2)">
<para>Note.  See Class 56, Harvesters, subclass 328.1, and indented
subclasses.</para></note1></notes></subclass>
<subclass subnum = "8" id = "C193S008000">
<sctitle>Mail:</sctitle>
<parent ref = "C193S002000" doc = "Class193.sgm">subclass 2</parent>
<scdesc>Apparatus for mailable letters or packages.</scdesc>
<notes><note1 notenum = "(1)">
<para>Note.  See Class 232, Deposit and Collection Receptacles,
subclass 44, and indented subclasses.</para></note1></notes></subclass>
<subclass subnum = "9" id = "C193S009000">
<sctitle>Grain drill:</sctitle>
<parent ref = "C193S002000" doc = "Class193.sgm">subclass 2</parent>
<scdesc>Apparatus for grain-drilling machines.</scdesc>
<notes><note1 notenum = "(1)">
<para>Note.  See Classes 111, Planting, and 222, Dispensing, generally
especially subclasses 526&plus; and 566&plus;.</para></note1></notes></subclass>
<subclass subnum = "10" id = "C193S010000">
<sctitle>For rotary drum:</sctitle>
<parent ref = "C193S002000" doc = "Class193.sgm">subclass 2</parent>
<scdesc>Chutes for a rotary drum agitator or mixer.</scdesc>
<notes><note1 notenum = "(1)">
<para>Note.  For chutes combined with significant agitating means,
see Class 366, Agitating, subclasses 68 and 187.</para></note1></notes></subclass>
<subclass subnum = "11" id = "C193S011000">
<sctitle>With sprayer:</sctitle>
<parent ref = "C193S002000" doc = "Class193.sgm">subclass 2</parent>
<scdesc>Apparatus provided with a liquid or steam nozzle for wetting
or washing down material or preventing dust.</scdesc>
<notes><note1 notenum = "(1)">
<para>Note.  See Class 202, Distillation: Apparatus, subclasses
253 and 262 and indented subclasses.</para></note1></notes></subclass>
<subclass subnum = "12" id = "C193S012000">
<sctitle>Spiral:</sctitle>
<parent ref = "C193S002000" doc = "Class193.sgm">subclass 2</parent>
<scdesc>Apparatus wherein the chute is a spiral.</scdesc>
<notes><note1 notenum = "(1)">
<para>Note.  See this class, subclasses 35 and 36, for spiral rollerways.</para></note1>
<note1 notenum = "(2)">
<para>Note.  See Class 182, Fire Escape, Ladder, or Scaffold, subclass
48, and indented subclasses.</para></note1></notes>
<srchout>
<crecord><classnum ref = "C034S000000" doc = "Class034.sgm">34</classnum>
<subref><clstitle>Drying and Gas or Vapor Contact With Solids</clstitle>
<pretext></pretext>
<subnum range = "s" ref = "C034S147000" doc = "Class034.sgm">147</subnum></subref>
<descript><para>.</para></descript></crecord></srchout></subclass>
<subclass subnum = "13" id = "C193S013000">
<sctitle>Switch:</sctitle>
<parent ref = "C193S012000" doc = "Class193.sgm">subclass 12</parent>
<scdesc>Spiral chutes with means for directing material in different
directions.</scdesc>
<notes><note1 notenum = "(1)">
<para>Note.  See this class, subclasses 28, 31, 36, and 39.</para></note1></notes></subclass>
<subclass subnum = "14" id = "C193S014000">
<sctitle>Sectional, multiple-point discharge:</sctitle>
<parent ref = "C193S002000" doc = "Class193.sgm">subclass 2</parent>
<scdesc>Wherein the chute is made in sections, some of which may
be moved out of alignment for discharging material at different
points.</scdesc>
<notes><note1 notenum = "(1)">
<para>Note.  See this class, subclasses 23 and 29.</para></note1></notes></subclass>
<subclass subnum = "15" id = "C193S015000">
<sctitle>Vertically adjustable, bodily:</sctitle>
<parent ref = "C193S002000" doc = "Class193.sgm">subclass 2</parent>
<scdesc>Wherein the chute is mounted for vertical movement of the
entire chute.</scdesc></subclass>
<subclass subnum = "16" id = "C193S016000">
<sctitle>Horizontal and vertical swing:</sctitle>
<parent ref = "C193S002000" doc = "Class193.sgm">subclass 2</parent>
<scdesc>Wherein the chute may be swung in both a horizontal and
a vertical direction.</scdesc>
<notes><note1 notenum = "(1)">
<para>Note.  See this class, subclass 25.</para></note1>
<note1 notenum = "(2)">
<para>Note.  See Classes 209, Classifying, Separating, and Assorting
Solids, subclasses 233&plus;; 138, Pipes and Tubular Conduits,
subclass 120, and 414, Material or Article Handling, subclass 592.</para></note1></notes></subclass>
<subclass subnum = "17" id = "C193S017000">
<sctitle>Vertical swing:</sctitle>
<parent ref = "C193S002000" doc = "Class193.sgm">subclass 2</parent>
<scdesc>Wherein the chute is capable of being swung upwardly only.</scdesc>
<notes><note1 notenum = "(1)">
<para>Note.  See Class 209, Classifying, Separating, and Assorting
Solids, subclass 233, and indented subclasses.</para></note1></notes>
<srchout>
<crecord><classnum ref = "C222S000000" doc = "Class222.sgm">222</classnum>
<subref><clstitle>Dispensing</clstitle>
<pretext></pretext>
<subnum range = "p" ref = "C222S533000" doc = "Class222.sgm">533</subnum></subref>
<descript><para>.</para></descript></crecord></srchout></subclass>
<subclass subnum = "18" id = "C193S018000">
<sctitle>Counterweight:</sctitle>
<parent ref = "C193S017000" doc = "Class193.sgm">subclass 17</parent>
<scdesc>Wherein the chute is counterbalanced.</scdesc>
<srchout>
<crecord><classnum ref = "C198S000000" doc = "Class198.sgm">198</classnum>
<subref><clstitle>Conveyors: Power-Driven</clstitle>
<pretext></pretext>
<subnum range = "p" ref = "C198S535000" doc = "Class198.sgm">535</subnum></subref>
<descript><para> for a power-driven conveyor combined with a chute
that swings to a discharging position.</para></descript></crecord></srchout></subclass>
<subclass subnum = "19" id = "C193S019000">
<sctitle>Varied:</sctitle>
<parent ref = "C193S018000" doc = "Class193.sgm">subclass 18</parent>
<scdesc>Wherein the effective counterbalance is varied for different
positions of the chute.</scdesc></subclass>
<subclass subnum = "20" id = "C193S020000">
<sctitle>Valved:</sctitle>
<parent ref = "C193S018000" doc = "Class193.sgm">subclass 18</parent>
<scdesc>Wherein the chute has a controlling gate or valve.</scdesc></subclass>
<subclass subnum = "21" id = "C193S021000">
<sctitle>Valved:</sctitle>
<parent ref = "C193S017000" doc = "Class193.sgm">subclass 17</parent>
<scdesc>Wherein chutes are provided with gates or valves.</scdesc>
<notes><note1 notenum = "(1)">
<para>Note.  See this class, subclass 20.</para></note1></notes>
<srchout>
<crecord><classnum ref = "C222S000000" doc = "Class222.sgm">222</classnum>
<subref><clstitle>Dispensing</clstitle>
<pretext></pretext>
<subnum range = "s" ref = "C222S536000" doc = "Class222.sgm">536</subnum></subref>
<descript><para>.</para></descript></crecord></srchout></subclass>
<subclass subnum = "22" id = "C193S022000">
<sctitle>Swiveled sections:</sctitle>
<parent ref = "C193S000000" doc = "Class193.sgm">the unnumbered
subclass, Horizontal swing</parent>
<scdesc>The horizontally-swinging chute is composed of a plurality
of sections swiveled together.</scdesc>
<notes><note1 notenum = "(1)">
<para>Note.  Compare this class, subclass 23.</para></note1>
<note1 notenum = "(2)">
<para>Note.  See Class 414, Material or Article Handling, subclass
592.</para></note1></notes></subclass>
<subclass subnum = "23" id = "C193S023000">
<sctitle>Multiple-point discharge:</sctitle>
<parent ref = "C193S000000" doc = "Class193.sgm">the unnumbered
subclass, Horizontal swing</parent>
<scdesc>The swinging chute delivers to different chutes or receptacles.</scdesc>
<notes><note1 notenum = "(1)">
<para>Note.  See this class, subclasses 14, 22, and 29.</para></note1></notes></subclass>
<subclass subnum = "24" id = "C193S024000">
<sctitle>Counterweight:</sctitle>
<parent ref = "C193S002000" doc = "Class193.sgm">subclass 2</parent>
<scdesc>Wherein miscellaneous movable chutes are provided with a
counter-balance.</scdesc>
<notes><note1 notenum = "(1)">
<para>Note.  See this class, subclasses 18 and 19.</para></note1></notes>
<srchout>
<crecord><classnum ref = "C198S000000" doc = "Class198.sgm">198</classnum>
<subref><clstitle>Conveyors:  Power-Driven</clstitle>
<pretext></pretext>
<subnum range = "p" ref = "C198S535000" doc = "Class198.sgm">535</subnum></subref>
<descript><para> for a power-driven conveyor combined with a chute
that swings to a discharging position when a load accumulating on
the chute reaches a predetermined weight.</para></descript></crecord></srchout></subclass>
<subclass subnum = "25" id = "C193S025000">
<sctitle>Flexible wall:</sctitle>
<parent ref = "C193S002000" doc = "Class193.sgm">subclass 2</parent>
<scdesc>The chute is made flexible throughout its length, generally
of flexible material.</scdesc>
<notes><note1 notenum = "(1)">
<para>Note.  See this class, subclass 7.</para></note1>
<note1 notenum = "(2)">
<para>Note.  See Class 56, Harvesters, subclass 328.1, and indented
subclasses.</para></note1></notes></subclass>
<subclass subnum = "27" id = "C193S027000">
<sctitle>Zigzag:</sctitle>
<parent ref = "C193S002000" doc = "Class193.sgm">subclass 2</parent>
<scdesc>Apparatus wherein the material passes through zigzag passages,
or the sections of the chute are connected to form a zigzag passage.</scdesc>
<notes><note1 notenum = "(1)">
<para>Note.  See this class, subclass 32.</para></note1></notes></subclass>
<subclass subnum = "28" id = "C193S028000">
<sctitle>Switch:</sctitle>
<parent ref = "C193S027000" doc = "Class193.sgm">subclass 27</parent>
<scdesc>Means provided for taking off material at different points.</scdesc>
<notes><note1 notenum = "(1)">
<para>Note. See this class, subclass 32.</para></note1></notes></subclass>
<subclass subnum = "29" id = "C193S029000">
<sctitle>Multiple-point discharge:</sctitle>
<parent ref = "C193S000000" doc = "Class193.sgm">the unnumbered
subclass, Vertical pipe</parent>
<scdesc>The chute consists of a vertical pipe with means for discharging
material at different elevations.</scdesc></subclass>
<subclass subnum = "30" id = "C193S030000">
<sctitle>Telescopic:</sctitle>
<parent ref = "C193S000000" doc = "Class193.sgm">the unnumbered
subclass, Vertical pipe</parent>
<scdesc>The vertical-pipe chute consists of telescopic sections.</scdesc>
<notes><note1 notenum = "(1)">
<para>Note.  See Class 138, Pipes and Tubular Conduits, subclass
120 for telescopic, jointed, short sections of pipe.</para></note1></notes></subclass>
<subclass subnum = "31" id = "C193S031000">
<sctitle>Switch:</sctitle>
<parent ref = "C193S002000" doc = "Class193.sgm">subclass 2</parent>
<scdesc>The general miscellaneous subclass for chutes provided with
gates or valves for directing material in different directions.</scdesc>
<notes><note1 notenum = "(1)">
<para>Note.  See this class, subclasses 13, 23, 28, and 36.</para></note1></notes>
<srchout>
<crecord><classnum ref = "C137S000000" doc = "Class137.sgm">137</classnum>
<subref><clstitle>Fluid Handling</clstitle>
<pretext>appropriate subclasses, particularly </pretext>
<subnum range = "p" ref = "C137S11910" doc = "Class137.sgm">119.01</subnum></subref>
<descript><para> and 861&plus; for fluid handling apparatus
including means for directing fluid in different directions.</para></descript></crecord></srchout></subclass>
<subclass subnum = "32" id = "C193S032000">
<sctitle>Retarder:</sctitle>
<parent ref = "C193S002000" doc = "Class193.sgm">subclass 2</parent>
<scdesc>The chute has means for retarding the velocity of material
therein.</scdesc>
<notes><note1 notenum = "(1)">
<para>Note.  See this class, subclasses 7, 27 and 28.</para></note1></notes>
<srchout>
<crecord><classnum ref = "C221S000000" doc = "Class221.sgm">221</classnum>
<subref><clstitle>Article Dispensing</clstitle>
<pretext></pretext>
<subnum range = "s" ref = "C221S312000" doc = "Class221.sgm">312</subnum></subref>
<descript><para> for article dispensers not otherwise provided for
having interior article guiding means.</para></descript></crecord></srchout></subclass>
<subclass subnum = "33" id = "C193S033000">
<sctitle>Wall:</sctitle>
<parent ref = "C193S002000" doc = "Class193.sgm">subclass 2</parent>
<scdesc>The chute is secured to or built into the wall of an inclosure
or building.</scdesc>
<notes><note1 notenum = "(1)">
<para>Note.  See this class, subclasses 5 and 6.</para></note1></notes></subclass>
<subclass subnum = "34" id = "C193S034000">
<sctitle>Vertical:</sctitle>
<parent ref = "C193S033000" doc = "Class193.sgm">subclass 33</parent>
<scdesc>The chute is secured to or passes through the vertical wall
of some structure or building.</scdesc>
<notes><note1 notenum = "(1)">
<para>Note.  See this class, subclasses 3, 5, 6, 8, and 11.</para></note1></notes></subclass>
<subclass subnum = "35" id = "C193S035000">
<sctitle>ROLLERWAYS:</sctitle>
<parent ref = "C193S000000" doc = "Class193.sgm">the class definition</parent>
<scdesc>Apparatus which consists of a series of rollers over which
things may be conveyed.</scdesc>
<notes><note1 notenum = "(1)">
<para>Note.  See this class, subclass 42.</para></note1></notes></subclass>
<subclass subnum = "36" id = "C193S036000">
<sctitle>Switch:</sctitle>
<parent ref = "C193S035000" doc = "Class193.sgm">subclass 35</parent>
<scdesc>Apparatus provided with means for changing the direction
of things conveyed.</scdesc>
<notes><note1 notenum = "(1)">
<para>Note.  See this class, subclasses 13, 28, 31, and 39.</para></note1></notes></subclass>
<subclass subnum = "37" id = "C193S037000">
<sctitle>Rollers:</sctitle>
<parent ref = "C193S035000" doc = "Class193.sgm">subclass 35</parent>
<scdesc>Wherein the structure is of the roller itself.</scdesc>
<notes><note1 notenum = "(1)">
<para>Note.  See Class 384, Bearings, subclass 549 for a roller
bearing on a fixed support.</para></note1>
<note1 notenum = "(2)">
<para>Note.  See Class 474, Endless Belt Power Transmission Systems
or Components, particularly subclasses 166&plus; for friction
drive pulleys or guide rolls.</para></note1>
<note1 notenum = "(3)">
<para>Note.  See Class 198, Conveyors:  Power-Driven, subclasses
501, 824&plus; and 842 for support rollers for endless belt conveyors.</para></note1>
<note1 notenum = "(4)">
<para>Note.  See Class 492, Roll or Roller, for a roll, per se,
not elsewhere provided for, and see the notes thereunder.</para></note1></notes></subclass>
<subclass subnum = "38" id = "C193S038000">
<sctitle>SKIDWAYS:</sctitle>
<parent ref = "C193S000000" doc = "Class193.sgm">the class definition</parent>
<scdesc>Ways for guiding articles but not suitable for fine material.</scdesc>
<notes><note1 notenum = "(1)">
<para>Note.  See Class 280, Land Vehicles, subclass 32.</para></note1></notes></subclass>
<subclass subnum = "39" id = "C193S039000">
<sctitle>Switch:</sctitle>
<parent ref = "C193S038000" doc = "Class193.sgm">subclass 38</parent>
<scdesc>Apparatus provided with means for changing the direction
of articles.</scdesc>
<notes><note1 notenum = "(1)">
<para>Note.  See this class, subclasses 13, 28, 31, and 39.</para></note1></notes>
<srchout>
<crecord><classnum ref = "C211S000000" doc = "Class211.sgm">211</classnum>
<subref><clstitle>Supports:  Racks</clstitle>
<pretext></pretext>
<subnum range = "p" ref = "C211S059200" doc = "Class211.sgm">59.2</subnum></subref>
<descript><para> for stacked article type of rack having a dispensing
means therein.</para></descript></crecord>
<crecord><classnum ref = "C221S000000" doc = "Class221.sgm">221</classnum>
<subref><clstitle>Article Dispensing</clstitle>
<pretext>appropriate subclasses for article dispensing or feeding
devices many of which include a chute type structure as the supply receptacle
or as a passageway from a source of supply to an outlet.  See particularly </pretext>
<subnum range = "r" ref = "C221S261000" doc = "Class221.sgm">261</subnum></subref>
<descript><para>, 280 and 312.</para></descript></crecord>
<crecord><classnum ref = "C312S000000" doc = "Class312.sgm">312</classnum>
<subref><clstitle>Supports:  Cabinet Structure</clstitle>
<pretext></pretext>
<subnum range = "p" ref = "C312S035000" doc = "Class312.sgm">35</subnum></subref>
<descript><para> for article containing magazine structures having
means to facilitate the removal of the articles therefrom.</para></descript></crecord></srchout></subclass>
<subclass subnum = "40" id = "C193S040000">
<sctitle>Retarder:</sctitle>
<parent ref = "C193S038000" doc = "Class193.sgm">subclass 38</parent>
<scdesc>Apparatus having means for retarding the velocity of articles
on the way.</scdesc>
<notes><note1 notenum = "(1)">
<para>Note.  See this class, subclass 32, and see the SEARCH CLASS
notes thereto.</para></note1></notes></subclass>
<subclass subnum = "41" id = "C193S041000">
<sctitle>SKIDS:</sctitle>
<parent ref = "C193S000000" doc = "Class193.sgm">the class definition</parent>
<scdesc>Unitary structures for guiding articles from a higher to
a lower level or the reverse, but incapable of use with fine material.</scdesc>
<notes><note1 notenum = "(1)">
<para>Note.  See Classes 14, Bridges, subclass 69.5,  280, Land
Vehicles, subclass 32.</para></note1></notes></subclass>
<subclass subnum = "42" id = "C193S042000">
<sctitle>ROLLER JACKS:</sctitle>
<parent ref = "C193S000000" doc = "Class193.sgm">the class definition</parent>
<scdesc>Unitary devices provided with a roller over which articles
may be supported in loading, unloading, or stacking them.</scdesc></subclass>
<subclass subnum = "44" id = "C193S044000">
<sctitle>ORIENTER:</sctitle>
<parent ref = "C193S000000" doc = "Class193.sgm">the class definition</parent>
<scdesc>Apparatus, having means whereby (1) a conveyed article is
turned to have its posture&ast; or its heading&ast; or
its leaning&ast; intentionally or significantly varied with
relation to said path, or (2) a conveyed article which is not in
a predetermined posture relative to its conveyed path is caused
to be removed from or to abandon the path determined for those articles
being conveyed in the predetermined posture.  (The terms having
asterisks are discussed in (2) Note below.)</scdesc>
<notes><note1 notenum = "(1)">
<para>Note.  In this and indented subclasses the disclosed intent
of the claimed apparatus is important.  Therefore, although the structure
of two devices may be similar, a patent disclosing such structure
will be placed into this portion of the schedule only if its claimed
disclosure is clearly for accomplishing one of the functions set
forth in the definition by asterisk (&ast;) and further discussed
in (2) Note that follows.  The similar structure that is disclosed
as having a different function or that is disclosed in terms of
its structure and not disclosing such a function will be found elsewhere
in accordance with its claimed function or its claimed structure
that is provided for in other subclasses of this schedule.</para></note1>
<note1 notenum = "(2)">
<para>Note.  For the purpose of helping to visualize the terms to
be discussed herein, assume a three-dimensional line figure consisting
of three axes (i.e., an &ldquo;X-axis&rdquo;, a &ldquo;Y-axis&rdquo; and
a &ldquo;Z-axis&rdquo;) that intersect at a mutual point,
each axis being perpendicular to the plane in which both of the
other two axes lie.  Assume further that said mutual point lies
within the article to be conveyed and that (a) the conveyor moves
the article in the direction of the &ldquo;X-axis&rdquo;,
(b) the conveyor has a major article support surface that extends
transversely (i.e., athwart) of said direction along the &ldquo;Z-axis&rdquo; and (c)
the remaining axis that extends perpendicularly of the plane formed
by both of the previously-mentioned axes is the &ldquo;Y-axis&rdquo;.
 With these assumptions in mind, variation in &ldquo;posture&rdquo; will
refer only to a turning of an article about a &ldquo;Z-axis&rdquo;,
variation in &ldquo;heading&rdquo; will refer only to a turning
of an article about a &ldquo;Y-axis&rdquo;, and variation
in &ldquo;leading&rdquo; will refer only to a turning of an
article about an &ldquo;X-axis&rdquo;.  It is understood that
any or all of these turnings may occur sequentially or simultaneously,
and that if there is a major dimension of the article being conveyed,
such major dimension may coincide with any or none of the axes mentioned.</para></note1>
<note1 notenum = "(3)">
<para>Note.  This note is in amplification of preceding notes regarding
intent of disclosure and attitude of article relative to its conveyed
direction. The predetermined path of an article may be straight or
arcuate or crooked, but whatever the path, if the conveyed article
is at a first point on the path with a particular dimension in a
particular relationship to the path (e.g., its length is parallel
to the path), and is thereafter at a second point with the same
dimension in a different relationship to the path (e.g., its length
is perpendicular to the path), its attitude relative to the path
has been changed.  For proper placement of a patent into this or
an indented subclass the claim thereof must recite the change in
attitude of the article in significant terms; that is, the recitation
must be clear, and the change must be intentional.  A patent that
discloses a change in attitude that is incidental to the movement
of an article on a conveyor system (e.g., an article on a nonrectilinear
system could change its attitude relative to a particular compass direction,
but not necessarily change relative to conveyed direction) will
not be placed herein, but will be placed on the basis of the claimed
function or structure of the conveyor.</para></note1></notes>
<srchout>
<crecord><classnum ref = "C198S000000" doc = "Class198.sgm">198</classnum>
<subref><clstitle>Conveyors:  Power-Driven</clstitle>
<pretext></pretext>
<subnum range = "p" ref = "C198S373000" doc = "Class198.sgm">373</subnum></subref>
<descript><para> for conveyors which are power-driven or for conveyor
systems having at least one power-driven section wherein the claimed
disclosure of the conveyor or conveyor system is to change the posture
of a conveyed article relative to its conveyed path.</para></descript></crecord></srchout></subclass>
<subclass subnum = "45" id = "C193S045000">
<sctitle>Manual or mechanical means moves article to upset:</sctitle>
<parent ref = "C193S044000" doc = "Class193.sgm">subclass 44</parent>
<scdesc>Apparatus wherein said means is mechanically or manually
activated to cause a change in the posture of the conveyed article,
the posture changing function of said means being nonconveying even
though said means may otherwise also function as a chute, skid,
guide or way.</scdesc>
<notes><note1 notenum = "(1)">
<para>Note.  A linkage or other device which is driven by the article
to be oriented is not included in this subclass.  See, for example,
subclass 48 for article engaging pivots which are moved upon engagement by
the conveyed article.</para></note1></notes></subclass>
<subclass subnum = "46" id = "C193S046000">
<sctitle>Grooved or twisted chute:</sctitle>
<parent ref = "C193S044000" doc = "Class193.sgm">subclass 44</parent>
<scdesc>Apparatus wherein the posture of the conveyed article is
changed relative to its conveyed path because of its engagement
with a particular configuration of the article engaging surface
of the conveyor, said configuration acting on said article continuously
as it moves over a portion or the entire extent of said surface.</scdesc></subclass>
<subclass subnum = "47" id = "C193S047000">
<sctitle>Article upset about fixed point:</sctitle>
<parent ref = "C193S044000" doc = "Class193.sgm">subclass 44</parent>
<scdesc>Apparatus wherein the posture of the conveyed article is
changed relative to its path because of its engagement with, or
because under the influence of gravity it rotates about, immovable
means associated with said conveyor.</scdesc></subclass>
<subclass subnum = "48" id = "C193S048000">
<sctitle>Article upset about movable point:</sctitle>
<parent ref = "C193S044000" doc = "Class193.sgm">subclass 44</parent>
<scdesc>Apparatus wherein the posture of the conveyed article is
changed relative to its path because of its engagement with, or
because under the influence of gravity it rotates about, means associated
with the conveyor which may be variously positioned relative to
the conveyor or which is movable upon being contacted by the moving
article.</scdesc></subclass></sclasses>
</class>
