<?xml version="1.0" encoding="UTF-8"?>
<!DOCTYPE class PUBLIC "-//USPTO//DTD Classification Definitions//EN" "xclassdef.dtd" [

<!-- Begin Document Specific Declarations -->

<!-- End Document Specific Declarations -->

]>
<?xml-stylesheet href="classdef.xsl" type="text/XSL"?>

<class classnum = "281" id = "C281S000000"><title>BOOKS, STRIPS,
AND LEAVES</title>
<sections><descsect>
<para>Books, strips, and leaves and various combinations thereof,
combinations thereof with other things for which no other place
is provided, processes of making where the processes are fully disclosed
in the articles, and accessories to books, strips, and leaves, such
as protectors, book-leaf holders and marks, and holders, therefor,
for which no other place is provided.</para>
</descsect>
<linesect>
<para>Leaf arrangements which merely facilitate removal of a leaf
from an arrangement or package are found in Class 206, Special Receptacle
or Package, subclasses 449&plus;; the inclusion of means to
separate a leaf from the residue so that it may be dispensed and
will effect classification in Class 221, Article Dispensing. A permanently bound
book with leaf perforations for leaf removal is found in this class
(281).</para>
<para>A sheet retention means providing nondestructive sheet recovery
therefrom in combination with the sheet mounted thereon and where
such sheet in addition includes structure (e.g., line of perforations,
etc.), permitting destructive recovery of a portion thereof is placed
in Class 402, Binder Device Releasably Engaging Aperture or Notch
of Sheet.</para>
</linesect>
<scsect>
<srchout>
<crecord><classnum ref = "C024S000000" doc = "Class024.sgm">24</classnum>
<subref><clstitle>Buckles, Buttons, Clasps, etc.</clstitle>
<pretext> </pretext>
<subnum range = "s" ref = "C024S002000" doc = "Class024.sgm">2</subnum></subref>
<descript><para> for a device specially adapted for the purpose
of keeping an album and other book-like structure closed when not
in use.</para></descript></crecord>
<crecord><classnum ref = "C040S000000" doc = "Class040.sgm">40</classnum>
<subref><clstitle>Card, Picture, or Sign Exhibiting</clstitle>
<pretext></pretext>
<subnum range = "p" ref = "C040S64220" doc = "Class040.sgm">642.02</subnum></subref>
<descript><para> for a label holder, per se, or in combination with
a label; subclasses 124.01&plus; for a card having advertising
matter or pictures thereon; subclass 359 for a folder including identification
means in the form of a label, label holder or a portion intended
to receive indicia and subclass 360 for a sheet including identification
means in the form of a label, label holder or tab to receive indicia.</para></descript></crecord>
<crecord><classnum ref = "C112S000000" doc = "Class112.sgm">112</classnum>
<subref><clstitle>Sewing</clstitle>
<pretext></pretext>
<subnum range = "p" ref = "C112S400000" doc = "Class112.sgm">400</subnum></subref>
<descript><para> for a sewn single or plural layer stock material
product.</para></descript></crecord>
<crecord><classnum ref = "C162S000000" doc = "Class162.sgm">162</classnum>
<subref><clstitle>Paper Making and Fiber Liberation</clstitle>
<pretext>appropriate subclasses for (1) a single-layer, waterlaid, fibrous
sheet or web, or (2) a plural-layer sheet or web including a layer
of fibers applied to a second layer by a process provided for in
that class (162); 181.1 and particularly </pretext>
<subnum range = "s" ref = "C162S141000" doc = "Class162.sgm">141</subnum></subref>
<descript><para>, which include any nonstructural fiber (or fiber-containing)
sheet or web (e.g., a particular blend of fibers), regardless of
whether waterlaid or not).</para></descript></crecord>
<crecord><classnum ref = "C206S000000" doc = "Class206.sgm">206</classnum>
<subref><clstitle>Special Receptacle or Package</clstitle>
<pretext> </pretext>
<subnum range = "p" ref = "C206S449000" doc = "Class206.sgm">449</subnum></subref>
<descript><para> for a sheet package and see Lines With Other Classes,
above.</para></descript></crecord>
<crecord><classnum ref = "C221S000000" doc = "Class221.sgm">221</classnum>
<subref><clstitle>Article Dispensing</clstitle>
<pretext>appropriate subclasses for devices not otherwise provided
for, for dispensing or feeding discrete articles from a source of
supply, and especially </pretext>
<subnum range = "p" ref = "C221S033000" doc = "Class221.sgm">33</subnum></subref>
<descript><para> for such devices in which flexible sheet-like articles
are distorted as they are separated from the source of supply.</para></descript></crecord>
<crecord><classnum ref = "C225S000000" doc = "Class225.sgm">225</classnum>
<subref><clstitle>Severing by Tearing or Breaking</clstitle>
<pretext>appropriate subclasses, especially </pretext>
<subnum range = "p" ref = "C225S027000" doc = "Class225.sgm">27</subnum></subref>
<descript><para> for pads or stacks of individual sheets, and subclass
32 for zigzag folded supply package.</para></descript></crecord>
<crecord><classnum ref = "C226S000000" doc = "Class226.sgm">226</classnum>
<subref><clstitle>Advancing Material of Indeterminate Length</clstitle>
<pretext></pretext></subref>
<descript><para>for pertinent subclass (es) as determined by schedule
rewiew.</para></descript></crecord>
<crecord><classnum ref = "C242S000000" doc = "Class242.sgm">242</classnum>
<subref><clstitle>Winding, Tensioning, or Guiding</clstitle>
<pretext></pretext>
<subnum range = "p" ref = "C242S550000" doc = "Class242.sgm">550</subnum></subref>
<descript><para> and 570&plus; for an unwinding device or coil holder
of general use.</para></descript></crecord>
<crecord><classnum ref = "C283S000000" doc = "Class283.sgm">283</classnum>
<subref><clstitle>Printed Matter</clstitle>
<pretext></pretext></subref>
<descript><para>for (1) a strip, book or leaf bearing indicia which
primarily effect an intellectual impression other than the aesthetic
or (2) the combination of such strip, book or leaf with other things
not classifiable elsewhere. </para></descript></crecord>
<crecord><classnum ref = "C428S000000" doc = "Class428.sgm">428</classnum>
<subref><clstitle>Stock Material or Miscellaneous Articles</clstitle>
<pretext>appropriate subclasses for a stock material product in
the form of a single or plural layer web, or sheet, especially </pretext>
<subnum range = "p" ref = "C428S121000" doc = "Class428.sgm">121</subnum></subref>
<descript><para> for such a product which is folded, subclasses 131&plus; for
such a product which includes a component having apertures, and
subclasses 156&plus; for such a product including a component which
varies in thickness, subclass 181 for such a product including a
component which is nonplanar, but of uniform, thickness, and comprises
parallel adjacent folds (e.g., pleats).</para></descript></crecord></srchout>
</scsect>
<glossect>
<glossary><term>BOOK</term>
<def><para>Consists of two or more sheets secured together (a) only at
their margins or (b) only at a restricted field within the margins
or (c) only at their margins and at a restricted field within the
margins. A folded sheet has not been classified as a book. When
a margin of one sheet is attached to a margin of another sheet to
obtain in effect a single sheet of greater area, the resulting article
is still regarded as a sheet rather than a book.</para></def>
<term>LEAF</term>
<def><para>A sheet other than a strip.</para></def>
<term>SHEET</term>
<def><para>A body having two parallel surfaces both dimensions of which
are large in comparison with the third dimension of the body.</para></def>
<term>STRIP</term>
<def><para>A sheet folded back and forth along at least two fold lines
and unattached to anything or attached to a backing either at the
ends only or in such a way that the folded portions can be successively
released without mutilation, or it is a sheet rolled up. Also patents
claiming fold lines or other features for so folding or rolling up
sheets are classified as &ldquo;strips&rdquo;.</para></def></glossary></glossect></sections>
<sclasses>
<subclass subnum = "2" id = "C281S002000">
<sctitle>STRIPS AND LEAVES:</sctitle>
<parent ref = "C281S000000" doc = "Class281.sgm">the class definition</parent>
<scdesc>Comprising in each case a strip or strips and a leaf or
leaves, but no other sheet material.</scdesc>
<srchout>
<crecord><classnum ref = "C283S000000" doc = "Class283.sgm">283</classnum>
<subref><clstitle>Printed Matter</clstitle>
<pretext></pretext>
<subnum range = "s" ref = "C283S061000" doc = "Class283.sgm">61</subnum></subref>
<descript><para>.</para></descript></crecord>
<crecord><classnum ref = "C462S000000" doc = "Class462.sgm">462</classnum>
<subref><clstitle>Books, Strips, and Leaves for Manifolding</clstitle>
<pretext></pretext>
<subnum range = "p" ref = "C462S008000" doc = "Class462.sgm">8</subnum></subref>
<descript><para>.</para></descript></crecord></srchout></subclass>
<subclass subnum = "3.1" id = "C281S003100">
<sctitle>BOOK AND LEAF:</sctitle>
<parent ref = "C281S000000" doc = "Class281.sgm">the class definition</parent>
<scdesc>Subject matter comprising a book&ast; combined with
an additional leaf&ast;. (Terms marked with &ast; are
defined in the class definition of this class.)</scdesc>
<srchout>
<crecord><classnum ref = "C462S000000" doc = "Class462.sgm">462</classnum>
<subref><clstitle>Books, Strips, and Leaves for Manifolding</clstitle>
<pretext></pretext>
<subnum range = "p" ref = "C462S017000" doc = "Class462.sgm">17</subnum></subref>
<descript><para>.</para></descript></crecord></srchout></subclass>
<subclass subnum = "4" id = "C281S004000">
<sctitle>Removable cover:</sctitle>
<parent ref = "C281S003100" doc = "Class281.sgm">subclass 3.1</parent>
<scdesc>The cover of one of the books is removable.</scdesc>
<srchin>
<srecord><subnum ref = "C281S017000" doc = "Class281.sgm">17</subnum>
<descript><para>19.1&plus; and 34, for other removable book
covers.</para></descript></srecord></srchin></subclass>
<subclass subnum = "4.1" id = "C281S004100">
<sctitle>Blotter leaf:</sctitle>
<parent ref = "C281S003100" doc = "Class281.sgm">subclass 3.1</parent>
<scdesc>Subject matter wherein the additional leaf is made of an
absorbent material and is intended to be used for drying a surface
that has just been written on in ink by soaking up and excess ink.</scdesc>
<srchout>
<crecord><classnum ref = "C034S000000" doc = "Class034.sgm">34</classnum>
<subref><clstitle>Drying and Gas or Vapor Contact With Solids</clstitle>
<pretext></pretext>
<subnum range = "p" ref = "C034S089100" doc = "Class034.sgm">89.1</subnum></subref>
<descript><para> and 95&plus; for blotting means there classified.</para></descript></crecord></srchout></subclass>
<subclass subnum = "5" id = "C281S005000">
<sctitle>STRIPS:</sctitle>
<parent ref = "C281S000000" doc = "Class281.sgm">the class definition</parent>
<scdesc>Involving in each case a strip or strips, but no other sheet
material.</scdesc>
<notes><note1 notenum = "(1)">
<para>Note. See Glossary in the class definition.</para></note1></notes>
<srchin>
<srecord><subnum ref = "C281S002000" doc = "Class281.sgm">2</subnum>
<descript><para></para></descript></srecord></srchin>
<srchout>
<crecord><classnum ref = "C040S000000" doc = "Class040.sgm">40</classnum>
<subref><clstitle>Card, Picture, or Sign Exhibiting</clstitle>
<pretext></pretext>
<subnum range = "p" ref = "C040S338000" doc = "Class040.sgm">338</subnum></subref>
<descript><para> and 530&plus; for a hinged display device in
the form of a folded sheet including means to secure display items
(e.g., cards, pictures, etc.), thereon; and subclass 359 for a folder
(i.e., sheet folded only once) including identification means in
the form of a discrete label, label holder or a portion intended
to receive a number, letter or mark.</para></descript></crecord>
<crecord><classnum ref = "C283S000000" doc = "Class283.sgm">283</classnum>
<subref><clstitle>Printed Matter</clstitle>
<pretext></pretext>
<subnum range = "r" ref = "C283S061000" doc = "Class283.sgm">61</subnum></subref>
<descript><para> and 62.</para></descript></crecord>
<crecord><classnum ref = "C428S000000" doc = "Class428.sgm">428</classnum>
<subref><clstitle>Stock Material or Miscellaneous Articles</clstitle>
<pretext></pretext>
<subnum range = "p" ref = "C428S121000" doc = "Class428.sgm">121</subnum></subref>
<descript><para> for a stock material product in the form of a single
or plural layer web or sheet which includes a component having a
fold at the edge, and subclass 181 for such a product including
a component which is nonplanar but of uniform thickness and comprises
parallel adjacent folds (e.g., pleats).</para></descript></crecord>
<crecord><classnum ref = "C462S000000" doc = "Class462.sgm">462</classnum>
<subref><clstitle>Books, Strips, and Leaves for Manifolding</clstitle>
<pretext></pretext>
<subnum range = "p" ref = "C462S002000" doc = "Class462.sgm">2</subnum></subref>
<descript><para>, 6, 7, 8&plus;, and 25&plus;.</para></descript></crecord></srchout></subclass>
<subclass subnum = "6" id = "C281S006000">
<sctitle>With platen:</sctitle>
<parent ref = "C281S005000" doc = "Class281.sgm">subclass 5</parent>
<scdesc>Comprising hard smooth surfaces, over which the strips pass.</scdesc>
<srchin>
<srecord><subnum ref = "C281S002000" doc = "Class281.sgm">2</subnum>
<descript><para></para></descript></srecord></srchin>
<srchout>
<crecord><classnum ref = "C462S000000" doc = "Class462.sgm">462</classnum>
<subref><clstitle>Books, Strips, and Leaves for Manifolding</clstitle>
<pretext></pretext>
<subnum range = "r" ref = "C462S014000" doc = "Class462.sgm">14</subnum></subref>
<descript><para>, 41, and 47.</para></descript></crecord></srchout></subclass>
<subclass subnum = "7" id = "C281S007000">
<sctitle>Strip retained:</sctitle>
<parent ref = "C281S006000" doc = "Class281.sgm">subclass 6</parent>
<scdesc>Means being present for retaining one or more strips after
use.</scdesc>
<srchin>
<srecord><subnum ref = "C281S002000" doc = "Class281.sgm">2</subnum>
<descript><para></para></descript></srecord></srchin>
<srchout>
<crecord><classnum ref = "C462S000000" doc = "Class462.sgm">462</classnum>
<subref><clstitle>Books, Strips, and Leaves for Manifolding</clstitle>
<pretext></pretext>
<subnum range = "p" ref = "C462S009000" doc = "Class462.sgm">9</subnum></subref>
<descript><para> and 27&plus;.</para></descript></crecord></srchout></subclass>
<subclass subnum = "8" id = "C281S008000">
<sctitle>With feed:</sctitle>
<parent ref = "C281S007000" doc = "Class281.sgm">subclass 7</parent>
<scdesc>Some unusual facility for feeding a strip being involved.</scdesc>
<srchin>
<srecord><subnum ref = "C281S002000" doc = "Class281.sgm">2</subnum>
<descript><para></para></descript></srecord></srchin>
<srchout>
<crecord><classnum ref = "C462S000000" doc = "Class462.sgm">462</classnum>
<subref><clstitle>Books, Strips, and Leaves for Manifolding</clstitle>
<pretext></pretext>
<subnum range = "p" ref = "C462S010000" doc = "Class462.sgm">10</subnum></subref>
<descript><para>, 29, 32&plus;, 37&plus;, 40&plus;,
and 46&plus;.</para></descript></crecord></srchout></subclass>
<subclass subnum = "9" id = "C281S009000">
<sctitle>With attaching means:</sctitle>
<parent ref = "C281S007000" doc = "Class281.sgm">subclass 7</parent>
<scdesc>There being present some means for attaching the device
to a support.</scdesc></subclass>
<subclass subnum = "10" id = "C281S010000">
<sctitle>Leaf retained </sctitle>
<parent ref = "C281S006000" doc = "Class281.sgm">subclass 6</parent>
<scdesc>Including means for retaining leaves, formed by cutting
up one or more of the strips.</scdesc>
<srchin>
<srecord><subnum ref = "C281S002000" doc = "Class281.sgm">2</subnum>
<descript><para></para></descript></srecord></srchin>
<srchout>
<crecord><classnum ref = "C462S000000" doc = "Class462.sgm">462</classnum>
<subref><clstitle>Books, Strips, and Leaves for Manifolding</clstitle>
<pretext></pretext>
<subnum range = "r" ref = "C462S012000" doc = "Class462.sgm">12</subnum></subref>
<descript><para> and 36&plus;.</para></descript></crecord></srchout></subclass>
<subclass subnum = "11" id = "C281S011000">
<sctitle>With feed:</sctitle>
<parent ref = "C281S006000" doc = "Class281.sgm">subclass 6</parent>
<scdesc>Some unusual facility for feeding a strip being involved.</scdesc>
<srchin>
<srecord><subnum ref = "C281S002000" doc = "Class281.sgm">2</subnum>
<descript><para>and 8.</para></descript></srecord></srchin>
<srchout>
<crecord><classnum ref = "C462S000000" doc = "Class462.sgm">462</classnum>
<subref><clstitle>Books, Strips, and Leaves for Manifolding</clstitle>
<pretext></pretext>
<subnum range = "r" ref = "C462S037000" doc = "Class462.sgm">37</subnum></subref>
<descript><para> and 38.</para></descript></crecord></srchout></subclass>
<subclass subnum = "12" id = "C281S012000">
<sctitle>With attaching means:</sctitle>
<parent ref = "C281S006000" doc = "Class281.sgm">subclass 6</parent>
<scdesc>Including some means for securing the device to a support.</scdesc>
<srchin>
<srecord><subnum ref = "C281S009000" doc = "Class281.sgm">9</subnum>
<descript><para></para></descript></srecord></srchin></subclass>
<subclass subnum = "13" id = "C281S013000">
<sctitle>Wall:</sctitle>
<parent ref = "C281S001200" doc = "Class281.sgm">subclass 12</parent>
<scdesc>The attaching means being capable of use where a wall is
the support.</scdesc>
<srchin>
<srecord><subnum ref = "C281S009000" doc = "Class281.sgm">9</subnum>
<descript><para></para></descript></srecord></srchin></subclass>
<subclass subnum = "14" id = "C281S014000">
<sctitle>Strip retained:</sctitle>
<parent ref = "C281S005000" doc = "Class281.sgm">subclass 5</parent>
<scdesc>Means being present for retaining one or more of the strips
after use.</scdesc>
<srchin>
<srecord><subnum ref = "C281S007000" doc = "Class281.sgm">7</subnum>
<descript><para>and indented subclasses.</para></descript></srecord></srchin></subclass>
<subclass subnum = "15.1" id = "C281S015100">
<sctitle>BOOK, ELEMENT, THEREOF, OR ACCESSORY THEREFOR:</sctitle>
<parent ref = "C281S000000" doc = "Class281.sgm">the class definition</parent>
<scdesc>Subject matter comprising a book&ast;, a part or subcombination
of a book, or an accessory, not classifiable elsewhere, which is
specifically adapted for use with a book. (Terms marked with &ast; are
defined in the class definition of this class.)</scdesc>
<notes><note1 notenum = "(1)">
<para>Note. Accessories for a book may be such things as protectors,
book hangers, or book-leaf holders and marks.</para></note1></notes>
<srchin>
<srecord><subnum range = "p" ref = "C281S003100" doc = "Class281.sgm">3.1</subnum>
<descript><para>for a book combined with an additional leaf.</para></descript></srecord></srchin>
<srchout>
<crecord><classnum ref = "C283S000000" doc = "Class283.sgm">283</classnum>
<subref><clstitle>Printed Matter</clstitle>
<pretext></pretext>
<subnum range = "p" ref = "C283S063100" doc = "Class283.sgm">63.1</subnum></subref>
<descript><para> for a book carrying indicia.</para></descript></crecord>
<crecord><classnum ref = "C462S000000" doc = "Class462.sgm">462</classnum>
<subref><clstitle>Books, Strips, and Leaves for Manifolding</clstitle>
<pretext></pretext>
<subnum range = "p" ref = "C462S007000" doc = "Class462.sgm">7</subnum></subref>
<descript><para>, 17&plus;, 53, 54, and 55&plus;.</para></descript></crecord></srchout></subclass>
<subclass subnum = "16" id = "C281S016000">
<sctitle>Multiple:</sctitle>
<parent ref = "C281S015100" doc = "Class281.sgm">subclass 15.1</parent>
<scdesc>More than one book being involved in the invention in each
patent.</scdesc>
<srchout>
<crecord><classnum ref = "C462S000000" doc = "Class462.sgm">462</classnum>
<subref><clstitle>Books, Strips, and Leaves for Manifolding</clstitle>
<pretext></pretext>
<subnum range = "r" ref = "C462S020000" doc = "Class462.sgm">20</subnum></subref>
<descript><para>, 21, and 57&plus;.</para></descript></crecord></srchout></subclass>
<subclass subnum = "17" id = "C281S017000">
<sctitle>Removable cover:</sctitle>
<parent ref = "C281S016000" doc = "Class281.sgm">subclass 16</parent>
<scdesc>The cover of one of the books being removable.</scdesc>
<srchout>
<crecord><classnum ref = "C462S000000" doc = "Class462.sgm">462</classnum>
<subref><clstitle>Books, Strips, and Leaves for Manifolding</clstitle>
<pretext></pretext>
<subnum range = "r" ref = "C462S020000" doc = "Class462.sgm">20</subnum></subref>
<descript><para>, 21, and 57&plus;.</para></descript></crecord></srchout></subclass>
<subclass subnum = "18" id = "C281S018000">
<sctitle>Sealed:</sctitle>
<parent ref = "C281S015100" doc = "Class281.sgm">subclass 15.1</parent>
<scdesc>The books or some part of them being sealed.</scdesc>
<srchout>
<crecord><classnum ref = "C283S000000" doc = "Class283.sgm">283</classnum>
<subref><clstitle>Printed Matter</clstitle>
<pretext></pretext>
<subnum range = "p" ref = "C283S072000" doc = "Class283.sgm">72</subnum></subref>
<descript><para>.</para></descript></crecord></srchout></subclass>
<subclass subnum = "19.1" id = "C281S019100">
<sctitle>Removable cover:</sctitle>
<parent ref = "C281S015100" doc = "Class281.sgm">subclass 15.1</parent>
<scdesc>A book including a cover which can be releasably secured
to and placed around the book, the body of the book having some
modification necessitated by the particular cover associated with
the book.</scdesc>
<notes><note1 notenum = "(1)">
<para>Note. In each patent in this and the indented subclass there
is involved some modification of the body of the book, made necessary
by the particular cover associated with it. A removable cover which
does not necessitate any modification of the body of a book is classified
in this class, subclass 34.</para></note1></notes>
<srchin>
<srecord><subnum ref = "C281S004170" doc = "Class281.sgm">4.17</subnum>
<descript><para>and 34, for other removable book covers.</para></descript></srecord></srchin></subclass>
<subclass subnum = "19.2" id = "C281S019200">
<sctitle>Loop engaging:</sctitle>
<parent ref = "C281S019100" doc = "Class281.sgm">subclass 19.1</parent>
<scdesc>A book including at least one structure which is or which
resembles a closed or substantially closed ring, coil, or any other
closed or substantially closed loop by which the body of the book
may be releasably secured to the cover.</scdesc></subclass>
<subclass subnum = "20" id = "C281S020000">
<sctitle>Protectors:</sctitle>
<parent ref = "C281S015100" doc = "Class281.sgm">subclass 15.1</parent>
<scdesc>Means applied in book backs, sides, and leaves for protecting
the books against hard usage.</scdesc>
<srchin>
<srecord><subnum range = "p" ref = "C281S029000" doc = "Class281.sgm">29</subnum>
<descript><para>compare with this subclass (20) for book-covers.</para></descript></srecord></srchin></subclass>
<subclass subnum = "21.1" id = "C281S021100">
<sctitle>Binding:</sctitle>
<parent ref = "C281S015100" doc = "Class281.sgm">subclass 15.1</parent>
<scdesc>Subject matter related to the means which permanently secure
the leaves&ast; together to form the book or which permanently
secure the cover to the body of the book. (Terms marked with &ast; are
defined in the class definition of this class.)</scdesc></subclass>
<subclass subnum = "22" id = "C281S022000">
<sctitle>Scrapbook:</sctitle>
<parent ref = "C281S021100" doc = "Class281.sgm">subclass 21.1</parent>
<scdesc>The signatures or leaves being spaced apart, usually by
the interposition of filler-strips.</scdesc></subclass>
<subclass subnum = "23" id = "C281S023000">
<sctitle>Continuous strip:</sctitle>
<parent ref = "C281S021100" doc = "Class281.sgm">subclass 21.1</parent>
<scdesc>The signatures or leaves being secured to strip of substantially
the same length as the signatures and leaves.</scdesc></subclass>
<subclass subnum = "24" id = "C281S024000">
<sctitle>Guard:</sctitle>
<parent ref = "C281S021100" doc = "Class281.sgm">subclass 21.1</parent>
<scdesc>The signatures or leaves being secured to intermediate elements
of substantially the same thickness as the signatures or leaves
attached to them and the intermediate elements being secured together
to form the book.</scdesc></subclass>
<subclass subnum = "26" id = "C281S026000">
<sctitle>Undercut slot:</sctitle>
<parent ref = "C281S021100" doc = "Class281.sgm">subclass 21.1</parent>
<scdesc>The backs of the signatures and leaves being slotted, the
planes of the cuts being inclined to the plane of the backs.</scdesc></subclass>
<subclass subnum = "27" id = "C281S027000">
<sctitle>Sewed:</sctitle>
<parent ref = "C281S021100" doc = "Class281.sgm">subclass 21.1</parent>
<scdesc>The bindings including cords passed through the leaves or
signatures and usually tied or looped together at intervals or sewed
or tied to a backing or to bands.</scdesc>
<srchin>
<srecord><subnum ref = "C281S023000" doc = "Class281.sgm">23</subnum>
<descript><para></para></descript></srecord></srchin></subclass>
<subclass subnum = "27.1" id = "C281S027100">
<sctitle>Ring or arch:</sctitle>
<parent ref = "C281S021100" doc = "Class281.sgm">subclass 21.1</parent>
<scdesc>Subject matter wherein the leaves of the book have a registering
aperture formed in their corresponding margins or have correspondingly spaces
apertures formed along their corresponding margins; and wherein
the leaves are permanently secured together (a) by one or more rings
or loops passed through the registering apertures of the leaves,
(b) by a continuous length of wirelike material that is helically or
spirally wound into a coil and passed through the registering apertures
of the leaves, (c) by a continuous length of wirelike material that
is bent or formed into an alternating series of oppositely disposed
fingerlike loops which are then arched or curved toward one another to
form a series of substantially closed rings or loops passed through
the registering apertures of the leaves, or (d) by a comblike structure
in which the fingers are arched or curved toward the back of the
comb forming closed or substantially closed loops or rings passed
through the registering apertures of the leaves.</scdesc>
<notes><note1 notenum = "(1)">
<para>Note. A closed or substantially closed ring, coil, or loop
may have a configuration other than circular as, for example, a D-shaped
configuration.</para></note1>
<note1 notenum = "(2)">
<para>Note. It is to be understood that in the definitions of this
and the indented subclass, the term &ldquo;leaves&rdquo; may
also include the covers of books which are bound simultaneously
together with the leaves by the same binding means. Accordingly,
these covers would usually have an aperture or apertures corresponding
to the apertures in the leaves.</para></note1></notes></subclass>
<subclass subnum = "27.2" id = "C281S027200">
<sctitle>Metallic:</sctitle>
<parent ref = "C281S027100" doc = "Class281.sgm">subclass 27.1</parent>
<scdesc>Subject matter wherein the ring or arch type securing means
includes some element made from metallic material.</scdesc>
<srchin>
<srecord><subnum ref = "C281S027300" doc = "Class281.sgm">27.3</subnum>
<descript><para>for a securing means other than the ring or arch
type which includes some metallic element, and see the Search Class
Notes appended thereto.</para></descript></srecord></srchin>
<srchout>
<crecord><classnum ref = "C140S000000" doc = "Class140.sgm">140</classnum>
<subref><clstitle>Wireworking</clstitle>
<pretext></pretext>
<subnum range = "p" ref = "C140S092300" doc = "Class140.sgm">92.3</subnum></subref>
<descript><para> for a process or apparatus for intercoiling a rotated
helix with the aligned edge perforations of sheets or leaves to make
a &ldquo;spiral&rdquo; bound book.</para></descript></crecord></srchout></subclass>
<subclass subnum = "27.3" id = "C281S027300">
<sctitle>Metallic:</sctitle>
<parent ref = "C281S021100" doc = "Class281.sgm">subclass 21.1</parent>
<scdesc>Subject matter in which the means which permanently secures
the parts of the book together includes some element made from metallic material.</scdesc>
<srchin>
<srecord><subnum ref = "C281S027200" doc = "Class281.sgm">27.2</subnum>
<descript><para>for a ring or arch type securing means which includes
some metallic element, and see the Search Class Note appended thereto.</para></descript></srecord></srchin>
<srchout>
<crecord><classnum ref = "C227S000000" doc = "Class227.sgm">227</classnum>
<subref><clstitle>Elongated-Member-Driving Apparatus</clstitle>
<pretext></pretext></subref>
<descript><para>appropriate subclasses for apparatus for applying
a member, e.g., a staple, to work.</para></descript></crecord>
<crecord><classnum ref = "C270S000000" doc = "Class270.sgm">270</classnum>
<subref><clstitle>Sheet-Material Associating</clstitle>
<pretext></pretext>
<subnum range = "p" ref = "C270S037000" doc = "Class270.sgm">37</subnum></subref>
<descript><para>, 52.18 and 58.08&plus; for similar securing
means, e.g., stapling.</para></descript></crecord>
<crecord><classnum ref = "C402S000000" doc = "Class402.sgm">402</classnum>
<subref><clstitle>Binder Device Releasably Engaging Aperture or
Notch of Sheet</clstitle>
<pretext></pretext>
<subnum range = "p" ref = "C402S008000" doc = "Class402.sgm">8</subnum></subref>
<descript><para> for a sheet binder device of that class including
a pliant, deformable sheet retainer and especially subclasses 14&plus; for
such a device in which the sheet retainer (e.g., a metal strap, etc.)
may be folded to secure the sheet.</para></descript></crecord></srchout></subclass>
<subclass subnum = "28" id = "C281S028000">
<sctitle>Elements:</sctitle>
<parent ref = "C281S021100" doc = "Class281.sgm">subclass 21.1</parent>
<scdesc>Head-bands, rings, and other elements restricted to use
in the binding of books.</scdesc></subclass>
<subclass subnum = "29" id = "C281S029000">
<sctitle>Covers:</sctitle>
<parent ref = "C281S015100" doc = "Class281.sgm">subclass 15.1</parent>
<scdesc>Protecting means placed outside the bodies of books and
overlying them.</scdesc>
<srchin>
<srecord><subnum ref = "C281S004000" doc = "Class281.sgm">4</subnum>
<descript><para>17 and 19.1&plus;, for removable book covers.</para></descript></srecord></srchin>
<srchout>
<crecord><classnum ref = "C402S000000" doc = "Class402.sgm">402</classnum>
<subref><clstitle>Binder Device Releasably Engaging Aperture or
Notch of Sheet</clstitle>
<pretext></pretext>
<subnum range = "p" ref = "C402S073000" doc = "Class402.sgm">73</subnum></subref>
<descript><para> for a cover, per se, for a device of that class
(402).</para></descript></crecord></srchout></subclass>
<subclass subnum = "30" id = "C281S030000">
<sctitle>With pencils:</sctitle>
<parent ref = "C281S002900" doc = "Class281.sgm">subclass 29</parent>
<scdesc>Covers combined with pencils or pencil holders.</scdesc></subclass>
<subclass subnum = "31" id = "C281S031000">
<sctitle>With pockets:</sctitle>
<parent ref = "C281S002900" doc = "Class281.sgm">subclass 29</parent>
<scdesc>Covers with pockets attached or covers modified so as to
include pockets or receptacles.</scdesc></subclass>
<subclass subnum = "32" id = "C281S032000">
<sctitle>With pulls:</sctitle>
<parent ref = "C281S002900" doc = "Class281.sgm">subclass 29</parent>
<scdesc>Covers combined with means attached to them for pulling
them out from their positions on shelves.</scdesc></subclass>
<subclass subnum = "33" id = "C281S033000">
<sctitle>Easel type:</sctitle>
<parent ref = "C281S002900" doc = "Class281.sgm">subclass 29</parent>
<scdesc>There being some means connected with the covers which adapt
the books to be set up as easels.</scdesc>
<notes><note1 notenum = "(1)">
<para>Note. Compare with the loci in the Search Class notes below.</para></note1></notes>
<srchout>
<crecord><classnum ref = "C040S000000" doc = "Class040.sgm">40</classnum>
<subref><clstitle>Card, Picture, or Sign Exhibiting</clstitle>
<pretext></pretext>
<subnum range = "p" ref = "C040S341000" doc = "Class040.sgm">341</subnum></subref>
<descript><para> for a copy holding easel which includes an adjustable line
guide or adjustable copy; Class </para></descript></crecord>
<crecord><classnum ref = "C248S000000" doc = "Class248.sgm">248</classnum>
<subref><clstitle>Supports</clstitle>
<pretext></pretext>
<subnum range = "p" ref = "C248S441100" doc = "Class248.sgm">441.1</subnum></subref>
<descript><para> the residual locus for copy holders and other easels
as well.</para></descript></crecord>
<crecord><classnum ref = "C400S000000" doc = "Class400.sgm">400</classnum>
<subref><clstitle>Typewriting Machines</clstitle>
<pretext></pretext>
<subnum range = "s" ref = "C400S718000" doc = "Class400.sgm">718</subnum></subref>
<descript><para> for such a copy holder combined with a typewriter.</para></descript></crecord></srchout></subclass>
<subclass subnum = "34" id = "C281S034000">
<sctitle>Removable:</sctitle>
<parent ref = "C281S002900" doc = "Class281.sgm">subclass 29</parent>
<scdesc>Book covers which can be placed removable around books without
modification of the bodies of the books.</scdesc>
<srchin>
<srecord><subnum ref = "C281S004000" doc = "Class281.sgm">4</subnum>
<descript><para>17 and 19.1&plus;, for other removable book
covers.</para></descript></srecord></srchin></subclass>
<subclass subnum = "35" id = "C281S035000">
<sctitle>Flexible:</sctitle>
<parent ref = "C281S002900" doc = "Class281.sgm">subclass 29</parent>
<scdesc>Limp covers for books.</scdesc></subclass>
<subclass subnum = "36" id = "C281S036000">
<sctitle>Backs:</sctitle>
<parent ref = "C281S002900" doc = "Class281.sgm">subclass 29</parent>
<scdesc>Inventions relating to the backs of covers.</scdesc>
<notes><note1 notenum = "(1)">
<para>Note. The connection between a back and the sides is placed
here, as is also the combination of a back with the connection between
the back and the sides.</para></note1></notes>
<srchin>
<srecord><subnum ref = "C281S029000" doc = "Class281.sgm">29</subnum>
<descript><para>through 35.</para></descript></srecord></srchin></subclass>
<subclass subnum = "37" id = "C281S037000">
<sctitle>Sides:</sctitle>
<parent ref = "C281S002900" doc = "Class281.sgm">subclass 29</parent>
<scdesc>Inventions restricted to the sides of covers.</scdesc>
<srchin>
<srecord><subnum ref = "C281S029000" doc = "Class281.sgm">29</subnum>
<descript><para>through 35.</para></descript></srecord></srchin></subclass>
<subclass subnum = "38" id = "C281S038000">
<sctitle>Leaves:</sctitle>
<parent ref = "C281S015100" doc = "Class281.sgm">subclass 15.1</parent>
<scdesc>Inventions pertaining to the sheet elements of the bodies
of books.</scdesc>
<srchin>
<srecord><subnum ref = "C281S018000" doc = "Class281.sgm">18</subnum>
<descript><para>for leaves which are sealed.</para></descript></srecord></srchin>
<srchout>
<crecord><classnum ref = "C283S000000" doc = "Class283.sgm">283</classnum>
<subref><clstitle>Printed Matter</clstitle>
<pretext></pretext></subref>
<descript><para>compare with this class (281) for leaves bearing
printed matter.</para></descript></crecord></srchout></subclass>
<subclass subnum = "39" id = "C281S039000">
<sctitle>Erasable surface:</sctitle>
<parent ref = "C281S003800" doc = "Class281.sgm">subclass 38</parent>
<scdesc>Leaves in combination with elements bearing erasable features,
also leaves having parts modified so as to be erasable surfaces.</scdesc>
<srchout>
<crecord><classnum ref = "C434S000000" doc = "Class434.sgm">434</classnum>
<subref><clstitle>Education and Demonstration</clstitle>
<pretext></pretext>
<subnum range = "p" ref = "C434S408000" doc = "Class434.sgm">408</subnum></subref>
<descript><para>, for elements having or bearing erasable surfaces.</para></descript></crecord></srchout></subclass>
<subclass subnum = "40" id = "C281S040000">
<sctitle>Flat opening:</sctitle>
<parent ref = "C281S003800" doc = "Class281.sgm">subclass 38</parent>
<scdesc>Leaves modified or mounted so as to render the books in
which they are bound flat-opening.</scdesc></subclass>
<subclass subnum = "41" id = "C281S041000">
<sctitle>Single leaf:</sctitle>
<parent ref = "C281S040000" doc = "Class281.sgm">subclass 40</parent>
<scdesc>The inventions being embodied in single leaves.</scdesc></subclass>
<subclass subnum = "42" id = "C281S042000">
<sctitle>Book-leaf holders and marks:</sctitle>
<parent ref = "C281S003800" doc = "Class281.sgm">subclass 38</parent>
<scdesc>Devices for holding book-leaves open, book-leaf clasps not
otherwise classifiable, devices having some parts permanently secured
to the books for marking places therein, devices to be applied to
specific kinds of books for marking places therein, and devices
intended to mark positions in books, but which have other functions
besides.</scdesc>
<srchout>
<crecord><classnum ref = "C024S000000" doc = "Class024.sgm">24</classnum>
<subref><clstitle>Buckles, Buttons, Clasps, etc.</clstitle>
<pretext> </pretext>
<subnum range = "p" ref = "C024S067000" doc = "Class024.sgm">67</subnum></subref>
<descript><para> and 326&plus; for leaf clasps and fasteners.</para></descript></crecord>
<crecord><classnum ref = "C040S000000" doc = "Class040.sgm">40</classnum>
<subref><clstitle>Card, Picture, or Sign Exhibiting</clstitle>
<pretext></pretext>
<subnum range = "p" ref = "C040S352000" doc = "Class040.sgm">352</subnum></subref>
<descript><para>, for place-indicators for books and leaves other
than those included in the above definition (subclass 42).</para></descript></crecord>
<crecord><classnum ref = "C116S000000" doc = "Class116.sgm">116</classnum>
<subref><clstitle>Signals and Indicators</clstitle>
<pretext></pretext>
<subnum range = "p" ref = "C116S234000" doc = "Class116.sgm">234</subnum></subref>
<descript><para> for place-indicators for books and leaves other
than those included in the above definition  (subclass 42).</para></descript></crecord></srchout></subclass>
<subclass subnum = "43" id = "C281S043000">
<sctitle>Book hanger:</sctitle>
<parent ref = "C281S015100" doc = "Class281.sgm">subclass 15.1</parent>
<scdesc>Subject matter comprising means to suspend a book against
gravity from an elevated support.</scdesc></subclass>
<subclass subnum = "44" id = "C281S044000">
<sctitle>Pad holder:</sctitle>
<parent ref = "C281S015100" doc = "Class281.sgm">subclass 15.1</parent>
<scdesc>Subject matter comprising meas to releasably secure and
support therein or thereto a memo, scratch, or other pad or tablet
intended to be written on consisting of a collection of leaves&ast; which
are stacked one on top of another and hound together at one edge,
such that removal of an individual leaf from the securing means
is intended to be accomplished with mutilation (e.g., tearing, ripping,
etc.) of a portion of the leaf or its binding. (Terms marked with &ast; are defined
in the class definition of this class.)</scdesc>
<notes><note1 notenum = "(1)">
<para>Note. The stacked leaves may be bound together at one edge
by glue or other individual leaves which are held together in a
stack by the holder.</para></note1></notes>
<srchin>
<srecord><subnum range = "p" ref = "C281S045000" doc = "Class281.sgm">45</subnum>
<descript><para>for a book or leaf holder in which removal of a
leaf or book from the holding means is intended to be accomplished
without mutilation (e.g., tearing, deforming, etc.) of any portion
of the leaf, book, or holding means, and see the Search Class Notes
appended thereto.</para></descript></srecord></srchin>
<srchout>
<crecord><classnum ref = "C040S000000" doc = "Class040.sgm">40</classnum>
<subref><clstitle>Card, Picture, or Sign Exhibiting</clstitle>
<pretext></pretext>
<subnum range = "p" ref = "C040S336000" doc = "Class040.sgm">336</subnum></subref>
<descript><para> for a means for phone-carried indicia.</para></descript></crecord></srchout></subclass>
<subclass subnum = "45" id = "C281S045000">
<sctitle>BOOK OR LEAF HOLDER:</sctitle>
<parent ref = "C281S000000" doc = "Class281.sgm">the class definition</parent>
<scdesc>Device including means to releasably secure a leaf&ast; or
a book&ast; therein or thereto in such manner that removal
thereof, in the manner intended, from the means may be accomplished
without mutilation (e.g., tearing, deforming, etc.), of any portion
of the means, the leaf or the book. (Terms marked with &ast; are defined
in the class definition of this class.)</scdesc>
<srchin>
<srecord><subnum ref = "C281S044000" doc = "Class281.sgm">44</subnum>
<descript><para>for a pad holder in which removal of an individual
leaf from the holding means is intended to be accomplished with
mutilation of a portion of the leaf or its binding.</para></descript></srecord></srchin>
<srchout>
<crecord><classnum ref = "C040S000000" doc = "Class040.sgm">40</classnum>
<subref><clstitle>Card, Picture, or Sign Exhibiting</clstitle>
<pretext></pretext>
<subnum range = "s" ref = "C040S359000" doc = "Class040.sgm">359</subnum></subref>
<descript><para> for a folded sheet (i.e., &ldquo;folder&rdquo;)
including means for identifying the sheet or contents which may be
disposed within the fold and subclass 360 for a sheet including
means for identifying the sheet or articles which may be disposed
contiguous therewith which means under subclasses 359 and 360 is
in the form of a discrete label, label holder or portion of a sheet
intended to receive a label (e.g., number, letter, mark, etc.).</para></descript></crecord>
<crecord><classnum ref = "C225S000000" doc = "Class225.sgm">225</classnum>
<subref><clstitle>Severing by Tearing or Breaking</clstitle>
<pretext></pretext>
<subnum range = "s" ref = "C225S027000" doc = "Class225.sgm">27</subnum></subref>
<descript><para> for a severing device of that class (225) in combination
with means to hold a pad of sheets or a stack of individual sheets,
which sheets are to be severed (e.g., ripped, torn, broken, etc.),
by manually forcing a portion of the sheet against a fixed edge
of the severing device.</para></descript></crecord>
<crecord><classnum ref = "C283S000000" doc = "Class283.sgm">283</classnum>
<subref><clstitle>Printed Matter</clstitle>
<pretext></pretext></subref>
<descript><para>for (1) a strip book or leaf bearing indicia which
primarily effect an intellectual impression other than the aesthetic
or (2) the combination of such strip, book or leaf with other things
not classifiable elsewhere.</para></descript></crecord>
<crecord><classnum ref = "C402S000000" doc = "Class402.sgm">402</classnum>
<subref><clstitle>Binder Device Releasably Engaging Aperture or
Notch of Sheet</clstitle>
<pretext></pretext></subref>
<descript><para>for a similar device including means to engage a
notch or aperture of a sheet to secure the sheet thereto.</para></descript></crecord></srchout></subclass>
<subclass subnum = "46" id = "C281S046000">
<sctitle>Cooperating with leaf fold:</sctitle>
<parent ref = "C281S045000" doc = "Class281.sgm">subclass 45</parent>
<scdesc>Device wherein the device includes one or more components
which secures: (1) a sheet folded upon itself which component or
components cooperates with the fold juncture and either (a) passes
through the thickness dimension thereof at the juncture of the fold,
(b) extends along the juncture of the fold, or (c) both (a) and
(b) above; (2) a book to the device by cooperation with a folded
sheet element thereof in a manner set forth in 1, above; or (3) a
book to the device which component(s) is disposed between adjacent
pages of the book at their bound margins.</scdesc></subclass>
<subclass subnum = "47" id = "C281S047000">
<sctitle>Continuous with fold:</sctitle>
<parent ref = "C281S046000" doc = "Class281.sgm">subclass 46</parent>
<scdesc>Device wherein the securing means is continuous with either
the fold juncture of the leaf under part 1 or 2 of the definition
of subclass 46 or the bound margin (e.g., sewn edge portion, etc.),
of the pages of the book under part 3 of the definition of subclass
46.</scdesc></subclass>
<subclass subnum = "48" id = "C281S048000">
<sctitle>Pliant, deformable means:</sctitle>
<parent ref = "C281S047000" doc = "Class281.sgm">subclass 47</parent>
<scdesc>Device wherein the component is of a flexible, flaccid or
readily deformable material which is either a slender endless element
(e.g., rubber band, etc.), or elongated element (e.g., string, etc.).</scdesc>
<srchout>
<crecord><classnum ref = "C402S000000" doc = "Class402.sgm">402</classnum>
<subref><clstitle>Binder Device Releasably Engaging Aperture or
Notch of Sheet</clstitle>
<pretext></pretext>
<subnum range = "p" ref = "C402S008000" doc = "Class402.sgm">8</subnum></subref>
<descript><para> for a device including a flexible, flaccid or deformable
sheet retainer intended to pass through a sheet.</para></descript></crecord></srchout></subclass>
<subclass subnum = "49" id = "C281S049000">
<sctitle>Hinged:</sctitle>
<parent ref = "C281S047000" doc = "Class281.sgm">subclass 47</parent>
<scdesc>Device wherein an end portion of the securing means is pivotally
secured to the device to permit leaf or book removal.</scdesc>
<srchout>
<crecord><classnum ref = "C402S000000" doc = "Class402.sgm">402</classnum>
<subref><clstitle>Binder Device Releasably Engaging Aperture or
Notch of Sheet</clstitle>
<pretext></pretext>
<subnum range = "s" ref = "C402S023000" doc = "Class402.sgm">23</subnum></subref>
<descript><para> for a device wherein the pivotally attached end
of the sheet retainer in rotatably mounted on a separate and distinct
pintle.</para></descript></crecord></srchout></subclass>
<subclass subnum = "50" id = "C281S050000">
<sctitle>Extending through aperture at juncture:</sctitle>
<parent ref = "C281S046000" doc = "Class281.sgm">subclass 46</parent>
<scdesc>Device wherein the securing means passes through an opening
disposed at the fold of the sheet as set forth under part 1 or 2
of the definition of subclass 46.</scdesc></subclass>
<subclass subnum = "51" id = "C281S051000">
<sctitle>MISCELLANEOUS:</sctitle>
<parent ref = "C281S000000" doc = "Class281.sgm">the class definition</parent>
<scdesc>Subject matter not otherwise classified above.</scdesc>
<srchout>
<crecord><classnum ref = "C462S000000" doc = "Class462.sgm">462</classnum>
<subref><clstitle>Books, Strips, and Leaves for Manifolding</clstitle>
<pretext></pretext>
<subnum range = "s" ref = "C462S084000" doc = "Class462.sgm">84</subnum></subref>
<descript><para> for miscellaneous subject matter classified therein
and subclass 7 for a strip, book, and leaf combined.</para></descript></crecord></srchout></subclass></sclasses>
</class>
