<?xml version="1.0" encoding="UTF-8"?>
<!DOCTYPE class PUBLIC "-//USPTO//DTD Classification Definitions//EN" "xclassdef.dtd" [

<!-- Begin Document Specific Declarations -->


<!-- End Document Specific Declarations -->

]>
<?xml-stylesheet href="$STRUCTDIR\SgmlAdmin\classdef_xslt.xsl" type="text/XSL"?>












<class classnum = "332" id = "C332S000000"><title>MODULATORS</title>
<sections><descsect>
<para>A.  BASIC SUBJECT MATTER OF CLASS</para>
<para>This is the generic class for modulators.  A modulator
is a device which varies a characteristic of a repetitious electrical
or electromagnetic wave of less than infrared frequency in accordance
with a characteristic of an arbitrarily varying information carrying
signal.  Classification herein is broadly by the type of
modulation exhibited by the output signal.</para>
<para>B.  COMBINATIONS WITH BASIC SUBJECT MATTER INCLUDED
IN THIS CLASS</para>
<para>1.  A modulator combined with structure for measuring or
indicating some aspect of the modulation process or characteristic
of the modulated signal is classified here.  Specifically, measurement
or indication of a frequency or amplitude modulator is classified
here. </para>
<para>2.  A modulator combined with a specific modulating signal
source (e.g., microphone or
photocell) is classified here by modulation type unless
provided for elsewhere.</para>
<para>3.  A modulator combined with structure to improve
the modulation is classified here.  Such structure might include, for
example, a particular power supply for electronic devices
within the modulator or structure to correct for distortions in
the modulated wave.</para>
<para>4.  A combination including both a modulator and
a demodulator is classified here where such combination is not provided
for elsewhere.</para>
<para>C.  MISCELLANEOUS SYSTEMS AND DEVICES USED WITH MODULATORS</para>
<para>This class also provides for (a) miscellaneous
systems and devices which are not of general utility and which are
limited to use with modulators and (b) miscellaneous
systems and devices useful with modulators which are not otherwise
classified.  Examples of such subject matter are a structure
limited in use to measurement of a modulated wave, a multiplex
modulator where a plurality of modulating signals are imposed on
a carrier or pulse wave, or a modulation converter where modulated
energy of one character is converted to modulation energy of a different
character (e.g., frequency modulation
to amplitude modulation).</para>
</descsect>
<linesect>
<para>Excluded from this class are light wave modulators which are
classified elsewhere. (See References to Other
Classes, below.)</para>
<para>Excluded from this class are pulse code modulators and delta
modulators which are now classified elsewhere. (See
References to Other Classes, below.)</para>
<para>Excluded from this class are those devices comprising an oscillator
combined with or including a specific element which is merely responsive
to an external physical condition (e.g., ambient
temperature) and which thereby varies a parameter (e.g., amplitude
or frequency) of the oscillator.  Such devices
are classified  elsewhere. (See References to
Other Classes, below.)  However an oscillator
in combination with significant modulating structure is classified
in Class 332.</para>
<para>Classes 330, Amplifiers, and 331, Oscillators, contain subject
matter directed to subcombinations potentially usable in modulators (e.g., an
electrical amplifier combined with suitable gain control structure
could be utilized as an amplitude modulator). 
Therefore, these classes should be considered in completing
the search for subject matter of Class 332.  See the related
search class notes in References to Other Classes, below.</para>
<para>Many classes contain subject matter which includes modulators
or devices analogous to modulators as subcombinations thereof. 
Thus, as appropriate, combination classes listed
below in the search class notes in References to Other Classes, below, should
be considered in completing the search of subject matter relevant to
Class 332.</para>
<para>See the Glossary, below, for nonelectrical
modulators.</para>
<para>MODULATORS OF NONELECTRICAL TYPE</para>
<para>The term modulator has a variety of meanings outside of the
electrical art.  Foremost among these are fluid control
devices and optical control devices. Examples of fluid
control type modulators and optical type modulators can be found
in References to Other Classes, below. </para>
<para>Other diverse types of nonelectrical modulators can be found
in References to Other Classes, below.</para>
</linesect>
<stcssect>
<srchin>
<srecord><subnum ref = "C332S118000" doc = "Class332.sgm">118</subnum>
<descript><para>for measuring in a frequency modulator.</para></descript></srecord>
<srecord><subnum ref = "C332S150000" doc = "Class332.sgm">150</subnum>
<descript><para>for measuring in an amplitude modulator. </para></descript></srecord></srchin>
</stcssect>
<scsect>
<srchout>
<crecord><classnum ref = "C060S000000" doc = "Class060.sgm">60</classnum>
<subref><clstitle>Power Plants</clstitle>
<pretext></pretext></subref>
<descript><para>appropriate subclasses for fluid control type modulators.</para></descript></crecord>
<crecord><classnum ref = "C062S000000" doc = "Class062.sgm">62</classnum>
<subref><clstitle>Refrigeration</clstitle>
<pretext></pretext></subref>
<descript><para>appropriate subclasses for fluid control type modulators.</para></descript></crecord>
<crecord><classnum ref = "C073S000000" doc = "Class073.sgm">73</classnum>
<subref><clstitle>Measuring and Testing</clstitle>
<pretext></pretext></subref>
<descript><para>appropriate subclasses for measuring or testing
of a parameter which is typically neither electrical, optical, thermal, nor
chemical and which may include a modulation technique.</para></descript></crecord>
<crecord><classnum ref = "C137S000000" doc = "Class137.sgm">137</classnum>
<subref><clstitle>Fluid Handling</clstitle>
<pretext></pretext></subref>
<descript><para>appropriate subclasses for fluid control type modulators.</para></descript></crecord>
<crecord><classnum ref = "C178S000000" doc = "Class178.sgm">178</classnum>
<subref><clstitle>Telegraphy</clstitle>
<pretext></pretext>
<subnum range = "p" ref = "C178S066100" doc = "Class178.sgm">66.1</subnum></subref>
<descript><para> for a telegraphic system which transmits messages
between stations using alternating or pulsating currents and particularly
subclass 66.2 for such a system having a transmitter which
is turned on and off.</para></descript></crecord>
<crecord><classnum ref = "C180S000000" doc = "Class180.sgm">180</classnum>
<subref><clstitle>Motor Vehicles</clstitle>
<pretext></pretext></subref>
<descript><para>appropriate subclasses for fluid control type modulators.</para></descript></crecord>
<crecord><classnum ref = "C250S000000" doc = "Class250.sgm">250</classnum>
<subref><clstitle>Radiant Energy</clstitle>
<pretext></pretext>
<subnum range = "p" ref = "C250S200000" doc = "Class250.sgm">200</subnum></subref>
<descript><para> for a photocell-controlled modulator combined
with a significant optical system for controlling the light intensity
on the photocell, subclass 250 for radio and microwave
wavemeters and frequency measurement systems for radio waves, subclass
263 for an electrical wave modulated by signals emitted from a radiation
detector in or about a well, and subclasses 336.1&plus; for structure
comparable to that of subclasses 200&plus; described above wherein
the photocell is responsive to invisible radiant energy.</para></descript></crecord>
<crecord><classnum ref = "C257S000000" doc = "Class257.sgm">257</classnum>
<subref><clstitle>Active Solid-State Devices (e.g., Transistors, Solid-State
Diodes)</clstitle>
<pretext></pretext></subref>
<descript><para>appropriate subclasses for active semiconductor
devices, per se.</para></descript></crecord>
<crecord><classnum ref = "C264S000000" doc = "Class264.sgm">264</classnum>
<subref><clstitle>Plastic and Nonmetallic Article Shaping or Treating: Processes</clstitle>
<pretext></pretext></subref>
<descript><para>appropriate subclasses for diverse types of nonelectrical
modulators.</para></descript></crecord>
<crecord><classnum ref = "C303S000000" doc = "Class303.sgm">303</classnum>
<subref><clstitle>Fluid-Pressure and Analogous  Brake Systems</clstitle>
<pretext></pretext></subref>
<descript><para>appropriate subclasses for fluid control type modulators.</para></descript></crecord>
<crecord><classnum ref = "C307S000000" doc = "Class307.sgm">307</classnum>
<subref><clstitle>Electrical Transmission or Interconnection Systems</clstitle>
<pretext></pretext>
<subnum range = "s" ref = "C307S003000" doc = "Class307.sgm">3</subnum></subref>
<descript><para> for systems superimposing currents of diverse frequency
or phase, subclass 73 for plural supply circuits or sources
of diverse frequency, and subclasses 106&plus; for waveform
or wave shape determinative or pulse producing systems which are
class appropriate.</para></descript></crecord>
<crecord><classnum ref = "C313S000000" doc = "Class313.sgm">313</classnum>
<subref><clstitle>Electric Lamp and Discharge Devices</clstitle>
<pretext></pretext></subref>
<descript><para>appropriate subclasses for the structure of electronic tubes.</para></descript></crecord>
<crecord><classnum ref = "C315S000000" doc = "Class315.sgm">315</classnum>
<subref><clstitle>Electrical Lamp and Discharge Devices: Systems</clstitle>
<pretext></pretext>
<subnum range = "p" ref = "C315S003000" doc = "Class315.sgm">3</subnum></subref>
<descript><para> for a combination of cathode-ray tube
with ray control structure which may utilize a modulation technique, subclass 39.3
for a travelling wave tube with delay line and subclasses 39.51&plus; for
a magnetron combined with diverse circuit element.</para></descript></crecord>
<crecord><classnum ref = "C318S000000" doc = "Class318.sgm">318</classnum>
<subref><clstitle>Electricity:  Motive Power Systems</clstitle>
<pretext></pretext>
<subnum range = "s" ref = "C318S599000" doc = "Class318.sgm">599</subnum></subref>
<descript><para> for pulse width modulated power control of a servo
motor, subclasses 606&plus; for servo systems utilizing
a feedback signal which frequency or phase modulates a system carrier, subclass
684 for a particular modulator structure used in servomotor control, and
subclass 811 for pulse width modulated time control of a pulse train
supplied to the primary winding of an induction motor.</para></descript></crecord>
<crecord><classnum ref = "C323S000000" doc = "Class323.sgm">323</classnum>
<subref><clstitle>Electricity:  Power Supply or Regulation
Systems</clstitle>
<pretext></pretext></subref>
<descript><para>appropriate subclasses for control of the magnitude
or phase of current or voltage in a system comprising a single electrical
source coupled to a single electrical load.</para></descript></crecord>
<crecord><classnum ref = "C324S000000" doc = "Class324.sgm">324</classnum>
<subref><clstitle>Electricity:  Measuring and Testing</clstitle>
<pretext>appropriate subclasses for measurement of electrical properties, in
general, and particularly </pretext>
<subnum range = "p" ref = "C324S076390" doc = "Class324.sgm">76.39</subnum></subref>
<descript><para> for frequency measurement of electrical waves, subclasses
76.77&plus; for measurement of the phase relationship
between electrical waves, and subclass 118 for modulation
of voltage or current to be measured onto a carrier combined with
subsequent structure to recover a replica of the original voltage
or current by demodulation.</para></descript></crecord>
<crecord><classnum ref = "C327S000000" doc = "Class327.sgm">327</classnum>
<subref><clstitle>Miscellaneous Active Electrical Nonlinear Devices, Circuits, and
Systems</clstitle>
<pretext>particularly </pretext>
<subnum range = "p" ref = "C327S113000" doc = "Class327.sgm">113</subnum></subref>
<descript><para> for miscellaneous frequency control, subclasses
291&plus; for miscellaneous clock or pulse waveform generating, subclasses
231&plus; for phase shift by less than the period of an input
signal, and subclasses 306&plus; for miscellaneous
amplitude control. </para></descript></crecord>
<crecord><classnum ref = "C329S000000" doc = "Class329.sgm">329</classnum>
<subref><clstitle>Demodulators</clstitle>
<pretext></pretext></subref>
<descript><para>appropriate subclasses for demodulators, per
se.</para></descript></crecord>
<crecord><classnum ref = "C330S000000" doc = "Class330.sgm">330</classnum>
<subref><clstitle>Amplifiers</clstitle>
<pretext></pretext>
<subnum range = "s" ref = "C330S010000" doc = "Class330.sgm">10</subnum></subref>
<descript><para>, for an amplifier having an input which
is the output of a modulator and an output which is the input of
a subsequent demodulator, and subclasses 127&plus;, 144&plus; and
250&plus; for an amplifier with gain control structure.</para></descript></crecord>
<crecord><classnum ref = "C331S000000" doc = "Class331.sgm">331</classnum>
<subref><clstitle>Oscillators</clstitle>
<pretext></pretext>
<subnum range = "p" ref = "C331S001000" doc = "Class331.sgm">1</subnum></subref>
<descript><para> for automatic frequency stabilization of an oscillator
and indented thereunder subclasses 23&plus; for achieving this
stabilization through a modulation technique, subclasses
37&plus; for two nonarbitrary sources of slightly different
frequencies and substantially equal amplitudes which are combined
to produce the respective sum or difference frequencies, subclasses
46&plus; for plural oscillator systems in general, subclass
58 for an oscillator with structure to perform an additional simultaneous
function, subclasses 65&plus; for an oscillator responsive
to an external condition, subclass 83 for a klystron type
oscillator, subclasses 86&plus; for a magnetron type oscillator, subclass
106 for an oscillator with repetitive amplitude variation, subclasses
177&plus; for an oscillator combined with frequency adjustment, and
subclasses 182&plus; for amplitude stabilization or control
in an oscillator.</para></descript></crecord>
<crecord><classnum ref = "C333S000000" doc = "Class333.sgm">333</classnum>
<subref><clstitle>Wave Transmission Lines and Networks</clstitle>
<pretext></pretext>
<subnum range = "s" ref = "C333S020000" doc = "Class333.sgm">20</subnum></subref>
<descript><para> for passive networks which modify the amplitude-time
characteristic of waves passing therethrough, and subclasses
219&plus; for resonators in general.</para></descript></crecord>
<crecord><classnum ref = "C340S000000" doc = "Class340.sgm">340</classnum>
<subref><clstitle>Communications:  Electrical</clstitle>
<pretext></pretext>
<subnum range = "p" ref = "C340S87010" doc = "Class340.sgm">870.01</subnum></subref>
<descript><para> for telemetry systems and especially subclasses
870.18&plus; indented thereunder for such systems where
the quantity to be telemetered is imposed on a carrier by a particular type
of modulation.</para></descript></crecord>
<crecord><classnum ref = "C341S000000" doc = "Class341.sgm">341</classnum>
<subref><clstitle>Coded Data Generation or Conversion</clstitle>
<pretext></pretext>
<subnum range = "p" ref = "C341S126000" doc = "Class341.sgm">126</subnum></subref>
<descript><para> for a pulse code modulator, per se, and
subclass 143 for a delta modulator, per se.</para></descript></crecord>
<crecord><classnum ref = "C342S000000" doc = "Class342.sgm">342</classnum>
<subref><clstitle>Communications:  Directive Radio Wave
Systems and Devices (e.g., Radar, Radio
Navigation)</clstitle>
<pretext></pretext></subref>
<descript><para>appropriate subclasses for radar systems or subsystems
utilizing devices (i.e., radar modulators) which
vary the amplitude, frequency or phase of a radar signal
in a nonarbitrary manner.</para></descript></crecord>
<crecord><classnum ref = "C348S000000" doc = "Class348.sgm">348</classnum>
<subref><clstitle>Television</clstitle>
<pretext></pretext>
<subnum range = "s" ref = "C348S472000" doc = "Class348.sgm">472</subnum></subref>
<descript><para> for individual television signals combined into
a specific transmission format by a pulse code modulated technique, subclass
642 for a natural color television signal generator including a
modulator particularly adapted for use therein, and subclass
724 for a modulator using in television transmitter circuitry.</para></descript></crecord>
<crecord><classnum ref = "C358S000000" doc = "Class358.sgm">358</classnum>
<subref><clstitle>Facsimile and Static Presentation Processing</clstitle>
<pretext></pretext>
<subnum range = "s" ref = "C358S469000" doc = "Class358.sgm">469</subnum></subref>
<descript><para> for facsimile circuitry including a modulator particularly
adapted for use therein. </para></descript></crecord>
<crecord><classnum ref = "C359S000000" doc = "Class359.sgm">359</classnum>
<subref><clstitle>Optical: Systems and Elements</clstitle>
<pretext></pretext>
<subnum range = "p" ref = "C359S237000" doc = "Class359.sgm">237</subnum></subref>
<descript><para> for light wave modulators; appropriate subclasses
for optical type modulators.</para></descript></crecord>
<crecord><classnum ref = "C360S000000" doc = "Class360.sgm">360</classnum>
<subref><clstitle>Dynamic Magnetic Information Storage or Retrieval</clstitle>
<pretext></pretext>
<subnum range = "p" ref = "C360S029000" doc = "Class360.sgm">29</subnum></subref>
<descript><para> for modulators of particular utility in dynamic
magnetic recording or reproducing.</para></descript></crecord>
<crecord><classnum ref = "C363S000000" doc = "Class363.sgm">363</classnum>
<subref><clstitle>Electric Power Conversion Systems</clstitle>
<pretext></pretext>
<subnum range = "s" ref = "C363S026000" doc = "Class363.sgm">26</subnum></subref>
<descript><para> for a DC-AC inverter having pulse width modulated
automatic control of output current or voltage, and subclasses
41&plus; for a DC-AC inverter using a pulse modulation
technique to introduce or eliminate frequency components.</para></descript></crecord>
<crecord><classnum ref = "C367S000000" doc = "Class367.sgm">367</classnum>
<subref><clstitle>Communications, Electrical: Acoustic
Wave Systems and Devices</clstitle>
<pretext></pretext></subref>
<descript><para>appropriate subclasses for diverse types of nonelectrical
modulators.</para></descript></crecord>
<crecord><classnum ref = "C369S000000" doc = "Class369.sgm">369</classnum>
<subref><clstitle>Dynamic Information Storage or Retrieval</clstitle>
<pretext></pretext>
<subnum range = "s" ref = "C369S008000" doc = "Class369.sgm">8</subnum></subref>
<descript><para> for a radio combined with an information retrieval
device wherein an oscillator is controlled by a retrieved information
signal, subclass 61 for direct storage or retrieval of
a modulated carrier signal, subclass 62 for storage or
retrieval involving a modulated signal wherein the carrier is partially
or completely suppressed prior to storage and reinserted subsequent
to retrieval, subclass 90 for storage of a quadraphonic
signal utilizing modulation of an AC wave by at least one of the
respective channels, and subclasses 127&plus; for mechanical
modification or sensing of a storage medium which may utilize a
modulation technique.</para></descript></crecord>
<crecord><classnum ref = "C370S000000" doc = "Class370.sgm">370</classnum>
<subref><clstitle>Multiplex Communications</clstitle>
<pretext></pretext></subref>
<descript><para>appropriate subclasses which may have particular
details of modulation techniques.</para></descript></crecord>
<crecord><classnum ref = "C372S000000" doc = "Class372.sgm">372</classnum>
<subref><clstitle>Coherent Light Generators</clstitle>
<pretext></pretext></subref>
<descript><para>for optical type modulators.</para></descript></crecord>
<crecord><classnum ref = "C374S000000" doc = "Class374.sgm">374</classnum>
<subref><clstitle>Thermal Measuring and Testing</clstitle>
<pretext></pretext></subref>
<descript><para>appropriate subclasses for measurement systems responsive
to an external thermal condition which may utilize a modulation
technique.</para></descript></crecord>
<crecord><classnum ref = "C375S000000" doc = "Class375.sgm">375</classnum>
<subref><clstitle>Pulse or Digital Communications</clstitle>
<pretext>appropriate subclasses for subject matter of this class
combined with transmitting structure to couple a modulated pulse
wave to a transmission medium and </pretext>
<subnum range = "r" ref = "C375S237000" doc = "Class375.sgm">237</subnum></subref>
<descript><para> and 242&plus; for a digital communication transmitter
or system utilizing pulse number modulation or pulse code modulation, respectively.</para></descript></crecord>
<crecord><classnum ref = "C379S000000" doc = "Class379.sgm">379</classnum>
<subref><clstitle>Telephonic Communications</clstitle>
<pretext></pretext>
<subnum range = "p" ref = "C379S064000" doc = "Class379.sgm">64</subnum></subref>
<descript><para> for a telephone speech signal transmitter utilizing
a carrier modulation technique, and subclasses 93&plus; (particularly
subclass 98) for transmission of a digital message signal
over a telephone line which may utilize a modulation technique.</para></descript></crecord>
<crecord><classnum ref = "C380S000000" doc = "Class380.sgm">380</classnum>
<subref><clstitle>Cryptography</clstitle>
<pretext>for all electrical communications equipment which process
an information signal for purposes of concealment and particularly </pretext>
<subnum range = "p" ref = "C380S010000" doc = "Class380.sgm">10</subnum></subref>
<descript><para> for scrambling of a video signal using a modulation
related technique, subclasses 31&plus; for cryptos:graphic
electrical signal modification using a plural modulation technique, and
subclass 35 for cryptos:graphic signal modification using
a variable time delay modulation technique.</para></descript></crecord>
<crecord><classnum ref = "C381S000000" doc = "Class381.sgm">381</classnum>
<subref><clstitle>Electrical Audio Signal Processing Systems and
Devices</clstitle>
<pretext></pretext>
<subnum range = "p" ref = "C381S003000" doc = "Class381.sgm">3</subnum></subref>
<descript><para> for audio systems or devices which process a stereo
signal which is transmitted in a frequency-only modulated format, subclasses
15&plus; for audio systems or devices which process a stereo
signal which is transmitted in an amplitude modulated or both an
AM and angle modulated format, and subclass 316 for control
of the output amplitude of a hearing aid as a function of frequency.</para></descript></crecord>
<crecord><classnum ref = "C386S000000" doc = "Class386.sgm">386</classnum>
<subref><clstitle>Motion Video Signal Processing for Recording or
Reproducing</clstitle>
<pretext></pretext>
<subnum range = "R" ref = "C386S307000" doc = "Class386.sgm">307</subnum>
<endnum ref = "C386S310000" doc = "Class386.sgm">310</endnum></subref>
<descript><para> for frequency modulation of a color video signal, subclass
311 for amplitude modulation of a color video signal, and
subclass 312 for phase modulation of a color video signal in a recording
and reproduction device.</para></descript></crecord>
<crecord><classnum ref = "C430S000000" doc = "Class430.sgm">430</classnum>
<subref><clstitle>Radiation Imagery Chemistry:  Process, Composition, or
Product Thereof</clstitle>
<pretext></pretext></subref>
<descript><para>appropriate subclasses for diverse types of nonelectrical
modulators.</para></descript></crecord>
<crecord><classnum ref = "C432S000000" doc = "Class432.sgm">432</classnum>
<subref><clstitle>Heating</clstitle>
<pretext></pretext></subref>
<descript><para>appropriate subclasses for diverse types of nonelectrical
modulators.</para></descript></crecord>
<crecord><classnum ref = "C455S000000" doc = "Class455.sgm">455</classnum>
<subref><clstitle>Telecommunications</clstitle>
<pretext></pretext></subref>
<descript><para>appropriate subclasses for subject matter of this
class combined with transmitting structure to couple the modulated carrier
wave to a transmission medium.</para></descript></crecord></srchout>
</scsect>
<glossect>
<glossary><term>ARBITRARILY VARYING</term>
<def><para>Indicates having a future value which is not predictable from
past values.  (Arbitrary is the opposite of repetitious).</para></def>
<term>CARRIER</term>
<def><para>Is an electrical or electromagnetic repetitious sinusoidal wave.</para></def>
<term>CHARACTERISTIC</term>
<def><para>Is an attribute associated with the size or shape of
a wave or signal.  Examples are amplitude, frequency, or phase
of a sine wave and repetition rate, position, amplitude
or width of a nonsine wave.</para></def>
<term>MODULATING SIGNAL</term>
<def><para>Is an information carrying signal whose informational content
is to be impressed on a carrier or pulse wave.</para></def>
<term>MODULATOR</term>
<def><para>Is a device which varies a characteristic of a repetitious electrical
or electromagnetic wave of less than infrared frequency in accordance
with a characteristic of an arbitrarily varying modulating signal.</para></def>
<term>PULSE WAVE</term>
<def><para>Is an electrical or electromagnetic repetitious nonsinusoidal
wave.  Examples are square wave, saw-tooth wave, or
trapezoidal wave.</para></def>
<term>REPETITIOUS WAVE</term>
<def><para>Is a cyclic wave whose individual component cycles are substantially
identical.  Examples of repetitious waves are sine waves, square
waves, saw-tooth waves, and trapezoidal
waves.</para></def></glossary></glossect></sections>

<sclasses><subclass subnum="100" id="C332S100000"><sctitle>FREQUENCY SHIFT KEYING MODULATOR OR MINIMUM SHIFT KEYING MODULATOR:</sctitle><parent ref="C332S000000" doc="Class332.sgm">the class definition</parent><scdesc>Subject matter in which the frequency of the carrier is
shifted among a plurality of discrete values in accordance with
the modulating signal.</scdesc><notes><note1 notenum="(1)"><para>Note.  This subclass and its indents provide for a minimum
shift keying (MSK) modulator which is a frequency shift keying modulator
having phase continuity at the frequency transition points.</para></note1><note1 notenum="(2)"><para>Note.  This subclass includes frequency shift keying modulators,
per se.  See the search class notes below for combinations with
the subject matter of this subclass.</para></note1></notes><srchin><srecord><subnum range="p" ref="C332S103000" doc="Class332.sgm">103</subnum><descript><para>for a phase shift keying modulator.</para></descript></srecord></srchin><srchout><crecord><classnum ref="C375S000000" doc="Class375.sgm">375</classnum><subref><clstitle>Pulse or Digital Communications</clstitle><pretext></pretext><subnum range="p" ref="C375S272000" doc="Class375.sgm">272</subnum></subref><descript><para> for a frequency shift keying system (i.e., transmitter
and receiver), and subclasses 303&plus; for a frequency shift
keying modulator combined with transmitting structure.</para></descript></crecord></srchout></subclass><subclass subnum="101" id="C332S101000"><sctitle>Including logic element (e.g., logic gate or flip-flop):</sctitle><parent ref="C332S100000" doc="Class332.sgm">subclass 100</parent><scdesc>Subject matter containing a component which performs a Boolean
Algebraic operation.</scdesc><notes><note1 notenum="(1)"><para>Note.  Such components may be combinational or sequential
(e.g., AND gates, OR gates or J-K flip-flops).</para></note1></notes></subclass><subclass subnum="102" id="C332S102000"><sctitle>Including discrete semiconductor device:</sctitle><parent ref="C332S100000" doc="Class332.sgm">subclass 100</parent><scdesc>Subject matter containing an electrical device whose constituent
portions are constructed from solid material having room temperature conductivity
between that of a conductor and an insulator and which conductivity
is typically modified through the addition of small amounts of dopant.</scdesc><notes><note1 notenum="(1)"><para>Note.  This might include, for example, semiconductor diodes
or transistors of diverse type.</para></note1></notes></subclass><subclass subnum="103" id="C332S103000"><sctitle>PHASE SHIFT KEYING MODULATOR OR QUADRATURE AMPLITUDE MODULATOR:</sctitle><parent ref="C332S000000" doc="Class332.sgm">the class definition</parent><scdesc>Subject matter in which the phase of the carrier is shifted
among a plurality of discrete angles in accordance with the modulating
signal.</scdesc><notes><note1 notenum="(1)"><para>Note.  Also included here is the case where the phase and
amplitude of the carrier are simultaneously shifted among a plurality
of discrete angle&sol;magnitude pairs (i.e., QAM).</para></note1><note1 notenum="(2)"><para>Note.  This subclass includes phase shift keying modulators,
or quadrature amplitude modulators, per se.  See the search class
notes below for combinations with the subject matter of this subclass.</para></note1></notes><srchin><srecord><subnum range="p" ref="C332S100000" doc="Class332.sgm">100</subnum><descript><para>for a frequency shift keying modulator.</para></descript></srecord></srchin><srchout><crecord><classnum ref="C375S000000" doc="Class375.sgm">375</classnum><subref><clstitle>Pulse or Digital Communications</clstitle><pretext></pretext><subnum range="s" ref="C375S261000" doc="Class375.sgm">261</subnum></subref><descript><para> for a quadrature amplitude modulation system (i.e.,
transmitter and receiver), subclasses 279&plus; for a phase
shift keying system, and subclass 308 for a phase shift keying modulator
combined with transmitting structure.</para></descript></crecord></srchout></subclass><subclass subnum="104" id="C332S104000"><sctitle>Including logic element (e.g., logic gate or flip-flop):</sctitle><parent ref="C332S103000" doc="Class332.sgm">subclass 103</parent><scdesc>Subject matter containing a component which performs a Boolean
Algebraic operation.</scdesc><notes><note1 notenum="(1)"><para>Note.  Such components may be combinational or sequential
(e.g., AND gates, OR gates or J-K flip-flops).</para></note1></notes></subclass><subclass subnum="105" id="C332S105000"><sctitle>Including discrete semiconductor device:</sctitle><parent ref="C332S103000" doc="Class332.sgm">subclass 103</parent><scdesc>Subject matter containing an electrical device whose constituent
portions are constructed from solid material having room temperature conductivity
between that of a conductor and an insulator and which conductivity
is typically modified through the addition of small amounts of dopant.</scdesc><notes><note1 notenum="(1)"><para>Note.  This might include, for example, semiconductor diodes
or transistors of diverse type.</para></note1></notes></subclass><subclass subnum="106" id="C332S106000"><sctitle>PULSE OR INTERRUPTED CONTINUOUS WAVE MODULATOR:</sctitle><parent ref="C332S000000" doc="Class332.sgm">the class definition</parent><scdesc>Subject matter producing a final output signal consisting
of a repetitious pulse wave or a pulsed continuous wave having one
or more of its characteristics varied in accordance with one or
more modulating signals.</scdesc><notes><note1 notenum="(1)"><para>Note.  Examples of pulse waves are square waves, sawtooth
waves, and trapezoidal waves.</para></note1><note1 notenum="(2)"><para>Note.  If a system includes a pulse modulator, but the final
output signal is a frequency, phase or an amplitude modulated wave,
the modulator is classified in subclasses 117&plus;, 144&plus; or
149&plus;, respectively.</para></note1><note1 notenum="(3)"><para>Note.  This subclass includes pulse modulators, per se.  See
the search class notes below for combinations with the subject matter
of this subclass.</para></note1></notes><srchin><srecord><subnum range="p" ref="C332S117000" doc="Class332.sgm">117</subnum><descript><para>for a frequency modulator.</para></descript></srecord><srecord><subnum range="p" ref="C332S144000" doc="Class332.sgm">144</subnum><descript><para>for a phase modulator.</para></descript></srecord><srecord><subnum range="p" ref="C332S149000" doc="Class332.sgm">149</subnum><descript><para>for an amplitude modulator.</para></descript></srecord></srchin><srchout><crecord><classnum ref="C341S000000" doc="Class341.sgm">341</classnum><subref><clstitle>Coded Data Generation or Conversion</clstitle><subnum range="r" ref="C341S126000" doc="Class341.sgm">126</subnum><endnum ref="C341S172000" doc="Class341.sgm">172</endnum></subref><descript><para>or 143 for systems having a final output that is
pulse code modulated (PCM) or delta modulated.</para></descript></crecord><crecord><classnum ref="C375S000000" doc="Class375.sgm">375</classnum><subref><clstitle>Pulse or Digital Communications</clstitle><pretext></pretext></subref><descript><para>appropriate subclasses for combinations of a pulse
modulator with transmitting structure.</para></descript></crecord></srchout></subclass><subclass subnum="107" id="C332S107000"><sctitle>Including stabilization or alternatively distortion, noise
or other interference prevention, reduction, or compensation:</sctitle><parent ref="C332S106000" doc="Class332.sgm">subclass 106</parent><scdesc>Subject matter including the neutralization of an undesirable
characteristic of a pulse modulator or its signals.</scdesc><notes><note1 notenum="(1)"><para>Note.  Distortion may be introduced to the pulse modulating
system in order to compensate for other inherent distortion.</para></note1><note1 notenum="(2)"><para>Note.  The neutralized characteristic might be some form of
system instability.</para></note1></notes><srchin><srecord><subnum range="p" ref="C332S123000" doc="Class332.sgm">123</subnum><descript><para>for distortion or noise control in a frequency modulator.</para></descript></srecord><srecord><subnum range="p" ref="C332S159000" doc="Class332.sgm">159</subnum><descript><para>for distortion or noise control in an amplitude
modulator.</para></descript></srecord></srchin><srchout><crecord><classnum ref="C375S000000" doc="Class375.sgm">375</classnum><subref><clstitle>Pulse or Digital Communications</clstitle><pretext></pretext><subnum range="r" ref="C375S254000" doc="Class375.sgm">254</subnum></subref><descript><para>, 285 and 296 for noise or distortion control in
a system or transmitter.</para></descript></crecord></srchout></subclass><subclass subnum="108" id="C332S108000"><sctitle>Plural modulation:</sctitle><parent ref="C332S106000" doc="Class332.sgm">subclass 106</parent><scdesc>Subject matter having a plurality of modulators, modulating
signals, or diverse output modulation types simultaneously present
or individually selectable.</scdesc><notes><note1 notenum="(1)"><para>Note.  At least one final output signal must be a pulse modulated
signal for classification herein.</para></note1><note1 notenum="(2)"><para>Note.  Multiplex pulse modulators, per se, are classified
here.</para></note1></notes><srchin><srecord><subnum range="p" ref="C332S119000" doc="Class332.sgm">119</subnum><descript><para>for plural modulation in a frequency modulator.</para></descript></srecord><srecord><subnum ref="C332S145000" doc="Class332.sgm">145</subnum><descript><para>for plural modulation in a phase modulator.</para></descript></srecord><srecord><subnum range="p" ref="C332S151000" doc="Class332.sgm">151</subnum><descript><para>for plural modulation in an amplitude modulator.</para></descript></srecord></srchin><srchout><crecord><classnum ref="C370S000000" doc="Class370.sgm">370</classnum><subref><clstitle>Multiplex Communications</clstitle><pretext>appropriate subclasses and particularly </pretext><subnum range="s" ref="C370S205000" doc="Class370.sgm">205</subnum></subref><descript><para> for combined pulse width and pulse position modulation,
subclass 212 for a multiplex transmitter using pulse width modulation
and subclass 213 for multiplex transmitter using pulse position
modulation.</para></descript></crecord></srchout></subclass><subclass subnum="109" id="C332S109000"><sctitle>Pulse width modulator:</sctitle><parent ref="C332S106000" doc="Class332.sgm">subclass 106</parent><scdesc>Subject matter producing a pulse wave output signal in which
the pulse width (duration) is varied by the modulating signal.</scdesc><srchout><crecord><classnum ref="C375S000000" doc="Class375.sgm">375</classnum><subref><clstitle>Pulse or Digital Communications</clstitle><pretext></pretext><subnum range="s" ref="C375S238000" doc="Class375.sgm">238</subnum></subref><descript><para> for a combination of pulse width modulator with
transmitting structure.</para></descript></crecord></srchout></subclass><subclass subnum="110" id="C332S110000"><sctitle>Including discrete semiconductor device having three or
more electrodes:</sctitle><parent ref="C332S109000" doc="Class332.sgm">subclass 109</parent><scdesc>Subject matter utilizing a device with three external connection
points where the constituent portions of the device are constructed
from solid material having room temperature conductivity between
that of a conductor and an insulator and which conductivity is typically modified
through the addition of small amounts of dopant.</scdesc><notes><note1 notenum="(1)"><para>Note.  This might include, for example, semiconductor diodes
or transistors of diverse type.</para></note1></notes></subclass><subclass subnum="111" id="C332S111000"><sctitle>Including electron discharge device:</sctitle><parent ref="C332S109000" doc="Class332.sgm">subclass 109</parent><scdesc>Subject matter utilizing a device which has electrical current
flow between two spaced electrodes in a gas, vapor or vacuum.</scdesc><notes><note1 notenum="(1)"><para>Note.  This might include, for example, vacuum or gas tubes
such as diodes, triodes or pentodes.</para></note1><note1 notenum="(2)"><para>Note.  Additional control electrodes may be present.</para></note1></notes></subclass><subclass subnum="112" id="C332S112000"><sctitle>Pulse position, frequency, phase, or spacing modulator:</sctitle><parent ref="C332S106000" doc="Class332.sgm">subclass 106</parent><scdesc>Subject matter producing a pulse wave output signal in which
the relative positions of the pulses, the frequency (repetition
rate) of the pulses, the phase of the pulses, or the spacing (time)
between the pulses is varied by the modulating signal.</scdesc><srchout><crecord><classnum ref="C375S000000" doc="Class375.sgm">375</classnum><subref><clstitle>Pulse or Digital Communications</clstitle><pretext></pretext><subnum range="s" ref="C375S239000" doc="Class375.sgm">239</subnum></subref><descript><para> for a combination of pulse position, frequency
or spacing modulator with transmitting structure.</para></descript></crecord></srchout></subclass><subclass subnum="113" id="C332S113000"><sctitle>Including discrete semiconductor device having three or
more electrodes:</sctitle><parent ref="C332S112000" doc="Class332.sgm">subclass 112</parent><scdesc>Subject matter utilizing a device with three external connection
points where the constituent portions of the device are constructed
from solid material having room temperature conductivity between
that of a conductor and an insulator and which conductivity is typically modified
through the addition of small amounts of dopant.</scdesc><notes><note1 notenum="(1)"><para>Note.  This might include, for example, semiconductor diodes
or transistors of diverse type.</para></note1></notes></subclass><subclass subnum="114" id="C332S114000"><sctitle>Including electron discharge device:</sctitle><parent ref="C332S112000" doc="Class332.sgm">subclass 112</parent><scdesc>Subject matter utilizing a device which has electrical current
flow between two spaced electrodes in a gas, vapor or vacuum.</scdesc><notes><note1 notenum="(1)"><para>Note.  This might include, for example, vacuum or gas tubes
such as diodes, triodes or pentodes.</para></note1><note1 notenum="(2)"><para>Note.  Additional control electrodes may be present.</para></note1></notes></subclass><subclass subnum="115" id="C332S115000"><sctitle>Pulse amplitude modulator:</sctitle><parent ref="C332S106000" doc="Class332.sgm">subclass 106</parent><scdesc>Subject matter producing a pulse wave output signal in which
the amplitude of the pulses is controlled by the modulating signal.</scdesc><srchout><crecord><classnum ref="C375S000000" doc="Class375.sgm">375</classnum><subref><clstitle>Pulse or Digital Communications</clstitle><pretext></pretext><subnum range="p" ref="C375S300000" doc="Class375.sgm">300</subnum></subref><descript><para> for a combination of pulse amplitude modulator
with transmitting structure, and subclasses 268&plus; for a
pulse amplitude modulation system (i.e., transmitter and receiver).</para></descript></crecord></srchout></subclass><subclass subnum="116" id="C332S116000"><sctitle>Including discrete semiconductor device having three or
more electrodes:</sctitle><parent ref="C332S115000" doc="Class332.sgm">subclass 115</parent><scdesc>Subject matter utilizing a device with three external connection
points where the constituent portions of the device are constructed
from solid material having room temperature conductivity between
that of a conductor and an insulator and which conductivity is typically modified
through the addition of small amounts of dopant.</scdesc><notes><note1 notenum="(1)"><para>Note.  This might include, for example, semiconductor diodes
or transistors of diverse type.</para></note1></notes></subclass><subclass subnum="117" id="C332S117000"><sctitle>FREQUENCY MODULATOR:</sctitle><parent ref="C332S000000" doc="Class332.sgm">the class definition</parent><scdesc>Subject matter in which the frequency of the carrier is
varied over a continuum of values in accordance with the modulating
signal.</scdesc><notes><note1 notenum="(1)"><para>Note.  This subclass includes frequency modulators, per se.
 See the search class notes below for combinations with the subject
matter of this subclass.</para></note1></notes><srchin><srecord><subnum range="p" ref="C332S106000" doc="Class332.sgm">106</subnum><descript><para>for a pulse modulator.</para></descript></srecord><srecord><subnum range="p" ref="C332S144000" doc="Class332.sgm">144</subnum><descript><para>for a phase modulator.</para></descript></srecord><srecord><subnum range="p" ref="C332S149000" doc="Class332.sgm">149</subnum><descript><para>for an amplitude modulator.</para></descript></srecord></srchin><srchout><crecord><classnum ref="C455S000000" doc="Class455.sgm">455</classnum><subref><clstitle>Telecommunications</clstitle><pretext></pretext><subnum range="p" ref="C455S042000" doc="Class455.sgm">42</subnum></subref><descript><para> for frequency modulation in a system with separated
transmitter and receiver, and subclasses 110&plus; for a combination
of frequency modulator with transmitting structure.</para></descript></crecord></srchout></subclass><subclass subnum="118" id="C332S118000"><sctitle>Including measuring or indicating:</sctitle><parent ref="C332S117000" doc="Class332.sgm">subclass 117</parent><scdesc>Subject matter combined with apparatus producing a qualitative
or quantitative output representative of a characteristic of the
modulator or its signals.</scdesc><srchin><srecord><subnum ref="C332S150000" doc="Class332.sgm">150</subnum><descript><para>for measuring in an amplitude modulator.</para></descript></srecord></srchin><srchout><crecord><classnum ref="C331S000000" doc="Class331.sgm">331</classnum><subref><clstitle>Oscillators</clstitle><pretext></pretext><subnum range="s" ref="C331S064000" doc="Class331.sgm">64</subnum></subref><descript><para> for an oscillator with indicator.</para></descript></crecord><crecord><classnum ref="C455S000000" doc="Class455.sgm">455</classnum><subref><clstitle>Telecommunications</clstitle><pretext></pretext><subnum range="r" ref="C455S067110" doc="Class455.sgm">67.11</subnum><endnum ref="C455S067700" doc="Class455.sgm">67.7</endnum></subref><descript><para> for measuring or testing in a system with separated transmitter
and receiver and subclasses 115.1-115.4 for measuring or testing
of a telecommunications transmitter.</para></descript></crecord></srchout></subclass><subclass subnum="119" id="C332S119000"><sctitle>Plural modulation:</sctitle><parent ref="C332S117000" doc="Class332.sgm">subclass 117</parent><scdesc>Subject matter having a plurality of modulators, modulating
signals, or diverse output modulation types simultaneously present
or individually selectable.</scdesc><notes><note1 notenum="(1)"><para>Note.  At least one final output signal must be a frequency
modulated signal.</para></note1><note1 notenum="(2)"><para>Note.  Multiplex frequency modulators, per se, are classified
here.</para></note1></notes><srchin><srecord><subnum ref="C332S108000" doc="Class332.sgm">108</subnum><descript><para>for plural modulation in a pulse modulator.</para></descript></srecord><srecord><subnum ref="C332S145000" doc="Class332.sgm">145</subnum><descript><para>for plural modulation in a phase modulator.</para></descript></srecord><srecord><subnum range="p" ref="C332S151000" doc="Class332.sgm">151</subnum><descript><para>for plural modulation in an amplitude modulator.</para></descript></srecord></srchin><srchout><crecord><classnum ref="C370S000000" doc="Class370.sgm">370</classnum><subref><clstitle>Multiplex Communications</clstitle><pretext>appropriate subclasses and particularly </pretext><subnum range="p" ref="C370S204000" doc="Class370.sgm">204</subnum></subref><descript><para> for plural diverse modulation techniques, subclass
215 for multiplex transmitter using phase modulation and subclass
483 for a multiplex transmitter using frequency modulation. </para></descript></crecord><crecord><classnum ref="C455S000000" doc="Class455.sgm">455</classnum><subref><clstitle>Telecommunications</clstitle><pretext></pretext><subnum range="s" ref="C455S061000" doc="Class455.sgm">61</subnum></subref><descript><para> for plural modulation where a single message is
conveyed between a separated transmitter and receiver and subclass 102
for plural modulation in a telecommunications transmitter.</para></descript></crecord></srchout></subclass><subclass subnum="120" id="C332S120000"><sctitle>Including amplitude modulation:</sctitle><parent ref="C332S119000" doc="Class332.sgm">subclass 119</parent><scdesc>Subject matter in which at least one modulator is an amplitude
modulator or in which amplitude modulation is produced in addition
to the frequency modulation.</scdesc><srchin><srecord><subnum ref="C332S145000" doc="Class332.sgm">145</subnum><descript><para>for a phase modulator which includes an amplitude
modulator.</para></descript></srecord></srchin></subclass><subclass subnum="121" id="C332S121000"><sctitle>Including electron discharge device:</sctitle><parent ref="C332S120000" doc="Class332.sgm">subclass 120</parent><scdesc>Subject matter utilizing a device which has electrical current
flow between two spaced electrodes in a gas, vapor or vacuum.</scdesc><notes><note1 notenum="(1)"><para>Note.  This might include, for example, vacuum or gas tubes
such as diodes, triodes or pentodes.</para></note1><note1 notenum="(2)"><para>Note.  Additional control electrodes may be present.</para></note1></notes></subclass><subclass subnum="122" id="C332S122000"><sctitle>Including electron discharge device:</sctitle><parent ref="C332S119000" doc="Class332.sgm">subclass 119</parent><scdesc>Subject matter utilizing a device which has electrical current
flow between two spaced electrodes in a gas, vapor or vacuum.</scdesc><notes><note1 notenum="(1)"><para>Note.  This might include, for example, vacuum or gas tubes
such as diodes, triodes or pentodes.</para></note1><note1 notenum="(2)"><para>Note.  Additional control electrodes may be present.</para></note1></notes></subclass><subclass subnum="123" id="C332S123000"><sctitle>Including stabilization or alternatively distortion, noise
or other interference prevention, reduction, or compensation:</sctitle><parent ref="C332S117000" doc="Class332.sgm">subclass 117</parent><scdesc>Subject matter including the neutralization of an undesirable
characteristic of a frequency modulator or its signals.</scdesc><notes><note1 notenum="(1)"><para>Note.  In some instances, distortion may be introduced to
the FM system in order to compensate for other inherent distortion.</para></note1><note1 notenum="(2)"><para>Note.  The neutralized characteristic might be some form of
system instability.</para></note1></notes><srchin><srecord><subnum ref="C332S107000" doc="Class332.sgm">107</subnum><descript><para>for distortion or noise control in a pulse modulator.</para></descript></srecord><srecord><subnum range="p" ref="C332S159000" doc="Class332.sgm">159</subnum><descript><para>for distortion or noise control in an amplitude
modulator.</para></descript></srecord></srchin><srchout><crecord><classnum ref="C455S000000" doc="Class455.sgm">455</classnum><subref><clstitle>Telecommunications</clstitle><pretext></pretext><subnum range="r" ref="C455S063100" doc="Class455.sgm">63.1</subnum><endnum ref="C455S065000" doc="Class455.sgm">65</endnum></subref><descript><para>and 501-506 for noise control in a telecommunication
system with separated transmitter and receiver, and subclasses 114.1-114.3 for
harmonic radiation control in a transmitter.</para></descript></crecord></srchout></subclass><subclass subnum="124" id="C332S124000"><sctitle>Nonlinearity reduction or compensation:</sctitle><parent ref="C332S123000" doc="Class332.sgm">subclass 123</parent><scdesc>Subject matter which diminishes the undesired effects of
a modulator element or circuit whose output is not directly proportional
to its input.</scdesc></subclass><subclass subnum="125" id="C332S125000"><sctitle>Automatic amplitude stabilization or control:</sctitle><parent ref="C332S123000" doc="Class332.sgm">subclass 123</parent><scdesc>Subject matter where undesired signal amplitude variations
are controlled without human intervention.</scdesc><notes><note1 notenum="(1)"><para>Note.  This might include, for example, suppression of undesired
amplitude modulation.</para></note1></notes><srchin><srecord><subnum range="p" ref="C332S155000" doc="Class332.sgm">155</subnum><descript><para>for amplitude control in an amplitude modulator.</para></descript></srecord></srchin><srchout><crecord><classnum ref="C455S000000" doc="Class455.sgm">455</classnum><subref><clstitle>Telecommunications</clstitle><pretext></pretext><subnum range="s" ref="C455S116000" doc="Class455.sgm">116</subnum></subref><descript><para> for control of carrier amplitude in a transmitter.</para></descript></crecord></srchout></subclass><subclass subnum="126" id="C332S126000"><sctitle>Automatic frequency stabilization or control:</sctitle><parent ref="C332S123000" doc="Class332.sgm">subclass 123</parent><scdesc>Subject matter in which undesired signal frequency variations
are controlled without human intervention.</scdesc><notes><note1 notenum="(1)"><para>Note. Often the frequency being controlled is that of the
unmodulated carrier.</para></note1></notes><srchin><srecord><subnum ref="C332S161000" doc="Class332.sgm">161</subnum><descript><para>for frequency control in an amplitude modulator.</para></descript></srecord></srchin><srchout><crecord><classnum ref="C331S000000" doc="Class331.sgm">331</classnum><subref><clstitle>Oscillators</clstitle><pretext></pretext><subnum range="p" ref="C331S001000" doc="Class331.sgm">1</subnum></subref><descript><para> for automatic frequency control of an oscillator.</para></descript></crecord><crecord><classnum ref="C455S000000" doc="Class455.sgm">455</classnum><subref><clstitle>Telecommunications</clstitle><pretext></pretext><subnum range="p" ref="C455S075000" doc="Class455.sgm">75</subnum></subref><descript><para> for frequency stabilization in a transceiver, subclass
113 for frequency control of a frequency modulated transmitter,
and subclass 119 for stabilizing the carrier frequency in a telecommunications
transmitter.</para></descript></crecord></srchout></subclass><subclass subnum="127" id="C332S127000"><sctitle>Phase or frequency locked loop:</sctitle><parent ref="C332S126000" doc="Class332.sgm">subclass 126</parent><scdesc>Subject matter in which a stable frequency is attained by
utilizing a phase or frequency locked loop.</scdesc></subclass><subclass subnum="128" id="C332S128000"><sctitle>Modulating signal applied to plural elements of the loop:</sctitle><parent ref="C332S127000" doc="Class332.sgm">subclass 127</parent><scdesc>Subject matter in which the modulating signal is injected
into a plurality of points within the locked loop.</scdesc></subclass><subclass subnum="129" id="C332S129000"><sctitle>Including microwave or distributed parameter structure:</sctitle><parent ref="C332S117000" doc="Class332.sgm">subclass 117</parent><scdesc>Subject matter utilizing a structure or device which is
peculiar to microwave frequencies or which has resistance, inductance
or capacitance not concentrated in lumped circuit elements.</scdesc><srchin><srecord><subnum range="p" ref="C332S163000" doc="Class332.sgm">163</subnum><descript><para>for similar structure in an amplitude modulator.</para></descript></srecord></srchin><srchout><crecord><classnum ref="C455S000000" doc="Class455.sgm">455</classnum><subref><clstitle>Telecommunications</clstitle><pretext></pretext><subnum range="s" ref="C455S111000" doc="Class455.sgm">111</subnum></subref><descript><para> for distributed parameter structure in a frequency
modulated transmitter.</para></descript></crecord></srchout></subclass><subclass subnum="130" id="C332S130000"><sctitle>With discrete semiconductor device:</sctitle><parent ref="C332S129000" doc="Class332.sgm">subclass 129</parent><scdesc>Subject matter containing an electrical device whose constituent
portions are constructed from solid material having room temperature conductivity
between that of a conductor and an insulator and which conductivity
is typically modified through the addition of small amounts of dopant.</scdesc><notes><note1 notenum="(1)"><para>Note.  This might include, for example, semiconductor diodes
or transistors of diverse type.</para></note1></notes></subclass><subclass subnum="131" id="C332S131000"><sctitle>With electron discharge device:</sctitle><parent ref="C332S129000" doc="Class332.sgm">subclass 129</parent><scdesc>Subject matter combined with a device which has electrical
current flow between two spaced electrodes in a gas, vapor or vacuum.</scdesc><notes><note1 notenum="(1)"><para>Note.  This might include, for example, vacuum or gas tubes
such as diodes, triodes or pentodes.</para></note1><note1 notenum="(2)"><para>Note.  Additional control electrodes may be present.</para></note1></notes></subclass><subclass subnum="132" id="C332S132000"><sctitle>Magnetron type:</sctitle><parent ref="C332S131000" doc="Class332.sgm">subclass 131</parent><scdesc>Subject matter in which an electron beam within the discharge
device is subject to a magnetic field.</scdesc><srchout><crecord><classnum ref="C315S000000" doc="Class315.sgm">315</classnum><subref><clstitle>Electric Lamp and Discharge Devices: Systems</clstitle><pretext></pretext><subnum range="r" ref="C315S005130" doc="Class315.sgm">5.13</subnum></subref><descript><para> and 39.51&plus; for a magnetron combined with
diverse circuit element.</para></descript></crecord><crecord><classnum ref="C331S000000" doc="Class331.sgm">331</classnum><subref><clstitle>Oscillators</clstitle><pretext></pretext><subnum range="s" ref="C331S005000" doc="Class331.sgm">5</subnum></subref><descript><para> for automatic frequency control of a magnetron oscillator
and subclasses 86&plus; for a magnetron oscillator, per se.</para></descript></crecord></srchout></subclass><subclass subnum="133" id="C332S133000"><sctitle>Klystron type:</sctitle><parent ref="C332S131000" doc="Class332.sgm">subclass 131</parent><scdesc>Subject matter where the discharge device includes structure
to vary the relative velocity of different longitudinal portions
of the electron beam resulting in electron bunching.</scdesc><srchout><crecord><classnum ref="C315S000000" doc="Class315.sgm">315</classnum><subref><clstitle>Electric Lamp and Discharge Devices: Systems</clstitle><pretext></pretext><subnum range="p" ref="C315S005000" doc="Class315.sgm">5</subnum></subref><descript><para> for a cathode- ray tube circuit where the ray traverses
a hollow distributed parameter device and particularly indented thereunder
subclasses 5.21&plus;, 5.46&plus; and 5.53&plus; for
tuning thereof.</para></descript></crecord><crecord><classnum ref="C331S000000" doc="Class331.sgm">331</classnum><subref><clstitle>Oscillators</clstitle><pretext></pretext><subnum range="p" ref="C331S006000" doc="Class331.sgm">6</subnum></subref><descript><para> for automatic frequency control in a klystron oscillator
and subclass 83 for a klystron oscillator, per se.</para></descript></crecord></srchout></subclass><subclass subnum="134" id="C332S134000"><sctitle>Travelling wave type:</sctitle><parent ref="C332S131000" doc="Class332.sgm">subclass 131</parent><scdesc>Subject matter wherein the discharge device has structure
to slow a travelling electromagnetic wave to more closely match
the velocity of an electron beam with which it is interacting.</scdesc><srchout><crecord><classnum ref="C315S000000" doc="Class315.sgm">315</classnum><subref><clstitle>Electric Lamp and Discharge Devices: Systems</clstitle><pretext></pretext><subnum range="p" ref="C315S003500" doc="Class315.sgm">3.5</subnum></subref><descript><para> for travelling wave tube combined with a delay
transmission line.</para></descript></crecord><crecord><classnum ref="C331S000000" doc="Class331.sgm">331</classnum><subref><clstitle>Oscillators</clstitle><pretext></pretext><subnum range="s" ref="C331S082000" doc="Class331.sgm">82</subnum></subref><descript><para> for a travelling wave-tube type oscillator.</para></descript></crecord></srchout></subclass><subclass subnum="135" id="C332S135000"><sctitle>Including discrete semiconductor device:</sctitle><parent ref="C332S117000" doc="Class332.sgm">subclass 117</parent><scdesc>Subject matter containing an electrical device whose constituent
portions are constructed from solid material having room temperature conductivity
between that of a conductor and an insulator and which conductivity
is typically modified through the addition of small amounts of dopant.</scdesc><notes><note1 notenum="(1)"><para>Note.  This might include, for example, semiconductor diodes
or transistors of diverse type.</para></note1></notes></subclass><subclass subnum="136" id="C332S136000"><sctitle>With varactor:</sctitle><parent ref="C332S135000" doc="Class332.sgm">subclass 135</parent><scdesc>Subject matter in combination with a variable capacitance
diode.</scdesc><srchout><crecord><classnum ref="C257S000000" doc="Class257.sgm">257</classnum><subref><clstitle>Active Solid-State Devices (e.g., Transistors,
Solid-State Diodes)</clstitle><pretext></pretext><subnum range="r" ref="C257S312000" doc="Class257.sgm">312</subnum></subref><descript><para>, 480, and 595-602 for voltage variable capacitive
type active semiconductor devices. </para></descript></crecord></srchout></subclass><subclass subnum="137" id="C332S137000"><sctitle>Including electron discharge device:</sctitle><parent ref="C332S117000" doc="Class332.sgm">subclass 117</parent><scdesc>Subject matter utilizing a device which has electrical current
flow between two spaced electrodes in a gas, vapor or vacuum.</scdesc><notes><note1 notenum="(1)"><para>Note.  This might include, for example, vacuum or gas tubes
such as diodes, triodes or pentodes.</para></note1><note1 notenum="(2)"><para>Note.  Additional control electrodes may be present.</para></note1></notes></subclass><subclass subnum="138" id="C332S138000"><sctitle>Particular oscillator circuit:</sctitle><parent ref="C332S137000" doc="Class332.sgm">subclass 137</parent><scdesc>Subject matter including details of an associated frequency
source.</scdesc><notes><note1 notenum="(1)"><para>Note.  Mere mention of an oscillator exclusive of detail is
insufficient for classification herein.</para></note1></notes><srchout><crecord><classnum ref="C331S000000" doc="Class331.sgm">331</classnum><subref><clstitle>Oscillators</clstitle><pretext></pretext></subref><descript><para>appropriate subclasses for an oscillator, per se.</para></descript></crecord></srchout></subclass><subclass subnum="139" id="C332S139000"><sctitle>Crystal oscillator type:</sctitle><parent ref="C332S138000" doc="Class332.sgm">subclass 138</parent><scdesc>Subject matter in which frequency generation is controlled
by a crystal resonator such as a piezoelectric crystal.</scdesc><srchout><crecord><classnum ref="C331S000000" doc="Class331.sgm">331</classnum><subref><clstitle>Oscillators</clstitle><pretext></pretext><subnum range="r" ref="C331S073000" doc="Class331.sgm">73</subnum></subref><descript><para>, 116, 139, and 154&plus; for piezoelectric-type
oscillators.</para></descript></crecord></srchout></subclass><subclass subnum="140" id="C332S140000"><sctitle>With separate modulator tube (e.g., reactance tube):</sctitle><parent ref="C332S139000" doc="Class332.sgm">subclass 139</parent><scdesc>Subject matter where an electron discharge device distinct
from the crystal oscillator performs the actual modulation.</scdesc></subclass><subclass subnum="141" id="C332S141000"><sctitle>L-C oscillator type:</sctitle><parent ref="C332S138000" doc="Class332.sgm">subclass 138</parent><scdesc>Subject matter in which frequency generation is accomplished
by an inductive-capacitive network.</scdesc></subclass><subclass subnum="142" id="C332S142000"><sctitle>With separate modulator tube (e.g., reactance tube):</sctitle><parent ref="C332S141000" doc="Class332.sgm">subclass 141</parent><scdesc>Subject matter where an electron discharge device distinct
from the L-C oscillator performs the actual modulation.</scdesc></subclass><subclass subnum="143" id="C332S143000"><sctitle>Plural modulator tubes:</sctitle><parent ref="C332S142000" doc="Class332.sgm">subclass 142</parent><scdesc>Subject matter having a plurality of such distinct modulator
tubes.</scdesc></subclass><subclass subnum="144" id="C332S144000"><sctitle>PHASE MODULATOR:</sctitle><parent ref="C332S000000" doc="Class332.sgm">the class definition</parent><scdesc>Subject matter in which the phase of the carrier is varied
over a continuum of values in accordance with the modulating signal.</scdesc><notes><note1 notenum="(1)"><para>Note.  This subclass includes phase modulators, per se.  See
search class notes below for combinations with the subject matter
of this subclass.</para></note1></notes><srchin><srecord><subnum range="p" ref="C332S106000" doc="Class332.sgm">106</subnum><descript><para>for a pulse modulator.</para></descript></srecord><srecord><subnum range="p" ref="C332S117000" doc="Class332.sgm">117</subnum><descript><para>for a frequency modulator.</para></descript></srecord><srecord><subnum range="p" ref="C332S149000" doc="Class332.sgm">149</subnum><descript><para>for an amplitude modulator.</para></descript></srecord></srchin><srchout><crecord><classnum ref="C455S000000" doc="Class455.sgm">455</classnum><subref><clstitle>Telecommunications</clstitle><pretext></pretext><subnum range="p" ref="C455S042000" doc="Class455.sgm">42</subnum></subref><descript><para> for phase modulation in a system with separated
transmitter and receiver, and subclasses 110&plus; for a combination
of a phase modulator with transmitting structure.</para></descript></crecord></srchout></subclass><subclass subnum="145" id="C332S145000"><sctitle>Including amplitude modulator:</sctitle><parent ref="C332S144000" doc="Class332.sgm">subclass 144</parent><scdesc>Subject matter in which at least one modulator is an amplitude
modulator or in which amplitude modulation is produced in addition
to phase modulation.</scdesc><srchin><srecord><subnum ref="C332S108000" doc="Class332.sgm">108</subnum><descript><para>for plural modulation in a pulse modulator.</para></descript></srecord><srecord><subnum range="p" ref="C332S119000" doc="Class332.sgm">119</subnum><descript><para>for plural modulation in a frequency modulator.</para></descript></srecord><srecord><subnum range="p" ref="C332S151000" doc="Class332.sgm">151</subnum><descript><para>for plural modulation in an amplitude modulator.</para></descript></srecord></srchin><srchout><crecord><classnum ref="C370S000000" doc="Class370.sgm">370</classnum><subref><clstitle>Multiplex Communications</clstitle><pretext>appropriate subclasses and particularly </pretext><subnum range="p" ref="C370S204000" doc="Class370.sgm">204</subnum></subref><descript><para> for plural diverse modulation techniques, subclass
215 for a multiplexer using phase modulation, subclass 483 for a
multiplexer using frequency modulation, and subclass 533 for a multiplexer
using pulse amplitude modulation.</para></descript></crecord><crecord><classnum ref="C455S000000" doc="Class455.sgm">455</classnum><subref><clstitle>Telecommunications</clstitle><pretext></pretext><subnum range="s" ref="C455S061000" doc="Class455.sgm">61</subnum></subref><descript><para> for plural modulation where a single message is
conveyed between a separated transmitter and receiver and subclass 102
for plural modulation in a telecommunications transmitter.</para></descript></crecord></srchout></subclass><subclass subnum="146" id="C332S146000"><sctitle>Including discrete semiconductor device:</sctitle><parent ref="C332S144000" doc="Class332.sgm">subclass 144</parent><scdesc>Subject matter containing an electrical device whose constituent
portions are constructed from solid material having room temperature conductivity
between that of a conductor and an insulator and which conductivity
is typically modified through the addition of small amounts of dopant.</scdesc><notes><note1 notenum="(1)"><para>Note.  This might include, for example, semiconductor diodes
or transistors of diverse type.</para></note1></notes></subclass><subclass subnum="147" id="C332S147000"><sctitle>Including electron discharge device:</sctitle><parent ref="C332S144000" doc="Class332.sgm">subclass 144</parent><scdesc>Subject matter utilizing a device which has electrical current
flow between two spaced electrodes in a gas, vapor or vacuum.</scdesc><notes><note1 notenum="(1)"><para>Note.  This might include, for example, vacuum or gas tubes
such as diodes, triodes or pentodes.</para></note1><note1 notenum="(2)"><para>Note.  Additional control electrodes may be present.</para></note1></notes></subclass><subclass subnum="148" id="C332S148000"><sctitle>Push-pull circuit:</sctitle><parent ref="C332S147000" doc="Class332.sgm">subclass 147</parent><scdesc>Subject matter wherein there are two electrical paths with
common output each of which contains an electron discharge device
and in which the respective voltages are 180o out of phase with
respect to the other.</scdesc></subclass><subclass subnum="149" id="C332S149000"><sctitle>AMPLITUDE MODULATOR:</sctitle><parent ref="C332S000000" doc="Class332.sgm">the class definition</parent><scdesc>Subject matter in which the amplitude of the carrier is
varied over a continuum of values in accordance with the modulating
signal.</scdesc><notes><note1 notenum="(1)"><para>Note.  If a system includes an amplitude modulator, but the
final output signal is a pulse modulated, frequency modulated or
phase modulated wave, the modulator is classified in subclasses
106&plus;, 117&plus; or 144&plus;, respectively.</para></note1><note1 notenum="(2)"><para>Note.  This subclass includes amplitude modulators, per se.
 See the search class notes below for combinations with the subject
matter of this subclass.</para></note1></notes><srchin><srecord><subnum range="p" ref="C332S106000" doc="Class332.sgm">106</subnum><descript><para>for a pulse modulator.</para></descript></srecord><srecord><subnum range="p" ref="C332S117000" doc="Class332.sgm">117</subnum><descript><para>for a frequency modulator.</para></descript></srecord><srecord><subnum range="p" ref="C332S144000" doc="Class332.sgm">144</subnum><descript><para>for a phase modulator.</para></descript></srecord></srchin><srchout><crecord><classnum ref="C455S000000" doc="Class455.sgm">455</classnum><subref><clstitle>Telecommunications</clstitle><pretext></pretext><subnum range="p" ref="C455S108000" doc="Class455.sgm">108</subnum></subref><descript><para>for amplitude modulation in a telecommunications
transmitter.</para></descript></crecord></srchout></subclass><subclass subnum="150" id="C332S150000"><sctitle>Including measuring or indicating:</sctitle><parent ref="C332S149000" doc="Class332.sgm">subclass 149</parent><scdesc>Subject matter combined with apparatus producing a qualitative
or quantitative output representative of a characteristic of the
modulator or its signals.</scdesc><srchin><srecord><subnum ref="C332S118000" doc="Class332.sgm">118</subnum><descript><para>for measuring in a frequency modulator.</para></descript></srecord></srchin><srchout><crecord><classnum ref="C331S000000" doc="Class331.sgm">331</classnum><subref><clstitle>Oscillators</clstitle><pretext></pretext><subnum range="s" ref="C331S064000" doc="Class331.sgm">64</subnum></subref><descript><para> for an oscillator with indicator.</para></descript></crecord><crecord><classnum ref="C455S000000" doc="Class455.sgm">455</classnum><subref><clstitle>Telecommunications</clstitle><pretext></pretext><subnum range="r" ref="C455S067110" doc="Class455.sgm">67.11</subnum><endnum ref="C455S067700" doc="Class455.sgm">67.7</endnum></subref><descript><para>  for measuring or testing in a system with separated transmitter
and receiver and subclasses  115.1-115.4 for measuring or testing
of a telecommunications transmitter.</para></descript></crecord></srchout></subclass><subclass subnum="151" id="C332S151000"><sctitle>Plural modulation:</sctitle><parent ref="C332S149000" doc="Class332.sgm">subclass 149</parent><scdesc>Subject matter having a plurality of modulators, modulating
signals, or diverse output modulation types simultaneously present
or individually selectable.</scdesc><notes><note1 notenum="(1)"><para>Note.  At least one final output signal must be an amplitude
modulated carrier wave.</para></note1><note1 notenum="(2)"><para>Note.  Multiplex amplitude modulators, per se, are classified
here.</para></note1></notes><srchin><srecord><subnum ref="C332S108000" doc="Class332.sgm">108</subnum><descript><para>for plural modulation in a pulse modulator.</para></descript></srecord><srecord><subnum range="p" ref="C332S119000" doc="Class332.sgm">119</subnum><descript><para>for plural modulation in a frequency modulator.</para></descript></srecord><srecord><subnum ref="C332S145000" doc="Class332.sgm">145</subnum><descript><para>for plural modulation in a phase modulator.</para></descript></srecord></srchin><srchout><crecord><classnum ref="C370S000000" doc="Class370.sgm">370</classnum><subref><clstitle>Multiplex Communications</clstitle><pretext>appropriate subclasses and particularly </pretext><subnum range="p" ref="C370S204000" doc="Class370.sgm">204</subnum></subref><descript><para> for plural diverse modulation techniques, and subclass
533 for a multiplexer using pulse amplitude modulation.</para></descript></crecord><crecord><classnum ref="C455S000000" doc="Class455.sgm">455</classnum><subref><clstitle>Telecommunications</clstitle><pretext></pretext><subnum range="s" ref="C455S061000" doc="Class455.sgm">61</subnum></subref><descript><para> for plural modulation where a single message is
conveyed between a separated transmitter and receiver and subclass 102
for plural modulation in a telecommunications transmitter.</para></descript></crecord></srchout></subclass><subclass subnum="152" id="C332S152000"><sctitle>Including discrete semiconductor device:</sctitle><parent ref="C332S151000" doc="Class332.sgm">subclass 151</parent><scdesc>Subject matter containing an electrical device whose constituent
portions are constructed from solid material having room temperature conductivity
between that of a conductor and an insulator and which conductivity
is typically modified through the addition of small amounts of dopant.</scdesc><notes><note1 notenum="(1)"><para>Note.  This might include, for example, semiconductor diodes
or transistors of diverse type.</para></note1></notes></subclass><subclass subnum="153" id="C332S153000"><sctitle>Including electron discharge device:</sctitle><parent ref="C332S151000" doc="Class332.sgm">subclass 151</parent><scdesc>Subject matter utilizing a device which has electrical current
flow between two spaced electrodes in a gas, vapor or vacuum.</scdesc><notes><note1 notenum="(1)"><para>Note.  This might include, for example, vacuum or gas tubes
such as diodes, triodes or pentodes.</para></note1><note1 notenum="(2)"><para>Note.  Additional control electrodes may be present.</para></note1></notes></subclass><subclass subnum="154" id="C332S154000"><sctitle>Push-pull circuit:</sctitle><parent ref="C332S153000" doc="Class332.sgm">subclass 153</parent><scdesc>Subject matter wherein there are two electrical paths with
common output each of which contains an electron discharge device
and in which the respective voltages are 180 degrees out of phase
with respect to the other.</scdesc></subclass><subclass subnum="155" id="C332S155000"><sctitle>Percent modulation control or automatic amplitude control
of carrier or modulating signal:</sctitle><parent ref="C332S149000" doc="Class332.sgm">subclass 149</parent><scdesc>Subject matter in which amplitude control is exerted on
the carrier, the modulating signal, or the ratio therebetween without
human intervention.</scdesc><srchin><srecord><subnum ref="C332S125000" doc="Class332.sgm">125</subnum><descript><para>for amplitude control in a frequency modulator.</para></descript></srecord></srchin><srchout><crecord><classnum ref="C331S000000" doc="Class331.sgm">331</classnum><subref><clstitle>Oscillators</clstitle><pretext></pretext><subnum range="r" ref="C331S109000" doc="Class331.sgm">109</subnum></subref><descript><para> and 182&plus; for an oscillator with amplitude
control.</para></descript></crecord><crecord><classnum ref="C455S000000" doc="Class455.sgm">455</classnum><subref><clstitle>Telecommunications</clstitle><pretext></pretext><subnum range="s" ref="C455S116000" doc="Class455.sgm">116</subnum></subref><descript><para> for control of carrier amplitude in a transmitter.</para></descript></crecord></srchout></subclass><subclass subnum="156" id="C332S156000"><sctitle>Overmodulation prevention:</sctitle><parent ref="C332S155000" doc="Class332.sgm">subclass 155</parent><scdesc>Subject matter in which the automatic amplitude control
maintains the ratio of the modulating signal amplitude to the carrier
signal amplitude at a value of one or less.</scdesc></subclass><subclass subnum="157" id="C332S157000"><sctitle>Average carrier amplitude controlled by modulating signal:</sctitle><parent ref="C332S155000" doc="Class332.sgm">subclass 155</parent><scdesc>Subject matter in which the average unmodulated carrier
amplitude is adjusted to reflect the average modulating signal amplitude.</scdesc></subclass><subclass subnum="158" id="C332S158000"><sctitle>Carrier output suppressed during absence of modulating
signal:</sctitle><parent ref="C332S155000" doc="Class332.sgm">subclass 155</parent><scdesc>Subject matter in which the automatic control eliminates
the carrier in response to a lack of modulating signal.</scdesc><srchin><srecord><subnum range="p" ref="C332S167000" doc="Class332.sgm">167</subnum><descript><para>for a suppressed carrier, double sideband amplitude
modulator.</para></descript></srecord></srchin><srchout><crecord><classnum ref="C455S000000" doc="Class455.sgm">455</classnum><subref><clstitle>Telecommunications</clstitle><pretext></pretext><subnum range="s" ref="C455S116000" doc="Class455.sgm">116</subnum></subref><descript><para> for carrier amplitude control in a telecommunications
transmitter.</para></descript></crecord></srchout></subclass><subclass subnum="159" id="C332S159000"><sctitle>Including stabilization or alternatively distortion, noise
or other interference prevention, reduction or compensation:</sctitle><parent ref="C332S149000" doc="Class332.sgm">subclass 149</parent><scdesc>Subject matter including the neutralization of an undesirable
characteristic of an amplitude modulator or its signals.</scdesc><notes><note1 notenum="(1)"><para>Note.  In some instances, distortion may be introduced to
the AM system in order to compensate for other inherent distortion.</para></note1><note1 notenum="(2)"><para>Note.  The neutralized characteristic might be some form of
system instability.</para></note1></notes><srchin><srecord><subnum ref="C332S107000" doc="Class332.sgm">107</subnum><descript><para>for distortion or noise control in a pulse modulator.</para></descript></srecord><srecord><subnum range="p" ref="C332S123000" doc="Class332.sgm">123</subnum><descript><para>for distortion or noise control in a frequency modulator.</para></descript></srecord></srchin><srchout><crecord><classnum ref="C455S000000" doc="Class455.sgm">455</classnum><subref><clstitle>Telecommunications</clstitle><pretext></pretext><subnum range="r" ref="C455S063100" doc="Class455.sgm">63.1</subnum><endnum ref="C455S065000" doc="Class455.sgm">65</endnum></subref><descript><para>and 501-506 for noise control in a telecommunication
system with separated transmitter and receiver, and subclasses 114.1-114.3 for
harmonic radiation control in a transmitter.</para></descript></crecord></srchout></subclass><subclass subnum="160" id="C332S160000"><sctitle>Reduction or compensation of nonlinearity in modulation
characteristic:</sctitle><parent ref="C332S159000" doc="Class332.sgm">subclass 159</parent><scdesc>Subject matter which diminishes the undesired effects of
a modulator element or circuit whose output is not directly proportional
to its input.</scdesc></subclass><subclass subnum="161" id="C332S161000"><sctitle>Reduction of carrier phase or frequency variations or modulation:</sctitle><parent ref="C332S159000" doc="Class332.sgm">subclass 159</parent><scdesc>Subject matter in which undesired fluctuations of either
the phase or frequency of the carrier are reduced.</scdesc><srchin><srecord><subnum range="p" ref="C332S126000" doc="Class332.sgm">126</subnum><descript><para>for frequency control in a frequency modulator.</para></descript></srecord></srchin><srchout><crecord><classnum ref="C455S000000" doc="Class455.sgm">455</classnum><subref><clstitle>Telecommunications</clstitle><pretext></pretext><subnum range="p" ref="C455S075000" doc="Class455.sgm">75</subnum></subref><descript><para> for frequency stabilization in a transceiver, subclass
113 for frequency control of a frequency modulated transmitter,
and subclass 119 for stabilizing the carrier frequency in a telecommunications
transmitter.</para></descript></crecord></srchout></subclass><subclass subnum="162" id="C332S162000"><sctitle>Using feedback to reduce distortion, noise or other interference:</sctitle><parent ref="C332S159000" doc="Class332.sgm">subclass 159</parent><scdesc>Subject matter in which a feedback signal is used to remove
or control distortion.</scdesc></subclass><subclass subnum="163" id="C332S163000"><sctitle>Including microwave or distributed parameter structure:</sctitle><parent ref="C332S149000" doc="Class332.sgm">subclass 149</parent><scdesc>Subject matter utilizing a structure or device which is
peculiar to microwave frequencies or which has resistance, inductance
or capacitance not concentrated in lumped circuit elements.</scdesc><srchin><srecord><subnum range="p" ref="C332S129000" doc="Class332.sgm">129</subnum><descript><para>for similar structure in a frequency modulator.</para></descript></srecord></srchin></subclass><subclass subnum="164" id="C332S164000"><sctitle>With discrete semiconductor device:</sctitle><parent ref="C332S163000" doc="Class332.sgm">subclass 163</parent><scdesc>Subject matter containing an electrical device whose constituent
portions are constructed from solid material having room temperature conductivity
between that of a conductor and an insulator and which conductivity
is typically modified through the addition of small amounts of dopant.</scdesc><notes><note1 notenum="(1)"><para>Note.  This might include, for example, semiconductor diodes
or transistors of diverse type.</para></note1></notes></subclass><subclass subnum="165" id="C332S165000"><sctitle>With electron discharge device:</sctitle><parent ref="C332S163000" doc="Class332.sgm">subclass 163</parent><scdesc>Subject matter combined with a device which has electrical
current flow between two spaced electrodes in a gas, vapor, or vacuum.</scdesc><notes><note1 notenum="(1)"><para>Note.  This might include, for example, vacuum or gas tubes
such as diodes, triodes or pentodes.</para></note1><note1 notenum="(2)"><para>Note.  Additional control electrodes may be present.</para></note1></notes></subclass><subclass subnum="166" id="C332S166000"><sctitle>Magnetron type:</sctitle><parent ref="C332S165000" doc="Class332.sgm">subclass 165</parent><scdesc>Subject matter in which an electron beam within the discharge
device is subject to a magnetic field.</scdesc><srchout><crecord><classnum ref="C315S000000" doc="Class315.sgm">315</classnum><subref><clstitle>Electric Lamp and Discharge Devices: Systems</clstitle><pretext></pretext><subnum range="r" ref="C315S005130" doc="Class315.sgm">5.13</subnum></subref><descript><para> and 39.51&plus; for a magnetron combined with
diverse circuit element.</para></descript></crecord><crecord><classnum ref="C331S000000" doc="Class331.sgm">331</classnum><subref><clstitle>Oscillators</clstitle><pretext></pretext><subnum range="s" ref="C331S005000" doc="Class331.sgm">5</subnum></subref><descript><para> for automatic frequency control in a magnetron oscillator
and subclasses 86&plus; for a magnetron oscillator, per se.</para></descript></crecord></srchout></subclass><subclass subnum="167" id="C332S167000"><sctitle>Suppressed carrier double sideband type:</sctitle><parent ref="C332S149000" doc="Class332.sgm">subclass 149</parent><scdesc>Subject matter in which the carrier is suppressed continuously
or intermittently and both sidebands are intact.</scdesc><srchout><crecord><classnum ref="C455S000000" doc="Class455.sgm">455</classnum><subref><clstitle>Telecommunications</clstitle><pretext></pretext><subnum range="s" ref="C455S046000" doc="Class455.sgm">46</subnum></subref><descript><para> for a suppressed carrier system having separated
transmitter and receiver and subclass 109 for a suppressed carrier amplitude
modulated transmitter.</para></descript></crecord></srchout></subclass><subclass subnum="168" id="C332S168000"><sctitle>Including discrete semiconductor device:</sctitle><parent ref="C332S167000" doc="Class332.sgm">subclass 167</parent><scdesc>Subject matter containing an electrical device whose constituent
portions are constructed from solid material having room temperature conductivity
between that of a conductor and an insulator and which conductivity
is typically modified through the addition of small amounts dopant.</scdesc><notes><note1 notenum="(1)"><para>Note.  This might include, for example, semiconductor diodes
or transistors of diverse type.</para></note1></notes></subclass><subclass subnum="169" id="C332S169000"><sctitle>Including electron discharge device:</sctitle><parent ref="C332S167000" doc="Class332.sgm">subclass 167</parent><scdesc>Subject matter utilizing a device which has electrical current
flow between two spaced electrodes in a gas, vapor or vacuum.</scdesc><notes><note1 notenum="(1)"><para>Note.  This might include, for example, vacuum or gas tubes
such as diodes, triodes or pentodes.</para></note1><note1 notenum="(2)"><para>Note.  Additional control electrodes may be present.</para></note1></notes></subclass><subclass subnum="170" id="C332S170000"><sctitle>Single or vestigial sideband type:</sctitle><parent ref="C332S149000" doc="Class332.sgm">subclass 149</parent><scdesc>Subject matter in which the final output contains less than
two complete sidebands with or without the carrier.</scdesc><srchout><crecord><classnum ref="C455S000000" doc="Class455.sgm">455</classnum><subref><clstitle>Telecommunications</clstitle><pretext></pretext><subnum range="s" ref="C455S047000" doc="Class455.sgm">47</subnum></subref><descript><para> for a single or vestigial sideband system with
separated transmitter and receiver and subclass 109 for a single or
vestigial sideband amplitude modulated transmitter.</para></descript></crecord></srchout></subclass><subclass subnum="171" id="C332S171000"><sctitle>Including electron discharge device:</sctitle><parent ref="C332S170000" doc="Class332.sgm">subclass 170</parent><scdesc>Subject matter utilizing a device which has electrical current
flow between two spaced electrodes in a gas, vapor or vacuum.</scdesc><notes><note1 notenum="(1)"><para>Note.  This might include, for example, vacuum or gas tubes
such as diodes, triodes or pentodes.</para></note1><note1 notenum="(2)"><para>Note.  Additional control electrodes may be present.</para></note1></notes></subclass><subclass subnum="172" id="C332S172000"><sctitle>Modulating signal applied to a bridge circuit:</sctitle><parent ref="C332S149000" doc="Class332.sgm">subclass 149</parent><scdesc>Subject matter in which the carrier is applied to an impedance
bridge in which the impedance of at least one branch is varied in
accordance with the modulating signal.</scdesc></subclass><subclass subnum="173" id="C332S173000"><sctitle>Magnetic field varied by modulating signal:</sctitle><parent ref="C332S149000" doc="Class332.sgm">subclass 149</parent><scdesc>Subject matter in which the amplitude of the carrier is
varied by varying a magnetic field in accordance with the modulating
signal.</scdesc><notes><note1 notenum="(1)"><para>Note.  Devices which may be used to vary a magnetic field
include saturable reactors and transformers.</para></note1></notes></subclass><subclass subnum="174" id="C332S174000"><sctitle>Resistive or dissipative device controlled by modulating
signal (e.g., loss modulator):</sctitle><parent ref="C332S149000" doc="Class332.sgm">subclass 149</parent><scdesc>Subject matter in which the energy of the carrier is variably
absorbed, diverted or scattered in accordance with the modulating
signal.</scdesc><srchout><crecord><classnum ref="C455S000000" doc="Class455.sgm">455</classnum><subref><clstitle>Telecommunications</clstitle><pretext></pretext><subnum range="s" ref="C455S106000" doc="Class455.sgm">106</subnum></subref><descript><para> for a transmitter utilizing absorption modulation.</para></descript></crecord></srchout></subclass><subclass subnum="175" id="C332S175000"><sctitle>Variable reactance controlled by modulating signal:</sctitle><parent ref="C332S149000" doc="Class332.sgm">subclass 149</parent><scdesc>Subject matter in which the amplitude of the carrier is
varied by varying a reactance in accordance with the modulating
signal.</scdesc><notes><note1 notenum="(1)"><para>Note.  The variable reactance might be part of a tuning circuit,
variation of which may be used to vary the gain of a circuit and
thereby the amplitude of the carrier.</para></note1></notes></subclass><subclass subnum="176" id="C332S176000"><sctitle>Nonlinear device controlled by modulating signal:</sctitle><parent ref="C332S149000" doc="Class332.sgm">subclass 149</parent><scdesc>Subject matter which includes a circuit element having an
impedance which is not directly proportional to the current passing
through it or the voltage applied to it and which controls the amplitude
of the carrier in accordance with the modulating signal.</scdesc><notes><note1 notenum="(1)"><para>Note.  Examples of nonlinear devices could be diodes, nonlinear
crystals, thyrite resistors, or electronic tubes.</para></note1></notes></subclass><subclass subnum="177" id="C332S177000"><sctitle>Nonlinear discrete semiconductor device:</sctitle><parent ref="C332S176000" doc="Class332.sgm">subclass 176</parent><scdesc>Subject matter in which the controlled circuit element is
an electrical device whose constituent portions are constructed
from solid material having room temperature conductivity between that
of a conductor and an insulator and which conductivity is typically
modified through the addition of small amounts of dopant.</scdesc></subclass><subclass subnum="178" id="C332S178000"><sctitle>Including discrete semiconductor device:</sctitle><parent ref="C332S149000" doc="Class332.sgm">subclass 149</parent><scdesc>Subject matter containing an electrical device whose constituent
portions are constructed from solid material having room temperature conductivity
between that of a conductor and an insulator and which conductivity
is typically modified through the addition of small amounts of dopant.</scdesc><notes><note1 notenum="(1)"><para>Note.  This might include, for example, semiconductor diodes
or transistors of diverse type.</para></note1></notes></subclass><subclass subnum="179" id="C332S179000"><sctitle>Including electron discharge device:</sctitle><parent ref="C332S149000" doc="Class332.sgm">subclass 149</parent><scdesc>Subject matter utilizing a device which has electrical current
flow between two spaced electrodes in a gas, vapor or vacuum.</scdesc><notes><note1 notenum="(1)"><para>Note.  This might include, for example, vacuum or gas tubes
such as diodes, triodes or pentodes.</para></note1><note1 notenum="(2)"><para>Note.  Additional control electrodes may be present.</para></note1></notes></subclass><subclass subnum="180" id="C332S180000"><sctitle>Push-pull circuit:</sctitle><parent ref="C332S179000" doc="Class332.sgm">subclass 179</parent><scdesc>Subject matter wherein there are two electrical paths with
common output each of which contains an electron discharge device
and in which the respective voltages are 180 degrees out of phase
with respect to the other.</scdesc></subclass><subclass subnum="181" id="C332S181000"><sctitle>Plate circuit modulation:</sctitle><parent ref="C332S179000" doc="Class332.sgm">subclass 179</parent><scdesc>Subject matter including an electronic tube which generates
or amplifies the carrier, and in which the modulating signal is
applied to the anode circuit of the tube or controls a circuit element
in the anode circuit.</scdesc><notes><note1 notenum="(1)"><para>Note.  This subclass includes circuits in which a variable
voltage under control of the modulating signal is added to the anode
supply voltage.</para></note1></notes></subclass><subclass subnum="182" id="C332S182000"><sctitle>Grid circuit modulation:</sctitle><parent ref="C332S179000" doc="Class332.sgm">subclass 179</parent><scdesc>Subject matter including an electronic tube which generates
or amplifies the carrier, and in which the modulating signal is
applied to the grid circuit of the tube or controls a circuit element
in the grid circuit.</scdesc></subclass><subclass subnum="183" id="C332S183000"><sctitle>MODULATION CONVERTER HAVING PRE-MODULATED INPUT (E.G.,
FM TO AM):</sctitle><parent ref="C332S000000" doc="Class332.sgm">the class definition</parent><scdesc>Subject matter in which the input to a system is a repetitious
electrical wave which has had a characteristic varied in accordance with
a modulating signal, and in which the output of the system is a
repetitious electrical wave having a different characteristic varied.</scdesc><notes><note1 notenum="(1)"><para>Note.  The combination of subject matter of this subclass
with a subsequent demodulator is classified in Class 329.</para></note1></notes><srchin><srecord><subnum ref="C332S108000" doc="Class332.sgm">108</subnum><descript><para>119-122, 145, and 151-154, for systems having a
plurality of diverse-type modulators wherein the input of a first
modulator is an intelligence and the output of this modulator forms
 the input of a second modulator whose output is a different form
of modulation from its input; and the final output of these systems
is pulse, frequency, phase, or amplitude modulated, respectively.</para></descript></srecord></srchin><srchout><crecord><classnum ref="C341S000000" doc="Class341.sgm">341</classnum><subref><clstitle>Coded Data Generation or Coversion</clstitle><subnum range="r" ref="C341S126000" doc="Class341.sgm">126</subnum><endnum ref="C341S172000" doc="Class341.sgm">172</endnum></subref><descript><para>and 143 for systems having outputs that are pulse
code modulated (PCM) or delta modulated.</para></descript></crecord><crecord><classnum ref="C455S000000" doc="Class455.sgm">455</classnum><subref><clstitle>Telecommunications</clstitle><pretext></pretext></subref><descript><para>appropriate subclasses for diverse-type conversion
in a telecommunication transmitter or receiver.</para></descript></crecord></srchout></subclass><subclass subnum="184" id="C332S184000"><sctitle>Between diverse pulse modulation types:</sctitle><parent ref="C332S183000" doc="Class332.sgm">subclass 183</parent><scdesc>Subject matter in which conversion occurs between diverse
types of pulse modulation.</scdesc><notes><note1 notenum="(1)"><para>Note.  This might include, for example, a pulse amplitude
modulation to pulse width modulation converter.</para></note1></notes></subclass><subclass subnum="185" id="C332S185000"><sctitle>MISCELLANEOUS:</sctitle><parent ref="C332S000000" doc="Class332.sgm">the class definition</parent><scdesc>Subject matter not provided for in any of the preceding
subclasses.</scdesc></subclass></sclasses>
</class>
