<?xml version="1.0" encoding="UTF-8"?>
<!DOCTYPE class PUBLIC "-//USPTO//DTD Classification Definitions//EN" "xclassdef.dtd" [

<!-- Begin Document Specific Declarations -->

<!-- End Document Specific Declarations -->

]>
<?xml-stylesheet href="classdef.xsl" type="text/XSL"?>

<class classnum = "191" id = "C191S000000"><title>ELECTRICITY: TRANSMISSION
 TO VEHICLES</title>
<sections><descsect>
<para>Means for transmitting electrical energy between relatively
moving objects.  Generally involves the problem of transmitting
electrical energy from fixed points to vehicles or other moving
objects, or vice versa.</para>
<notes><note1 notenum = "(1)">
<para>Note.  Includes the combination of generation and transmission
to and from the vehicle, but does not include specific means for applying
the electrical energy to any specific purpose, which are classified
according to the application.</para></note1></notes>
</descsect>
<linesect>
<para>This class does not include mere slip rings and brushes, which
are classified in Class 310, Electrical Generator or Motor Structure,
subclass 232; rail bonds which are classified in Class 238, Railways:
Surface Track, subclasses 14.1&plus;; nor means peculiarly adapted
for transmitting electrical energy momentarily to a vehicle for the
purpose of operating a signal, switch, etc., which are classifiable
in Class 246, Railway Switches and Signals, and will be found in
the various subclasses containing the words &ldquo;Intermittent
contact&rdquo; in the title.</para>
</linesect>
<scsect>
<srchout>
<crecord><classnum ref = "C174S000000" doc = "Class174.sgm">174</classnum>
<subref><clstitle>Electricity:  Conductors and Insulators</clstitle>
<pretext></pretext></subref>
<descript><para>for conductor, conductor cable and insulator structure,
conduits and housings for conductor and insulator structures and
conduits and housings for other electrical equipment where the characteristics
of the electrical equipment are not claimed.</para></descript></crecord>
<crecord><classnum ref = "C307S000000" doc = "Class307.sgm">307</classnum>
<subref><clstitle>Electrical Transmission or Interconnection Systems</clstitle>
<pretext></pretext>
<subnum range = "s" ref = "C307S145000" doc = "Class307.sgm">145</subnum></subref>
<descript><para> for miscellaneous electrical systems involving
current collection or transfer.</para></descript></crecord>
<crecord><classnum ref = "C314S000000" doc = "Class314.sgm">314</classnum>
<subref><clstitle>Electric Lamp and Discharge Devices:  Consumable
Electrodes</clstitle>
<pretext></pretext>
<subnum range = "s" ref = "C314S129000" doc = "Class314.sgm">129</subnum></subref>
<descript><para> for consumable electrode discharge devices (arc
lamps, et cetera) provided with means to transfer the electric current
from a lead wire to a moving electrode.</para></descript></crecord>
<crecord><classnum ref = "C324S000000" doc = "Class324.sgm">324</classnum>
<subref><clstitle>Electricity:  Measuring and Testing</clstitle>
<pretext></pretext>
<subnum range = "p" ref = "C324S323000" doc = "Class324.sgm">323</subnum></subref>
<descript><para> for geophysical exploration systems having means
to pass current from a moving electrode into the earth.</para></descript></crecord>
<crecord><classnum ref = "C439S000000" doc = "Class439.sgm">439</classnum>
<subref><clstitle>Electrical Connectors</clstitle>
<pretext>for electrical connector structure, especially </pretext>
<subnum range = "p" ref = "C439S001000" doc = "Class439.sgm">1</subnum></subref>
<descript><para> for a pair of relatively movable mating connectors;
and subclasses 110&plus; for a continuous outlet receptacle.</para></descript></crecord>
<crecord><classnum ref = "C439S000000" doc = "Class439.sgm">439</classnum>
<subref><clstitle>Electrical Connectors</clstitle>
<pretext>for electrical connector structure, especially </pretext>
<subnum range = "p" ref = "C439S001000" doc = "Class439.sgm">1</subnum></subref>
<descript><para>, for interrelated connectors relatively movable
during use, and subclasses 110&plus; for an uninterrupted support
rail or uninterrupted contact type electrical connector.</para></descript></crecord></srchout>
</scsect></sections>
<sclasses>
<subclass subnum = "1" id = "C191S001000">
<sctitle>MISCELLANEOUS:</sctitle>
<parent ref = "C191S000000" doc = "Class191.sgm">the class definition</parent>
<scdesc>Means not otherwise classifiable.</scdesc>
<srchout>
<crecord><classnum ref = "C246S000000" doc = "Class246.sgm">246</classnum>
<subref><clstitle>Railway Switches and Signals</clstitle>
<pretext></pretext></subref>
<descript><para>particularly subclasses in the title of which &ldquo;cab
signal or train control&rdquo; occur.</para></descript></crecord>
<crecord><classnum ref = "C343S000000" doc = "Class343.sgm">343</classnum>
<subref><clstitle>Communications:  Radio Wave Antennas</clstitle>
<pretext></pretext>
<subnum range = "r" ref = "C343S754000" doc = "Class343.sgm">754</subnum></subref>
<descript><para>, 757&plus;, 869, and 882 for movable or rotatable antennas
including means to transmit electrical energy to the antenna.</para></descript></crecord></srchout></subclass>
<subclass subnum = "2" id = "C191S002000">
<sctitle>SYSTEMS OF DISTRIBUTION:</sctitle>
<parent ref = "C191S000000" doc = "Class191.sgm">the class definition</parent>
<scdesc>Means for supplying electric energy to or from vehicles
and involving processes or more than the mere physical structure.</scdesc>
<srchout>
<crecord><classnum ref = "C307S000000" doc = "Class307.sgm">307</classnum>
<subref><clstitle>Electrical Transmission or Interconnection Systems</clstitle>
<pretext></pretext>
<subnum range = "p" ref = "C307S009100" doc = "Class307.sgm">9.1</subnum></subref>
<descript><para> for vehicle mounted electrical systems, and subclass
145 for electrical systems which include current collecting or transferring
means.</para></descript></crecord>
<crecord><classnum ref = "C310S000000" doc = "Class310.sgm">310</classnum>
<subref><clstitle>Electrical Generator or Motor Structure</clstitle>
<pretext></pretext>
<subnum range = "s" ref = "C310S071000" doc = "Class310.sgm">71</subnum></subref>
<descript><para> for dynamoelectric devices having circuit supply
connections therefor.</para></descript></crecord>
<crecord><classnum ref = "C333S000000" doc = "Class333.sgm">333</classnum>
<subref><clstitle>Wave Transmission Lines and Networks</clstitle>
<pretext></pretext>
<subnum range = "p" ref = "C333S024000" doc = "Class333.sgm">24</subnum></subref>
<descript><para> for coupling networks including significant reactive
structure for effecting a transfer of oscillatory energy from one
circuit to another circuit and having attenuation and&sol;or
delay characteristics over a frequency range for attenuating and&sol;or
delaying in a predetermined manner wave energy passing therethrough,
and&sol;or providing an impedance match between the network
and at least one of the circuits, and subclasses 1&plus; for
such coupling networks in plural channel systems.</para></descript></crecord></srchout></subclass>
<subclass subnum = "3" id = "C191S003000">
<sctitle>Convertible, multiple current source:</sctitle>
<parent ref = "C191S002000" doc = "Class191.sgm">subclass 2</parent>
<scdesc>Systems distributing a plurality of currents of different
characteristics to or from the vehicle.</scdesc>
<notes><note1 notenum = "(1)">
<para>Note.  The currents may be supplied simultaneously or successively,
and the conversion may be automatic or at will.</para></note1></notes></subclass>
<subclass subnum = "4" id = "C191S004000">
<sctitle>Internal and external:</sctitle>
<parent ref = "C191S003000" doc = "Class191.sgm">subclass 3</parent>
<scdesc>Systems of distribution of the convertible multiple current
source type wherein one source is on the vehicle and another exterior
thereto, the vehicle source obtaining its power primarily from an
external source.</scdesc>
<srchout>
<crecord><classnum ref = "C307S000000" doc = "Class307.sgm">307</classnum>
<subref><clstitle>Electrical Transmission or Interconnection Systems</clstitle>
<pretext></pretext>
<subnum range = "p" ref = "C307S009100" doc = "Class307.sgm">9.1</subnum></subref>
<descript><para> for electrical systems mounted on vehicles.</para></descript></crecord></srchout></subclass>
<subclass subnum = "5" id = "C191S005000">
<sctitle>Alternating direct:</sctitle>
<parent ref = "C191S003000" doc = "Class191.sgm">subclass 3</parent>
<scdesc>Systems of distribution of the convertible multiple current
source type wherein one of the currents supplied to or from the
vehicle is alternating and another direct.</scdesc></subclass>
<subclass subnum = "6" id = "C191S006000">
<sctitle>Sectional:</sctitle>
<parent ref = "C191S002000" doc = "Class191.sgm">subclass 2</parent>
<scdesc>Systems of distribution comprising a sectional contact conductor.</scdesc>
<notes><note1 notenum = "(1)">
<para>Note.  The physical structure of the sectional conductor is
classified in subclass 14, and indented subclasses in this class.</para></note1></notes></subclass>
<subclass subnum = "7" id = "C191S007000">
<sctitle>Alternating-alternating:</sctitle>
<parent ref = "C191S002000" doc = "Class191.sgm">subclass 2</parent>
<scdesc>Systems of distribution wherein the current source is alternating
and is converted to an alternating current of different characteristics before
reaching the point of use.</scdesc>
<srchout>
<crecord><classnum ref = "C307S000000" doc = "Class307.sgm">307</classnum>
<subref><clstitle>Electrical Transmission or Interconnection Systems</clstitle>
<pretext></pretext>
<subnum range = "s" ref = "C307S151000" doc = "Class307.sgm">151</subnum></subref>
<descript><para> for miscellaneous conversion systems.</para></descript></crecord>
<crecord><classnum ref = "C310S000000" doc = "Class310.sgm">310</classnum>
<subref><clstitle>Electrical Generator or Motor Structure</clstitle>
<pretext></pretext>
<subnum range = "s" ref = "C310S160000" doc = "Class310.sgm">160</subnum></subref>
<descript><para> for dynamoelectric frequency converters.</para></descript></crecord>
<crecord><classnum ref = "C363S000000" doc = "Class363.sgm">363</classnum>
<subref><clstitle>Electric Power Conversion Systems</clstitle>
<pretext>appropriate subclasses for electric power conversion systems,
but particularly </pretext>
<subnum range = "p" ref = "C363S148000" doc = "Class363.sgm">148</subnum></subref>
<descript><para> for phase conversion, and subclasses 157&plus; for
frequency conversion.</para></descript></crecord></srchout></subclass>
<subclass subnum = "8" id = "C191S008000">
<sctitle>Safety cut-out:</sctitle>
<parent ref = "C191S002000" doc = "Class191.sgm">subclass 2</parent>
<scdesc>Systems of distribution to vehicles combined with means
under the control of the persons on the vehicle for de-energizing
the systems at will.</scdesc></subclass>
<subclass subnum = "9" id = "C191S009000">
<sctitle>DRAWBRIDGE AND TRANSFER TABLE:</sctitle>
<parent ref = "C191S000000" doc = "Class191.sgm">the class definition</parent>
<scdesc>A conventional drawbridge, turn-table, or other transfer
table, with means for maintaining the bridge or table or a vehicle
thereon in electrical connection with a relatively fixed point exterior
to the bridge or table.</scdesc>
<srchout>
<crecord><classnum ref = "C014S000000" doc = "Class014.sgm">14</classnum>
<subref><clstitle>Bridges</clstitle>
<pretext></pretext>
<subnum range = "s" ref = "C014S031000" doc = "Class014.sgm">31</subnum></subref>
<descript><para>, and indented subclasses.</para></descript></crecord>
<crecord><classnum ref = "C104S000000" doc = "Class104.sgm">104</classnum>
<subref><clstitle>Railways</clstitle>
<pretext></pretext>
<subnum range = "r" ref = "C104S019000" doc = "Class104.sgm">19</subnum></subref>
<descript><para>, 35, 48, and 172.1 through 172.5.</para></descript></crecord></srchout></subclass>
<subclass subnum = "10" id = "C191S010000">
<sctitle>MAGNETIC INDUCTION:</sctitle>
<parent ref = "C191S000000" doc = "Class191.sgm">the class definition</parent>
<scdesc>Subject matter comprising a vehicle, its pathway, and a
static transformer whose primary is mounted on the pathway and its
secondary on the vehicle, or vice versa, whereby electrical energy
is transferred between the vehicle and its pathway.</scdesc>
<srchout>
<crecord><classnum ref = "C124S000000" doc = "Class124.sgm">124</classnum>
<subref><clstitle>Mechanical Guns and Projectors</clstitle>
<pretext></pretext>
<subnum range = "s" ref = "C124S003000" doc = "Class124.sgm">3</subnum></subref>
<descript><para>.</para></descript></crecord>
<crecord><classnum ref = "C310S000000" doc = "Class310.sgm">310</classnum>
<subref><clstitle>Electrical Generator or Motor Structure</clstitle>
<pretext></pretext>
<subnum range = "r" ref = "C310S012010" doc = "Class310.sgm">12.01</subnum>
<endnum ref = "C310S012330" doc = "Class310.sgm">12.33</endnum></subref>
<descript><para>       for a linear dynamoelectric machine, particularly
subclass 13, where both the fixed and movable elements of the machine
are provided with an electrical winding.   </para></descript></crecord>
<crecord><classnum ref = "C336S000000" doc = "Class336.sgm">336</classnum>
<subref><clstitle>Inductor Devices</clstitle>
<pretext></pretext></subref>
<descript><para>appropriate subclasses for the structure of transformers
and inductive reactors.</para></descript></crecord></srchout></subclass>
<subclass subnum = "11" id = "C191S011000">
<sctitle>VEHICLE IN SERIES:</sctitle>
<parent ref = "C191S000000" doc = "Class191.sgm">the class definition</parent>
<scdesc>Vehicles having, a single current source, and means for
causing the same current to pass to each vehicle in series.</scdesc>
<srchout>
<crecord><classnum ref = "C307S000000" doc = "Class307.sgm">307</classnum>
<subref><clstitle>Electrical Transmission or Interconnection Systems</clstitle>
<pretext></pretext>
<subnum range = "p" ref = "C307S036000" doc = "Class307.sgm">36</subnum></subref>
<descript><para> for serially connected load circuits.</para></descript></crecord></srchout></subclass>
<subclass subnum = "12" id = "C191S012000">
<sctitle>FLEXIBLE EXTENSIONS:</sctitle>
<parent ref = "C191S000000" doc = "Class191.sgm">the class definition</parent>
<scdesc>Devices having a relatively fixed current source, a movable
vehicle or other object and a flexible conductor connecting the
two.</scdesc>
<srchout>
<crecord><classnum ref = "C024S000000" doc = "Class024.sgm">24</classnum>
<subref><clstitle>Buckles, Buttons, Clasps, etc.</clstitle>
<subnum range = "s" ref = "C024S115000" doc = "Class024.sgm">115</subnum></subref>
<descript><para>, and indented subclasses, for cord and rope holders
providing a take-up-function. Many of these devices are disclosed
for flexible conductors but are not limited to that use.</para></descript></crecord>
<crecord><classnum ref = "C174S000000" doc = "Class174.sgm">174</classnum>
<subref><clstitle>Electricity:  Conductors and Insulators</clstitle>
<pretext></pretext>
<subnum range = "s" ref = "C174S069000" doc = "Class174.sgm">69</subnum></subref>
<descript><para>, for extensible electric conduit, cable or conductor
structures.</para></descript></crecord>
<crecord><classnum ref = "C248S000000" doc = "Class248.sgm">248</classnum>
<subref><clstitle>Supports</clstitle>
<pretext></pretext>
<subnum range = "r" ref = "C248S051000" doc = "Class248.sgm">51</subnum></subref>
<descript><para>, 52, 329, and 330.1, for supports having conductor take-ups.</para></descript></crecord>
<crecord><classnum ref = "C267S000000" doc = "Class267.sgm">267</classnum>
<subref><clstitle>Spring Devices</clstitle>
<pretext>particularly </pretext>
<subnum range = "s" ref = "C267S069000" doc = "Class267.sgm">69</subnum></subref>
<descript><para> and indented subclasses for elastic extension devices
operable as take-ups for flexible conductors or other flexible strands
but not limited to electrical use.</para></descript></crecord>
<crecord><classnum ref = "C362S000000" doc = "Class362.sgm">362</classnum>
<subref><clstitle>Illumination</clstitle>
<pretext>especially </pretext>
<subnum range = "s" ref = "C362S198000" doc = "Class362.sgm">198</subnum></subref>
<descript><para>.</para></descript></crecord></srchout></subclass>
<subclass subnum = "12.2" id = "C191S012200">
<sctitle>Reels:</sctitle>
<parent ref = "C191S012000" doc = "Class191.sgm">subclass 12</parent>
<scdesc>Reel Structures.</scdesc>
<notes><note1 notenum = "(1)">
<para>Note.  Combinations of reel structures with the vehicle or
object in or upon which the reel is mounted are in this class, subclass
12.</para></note1>
<note1 notenum = "(2)">
<para>Note.  The electrical translator to which energy is supplied
may be included in the claims, if no characteristics thereof other
than are necessary to define the reel structure are set forth.</para></note1></notes>
<srchout>
<crecord><classnum ref = "C200S000000" doc = "Class200.sgm">200</classnum>
<subref><clstitle>Electricity:  Circuit Makers and Breakers</clstitle>
<pretext>particularly </pretext>
<subnum range = "s" ref = "C200S153000" doc = "Class200.sgm">253.1</subnum></subref>
<descript><para> for switches controlled by operation of a reel.</para></descript></crecord>
<crecord><classnum ref = "C242S000000" doc = "Class242.sgm">242</classnum>
<subref><clstitle>Winding, Tensioning, or Guiding</clstitle>
<pretext></pretext>
<subnum range = "p" ref = "C242S370000" doc = "Class242.sgm">370</subnum></subref>
<descript><para> particularly 390.8&plus;, 391&plus;, and
400&plus; for a reeling device that may include an electrical
source.</para></descript></crecord>
<crecord><classnum ref = "C248S000000" doc = "Class248.sgm">248</classnum>
<subref><clstitle>Supports</clstitle>
<pretext></pretext>
<subnum range = "s" ref = "C248S317000" doc = "Class248.sgm">317</subnum></subref>
<descript><para>, and indented subclasses, particularly subclasses 329
and 330.1 for suspended supports having reels, even though limited
to use with electrical conductors.</para></descript></crecord>
<crecord><classnum ref = "C343S000000" doc = "Class343.sgm">343</classnum>
<subref><clstitle>Communications:  Radio Wave Antennas</clstitle>
<pretext></pretext>
<subnum range = "s" ref = "C343S707000" doc = "Class343.sgm">707</subnum></subref>
<descript><para> for trailing type antennas which may have a reel for
the antenna wire; and subclass 877 for antennas with a reel for
the antenna.</para></descript></crecord>
<crecord><classnum ref = "C439S000000" doc = "Class439.sgm">439</classnum>
<subref><clstitle>Electrical Connectors</clstitle>
<pretext></pretext>
<subnum range = "p" ref = "C439S001000" doc = "Class439.sgm">1</subnum></subref>
<descript><para> for an electrical connector having contacts relatively
movable during use.</para></descript></crecord></srchout></subclass>
<subclass subnum = "12.4" id = "C191S012400">
<sctitle>With connector plug or receptacle:</sctitle>
<parent ref = "C191S012200" doc = "Class191.sgm">subclass 12.2</parent>
<scdesc>Reels having secured thereto an electric connector plug
or plug receptacle permitting interconnection of the conductor on
the reel and a complementary connector part.  The complementary
connector part may constitute the connector element of an electrical
translator.</scdesc>
<srchout>
<crecord><classnum ref = "C439S000000" doc = "Class439.sgm">439</classnum>
<subref><clstitle>Electrical Connectors</clstitle>
<pretext></pretext></subref>
<descript><para>appropriate subclasses for an electrical connector of
general utility.</para></descript></crecord></srchout></subclass>
<subclass subnum = "13" id = "C191S013000">
<sctitle>PLATE CONDUCTOR:</sctitle>
<parent ref = "C191S000000" doc = "Class191.sgm">the class definition</parent>
<scdesc>Devices wherein means involving conductors having two-dimension
contact-surfaces for the purpose of serving collectors mounted on
vehicles which are not confined to a fixed path.</scdesc>
<notes><note1 notenum = "(1)">
<para>Note.  The device generally comprises two parallel spaced
plane conductors, the lower one forming the vehicle path.</para></note1></notes></subclass>
<subclass subnum = "14" id = "C191S014000">
<sctitle>SECTIONAL CONDUCTOR:</sctitle>
<parent ref = "C191S000000" doc = "Class191.sgm">the class definition</parent>
<scdesc>Devices having means involving an uninterrupted feeder and
plurality of separated conductor sections exposed to the collector
and means connecting the feeder to the section.</scdesc></subclass>
<subclass subnum = "15" id = "C191S015000">
<sctitle>Normally live section:</sctitle>
<parent ref = "C191S014000" doc = "Class191.sgm">subclass 14</parent>
<scdesc>Means of the sectional conductor type wherein the sections
are normally connected to the feeder and normally energized therefrom.
 The section exposed to the collector is generally much shorter
than the interval between sections and the collector used generally
is long enough to bridge from section to section.</scdesc>
<srchin>
<srecord><subnum ref = "C191S047000" doc = "Class191.sgm">47</subnum>
<descript><para></para></descript></srecord></srchin>
<srchout>
<crecord><classnum ref = "C246S000000" doc = "Class246.sgm">246</classnum>
<subref><clstitle>Railway Switches and Signals</clstitle>
<pretext></pretext>
<subnum range = "r" ref = "C246S034000" doc = "Class246.sgm">34</subnum></subref>
<descript><para>, 41 and 58, and indented subclasses.</para></descript></crecord></srchout></subclass>
<subclass subnum = "-2" id = "C191S016&ast;&ast;1">
<sctitle>Sectional conductor, Normally dead section:</sctitle>
<parent ref = "C191S015000" doc = "Class191.sgm">subclass 15</parent>
<scdesc>Means of the sectional conductor type in which the sections
are normally deenergized and a given section is connected to the
feeder only while the collector is in contact therewith.</scdesc></subclass>
<subclass subnum = "16" id = "C191S016000">
<sctitle>Magnetomechanical circuit controller:</sctitle>
<parent ref = "C191S000000" doc = "Class191.sgm">the unnumbered
subclass, Normally dead section</parent>
<scdesc>Means of the normally dead section type wherein the sections
are energized by magnetic means and deenergized by mechanical means
or vice versa.</scdesc></subclass>
<subclass subnum = "17" id = "C191S017000">
<sctitle>Magnetic circuit controller:</sctitle>
<parent ref = "C191S000000" doc = "Class191.sgm">the unnumbered
subclass, Normally dead section</parent>
<scdesc>Means of the normally dead section type wherein the mechanism
for energizing and deenergizing the sections is operated magnetically.</scdesc>
<notes><note1 notenum = "(1)">
<para>Note.  Most of the devices in this subclass involve an electromagnetically operated
current controller whose magnet obtains current from the feeder
when its section is energized by the collector bridging from the
adjacent live section.</para></note1></notes></subclass>
<subclass subnum = "18" id = "C191S018000">
<sctitle>Magnet on vehicle:</sctitle>
<parent ref = "C191S017000" doc = "Class191.sgm">subclass 17</parent>
<scdesc>Means of the normally dead section magnetic circuit controlled
type wherein the magnetically operated mechanism for energizing
the sections is carried by the vehicle path and operated by a magnet
carried by the vehicle.</scdesc></subclass>
<subclass subnum = "19" id = "C191S019000">
<sctitle>Traveling controller:</sctitle>
<parent ref = "C191S018000" doc = "Class191.sgm">subclass 18</parent>
<scdesc>Means of the normally dead section type in which the feeder
and portions of the sections are disposed in parallelism in a closed
conduit, which also carries a magnetic traveling bridging piece
for successively placing the sections in contact with the feeder,
the bridging piece being propelled by the magnet carried by the vehicle.</scdesc></subclass>
<subclass subnum = "20" id = "C191S020000">
<sctitle>Mechanical circuit controller:</sctitle>
<parent ref = "C191S000000" doc = "Class191.sgm">the unnumbered
subclass, Normally dead section</parent>
<scdesc>Means of the normally dead section type in which the mechanisms
for energizing and deenergizing the sections are mechanically operated
by means of the collector or other operator carried by the vehicle.</scdesc>
<srchout>
<crecord><classnum ref = "C246S000000" doc = "Class246.sgm">246</classnum>
<subref><clstitle>Railway Switches and Signals</clstitle>
<pretext></pretext>
<subnum range = "r" ref = "C246S161000" doc = "Class246.sgm">161</subnum></subref>
<descript><para> and 246 for trolley and car-actuated circuit closers,
and 31.</para></descript></crecord></srchout></subclass>
<subclass subnum = "21" id = "C191S021000">
<sctitle>Deformable conductor:</sctitle>
<parent ref = "C191S020000" doc = "Class191.sgm">subclass 20</parent>
<scdesc>Means of the normally dead section mechanical circuit controlled
type wherein the conductor element is composed of a series of insulated contact
sections and a continuous feeder united by a flexible or deformable
casing, so that the collector or other operator resting on the sections
may force them into contact with the feeder, thus energizing them.</scdesc></subclass>
<subclass subnum = "22" id = "C191S022000">
<sctitle>CONDUCTORS:</sctitle>
<parent ref = "C191S000000" doc = "Class191.sgm">the class definition</parent>
<scdesc>Electrical conductors arranged adjacent the vehicle or object
path and presenting a substantially continuous exposed surface for
contact with a collector carried by the vehicle or object.  The
electrical energy may be transmitted in either direction.</scdesc>
<srchout>
<crecord><classnum ref = "C246S000000" doc = "Class246.sgm">246</classnum>
<subref><clstitle>Railway Switches and Signals</clstitle>
<pretext></pretext>
<subnum range = "r" ref = "C246S009000" doc = "Class246.sgm">9</subnum></subref>
<descript><para>, 65, 67, and 69, and indented subclasses.</para></descript></crecord></srchout></subclass>
<subclass subnum = "23" id = "C191S023000">
<sctitle>Conduit:</sctitle>
<parent ref = "C191S022000" doc = "Class191.sgm">subclass 22</parent>
<scdesc>Conductors placed within a conduit which is provided with
a continuous aperture or slot for entry of the collector of the
vehicle or object and combinations thereof with the collector. The
conductor element presents a substantially continuous exposed surface
for contact with the collector.</scdesc>
<notes><note1 notenum = "(1)">
<para>Note.  The conductor may possess inherent rigidity or inherent
flexibility.  In the former case the conductor element, free from
conduit structure, will be classified as a third rail; in the latter
case as a trolley conductor.</para></note1></notes>
<srchout>
<crecord><classnum ref = "C104S000000" doc = "Class104.sgm">104</classnum>
<subref><clstitle>Railways</clstitle>
<pretext></pretext>
<subnum range = "p" ref = "C104S165000" doc = "Class104.sgm">165</subnum></subref>
<descript><para>. </para></descript></crecord>
<crecord><classnum ref = "C439S000000" doc = "Class439.sgm">439</classnum>
<subref><clstitle>Electrical Connectors</clstitle>
<pretext></pretext>
<subnum range = "p" ref = "C439S110000" doc = "Class439.sgm">110</subnum></subref>
<descript><para> for an electrical connector comprising an uninterrupted
support rail or uninterrupted contact.</para></descript></crecord></srchout></subclass>
<subclass subnum = "24" id = "C191S024000">
<sctitle>Asymmetric:</sctitle>
<parent ref = "C191S023000" doc = "Class191.sgm">subclass 23</parent>
<scdesc>Conductors of the conduit type in which the slot or other
place of entry of the collector into the conduit is not symmetrical
with reference to the running rails or other vehicle path.</scdesc>
<notes><note1 notenum = "(1)">
<para>Note.  The collector opening is generally placed in the flange-way
of one of the running rails.</para></note1></notes>
<srchout>
<crecord><classnum ref = "C104S000000" doc = "Class104.sgm">104</classnum>
<subref><clstitle>Railways</clstitle>
<pretext></pretext>
<subnum range = "s" ref = "C104S165000" doc = "Class104.sgm">165</subnum></subref>
<descript><para>, and indented subclasses.</para></descript></crecord></srchout></subclass>
<subclass subnum = "25" id = "C191S025000">
<sctitle>Closing:</sctitle>
<parent ref = "C191S023000" doc = "Class191.sgm">subclass 23</parent>
<scdesc>Conductors of the conduit type in which the place of entry
of the collector into the conduit is normally obstructed by a movable
closer, which is withdrawn as the collector passes.</scdesc>
<srchin>
<srecord><subnum ref = "C191S031000" doc = "Class191.sgm">31</subnum>
<descript><para></para></descript></srecord></srchin>
<srchout>
<crecord><classnum ref = "C104S000000" doc = "Class104.sgm">104</classnum>
<subref><clstitle>Railways</clstitle>
<pretext></pretext>
<subnum range = "s" ref = "C104S194000" doc = "Class104.sgm">194</subnum></subref>
<descript><para>.</para></descript></crecord></srchout></subclass>
<subclass subnum = "26" id = "C191S026000">
<sctitle>Draining:</sctitle>
<parent ref = "C191S023000" doc = "Class191.sgm">subclass 23</parent>
<scdesc>Conductors of the conduit type combined with conduit draining
means.</scdesc>
<srchout>
<crecord><classnum ref = "C104S000000" doc = "Class104.sgm">104</classnum>
<subref><clstitle>Railways</clstitle>
<pretext></pretext>
<subnum range = "s" ref = "C104S165000" doc = "Class104.sgm">165</subnum></subref>
<descript><para>, and indented subclasses.</para></descript></crecord></srchout></subclass>
<subclass subnum = "27" id = "C191S027000">
<sctitle>Heated:</sctitle>
<parent ref = "C191S023000" doc = "Class191.sgm">subclass 23</parent>
<scdesc>Conductors of the conduit type combined with heating means
for various purposes, as for keeping the conductor dry or for melting
ice therefrom.  The heater may be built within the conductor element
itself.</scdesc>
<srchout>
<crecord><classnum ref = "C104S000000" doc = "Class104.sgm">104</classnum>
<subref><clstitle>Railways</clstitle>
<pretext></pretext>
<subnum range = "s" ref = "C104S165000" doc = "Class104.sgm">165</subnum></subref>
<descript><para>, and indented subclasses.</para></descript></crecord></srchout></subclass>
<subclass subnum = "28" id = "C191S028000">
<sctitle>Special modifications:</sctitle>
<parent ref = "C191S023000" doc = "Class191.sgm">subclass 23</parent>
<scdesc>Conductors of the conduit type modified to meet special
local conditions, such as crossings, switches, plow removal pits,
etc.</scdesc>
<srchout>
<crecord><classnum ref = "C104S000000" doc = "Class104.sgm">104</classnum>
<subref><clstitle>Railways</clstitle>
<pretext></pretext>
<subnum range = "r" ref = "C104S165000" doc = "Class104.sgm">165</subnum></subref>
<descript><para>, 185 and 195.</para></descript></crecord></srchout></subclass>
<subclass subnum = "29" id = "C191S029000">
<sctitle>Third rail:</sctitle>
<parent ref = "C191S022000" doc = "Class191.sgm">subclass 22</parent>
<scdesc>Conductors of the rigid rail type, which are placed above
the ground or other vehicle pathway, but so near such way as not
to clear persons and other ordinary objects on the ground, and which
present a substantially continuous exposed surface for contact with
the collector.</scdesc>
<srchout>
<crecord><classnum ref = "C238S000000" doc = "Class238.sgm">238</classnum>
<subref><clstitle>Railways:  Surface Track</clstitle>
<pretext></pretext></subref>
<descript><para>for pertinent subclass(es) as determined by schedule
review.</para></descript></crecord>
<crecord><classnum ref = "C246S000000" doc = "Class246.sgm">246</classnum>
<subref><clstitle>Railway Switches and Signals</clstitle>
<pretext></pretext>
<subnum range = "r" ref = "C246S009000" doc = "Class246.sgm">9</subnum></subref>
<descript><para>, 65, 67 and 69, and indented subclasses.</para></descript></crecord></srchout></subclass>
<subclass subnum = "30" id = "C191S030000">
<sctitle>Protected:</sctitle>
<parent ref = "C191S029000" doc = "Class191.sgm">subclass 29</parent>
<scdesc>Third rail conductors provided with a more or less complete
casing, guard, or shield for preventing accidental contact with
the exposed conductor element.</scdesc>
<srchout>
<crecord><classnum ref = "C238S000000" doc = "Class238.sgm">238</classnum>
<subref><clstitle>Railways:  Surface Track</clstitle>
<pretext></pretext>
<subnum range = "s" ref = "C238S379000" doc = "Class238.sgm">379</subnum></subref>
<descript><para>.</para></descript></crecord></srchout></subclass>
<subclass subnum = "31" id = "C191S031000">
<sctitle>Closing:</sctitle>
<parent ref = "C191S030000" doc = "Class191.sgm">subclass 30</parent>
<scdesc>Third rail conductors of the protected type wherein the
place of entry of the collector into the protecting casing is normally
obstructed by a movable closer, which is withdrawn as the collector
passes.</scdesc>
<srchin>
<srecord><subnum ref = "C191S025000" doc = "Class191.sgm">25</subnum>
<descript><para></para></descript></srecord></srchin>
<srchout>
<crecord><classnum ref = "C104S000000" doc = "Class104.sgm">104</classnum>
<subref><clstitle>Railways</clstitle>
<pretext></pretext>
<subnum range = "s" ref = "C104S194000" doc = "Class104.sgm">194</subnum></subref>
<descript><para>.</para></descript></crecord></srchout></subclass>
<subclass subnum = "32" id = "C191S032000">
<sctitle>Supports:</sctitle>
<parent ref = "C191S029000" doc = "Class191.sgm">subclass 29</parent>
<scdesc>Means for holding the third rail conductor in operative
position.  It generally involves an insulator.</scdesc>
<srchin>
<srecord><subnum ref = "C191S025000" doc = "Class191.sgm">25</subnum>
<descript><para></para></descript></srecord></srchin>
<srchout>
<crecord><classnum ref = "C104S000000" doc = "Class104.sgm">104</classnum>
<subref><clstitle>Railways</clstitle>
<pretext></pretext>
<subnum range = "s" ref = "C104S194000" doc = "Class104.sgm">194</subnum></subref>
<descript><para>.</para></descript></crecord></srchout></subclass>
<subclass subnum = "33" id = "C191S033000">
<sctitle>Trolley:</sctitle>
<parent ref = "C191S022000" doc = "Class191.sgm">subclass 22</parent>
<scdesc>Conductors placed adjacent the vehicle path at such a height
as to clear persons and ordinary objects on the ground and presenting
a substantially continuous exposed surface for contact with the
collector.</scdesc>
<notes><note1 notenum = "(1)">
<para>Note.  The conductor element per se is generally inherently
flexible and is tensioned to present a rigid contact surface.</para></note1></notes>
<srchout>
<crecord><classnum ref = "C104S000000" doc = "Class104.sgm">104</classnum>
<subref><clstitle>Railways</clstitle>
<pretext></pretext>
<subnum range = "s" ref = "C104S124000" doc = "Class104.sgm">124</subnum></subref>
<descript><para>. </para></descript></crecord>
<crecord><classnum ref = "C246S000000" doc = "Class246.sgm">246</classnum>
<subref><clstitle>Railway Switches and Signals</clstitle>
<pretext></pretext>
<subnum range = "r" ref = "C246S009000" doc = "Class246.sgm">9</subnum></subref>
<descript><para>, 65, 67 and 69, and indented subclasses.</para></descript></crecord></srchout></subclass>
<subclass subnum = "34" id = "C191S034000">
<sctitle>Nonunderrunning:</sctitle>
<parent ref = "C191S033000" doc = "Class191.sgm">subclass 33</parent>
<scdesc>Trolley conductors wherein the collector contacts on some
portion other than or in addition to the under surface.</scdesc>
<srchout>
<crecord><classnum ref = "C104S000000" doc = "Class104.sgm">104</classnum>
<subref><clstitle>Railways</clstitle>
<pretext></pretext>
<subnum range = "s" ref = "C104S124000" doc = "Class104.sgm">124</subnum></subref>
<descript><para>.</para></descript></crecord></srchout></subclass>
<subclass subnum = "35" id = "C191S035000">
<sctitle>Guarded:</sctitle>
<parent ref = "C191S033000" doc = "Class191.sgm">subclass 33</parent>
<scdesc>Trolley conductors provided with means such as cages, shields,
etc. for preventing the collector from leaving the conductor or
for replacing the collector if derailed or protecting the conductor
from deposits of ice, dust, etc.</scdesc></subclass>
<subclass subnum = "36" id = "C191S036000">
<sctitle>Special intersections:</sctitle>
<parent ref = "C191S033000" doc = "Class191.sgm">subclass 33</parent>
<scdesc>Means at the point of meeting of the trolley conductor with
other structures which allow the latter to function without interfering
with the operation of the conductor.  Generally involves the intersection
of trolley conductors with structures such as railway safety gates, doors,
bridges, roads, etc.</scdesc></subclass>
<subclass subnum = "37" id = "C191S037000">
<sctitle>Crossings:</sctitle>
<parent ref = "C191S033000" doc = "Class191.sgm">subclass 33</parent>
<scdesc>Structures at the intersection of a plurality of separate
trolley conductors for guiding each conductor&quot;s collector
across the intersection and preventing it from being diverted to another
conductor.</scdesc>
<srchout>
<crecord><classnum ref = "C246S000000" doc = "Class246.sgm">246</classnum>
<subref><clstitle>Railway Switches and Signals</clstitle>
<pretext></pretext>
<subnum range = "s" ref = "C246S454000" doc = "Class246.sgm">454</subnum></subref>
<descript><para>, and indented subclasses.</para></descript></crecord></srchout></subclass>
<subclass subnum = "38" id = "C191S038000">
<sctitle>Switches:</sctitle>
<parent ref = "C191S033000" doc = "Class191.sgm">subclass 33</parent>
<scdesc>Trolley conductor having modifications at the point of branching
for directing the collector to the selected branch.  Includes the
combination of the track switch with the trolley switch.</scdesc>
<srchout>
<crecord><classnum ref = "C186S000000" doc = "Class186.sgm">186</classnum>
<subref><clstitle>Merchandising</clstitle>
<pretext></pretext>
<subnum range = "s" ref = "C186S019000" doc = "Class186.sgm">19</subnum></subref>
<descript><para>, and indented subclasses.</para></descript></crecord>
<crecord><classnum ref = "C246S000000" doc = "Class246.sgm">246</classnum>
<subref><clstitle>Railway Switches and Signals</clstitle>
<pretext></pretext>
<subnum range = "s" ref = "C246S415000" doc = "Class246.sgm">415</subnum></subref>
<descript><para> and indented subclasses.</para></descript></crecord></srchout></subclass>
<subclass subnum = "39" id = "C191S039000">
<sctitle>Section insulators:</sctitle>
<parent ref = "C191S033000" doc = "Class191.sgm">subclass 33</parent>
<scdesc>Means for interrupting the electrical continuity of the
trolley conductor while maintaining the uninterrupted mechanical
path of the collector.</scdesc>
<srchout>
<crecord><classnum ref = "C238S000000" doc = "Class238.sgm">238</classnum>
<subref><clstitle>Railways:  Surface Track</clstitle>
<pretext></pretext>
<subnum range = "s" ref = "C238S152000" doc = "Class238.sgm">152</subnum></subref>
<descript><para>.</para></descript></crecord></srchout></subclass>
<subclass subnum = "40" id = "C191S040000">
<sctitle>Supports:</sctitle>
<parent ref = "C191S033000" doc = "Class191.sgm">subclass 33</parent>
<scdesc>Means for securing the trolley conductor in operative position.</scdesc>
<srchin>
<srecord><subnum ref = "C191S039000" doc = "Class191.sgm">39</subnum>
<descript><para></para></descript></srecord></srchin>
<srchout>
<crecord><classnum ref = "C104S000000" doc = "Class104.sgm">104</classnum>
<subref><clstitle>Railways</clstitle>
<pretext></pretext>
<subnum range = "r" ref = "C104S124000" doc = "Class104.sgm">124</subnum></subref>
<descript><para> and 165, and indented subclasses.</para></descript></crecord>
<crecord><classnum ref = "C105S000000" doc = "Class105.sgm">105</classnum>
<subref><clstitle>Railway Rolling Stock</clstitle>
<pretext></pretext>
<subnum range = "s" ref = "C105S141000" doc = "Class105.sgm">141</subnum></subref>
<descript><para>, and indented subclasses and 148.</para></descript></crecord>
<crecord><classnum ref = "C174S000000" doc = "Class174.sgm">174</classnum>
<subref><clstitle>Electricity:  Conductors and Insulators</clstitle>
<pretext> </pretext>
<subnum range = "s" ref = "C174S168000" doc = "Class174.sgm">168</subnum></subref>
<descript><para> and indented subclasses for insulators with conductor holding
means.</para></descript></crecord>
<crecord><classnum ref = "C200S000000" doc = "Class200.sgm">200</classnum>
<subref><clstitle>Electricity:  Circuit Makers and Breakers</clstitle>
<pretext></pretext>
<subnum range = "s" ref = "C200S079000" doc = "Class200.sgm">79</subnum></subref>
<descript><para>.</para></descript></crecord>
<crecord><classnum ref = "C248S000000" doc = "Class248.sgm">248</classnum>
<subref><clstitle>Supports</clstitle>
<pretext></pretext>
<subnum range = "s" ref = "C248S061000" doc = "Class248.sgm">61</subnum></subref>
<descript><para> for means supported by, and maintaining relative spacing
between, longitudinal runs of an endless, load-moving cable.</para></descript></crecord>
<crecord><classnum ref = "C254S000000" doc = "Class254.sgm">254</classnum>
<subref><clstitle>Implements or Apparatus for Applying Pushing or
Pulling Force</clstitle>
<pretext></pretext>
<subnum range = "s" ref = "C254S388000" doc = "Class254.sgm">388</subnum></subref>
<descript><para> for means supported by, and maintaining relative
spacing between, longitudinal runs of an endless, load-moving cable.</para></descript></crecord>
<crecord><classnum ref = "C440S000000" doc = "Class440.sgm">440</classnum>
<subref><clstitle>Marine Propulsion</clstitle>
<pretext></pretext>
<subnum range = "p" ref = "C440S033000" doc = "Class440.sgm">33</subnum></subref>
<descript><para>.</para></descript></crecord></srchout></subclass>
<subclass subnum = "41" id = "C191S041000">
<sctitle>Catenary:</sctitle>
<parent ref = "C191S040000" doc = "Class191.sgm">subclass 40</parent>
<scdesc>Means for supporting the trolley conductor in a more or
less straight line, comprising a superposed supporting or &ldquo;Messenger&rdquo; strand
connected to the conductor by hangers.  Includes hangers, per se,
modified for this use.</scdesc>
<srchout>
<crecord><classnum ref = "C014S000000" doc = "Class014.sgm">14</classnum>
<subref><clstitle>Bridges</clstitle>
<pretext></pretext>
<subnum range = "s" ref = "C014S018000" doc = "Class014.sgm">18</subnum></subref>
<descript><para>, and indented subclasses.</para></descript></crecord>
<crecord><classnum ref = "C104S000000" doc = "Class104.sgm">104</classnum>
<subref><clstitle>Railways</clstitle>
<pretext></pretext>
<subnum range = "s" ref = "C104S124000" doc = "Class104.sgm">124</subnum></subref>
<descript><para>.</para></descript></crecord></srchout></subclass>
<subclass subnum = "42" id = "C191S042000">
<sctitle>Combined ears and insulator:</sctitle>
<parent ref = "C191S040000" doc = "Class191.sgm">subclass 40</parent>
<scdesc>Means connecting the trolley conductor to the supporting
insulator and presenting an uninterrupted path to the collector,
combined with the supporting insulator.</scdesc>
<srchout>
<crecord><classnum ref = "C174S000000" doc = "Class174.sgm">174</classnum>
<subref><clstitle>Electricity:  Conductors and Insulators</clstitle>
<pretext></pretext>
<subnum range = "s" ref = "C174S168000" doc = "Class174.sgm">168</subnum></subref>
<descript><para>, and indented subclasses, for insulators with conductor holding
means.</para></descript></crecord></srchout></subclass>
<subclass subnum = "43" id = "C191S043000">
<sctitle>Ears:</sctitle>
<parent ref = "C191S040000" doc = "Class191.sgm">subclass 40</parent>
<scdesc>Means connecting the trolley conductor to the support and
presenting an uninterrupted path to the collector.</scdesc>
<srchout>
<crecord><classnum ref = "C104S000000" doc = "Class104.sgm">104</classnum>
<subref><clstitle>Railways</clstitle>
<pretext></pretext>
<subnum range = "s" ref = "C104S165000" doc = "Class104.sgm">165</subnum></subref>
<descript><para>, and indented subclasses.</para></descript></crecord>
<crecord><classnum ref = "C174S000000" doc = "Class174.sgm">174</classnum>
<subref><clstitle>Electricity: Conductors and Insulators</clstitle>
<pretext></pretext>
<subnum range = "s" ref = "C174S168000" doc = "Class174.sgm">168</subnum></subref>
<descript><para>, and indented subclasses, for insulators with conductor holding
means.</para></descript></crecord></srchout></subclass>
<subclass subnum = "44" id = "C191S044000">
<sctitle>Splices:</sctitle>
<parent ref = "C191S043000" doc = "Class191.sgm">subclass 43</parent>
<scdesc>Trolley conductor having supporting ears adapted to join
trolley conductors meeting at the ear.</scdesc>
<srchin>
<srecord><subnum ref = "C191S039000" doc = "Class191.sgm">39</subnum>
<descript><para></para></descript></srecord></srchin>
<srchout>
<crecord><classnum ref = "C104S000000" doc = "Class104.sgm">104</classnum>
<subref><clstitle>Railways</clstitle>
<pretext></pretext></subref>
<descript><para>subclasses 165&plus;</para></descript></crecord>
<crecord><classnum ref = "C439S000000" doc = "Class439.sgm">439</classnum>
<subref><clstitle>Electrical Connectors</clstitle>
<pretext></pretext></subref>
<descript><para>appropriate subclasses for an electrical connector, generally.</para></descript></crecord></srchout></subclass>
<subclass subnum = "44.1" id = "C191S044100">
<sctitle>Splicers:</sctitle>
<parent ref = "C191S033000" doc = "Class191.sgm">subclass 33</parent>
<scdesc>Splicers or couplings for alined ends of electric trolley-wires.</scdesc>
<notes><note1 notenum = "(1)">
<para>Note.  See Class 403, Joints and Connections, subclasses 300&plus; for
distinct end couplers not restricted to electrical conductors.</para></note1></notes></subclass>
<subclass subnum = "45" id = "C191S045000">
<sctitle>COLLECTORS:</sctitle>
<parent ref = "C191S000000" doc = "Class191.sgm">the class definition</parent>
<scdesc>Subject matter having the portion of the current communicating
means carried by the vehicle or body that moves, as distinguished from
that portion which is fixed in relation to the track or pathway
of the moving member.</scdesc>
<srchout>
<crecord><classnum ref = "C075S000000" doc = "Class075.sgm">75</classnum>
<subref><clstitle>Specialized Metallurgical Processes, Compositions
for Use Therein, Consolidated Metal Powder Compositions, and Loose
Metal Particulate Mixtures</clstitle>
<pretext></pretext>
<subnum range = "s" ref = "C075S229000" doc = "Class075.sgm">229</subnum></subref>
<descript><para> for a composition having a continuous phase of
free metal made by consolidating metal particles and which contains
a flake or fibrous constituent or has a fibrous grain structure.</para></descript></crecord>
<crecord><classnum ref = "C200S000000" doc = "Class200.sgm">200</classnum>
<subref><clstitle>Electricity:  Circuit Makers and Breakers</clstitle>
<pretext></pretext></subref>
<descript><para>generally.</para></descript></crecord>
<crecord><classnum ref = "C246S000000" doc = "Class246.sgm">246</classnum>
<subref><clstitle>Railway Switches and Signals</clstitle>
<pretext></pretext>
<subnum range = "r" ref = "C246S009000" doc = "Class246.sgm">9</subnum></subref>
<descript><para>, 65, 67, and 69&plus;.</para></descript></crecord>
<crecord><classnum ref = "C310S000000" doc = "Class310.sgm">310</classnum>
<subref><clstitle>Electrical Generator or Motor Structure</clstitle>
<pretext></pretext>
<subnum range = "p" ref = "C310S219000" doc = "Class310.sgm">219</subnum></subref>
<descript><para> for slip rings, commutators and other current collectors
for dynamoelectric devices.</para></descript></crecord></srchout></subclass>
<subclass subnum = "46" id = "C191S046000">
<sctitle>Convertible:</sctitle>
<parent ref = "C191S045000" doc = "Class191.sgm">subclass 45</parent>
<scdesc>Collectors cooperating alternatively with a plurality of
conductor systems, such as trolley, third rail, conduit, etc.</scdesc>
<notes><note1 notenum = "(1)">
<para>Note.  Convertible collectors are unitary devices.  Systems
are classified in this class, subclass 3.</para></note1></notes></subclass>
<subclass subnum = "47" id = "C191S047000">
<sctitle>Bar:</sctitle>
<parent ref = "C191S045000" doc = "Class191.sgm">subclass 45</parent>
<scdesc>Collectors having longitudinally extensive contact surfaces
to cooperate with conductors which do not have a continuous contact
surface, but which present a series of separated contacts spaced
at less distance than the length of the collector contact surfaces.</scdesc>
<srchin>
<srecord><subnum ref = "C191S015000" doc = "Class191.sgm">15</subnum>
<descript><para></para></descript></srecord></srchin></subclass>
<subclass subnum = "48" id = "C191S048000">
<sctitle>Conduit plow:</sctitle>
<parent ref = "C191S045000" doc = "Class191.sgm">subclass 45</parent>
<scdesc>Collectors for cooperating with conductors placed beneath
the surface of the ground.</scdesc>
<srchout>
<crecord><classnum ref = "C104S000000" doc = "Class104.sgm">104</classnum>
<subref><clstitle>Railways</clstitle>
<pretext></pretext>
<subnum range = "s" ref = "C104S202000" doc = "Class104.sgm">202</subnum></subref>
<descript><para>, and indented subclasses.</para></descript></crecord></srchout></subclass>
<subclass subnum = "49" id = "C191S049000">
<sctitle>Third-rail shoe:</sctitle>
<parent ref = "C191S045000" doc = "Class191.sgm">subclass 45</parent>
<scdesc>Collectors for cooperating with conductors placed substantially
at the surface of the ground.</scdesc>
<srchout>
<crecord><classnum ref = "C104S000000" doc = "Class104.sgm">104</classnum>
<subref><clstitle>Railways</clstitle>
<pretext></pretext>
<subnum range = "s" ref = "C104S202000" doc = "Class104.sgm">202</subnum></subref>
<descript><para>, and indented subclasses, and 279, and indented subclasses.</para></descript></crecord></srchout></subclass>
<subclass subnum = "50" id = "C191S050000">
<sctitle>Trolley:</sctitle>
<parent ref = "C191S045000" doc = "Class191.sgm">subclass 45</parent>
<scdesc>Collectors for cooperating with conductors placed at a substantial
distance above the ground.</scdesc>
<srchout>
<crecord><classnum ref = "C246S000000" doc = "Class246.sgm">246</classnum>
<subref><clstitle>Railway Switches and Signals</clstitle>
<pretext></pretext>
<subnum range = "r" ref = "C246S009000" doc = "Class246.sgm">9</subnum></subref>
<descript><para>, 65, 67, and 69, and indented subclasses.</para></descript></crecord></srchout></subclass>
<subclass subnum = "51" id = "C191S051000">
<sctitle>Common wire passing:</sctitle>
<parent ref = "C191S050000" doc = "Class191.sgm">subclass 50</parent>
<scdesc>Trolley collectors capable of passing one another on the
same conductor either by being outside each other&quot;s clearance
line or by riding one over the other.</scdesc>
<srchout>
<crecord><classnum ref = "C104S000000" doc = "Class104.sgm">104</classnum>
<subref><clstitle>Railways</clstitle>
<pretext></pretext>
<subnum range = "s" ref = "C104S053000" doc = "Class104.sgm">53</subnum></subref>
<descript><para>.</para></descript></crecord></srchout></subclass>
<subclass subnum = "52" id = "C191S052000">
<sctitle>Detachable:</sctitle>
<parent ref = "C191S050000" doc = "Class191.sgm">subclass 50</parent>
<scdesc>Trolley collectors readily removable from the vehicle or
other movable body.</scdesc></subclass>
<subclass subnum = "53" id = "C191S053000">
<sctitle>Nonunderrunning:</sctitle>
<parent ref = "C191S050000" doc = "Class191.sgm">subclass 50</parent>
<scdesc>Trolley collectors contacting on some portion of the conductor
other than its under side or on some portion in addition to the
under side.</scdesc>
<srchin>
<srecord><subnum ref = "C191S034000" doc = "Class191.sgm">34</subnum>
<descript><para></para></descript></srecord></srchin></subclass>
<subclass subnum = "54" id = "C191S054000">
<sctitle>Indefinite path:</sctitle>
<parent ref = "C191S050000" doc = "Class191.sgm">subclass 50</parent>
<scdesc>Under-running trolley collectors presenting an extended
contact substantially at right angles to the conductor and not guided
laterally by the conductor.</scdesc></subclass>
<subclass subnum = "55" id = "C191S055000">
<sctitle>Bow:</sctitle>
<parent ref = "C191S054000" doc = "Class191.sgm">subclass 54</parent>
<scdesc>Indefinite path trolley collectors wherein the contact element
slides on the conductor.  The contact may be a whip, bow, slide,
etc.</scdesc></subclass>
<subclass subnum = "56" id = "C191S056000">
<sctitle>Roller:</sctitle>
<parent ref = "C191S054000" doc = "Class191.sgm">subclass 54</parent>
<scdesc>Indefinite path trolley collectors wherein the contact element
is of the roller type.</scdesc>
<srchout>
<crecord><classnum ref = "C492S000000" doc = "Class492.sgm">492</classnum>
<subref><clstitle>Roll or Roller</clstitle>
<pretext></pretext></subref>
<descript><para>for a roll, per se, not elsewhere provided for,
and see the notes thereunder.</para></descript></crecord></srchout></subclass>
<subclass subnum = "57" id = "C191S057000">
<sctitle>Multiple contact:</sctitle>
<parent ref = "C191S050000" doc = "Class191.sgm">subclass 50</parent>
<scdesc>Trolley collectors having a plurality of contact elements.</scdesc>
<srchout>
<crecord><classnum ref = "C246S000000" doc = "Class246.sgm">246</classnum>
<subref><clstitle>Railway Switches and Signals</clstitle>
<pretext></pretext>
<subnum range = "s" ref = "C246S065000" doc = "Class246.sgm">65</subnum></subref>
<descript><para>, and indented subclass, 73 and 254.</para></descript></crecord></srchout></subclass>
<subclass subnum = "58" id = "C191S058000">
<sctitle>Tandem:</sctitle>
<parent ref = "C191S057000" doc = "Class191.sgm">subclass 57</parent>
<scdesc>Multiple contact trolley collectors wherein the contact
elements are arranged to travel one in advance of the other on the
same conductor.</scdesc></subclass>
<subclass subnum = "59" id = "C191S059000">
<sctitle>Heads:</sctitle>
<parent ref = "C191S050000" doc = "Class191.sgm">subclass 50</parent>
<scdesc>That portion of the collector of the ordinary under-running
type that includes the contact element, its mounting, and the securing
means between the contact mounting and the pole or other supporting
means.</scdesc>
<notes><note1 notenum = "(1)">
<para>Note.  Wheel mounts adapted for general application although
designed as mounts for trolley wheels, are classified in Class 384,
Bearings, subclasses 252&plus; and 429&plus; for bearing
supports, e.g., mount for trolley wheel.</para></note1></notes></subclass>
<subclass subnum = "59.1" id = "C191S059100">
<sctitle>Sliding contact:</sctitle>
<parent ref = "C191S059000" doc = "Class191.sgm">subclass 59</parent>
<scdesc>Devices wherein the engaging part slides along the supply
conductor.</scdesc>
<srchin>
<srecord><subnum ref = "C191S050000" doc = "Class191.sgm">50</subnum>
<descript><para>55, 62, and 65.</para></descript></srecord></srchin>
<srchout>
<crecord><classnum ref = "C075S000000" doc = "Class075.sgm">75</classnum>
<subref><clstitle>Specialized Metallurgical Processes, Compositions
for Use Therein, Consolidated Metal Powder Compositions, and Loose
Metal Particulate Mixtures</clstitle>
<pretext></pretext>
<subnum range = "s" ref = "C075S229000" doc = "Class075.sgm">229</subnum></subref>
<descript><para> for a composition having a continuous phase of
free metal made by consolidating metal particles and which contains
a flake or fibrous constituent or has a fibrous grain structure.</para></descript></crecord></srchout></subclass>
<subclass subnum = "60" id = "C191S060000">
<sctitle>Swivel:</sctitle>
<parent ref = "C191S059000" doc = "Class191.sgm">subclass 59</parent>
<scdesc>Trolley heads comprising a swivel, so that the contact element
may follow lateral curves of the conductor.</scdesc>
<notes><note1 notenum = "(1)">
<para>Note.  Compare Class 384, Bearings, subclasses 429&plus; for
bearing supports, or mounts.</para></note1></notes></subclass>
<subclass subnum = "60.1" id = "C191S060100">
<sctitle>Center bias:</sctitle>
<parent ref = "C191S060000" doc = "Class191.sgm">subclass 60</parent>
<scdesc>Gravity, spring, or electric devices constantly tending
to maintain the swiveled heads in normal or central position and
to restore them to such position if swung to either side.</scdesc>
<srchin>
<srecord><subnum ref = "C191S060200" doc = "Class191.sgm">60.2</subnum>
<descript><para></para></descript></srecord></srchin></subclass>
<subclass subnum = "60.2" id = "C191S060200">
<sctitle>Lateral swing:</sctitle>
<parent ref = "C191S059000" doc = "Class191.sgm">subclass 59</parent>
<scdesc>Devices wherein the head or harp is pivotally or flexibly
connected to the trolley-pole to permit the head to swing transversely
relatively to the car and trolley-wire.</scdesc></subclass>
<subclass subnum = "60.3" id = "C191S060300">
<sctitle>Vertical swing:</sctitle>
<parent ref = "C191S059000" doc = "Class191.sgm">subclass 59</parent>
<scdesc>Devices wherein the head or harp is pivotally or flexibly
connected to the trolley to permit the head to swing vertically
toward or from the trolley-wire.</scdesc></subclass>
<subclass subnum = "60.4" id = "C191S060400">
<sctitle>Axial slide:</sctitle>
<parent ref = "C191S059000" doc = "Class191.sgm">subclass 59</parent>
<scdesc>Devices wherein the shank of the head or harp has an axially
slidable connection with the trolley-pole, usually against spring-pressure.</scdesc></subclass>
<subclass subnum = "60.5" id = "C191S060500">
<sctitle>Pole couplings:</sctitle>
<parent ref = "C191S059000" doc = "Class191.sgm">subclass 59</parent>
<scdesc>Releasable and permanent fixtures for securing the head
or harp to the trolley-pole, not including yielding or pivotal connections,
which are found in this class, subclasses 60, 60.1, 60.2, 60.3,
and 60.4.</scdesc></subclass>
<subclass subnum = "61" id = "C191S061000">
<sctitle>Wheel to head contactor:</sctitle>
<parent ref = "C191S059000" doc = "Class191.sgm">subclass 59</parent>
<scdesc>Trolley heads involving means for maintaining the electrical
connection between the wheel and its mounting, thus bridging possible
resistance in the bearings.</scdesc></subclass>
<subclass subnum = "62" id = "C191S062000">
<sctitle>Ice clearers or preventers:</sctitle>
<parent ref = "C191S059000" doc = "Class191.sgm">subclass 59</parent>
<scdesc>Means associated with or modifications of the trolley head
for the removal of ice, sleet, or other accumulations on the conductor
or for the prevention of the formation of such accumulations thereon.</scdesc>
<notes><note1 notenum = "(1)">
<para>Note.  Compare Classes 15, Brushing, Scrubbing, and General
Cleaning, subclass 3, and indented subclasses; 104, Railways, subclass
279, and indented subclass, and 184, Lubrication, subclasses 3.1&plus;.</para></note1></notes>
<srchout>
<crecord><classnum ref = "C343S000000" doc = "Class343.sgm">343</classnum>
<subref><clstitle>Communications:  Radio Wave Antennas</clstitle>
<pretext></pretext>
<subnum range = "s" ref = "C343S704000" doc = "Class343.sgm">704</subnum></subref>
<descript><para> for antennas with an ice clearer or preventer.</para></descript></crecord></srchout></subclass>
<subclass subnum = "63" id = "C191S063000">
<sctitle>Wheels:</sctitle>
<parent ref = "C191S059000" doc = "Class191.sgm">subclass 59</parent>
<scdesc>Elements of trolley heads making a rolling contact with
the conductor and providing a definite path for the conductor.</scdesc>
<notes><note1 notenum = "(1)">
<para>Note.  For similar wheel devices intended for general use
as pulleys, see Class 474, Endless Belt Power Transmission Systems
or Components, subclass 166 and indented subclasses.</para></note1></notes></subclass>
<subclass subnum = "63.1" id = "C191S063100">
<sctitle>Quick release:</sctitle>
<parent ref = "C191S063000" doc = "Class191.sgm">subclass 63</parent>
<scdesc>Articulated sectional trolley-harps to permit the quick
release of a trolley-wheel.</scdesc></subclass>
<subclass subnum = "63.2" id = "C191S063200">
<sctitle>Lateral slide:</sctitle>
<parent ref = "C191S063000" doc = "Class191.sgm">subclass 63</parent>
<scdesc>The trolley-wheel is mounted on an elongated pin or shaft
to permit the wheel to slide laterally while running on the trolley-wire.</scdesc></subclass>
<subclass subnum = "63.3" id = "C191S063300">
<sctitle>Universal mount:</sctitle>
<parent ref = "C191S063000" doc = "Class191.sgm">subclass 63</parent>
<scdesc>The trolley-wheel is mounted in the harp or on a pin, so
as to permit free universal movement of the wheel.</scdesc></subclass>
<subclass subnum = "63.4" id = "C191S063400">
<sctitle>Slidable pins:</sctitle>
<parent ref = "C191S063000" doc = "Class191.sgm">subclass 63</parent>
<scdesc>The supporting-pins for the trolley-harps are mounted so
as to permit up and down or rear and forward movement of the pins
in the harps.</scdesc></subclass>
<subclass subnum = "63.5" id = "C191S063500">
<sctitle>Pin fasteners:</sctitle>
<parent ref = "C191S063000" doc = "Class191.sgm">subclass 63</parent>
<scdesc>Devices for fastening trolley-wheel pins or axles in the
trolley-harps.</scdesc></subclass>
<subclass subnum = "64" id = "C191S064000">
<sctitle>Poles:</sctitle>
<parent ref = "C191S050000" doc = "Class191.sgm">subclass 50</parent>
<scdesc>That portion of the trolley connecting the head to the stand
or erecting means.</scdesc></subclass>
<subclass subnum = "65" id = "C191S065000">
<sctitle>Frames:</sctitle>
<parent ref = "C191S064000" doc = "Class191.sgm">subclass 64</parent>
<scdesc>Trolley poles constituting a framed structure, generally
a plurality of simple poles braced together.  Includes the &ldquo;pantagraph&rdquo; trolley.</scdesc></subclass>
<subclass subnum = "66" id = "C191S066000">
<sctitle>Stands:</sctitle>
<parent ref = "C191S050000" doc = "Class191.sgm">subclass 50</parent>
<scdesc>That part of the trolley which connects the pole with the
vehicle. Generally includes means for allowing the pole to swing
laterally or swivel and means for erecting the pole or forcing it upward
toward the conductor.</scdesc>
<srchin>
<srecord><subnum ref = "C191S085000" doc = "Class191.sgm">85</subnum>
<descript><para>and 86, and indented subclasses.</para></descript></srecord></srchin></subclass>
<subclass subnum = "67" id = "C191S067000">
<sctitle>Fluid pressure erector:</sctitle>
<parent ref = "C191S066000" doc = "Class191.sgm">subclass 66</parent>
<scdesc>Trolley stands wherein the erecting or operating force is
due to fluid pressure.</scdesc>
<srchin>
<srecord><subnum ref = "C191S087000" doc = "Class191.sgm">87</subnum>
<descript><para>and 90.</para></descript></srecord></srchin></subclass>
<subclass subnum = "68" id = "C191S068000">
<sctitle>Spring erector:</sctitle>
<parent ref = "C191S066000" doc = "Class191.sgm">subclass 66</parent>
<scdesc>Trolley stands wherein the erecting or operating means is
of the mechanical spring type.</scdesc>
<srchin>
<srecord><subnum ref = "C191S085000" doc = "Class191.sgm">85</subnum>
<descript><para>and 86, and indented subclasses.</para></descript></srecord></srchin></subclass>
<subclass subnum = "69" id = "C191S069000">
<sctitle>Torsion:</sctitle>
<parent ref = "C191S068000" doc = "Class191.sgm">subclass 68</parent>
<scdesc>Trolley stands of the spring type wherein the operating
spring is of the torsion type.</scdesc>
<srchin>
<srecord><subnum range = "p" ref = "C191S085000" doc = "Class191.sgm">85</subnum>
<descript><para>for operating springs of the torsion type.</para></descript></srecord></srchin>
<srchout>
<crecord><classnum ref = "C248S000000" doc = "Class248.sgm">248</classnum>
<subref><clstitle>Supports</clstitle>
<pretext></pretext>
<subnum range = "p" ref = "C248S608000" doc = "Class248.sgm">608</subnum></subref>
<descript><para> for a resilient support comprising a torsion bar or
bushing.</para></descript></crecord></srchout></subclass>
<subclass subnum = "70" id = "C191S070000">
<sctitle>Tension or compression:</sctitle>
<parent ref = "C191S068000" doc = "Class191.sgm">subclass 68</parent>
<scdesc>Trolley stands of the spring type wherein the operating
spring is of the tension or compression type.</scdesc>
<srchin>
<srecord><subnum range = "p" ref = "C191S085000" doc = "Class191.sgm">85</subnum>
<descript><para>for trolley retrievers with torsion type operating
springs.</para></descript></srecord></srchin></subclass>
<subclass subnum = "71" id = "C191S071000">
<sctitle>Rope protectors:</sctitle>
<parent ref = "C191S050000" doc = "Class191.sgm">subclass 50</parent>
<scdesc>Devices for preventing moisture, rain, grease, etc., from
flowing down the operating rope of the trolley.</scdesc></subclass>
<subclass subnum = "72" id = "C191S072000">
<sctitle>Guards and finders:</sctitle>
<parent ref = "C191S050000" doc = "Class191.sgm">subclass 50</parent>
<scdesc>Means on the vehicle associated or integral with the trolley
and cooperating with the conductor to prevent the trolley leaving
the conductor or to aid in its replacement.</scdesc>
<notes><note1 notenum = "(1)">
<para>Note.  The retaining means are not intended to aid directly
in the conduction of current.</para></note1>
<note1 notenum = "(2)">
<para>Note.  Compare subclass 53, of this class.</para></note1></notes></subclass>
<subclass subnum = "73" id = "C191S073000">
<sctitle>Constantly operative:</sctitle>
<parent ref = "C191S072000" doc = "Class191.sgm">subclass 72</parent>
<scdesc>Guards and finders which are always operative.  They have
no inoperative position.</scdesc></subclass>
<subclass subnum = "74" id = "C191S074000">
<sctitle>Fixed:</sctitle>
<parent ref = "C191S073000" doc = "Class191.sgm">subclass 73</parent>
<scdesc>Trolley guards and finders of the constantly operative type
having but one position.  They are fixed or immovable in reference
to the trolley.</scdesc></subclass>
<subclass subnum = "75" id = "C191S075000">
<sctitle>Spiral cam replacer:</sctitle>
<parent ref = "C191S073000" doc = "Class191.sgm">subclass 73</parent>
<scdesc>Trolley guards and finders of the constantly operative type
consisting of conical members placed at the side of the regular
trolley wheel and coaxial therewith.  The surfaces of these cones
are provided with spiral grooves leading toward the regular wheel,
so that the displaced wire falling upon the conical member will
be carried back onto the wheel.</scdesc></subclass>
<subclass subnum = "76" id = "C191S076000">
<sctitle>Star wheel:</sctitle>
<parent ref = "C191S073000" doc = "Class191.sgm">subclass 73</parent>
<scdesc>Trolley guards and finders of the constantly operative type
consisting of star or rimless spoked wheels at the side of or forming
part of the regular trolley contactor, so that one arm or spoke
of the guard wheel is always in operative position.</scdesc></subclass>
<subclass subnum = "77" id = "C191S077000">
<sctitle>Normally operative:</sctitle>
<parent ref = "C191S072000" doc = "Class191.sgm">subclass 72</parent>
<scdesc>Trolley guards and finders normally held in operative position
but capable of being moved into an inoperative position.</scdesc></subclass>
<subclass subnum = "78" id = "C191S078000">
<sctitle>Automatic:</sctitle>
<parent ref = "C191S077000" doc = "Class191.sgm">subclass 77</parent>
<scdesc>Trolley guards and finders of the normally operative type
capable of being automatically forced to the inoperative position
by obstructions.</scdesc>
<srchin>
<srecord><subnum range = "p" ref = "C191S079000" doc = "Class191.sgm">79</subnum>
<descript><para></para></descript></srecord></srchin></subclass>
<subclass subnum = "79" id = "C191S079000">
<sctitle>Rope-retracted:</sctitle>
<parent ref = "C191S077000" doc = "Class191.sgm">subclass 77</parent>
<scdesc>Trolley guards and finders of the normally operative type
capable of being moved to the inoperative position by pulling on
the trolley rope or an auxiliary rope.</scdesc></subclass>
<subclass subnum = "80" id = "C191S080000">
<sctitle>Lateral swing:</sctitle>
<parent ref = "C191S077000" doc = "Class191.sgm">subclass 77</parent>
<scdesc>Trolley guards and finders of the normally operative rope
retracted type wherein the guard or finder elements swing in planes
substantially transverse or normal to the conductor.</scdesc></subclass>
<subclass subnum = "81" id = "C191S081000">
<sctitle>Longitudinal swing:</sctitle>
<parent ref = "C191S079000" doc = "Class191.sgm">subclass 79</parent>
<scdesc>Guards and finders of the normally operative rope retracted
type wherein the guard or finder elements swing in planes substantially
parallel to the conductor.</scdesc></subclass>
<subclass subnum = "82" id = "C191S082000">
<sctitle>Normally inoperative:</sctitle>
<parent ref = "C191S072000" doc = "Class191.sgm">subclass 72</parent>
<scdesc>Trolley guards and finders held in an inoperative position
or out of the way when the trolley occupies its normal position
on the conductor.</scdesc></subclass>
<subclass subnum = "83" id = "C191S083000">
<sctitle>Automatic:</sctitle>
<parent ref = "C191S082000" doc = "Class191.sgm">subclass 82</parent>
<scdesc>Trolley guards and finders of the normally inoperative type
which are automatically moved into the guarding or fishing position when
the trolley leaves the conductor.  Includes guards that are operated
by undue pressure upon the trolley contact.</scdesc></subclass>
<subclass subnum = "84" id = "C191S084000">
<sctitle>Rope-actuated:</sctitle>
<parent ref = "C191S082000" doc = "Class191.sgm">subclass 82</parent>
<scdesc>Trolley guards and finders of the normally inoperative type
which are moved into operative position by pulling on the trolley
rope or an auxiliary rope.</scdesc></subclass>
<subclass subnum = "85" id = "C191S085000">
<sctitle>Trolley retrievers:</sctitle>
<parent ref = "C191S045000" doc = "Class191.sgm">subclass 45</parent>
<scdesc>Trolley modifications or attachments for trolleys for causing
the trolley to move downward, so as to avoid fouling the conductor
system when the trolley leaves the conductor.</scdesc></subclass>
<subclass subnum = "86" id = "C191S086000">
<sctitle>Erector release:</sctitle>
<parent ref = "C191S085000" doc = "Class191.sgm">subclass 85</parent>
<scdesc>Trolley retrievers wherein the erecting force is released
when the trolley leaves the conductor, thus allowing the trolley
to drop.</scdesc></subclass>
<subclass subnum = "87" id = "C191S087000">
<sctitle>Fluid pressure erector:</sctitle>
<parent ref = "C191S086000" doc = "Class191.sgm">subclass 86</parent>
<scdesc>Trolley retrievers of the erector release type wherein the
erecting force of the trolley is fluid pressure, which pressure
is released when the trolley leaves the conductor, thus allowing
the trolley to drop.</scdesc></subclass>
<subclass subnum = "88" id = "C191S088000">
<sctitle>Spring erector:</sctitle>
<parent ref = "C191S086000" doc = "Class191.sgm">subclass 86</parent>
<scdesc>Trolley retrievers of the erector release type wherein the
normally tensioned erecting spring is rendered ineffective by a
shortening of its lever arm or is released when the trolley leaves the
conductor, thus allowing the trolley to drop.</scdesc></subclass>
<subclass subnum = "89" id = "C191S089000">
<sctitle>Toggle:</sctitle>
<parent ref = "C191S088000" doc = "Class191.sgm">subclass 88</parent>
<scdesc>Trolley retrievers of the erector spring release type wherein
the erecting spring is normally tensioned by a toggle, which toggle
is broken when the trolley leaves the conductor, thus allowing the
trolley to drop.</scdesc></subclass>
<subclass subnum = "90" id = "C191S090000">
<sctitle>Fluid pressure-retracted:</sctitle>
<parent ref = "C191S085000" doc = "Class191.sgm">subclass 85</parent>
<scdesc>Trolley retrievers wherein there is a fluid pressure motor
which overcomes the erecting motor and retracts the trolley when
it leaves the conductor.  The erecting motor may be of any type--spring,
weight, fluid, etc.</scdesc></subclass>
<subclass subnum = "91" id = "C191S091000">
<sctitle>Spring-retracted:</sctitle>
<parent ref = "C191S085000" doc = "Class191.sgm">subclass 85</parent>
<scdesc>Trolley retrievers wherein there is a spring motor which
overcomes the erecting motor and retracts the trolley, the holding
or restraining means of the retracting motor being tripped or set
in operation when the trolley leaves the conductor.</scdesc></subclass>
<subclass subnum = "92" id = "C191S092000">
<sctitle>Rope-actuated:</sctitle>
<parent ref = "C191S091000" doc = "Class191.sgm">subclass 91</parent>
<scdesc>Trolley retrievers of the spring retracted type wherein
the spring motor operates through the medium of the trolley rope
and is set in operation by the sudden acceleration of the latter upon
the trolley leaving the conductor.</scdesc></subclass>
<subclass subnum = "93" id = "C191S093000">
<sctitle>Slack take-up:</sctitle>
<parent ref = "C191S092000" doc = "Class191.sgm">subclass 92</parent>
<scdesc>Trolley retrievers of the spring retracted rope actuated
type wherein the trolley rope is kept taut, but allowed to follow
the undulations of the conductor, and wherein the retracting spring
motor is set in immediate operation by the sudden acceleration of
the trolley rope upon the trolley leaving the wire.</scdesc>
<notes><note1 notenum = "(1)">
<para>Note.  This means automatically cuts short the upward spring
of the trolley when it leaves the wire and rapidly draws it downward
to a position below the conductor.</para></note1></notes></subclass>
<subclass subnum = "94" id = "C191S094000">
<sctitle>Weight-retracted:</sctitle>
<parent ref = "C191S085000" doc = "Class191.sgm">subclass 85</parent>
<scdesc>Trolley retrievers wherein the retracting motor comprises
a suspended weight whose restraining means is tripped or set in
operation upon the collector leaving the conductor.  Includes the
means with or without slack take-up mechanism.</scdesc></subclass>
<subclass subnum = "95" id = "C191S095000">
<sctitle>Nonretracting trolley stops:</sctitle>
<parent ref = "C191S045000" doc = "Class191.sgm">subclass 45</parent>
<scdesc>Collectors of the trolley type provided with automatic mechanism
operating to stop the rise of the collector upon its leaving the
conductor.  The trolley is merely prevented from rising; it is not
retracted.  When the device acts through the agency of the trolley-rope,
it is generally provided with a slack take-up.</scdesc>
<srchin>
<srecord><subnum ref = "C191S093000" doc = "Class191.sgm">93</subnum>
<descript><para></para></descript></srecord></srchin>
<srchout>
<crecord><classnum ref = "C160S000000" doc = "Class160.sgm">160</classnum>
<subref><clstitle>Flexible or Portable Closure, Partition, or Panel</clstitle>
<pretext></pretext>
<subnum range = "s" ref = "C160S291000" doc = "Class160.sgm">291</subnum></subref>
<descript><para> and indented subclasses.</para></descript></crecord></srchout></subclass></sclasses>
</class>
