<?xml version="1.0" encoding="UTF-8"?>
<!DOCTYPE class PUBLIC "-//USPTO//DTD Classification Definitions//EN" "xclassdef.dtd" [

<!-- Begin Document Specific Declarations -->

<!-- End Document Specific Declarations -->

]>
<?xml-stylesheet href="classdef.xsl" type="text/XSL"?>

<class classnum = "27" id = "C027S000000"><title>UNDERTAKING</title>
<sections><descsect>
<para>This class includes coffins or caskets and portable coffin-cases
for receiving and transporting dead bodies for burial; processes
and apparatus for embalming and preserving the bodies of persons
after death; and various attachments, accessories, and devices used
in connection with the preparation of the bodies or employed at the
time of interment   at  the   grave,  such as    head-rests,   
corpse-carriers, lowering devices, life-signals, and the like.</para>
</descsect></sections>
<sclasses>
<subclass subnum = "1" id = "C027S001000">
<sctitle>MISCELLANEOUS:</sctitle>
<parent ref = "C027S000000" doc = "Class027.sgm">the class definition</parent>
<scdesc>Implements and apparatus used in burial functions not otherwise
classified.</scdesc></subclass>
<subclass subnum = "2" id = "C027S002000">
<sctitle>COFFINS:</sctitle>
<parent ref = "C027S000000" doc = "Class027.sgm">the class definition</parent>
<scdesc>Receptacles for receiving dead bodies for burial.</scdesc></subclass>
<subclass subnum = "3" id = "C027S003000">
<sctitle>Composite:</sctitle>
<parent ref = "C027S002000" doc = "Class027.sgm">subclass 2</parent>
<scdesc>Coffins or burial-caskets constructed of composite layers
or sections of two or more different materials.</scdesc></subclass>
<subclass subnum = "4" id = "C027S004000">
<sctitle>Foldable sections:</sctitle>
<parent ref = "C027S002000" doc = "Class027.sgm">subclass 2</parent>
<scdesc>Coffins or burial-caskets constructed of a plurality of
sections hinged or movably connected together.</scdesc></subclass>
<subclass subnum = "5" id = "C027S005000">
<sctitle>Metal and wood:</sctitle>
<parent ref = "C027S002000" doc = "Class027.sgm">subclass 2</parent>
<scdesc>Coffins or burial-caskets constructed of combined layers
or sections of metal and wood.</scdesc></subclass>
<subclass subnum = "6" id = "C027S006000">
<sctitle>Metallic:</sctitle>
<parent ref = "C027S002000" doc = "Class027.sgm">subclass 2</parent>
<scdesc>Coffins or burial-caskets constructed of metal with or without
moldings, lining-strips, or the like, of other material.</scdesc></subclass>
<subclass subnum = "7" id = "C027S007000">
<sctitle>Plastic material:</sctitle>
<parent ref = "C027S002000" doc = "Class027.sgm">subclass 2</parent>
<scdesc>Coffins or burial-caskets constructed of cement or moldable
materials, other than glass, with or without supporting-frames or
reinforcements.</scdesc></subclass>
<subclass subnum = "8" id = "C027S008000">
<sctitle>Glass:</sctitle>
<parent ref = "C027S002000" doc = "Class027.sgm">subclass 2</parent>
<scdesc>Coffin or burial-caskets constructed of glass with or without
supporting-frames or reinforcements.</scdesc></subclass>
<subclass subnum = "9" id = "C027S009000">
<sctitle>Canopy:</sctitle>
<parent ref = "C027S002000" doc = "Class027.sgm">subclass 2</parent>
<scdesc>Coffins or burial-caskets having canopies or canopy-tops
for receiving draperies or the like.</scdesc></subclass>
<subclass subnum = "10" id = "C027S010000">
<sctitle>Corner structures:</sctitle>
<parent ref = "C027S002000" doc = "Class027.sgm">subclass 2</parent>
<scdesc>Coffins or burial-caskets having various forms of corner
blocks or sections.</scdesc></subclass>
<subclass subnum = "11" id = "C027S011000">
<sctitle>Corpse preserving:</sctitle>
<parent ref = "C027S002000" doc = "Class027.sgm">subclass 2</parent>
<scdesc>Coffins or burial-caskets having structures, chambers, or
receptacles for disinfectants or preservatives.</scdesc>
<srchout>
<crecord><classnum ref = "C062S000000" doc = "Class062.sgm">62</classnum>
<subref><clstitle>Refrigeration</clstitle>
<pretext>for a refrigerated chamber, per se, which may involve cooling
a corpse, particularly </pretext>
<subnum range = "p" ref = "C062S246000" doc = "Class062.sgm">246</subnum></subref>
<descript><para> for a refrigerated chamber with display features,
and subclass 458 for an open access refrigerated chamber.</para></descript></crecord></srchout></subclass>
<subclass subnum = "12" id = "C027S012000">
<sctitle>Corpse-raising devices:</sctitle>
<parent ref = "C027S002000" doc = "Class027.sgm">subclass 2</parent>
<scdesc>Coffins and burial-caskets having therein and attached thereto
corpse raising and lowering devices.</scdesc>
<srchin>
<srecord><subnum ref = "C027S028000" doc = "Class027.sgm">28</subnum>
<descript><para>for corpse-carrying devices separate from the coffin.</para></descript></srecord></srchin></subclass>
<subclass subnum = "13" id = "C027S013000">
<sctitle>Headrests:</sctitle>
<parent ref = "C027S002000" doc = "Class027.sgm">subclass 2</parent>
<scdesc>Coffins or burial-caskets having therein plates, frames,
or supports for the head of the corpse, or head-rests combined with
supports for the chin.</scdesc></subclass>
<subclass subnum = "14" id = "C027S014000">
<sctitle>Lids:</sctitle>
<parent ref = "C027S002000" doc = "Class027.sgm">subclass 2</parent>
<scdesc>Coffins or burial-caskets having lids or covers.</scdesc>
<srchout>
<crecord><classnum ref = "C220S000000" doc = "Class220.sgm">220</classnum>
<subref><clstitle>Receptacles</clstitle>
<pretext>and see the note to </pretext>
<subnum range = "p" ref = "C220S200000" doc = "Class220.sgm">200</subnum></subref>
<descript><para> for closures in general.</para></descript></crecord></srchout></subclass>
<subclass subnum = "15" id = "C027S015000">
<sctitle>Sliding panel:</sctitle>
<parent ref = "C027S014000" doc = "Class027.sgm">subclass 14</parent>
<scdesc>Devices provided with sliding panels.</scdesc></subclass>
<subclass subnum = "16" id = "C027S016000">
<sctitle>Swinging:</sctitle>
<parent ref = "C027S014000" doc = "Class027.sgm">subclass 14</parent>
<scdesc>Devices in which the lids swing or have swinging or hinged
sections.</scdesc></subclass>
<subclass subnum = "17" id = "C027S017000">
<sctitle>Joints:</sctitle>
<parent ref = "C027S014000" doc = "Class027.sgm">subclass 14</parent>
<scdesc>Devices relating to various forms of joints between the
lids or covers and the bodies of the caskets.</scdesc></subclass>
<subclass subnum = "18" id = "C027S018000">
<sctitle>Supports:</sctitle>
<parent ref = "C027S014000" doc = "Class027.sgm">subclass 14</parent>
<scdesc>Devices relating to supports and braces for holding coffin-lids
in various adjusted open positions.</scdesc>
<srchout>
<crecord><classnum ref = "C217S000000" doc = "Class217.sgm">217</classnum>
<subref><clstitle>Wooden Receptacles</clstitle>
<pretext></pretext>
<subnum range = "s" ref = "C217S060000" doc = "Class217.sgm">60</subnum></subref>
<descript><para> for supports for ordinary hinged lids.</para></descript></crecord></srchout></subclass>
<subclass subnum = "19" id = "C027S019000">
<sctitle>Linings and coverings:</sctitle>
<parent ref = "C027S002000" doc = "Class027.sgm">subclass 2</parent>
<scdesc>Coffins or burial-caskets having specific linings for the
body and lid.  The linings or coverings may be of any suitable material,
such as fabric, paper, or the like, and applied on one or both sides
of the walls of the casket.  The material may be loosely or closely
applied.</scdesc></subclass>
<subclass subnum = "20" id = "C027S020000">
<sctitle>Shields:</sctitle>
<parent ref = "C027S002000" doc = "Class027.sgm">subclass 2</parent>
<scdesc>Devices relating to bars, plates, or frames for covering
and protecting coffins and bodies in graves. The shields are intended
to protect the coffin and body from unauthorized removal.</scdesc></subclass>
<subclass subnum = "21.1" id = "C027S021100">
<sctitle>BODY PREPARATION:</sctitle>
<parent ref = "C027S000000" doc = "Class027.sgm">the class definition</parent>
<scdesc>Subject matter relating to the readying of the corpse for
burial or arranging the corpse for burial or arranging of the corpse
or parts thereof during the process of readying the same for burial
or other final disposition, including those devices which function
to hold the corpse, or parts thereof, such as the eyes or teeth,
in the position desired.</scdesc>
<srchout>
<crecord><classnum ref = "C005S000000" doc = "Class005.sgm">5</classnum>
<subref><clstitle>Beds</clstitle>
<pretext></pretext>
<subnum range = "p" ref = "C005S600000" doc = "Class005.sgm">600</subnum></subref>
<descript><para> for tables designed to serve as a support for an animal
during surgical or undertaking operations, especially for devices attached
to or combined with tables comprising mere body supports for surgical
or undertaking operations.</para></descript></crecord>
<crecord><classnum ref = "C108S000000" doc = "Class108.sgm">108</classnum>
<subref><clstitle>Horizontally Supported Planar Surfaces</clstitle>
<pretext></pretext>
<subnum range = "p" ref = "C108S001000" doc = "Class108.sgm">1</subnum></subref>
<descript><para> for a tiltable supporting surface of general utility.</para></descript></crecord></srchout></subclass>
<subclass subnum = "22.1" id = "C027S022100">
<sctitle>Embalming process or composition:</sctitle>
<parent ref = "C027S021100" doc = "Class027.sgm">subclass 21.1</parent>
<scdesc>Subject matter relating to preserving methods, processes,
or compositions.</scdesc></subclass>
<subclass subnum = "22.2" id = "C027S022200">
<sctitle>Using specific embalming composition:</sctitle>
<parent ref = "C027S022100" doc = "Class027.sgm">subclass 22.1</parent>
<scdesc>Subject matter using a particular formula in a significant
or manipulative embalming or preserving process.</scdesc>
<srchout>
<crecord><classnum ref = "C424S000000" doc = "Class424.sgm">424</classnum>
<subref><clstitle>Drug, Bio-Affecting and Body Treating Compositions</clstitle>
<pretext></pretext>
<subnum range = "s" ref = "C424S075000" doc = "Class424.sgm">75</subnum></subref>
<descript><para> for a composition, per se, intended to be used
to preserve or improve the appearance of a corpse, or a process which
is no more than the nominal use of said composition.</para></descript></crecord></srchout></subclass>
<subclass subnum = "23.1" id = "C027S023100">
<sctitle>Embalming chamber:</sctitle>
<parent ref = "C027S021100" doc = "Class027.sgm">subclass 21.1</parent>
<scdesc>Subject matter relating to a sealed receptable, chamber,
and the like, wherein the corpse is treated in some manner such
as by cooling, fumigating, evacuating, desiccating, etc., to preserve
or embalm the corpse.</scdesc>
<srchout>
<crecord><classnum ref = "C062S000000" doc = "Class062.sgm">62</classnum>
<subref><clstitle>Refrigeration</clstitle>
<pretext>for a refrigerated chamber, per se, which may involve cooling
a corpse, particularly </pretext>
<subnum range = "p" ref = "C062S246000" doc = "Class062.sgm">246</subnum></subref>
<descript><para> for a refrigerated chamber with display feature,
and subclass 450 for an open access refrigerated chamber.</para></descript></crecord></srchout></subclass>
<subclass subnum = "24.1" id = "C027S024100">
<sctitle>Injector and ejector:</sctitle>
<parent ref = "C027S021100" doc = "Class027.sgm">subclass 21.1</parent>
<scdesc>Subject matter such as an instrument or an apparatus for
moving fluids into or from the corpse.</scdesc>
<srchout>
<crecord><classnum ref = "C604S000000" doc = "Class604.sgm">604</classnum>
<subref><clstitle>Surgery</clstitle>
<pretext></pretext>
<subnum range = "p" ref = "C604S264000" doc = "Class604.sgm">264</subnum></subref>
<descript><para> for trocars, cannulas, needles, nozzles, and catheters
insertable into the living body.</para></descript></crecord></srchout></subclass>
<subclass subnum = "24.2" id = "C027S024200">
<sctitle>Drainage tube:</sctitle>
<parent ref = "C027S024100" doc = "Class027.sgm">subclass 24.1</parent>
<scdesc>Subject matter specialized to remove fluids from the corpse.</scdesc></subclass>
<subclass subnum = "25.1" id = "C027S025100">
<sctitle>Chin support:</sctitle>
<parent ref = "C027S021100" doc = "Class027.sgm">subclass 21.1</parent>
<scdesc>Subject matter such as an implement or device for bearing
the weight of the chin and lower jaw of the corpse.</scdesc></subclass>
<subclass subnum = "26" id = "C027S026000">
<sctitle>CASKET GRAVE RESTS:</sctitle>
<parent ref = "C027S000000" doc = "Class027.sgm">the class definition</parent>
<scdesc>Subject matter comprising frames or bars for supporting
or sustaining coffins at the grave.</scdesc></subclass>
<subclass subnum = "27" id = "C027S027000">
<sctitle>CASKET CARRIERS:</sctitle>
<parent ref = "C027S000000" doc = "Class027.sgm">the class definition</parent>
<scdesc>Devices comprising frames, biers, harnesses, or the like
for lifting and handling coffins.</scdesc>
<srchout>
<crecord><classnum ref = "C280S000000" doc = "Class280.sgm">280</classnum>
<subref><clstitle>Land Vehicles</clstitle>
<pretext></pretext>
<subnum range = "s" ref = "C280S640000" doc = "Class280.sgm">640</subnum></subref>
<descript><para> for folding extensible, wheeled casket carriers
and subclasses 47.17&plus; and 47.34 for hand propelled, wheeled
casket carriers</para></descript></crecord></srchout></subclass>
<subclass subnum = "28" id = "C027S028000">
<sctitle>CORPSE CARRIERS:</sctitle>
<parent ref = "C027S000000" doc = "Class027.sgm">the class definition</parent>
<scdesc>Devices comprising frames, straps, and the like, for lifting
and handling corpses.</scdesc></subclass>
<subclass subnum = "29" id = "C027S029000">
<sctitle>GRAVE LININGS:</sctitle>
<parent ref = "C027S000000" doc = "Class027.sgm">the class definition</parent>
<scdesc>Linings made of various materials and supporting devices
therefor for covering or hiding the walls of the grave.</scdesc></subclass>
<subclass subnum = "30" id = "C027S030000">
<sctitle>GRAVE COVERINGS:</sctitle>
<parent ref = "C027S000000" doc = "Class027.sgm">the class definition</parent>
<scdesc>Frames, screens, and the like, for temporarily covering,
hiding, or concealing graves at the time of interment.</scdesc></subclass>
<subclass subnum = "31" id = "C027S031000">
<sctitle>LIFE SIGNALS:</sctitle>
<parent ref = "C027S000000" doc = "Class027.sgm">the class definition</parent>
<scdesc>Alarms or signals used in connection with coffins for indicating
life in persons supposed to be dead.</scdesc>
<srchout>
<crecord><classnum ref = "C340S000000" doc = "Class340.sgm">340</classnum>
<subref><clstitle>Communications:  Electrical</clstitle>
<pretext></pretext>
<subnum range = "p" ref = "C340S573100" doc = "Class340.sgm">573.1</subnum></subref>
<descript><para> for electrical condition-responsive indicating
systems automatically responsive to a condition of a human or animal.</para></descript></crecord></srchout></subclass>
<subclass subnum = "32" id = "C027S032000">
<sctitle>LOWERING DEVICES:</sctitle>
<parent ref = "C027S000000" doc = "Class027.sgm">the class definition</parent>
<scdesc>Supporting frames having lowering apparatus for lowering
coffins in graves.</scdesc>
<srchout>
<crecord><classnum ref = "C254S000000" doc = "Class254.sgm">254</classnum>
<subref><clstitle>Implements or Apparatus for Applying Pushing or
Pulling Force</clstitle>
<pretext></pretext>
<subnum range = "p" ref = "C254S264000" doc = "Class254.sgm">264</subnum></subref>
<descript><para> for hoisting apparatus including a driven device
which contacts and pulls on a cable when an object is hoisted.</para></descript></crecord></srchout></subclass>
<subclass subnum = "33" id = "C027S033000">
<sctitle>Hand straps:</sctitle>
<parent ref = "C027S032000" doc = "Class027.sgm">subclass 32</parent>
<scdesc>Straps, rods, or the like detachably connected with coffins.</scdesc></subclass>
<subclass subnum = "34" id = "C027S034000">
<sctitle>Releasers:</sctitle>
<parent ref = "C027S033000" doc = "Class027.sgm">subclass 33</parent>
<scdesc>Devices having latch- releasing devices.</scdesc></subclass>
<subclass subnum = "35" id = "C027S035000">
<sctitle>PORTABLE COFFIN CASINGS:</sctitle>
<parent ref = "C027S002000" doc = "Class027.sgm">the class definition</parent>
<scdesc>Portable boxes, cases, or receptacles for receiving burial
caskets.</scdesc>
<srchout>
<crecord><classnum ref = "C052S000000" doc = "Class052.sgm">52</classnum>
<subref><clstitle>Static Structures (e.g., Buildings)</clstitle>
<pretext></pretext>
<subnum range = "p" ref = "C052S128000" doc = "Class052.sgm">128</subnum></subref>
<descript><para> for nonportable vaults receiving a coffin or casket
for permanent interment on or in the earth.</para></descript></crecord></srchout></subclass></sclasses>
</class>
