<?xml version="1.0" encoding="UTF-8"?>
<!DOCTYPE class PUBLIC "-//USPTO//DTD Classification Definitions//EN" "xclassdef.dtd" [

<!-- Begin Document Specific Declarations -->

<!-- End Document Specific Declarations -->

]>
<?xml-stylesheet href="classdef.xsl" type="text/XSL"?>

<class classnum = "23" id = "C023S000000"><title>CHEMISTRY:  PHYSICAL
PROCESSES</title>
<sections><descsect>
<para>Processes for preparation or treatment of inorganic compounds
and nonmetallic elements which involve only physical treatments
not specifically provided for in some other class.  See subclass
293.</para>
</descsect></sections>
<sclasses>
<subclass subnum = "293" id = "C023S293000">
<sctitle>PHYSICAL PROCESSES:</sctitle>
<parent ref = "C023S000000" doc = "Class023.sgm">the class definition</parent>
<scdesc>Physical processes not more specifically provided for in
other classes.</scdesc>
<notes><note1 notenum = "(1)">
<para>Note.  Patents containing both a claim to an inorganic compound
or non-metallic element, and a claim to a physical process for this
class, are classified in Class 423, Chemistry of Inorganic Compounds,
and cross-referenced here.</para></note1>
<note1 notenum = "(2)">
<para>Note.  The removal or addition of water of hydration or cystallization
is considered a chemical reaction and not a physical process for
this class.  For such processes see the appropriate chemical class,
e.g., 423, Chemistry of Inorganic Compounds, 260, Chemistry of Carbon Compounds,
585, Chemistry of Hydrocarbon Compounds, etc.</para></note1>
<note1 notenum = "(3)">
<para>Note.  Processes for preserving chemicals and compositions
are classified with the chemical or composition preserved and processes
of packaging chemicals are classified in Class 53, Package Making,
except when chemicals classifiable in Classes 260, Chemistry of
Carbon Compounds, and 423, Chemistry of Inorganic Compounds, 585,
Chemistry of Hydrocarbon Compounds, are stored by means of a chemical
combination from which the chemicals may be subsequently released,
when they are classified on the basis of the chemical combination
so formed.</para></note1></notes>
<srchout>
<crecord><classnum ref = "C034S000000" doc = "Class034.sgm">34</classnum>
<subref><clstitle>Drying and Gas or Vapor Contact With Solids</clstitle>
<pretext></pretext></subref>
<descript><para>for drying processes.</para></descript></crecord>
<crecord><classnum ref = "C053S000000" doc = "Class053.sgm">53</classnum>
<subref><clstitle>Package Making</clstitle>
<pretext></pretext></subref>
<descript><para>appropriate subclasses for methods of and apparatus for
encompassing or encasing goods or materials with a separate cover
or band which serves as means for identifying, protecting or unit
handling the goods or materials.  See (3) Note.</para></descript></crecord>
<crecord><classnum ref = "C062S000000" doc = "Class062.sgm">62</classnum>
<subref><clstitle>Refrigeration</clstitle>
<pretext></pretext>
<subnum range = "p" ref = "C062S600000" doc = "Class062.sgm">600</subnum></subref>
<descript><para> for processes and apparatus specialized to the
manufacture of a solidified or liquefied product from a gas by physical treatment
only.</para></descript></crecord>
<crecord><classnum ref = "C075S000000" doc = "Class075.sgm">75</classnum>
<subref><clstitle>Specialized Metallurgical Processes, Compositions
for Use Therein, Consolidated Metal Powder Compositions, and Loose
Metal Particulate Mixtures</clstitle>
<pretext></pretext></subref>
<descript><para>for processes provided for in that class which may
include a physical process.</para></descript></crecord>
<crecord><classnum ref = "C095S000000" doc = "Class095.sgm">95</classnum>
<subref><clstitle>Gas Separation:  Processes</clstitle>
<pretext></pretext></subref>
<descript><para>for physical processes of gas separation and purification.</para></descript></crecord>
<crecord><classnum ref = "C100S000000" doc = "Class100.sgm">100</classnum>
<subref><clstitle>Presses</clstitle>
<pretext></pretext>
<subnum range = "p" ref = "C100S035000" doc = "Class100.sgm">35</subnum></subref>
<descript><para> for processes for compacting material, not elsewhere
provided for.</para></descript></crecord>
<crecord><classnum ref = "C127S000000" doc = "Class127.sgm">127</classnum>
<subref><clstitle>Sugar, Starch, and Carbohydrates</clstitle>
<pretext></pretext></subref>
<descript><para>for processes of extracting and crystallizing sugar.</para></descript></crecord>
<crecord><classnum ref = "C159S000000" doc = "Class159.sgm">159</classnum>
<subref><clstitle>Concentrating Evaporators</clstitle>
<pretext></pretext></subref>
<descript><para>for processes of concentrating solutions or suspensions
of solids in liquids.</para></descript></crecord>
<crecord><classnum ref = "C201S000000" doc = "Class201.sgm">201</classnum>
<subref><clstitle>Distillation:  Processes, Thermolytic</clstitle>
<pretext></pretext></subref>
<descript><para>appropriate subclasses for a destructive distillation
process.</para></descript></crecord>
<crecord><classnum ref = "C203S000000" doc = "Class203.sgm">203</classnum>
<subref><clstitle>Distillation:  Processes, Separatory</clstitle>
<pretext></pretext></subref>
<descript><para>appropriate subclasses for a separatory distillation
process.</para></descript></crecord>
<crecord><classnum ref = "C209S000000" doc = "Class209.sgm">209</classnum>
<subref><clstitle>Classifying, Separating, and Assorting Solids</clstitle>
<pretext></pretext></subref>
<descript><para>for processes of separating solids from solids.</para></descript></crecord>
<crecord><classnum ref = "C210S000000" doc = "Class210.sgm">210</classnum>
<subref><clstitle>Liquid Purification or Separation</clstitle>
<pretext></pretext>
<subnum range = "p" ref = "C210S634000" doc = "Class210.sgm">634</subnum></subref>
<descript><para>, especially 643&plus; for processes of liquid
purification including dialysis, and subclasses 800&plus; for
processes for liquid separation by gravitational force.</para></descript></crecord>
<crecord><classnum ref = "C241S000000" doc = "Class241.sgm">241</classnum>
<subref><clstitle>Solid Material Comminution or Disintegration</clstitle>
<pretext></pretext></subref>
<descript><para>appropriate subclass, for processes and apparatus
involving comminution and see section 2 of the class definition
of that class (241) for the line.</para></descript></crecord>
<crecord><classnum ref = "C261S000000" doc = "Class261.sgm">261</classnum>
<subref><clstitle>Gas and Liquid Contact Apparatus</clstitle>
<pretext></pretext></subref>
<descript><para>for processes for contacting gases and liquids when
for a purpose other than that of gas separation or purification.</para></descript></crecord>
<crecord><classnum ref = "C264S000000" doc = "Class264.sgm">264</classnum>
<subref><clstitle>Plastic and Nonmetallic Article Shaping or Treating:
 Processes</clstitle>
<pretext>appropriate subclasses for processes involving shaping
or molding of plastic materials, noting, for example, </pretext>
<subnum range = "s" ref = "C264S004000" doc = "Class264.sgm">4</subnum></subref>
<descript><para>, pertaining to encapsulating of normally liquid
material.</para></descript></crecord>
<crecord><classnum ref = "C366S000000" doc = "Class366.sgm">366</classnum>
<subref><clstitle>Agitating</clstitle>
<pretext></pretext></subref>
<descript><para>for mixing or agitating processes.</para></descript></crecord>
<crecord><classnum ref = "C422S000000" doc = "Class422.sgm">422</classnum>
<subref><clstitle>Chemical Apparatus and Process Disinfecting, Deodorizing,
Preserving, or Sterilizing</clstitle>
<pretext></pretext>
<subnum range = "p" ref = "C422S243000" doc = "Class422.sgm">243</subnum></subref>
<descript><para> for physical type apparatus including apparatus used
in carrying out come processes of this class (23). </para></descript></crecord>
<crecord><classnum ref = "C426S000000" doc = "Class426.sgm">426</classnum>
<subref><clstitle>Food or Edible Material:  Processes, Compositions,
and Products</clstitle>
<pretext></pretext></subref>
<descript><para>appropriate subclasses for physical processes involving
foods.</para></descript></crecord>
<crecord><classnum ref = "C432S000000" doc = "Class432.sgm">432</classnum>
<subref><clstitle>Heating</clstitle>
<pretext></pretext>
<subnum range = "p" ref = "C432S001000" doc = "Class432.sgm">1</subnum></subref>
<descript><para> for a material heating process of general utility.</para></descript></crecord>
<crecord><classnum ref = "C494S000000" doc = "Class494.sgm">494</classnum>
<subref><clstitle>Imperforate Bowl:  Centrifugal Separators</clstitle>
<pretext></pretext></subref>
<descript><para>appropriate subclasses for apparatus and process
for breaking up a mixture of fluids or fluent substances into two
or more components by centrifuging within a generally solid-walled,
receptacle-like member.</para></descript></crecord></srchout></subclass>
<subclass subnum = "294" id = "C023S294000">
<sctitle>Sublimation:</sctitle>
<parent ref = "C023S293000" doc = "Class023.sgm">subclass 293</parent>
<scdesc>Processes directed to or including sublimation as a significant
step.</scdesc>
<srchout>
<crecord><classnum ref = "C266S000000" doc = "Class266.sgm">266</classnum>
<subref><clstitle>Metallurgical Apparatus</clstitle>
<pretext></pretext>
<subnum range = "p" ref = "C266S144000" doc = "Class266.sgm">144</subnum></subref>
<descript><para> for metallurgical furnaces with fume arresters.</para></descript></crecord></srchout></subclass>
<subclass subnum = "295" id = "C023S295000">
<sctitle>Crystallization:</sctitle>
<parent ref = "C023S293000" doc = "Class023.sgm">subclass 293</parent>
<scdesc>Processes directed to or including crystallization as a
significant step.</scdesc>
<srchout>
<crecord><classnum ref = "C029S000000" doc = "Class029.sgm">29</classnum>
<subref><clstitle>Metal Working</clstitle>
<pretext></pretext>
<subnum range = "s" ref = "C029S025350" doc = "Class029.sgm">25.35</subnum></subref>
<descript><para> for processes of manufacturing piezo-electric crystal
devices which include crystallizing and additional manufacturing
operations.</para></descript></crecord>
<crecord><classnum ref = "C062S000000" doc = "Class062.sgm">62</classnum>
<subref><clstitle>Refrigeration</clstitle>
<pretext>for processes of crystallization including a step of refrigeration,
especially see </pretext>
<subnum range = "p" ref = "C062S066000" doc = "Class062.sgm">66</subnum></subref>
<descript><para> and subclasses 532&plus;.</para></descript></crecord>
<crecord><classnum ref = "C065S000000" doc = "Class065.sgm">65</classnum>
<subref><clstitle>Glass Manufacturing</clstitle>
<pretext></pretext>
<subnum range = "p" ref = "C065S033100" doc = "Class065.sgm">33.1</subnum></subref>
<descript><para> for a process of devitrifying of vitrifying glass
combined with a glassworking operation.</para></descript></crecord>
<crecord><classnum ref = "C117S000000" doc = "Class117.sgm">117</classnum>
<subref><clstitle>Single-Crystal, Oriented-Crystal, and Epitaxy
Growth Processes; Non-Coating Apparatus Therefor</clstitle>
<pretext></pretext></subref>
<descript><para>for processes and non-coating apparatus for growing
therein-defined single-crystal of all types of materials, including inorganic
or organic.</para></descript></crecord>
<crecord><classnum ref = "C127S000000" doc = "Class127.sgm">127</classnum>
<subref><clstitle>Sugar, Starch, and Carbohydrates</clstitle>
<pretext></pretext>
<subnum range = "p" ref = "C127S058000" doc = "Class127.sgm">58</subnum></subref>
<descript><para> for the crystallization of sugar.</para></descript></crecord>
<crecord><classnum ref = "C159S000000" doc = "Class159.sgm">159</classnum>
<subref><clstitle>Concentrating Evaporators</clstitle>
<pretext></pretext></subref>
<descript><para>for processes for mere evaporation of a solution
or suspension of a solid in a liquid whether or not the claims are directed
to treatment of a definite chemical compound or element, unless
such processes are provided for elsewhere.  The combination of evaporation
and significant crystallization is in this class (23).</para></descript></crecord>
<crecord><classnum ref = "C203S000000" doc = "Class203.sgm">203</classnum>
<subref><clstitle>Distillation:  Processes, Separatory</clstitle>
<pretext></pretext>
<subnum range = "s" ref = "C203S048000" doc = "Class203.sgm">48</subnum></subref>
<descript><para> for a distillation process including the step of
crystallizing a material from a distillate or residue.</para></descript></crecord>
<crecord><classnum ref = "C423S000000" doc = "Class423.sgm">423</classnum>
<subref><clstitle>Chemistry of Inorganic Compounds</clstitle>
<pretext></pretext></subref>
<descript><para>appropriate subclasses, for chemical processes of
manufacturing inorganic compounds and nonmetallic elements which
may involve crystallizing.</para></descript></crecord>
<crecord><classnum ref = "C501S000000" doc = "Class501.sgm">501</classnum>
<subref><clstitle>Compositions:  Ceramic</clstitle>
<pretext></pretext>
<subnum range = "p" ref = "C501S002000" doc = "Class501.sgm">2</subnum></subref>
<descript><para> for devitrified glass compositions, and subclass
86 for synthetic precious stone compositions.</para></descript></crecord></srchout></subclass>
<subclass subnum = "296" id = "C023S296000">
<sctitle>Selective:</sctitle>
<parent ref = "C023S295000" doc = "Class023.sgm">subclass 295</parent>
<scdesc>Processes wherein preferential crystallization is carried
out in a system containing two or more normally solid crystallizable
constituents.</scdesc></subclass>
<subclass subnum = "297" id = "C023S297000">
<sctitle>With extraction:</sctitle>
<parent ref = "C023S296000" doc = "Class023.sgm">subclass 296</parent>
<scdesc>Processes carried out in solution, in combination with a
step of physical extraction or dissolving.</scdesc>
<srchout>
<crecord><classnum ref = "C423S000000" doc = "Class423.sgm">423</classnum>
<subref><clstitle>Chemistry of Inorganic Compounds</clstitle>
<pretext></pretext></subref>
<descript><para>appropriate subclasses, for extracting leaching
or dissolving, per se.</para></descript></crecord></srchout></subclass>
<subclass subnum = "298" id = "C023S298000">
<sctitle>From natural sources:</sctitle>
<parent ref = "C023S296000" doc = "Class023.sgm">subclass 296</parent>
<scdesc>Processes wherein the system being crystallized is found
in nature, i.e., naturally occurring brines containing a number
of salts.</scdesc>
<srchin>
<srecord><subnum ref = "C023S303000" doc = "Class023.sgm">303</subnum>
<descript><para>for processes of crystallizing Na Cl from brines
containing this compound as the principal recoverable constituent.</para></descript></srecord></srchin></subclass>
<subclass subnum = "299" id = "C023S299000">
<sctitle>With extraction:</sctitle>
<parent ref = "C023S295000" doc = "Class023.sgm">subclass 295</parent>
<scdesc>Processes combined with a step of physical extraction or
dissolving, before or after crystallization.</scdesc>
<srchout>
<crecord><classnum ref = "C423S000000" doc = "Class423.sgm">423</classnum>
<subref><clstitle>Chemistry of Inorganic Compounds</clstitle>
<pretext></pretext></subref>
<descript><para>appropriate subclasses for extracting, leaching
or dissolving, per se.</para></descript></crecord></srchout></subclass>
<subclass subnum = "300" id = "C023S300000">
<sctitle>With added material:</sctitle>
<parent ref = "C023S295000" doc = "Class023.sgm">subclass 295</parent>
<scdesc>Processes wherein a substance is added to affect or cause
crystallization.</scdesc>
<notes><note1 notenum = "(1)">
<para>Note.  This subclass includes salting out or addition of substances
to control the size or shape of the crystals formed.</para></note1></notes></subclass>
<subclass subnum = "301" id = "C023S301000">
<sctitle>Seed:</sctitle>
<parent ref = "C023S300000" doc = "Class023.sgm">subclass 300</parent>
<scdesc>Processes wherein the added material is seed crystals.</scdesc>
<srchout>
<crecord><classnum ref = "C029S000000" doc = "Class029.sgm">29</classnum>
<subref><clstitle>Metal Working</clstitle>
<pretext></pretext>
<subnum range = "s" ref = "C029S025350" doc = "Class029.sgm">25.35</subnum></subref>
<descript><para> for processes of manufacturing piezo-electric crystal
devices which include crystallizing and additional manufacturing
operations.</para></descript></crecord></srchout></subclass>
<subclass subnum = "302" id = "C023S302000">
<sctitle>Alkali metal and ammonium compounds:</sctitle>
<parent ref = "C023S295000" doc = "Class023.sgm">subclass 295</parent>
<scdesc>Processes in which the substance being crystallized is a
compound of an alkali metal or ammonium.</scdesc></subclass>
<subclass subnum = "303" id = "C023S303000">
<sctitle>Common salt:</sctitle>
<parent ref = "C023S302000" doc = "Class023.sgm">subclass 302</parent>
<scdesc>Processes in which the substance being crystallized is sodium
chloride.</scdesc>
<srchout>
<crecord><classnum ref = "C423S000000" doc = "Class423.sgm">423</classnum>
<subref><clstitle>Chemistry of Inorganic Compounds</clstitle>
<pretext></pretext>
<subnum range = "r" ref = "C423S179000" doc = "Class423.sgm">179</subnum></subref>
<descript><para> and 499.1 for processes of producing sodium chloride involving
a chemical reaction.</para></descript></crecord></srchout></subclass>
<subclass subnum = "304" id = "C023S304000">
<sctitle>Alkaline earth metal and magnesium compounds:</sctitle>
<parent ref = "C023S295000" doc = "Class023.sgm">subclass 295</parent>
<scdesc>Processes in which the substance being crystallized is a
compound of an alkaline earth metal or magnesium.</scdesc></subclass>
<subclass subnum = "305" id = "C023S305000">
<sctitle>Heavy metal or aluminum compounds:</sctitle>
<parent ref = "C023S295000" doc = "Class023.sgm">subclass 295</parent>
<scdesc>Processes in which the substance being crystallized is a
compound of a heavy metal or aluminum.</scdesc></subclass>
<subclass subnum = "306" id = "C023S306000">
<sctitle>Concentration of liquids in liquids:</sctitle>
<parent ref = "C023S293000" doc = "Class023.sgm">subclass 293</parent>
<scdesc>Processes involving concentration of solutions of liquids
in liquids not otherwise provided for.</scdesc>
<srchin>
<srecord><subnum range = "p" ref = "C023S274000" doc = "Class023.sgm">274</subnum>
<descript><para>for apparatus for concentrating liquids in liquids.</para></descript></srecord></srchin>
<srchout>
<crecord><classnum ref = "C159S000000" doc = "Class159.sgm">159</classnum>
<subref><clstitle>Concentrating Evaporators</clstitle>
<pretext></pretext></subref>
<descript><para>for processes for concentrating solutions or suspensions
of solids in liquids not more specifically provided for in other
classes.</para></descript></crecord>
<crecord><classnum ref = "C202S000000" doc = "Class202.sgm">202</classnum>
<subref><clstitle>Distillation:  Apparatus</clstitle>
<pretext></pretext>
<subnum range = "p" ref = "C202S152000" doc = "Class202.sgm">152</subnum></subref>
<descript><para> and 232&plus; for separatory distillation apparatus.</para></descript></crecord>
<crecord><classnum ref = "C203S000000" doc = "Class203.sgm">203</classnum>
<subref><clstitle>Distillation:  Processes, Separatory</clstitle>
<pretext></pretext>
<subnum range = "p" ref = "C203S012000" doc = "Class203.sgm">12</subnum></subref>
<descript><para> for processes of distilling a liquid to separate
only water.</para></descript></crecord></srchout></subclass>
<subclass subnum = "307" id = "C023S307000">
<sctitle>With direct heating:</sctitle>
<parent ref = "C023S304000" doc = "Class023.sgm">subclass 304</parent>
<scdesc>Processes in which the liquid being concentrated is directly
contacted with the concentrating medium (e.g., hot gases).</scdesc>
<srchout>
<crecord><classnum ref = "C203S000000" doc = "Class203.sgm">203</classnum>
<subref><clstitle>Distillation:  Processes, Separatory</clstitle>
<pretext></pretext>
<subnum range = "s" ref = "C203S049000" doc = "Class203.sgm">49</subnum></subref>
<descript><para> for convective distillation.</para></descript></crecord></srchout></subclass>
<subclass subnum = "308" id = "C023S308000">
<sctitle>Melting out:</sctitle>
<parent ref = "C023S293000" doc = "Class023.sgm">subclass 293</parent>
<scdesc>Processes drawn to or including as a significant step the
melting out of fusible substances by heat.</scdesc>
<srchin>
<srecord><subnum ref = "C023S280000" doc = "Class023.sgm">280</subnum>
<descript><para>for melting separators.</para></descript></srecord></srchin>
<srchout>
<crecord><classnum ref = "C554S000000" doc = "Class554.sgm">554</classnum>
<subref><clstitle>Organic Compounds</clstitle>
<pretext></pretext>
<subnum range = "s" ref = "C554S023000" doc = "Class554.sgm">23</subnum></subref>
<descript><para> for processes of rendering fats, fatty oils or
fatty oil acids.  See also the notes thereto.</para></descript></crecord></srchout></subclass>
<subclass subnum = "313" id = "C023S313000">
<sctitle>Agglomerating:</sctitle>
<parent ref = "C023S293000" doc = "Class023.sgm">subclass 293</parent>
<scdesc>Processes directed to the preparation of agglomerates from
finely divided solid nonmetallic elements or inorganic compounds
by treatments which cause coalescence of the particles.</scdesc>
<notes><note1 notenum = "(1)">
<para>Note.  The types of treatments usually employed are mechanical
agitation and liquid treatment where the liquid is not a binder.</para></note1></notes>
<srchout>
<crecord><classnum ref = "C156S000000" doc = "Class156.sgm">156</classnum>
<subref><clstitle>Adhesive Bonding and Miscellaneous Chemical Manufacture</clstitle>
<pretext></pretext>
<subnum range = "p" ref = "C156S062200" doc = "Class156.sgm">62.2</subnum></subref>
<descript><para> for processes of particle uniting combined with
laminating.</para></descript></crecord>
<crecord><classnum ref = "C264S000000" doc = "Class264.sgm">264</classnum>
<subref><clstitle>Plastic and Nonmetallic Article Shaping or Treating:
 Processes</clstitle>
<pretext></pretext>
<subnum range = "s" ref = "C264S005000" doc = "Class264.sgm">5</subnum></subref>
<descript><para> for particle formation by liquid comminuting, particularly
subclass 6, with uniting of said particles, and subclasses 109&plus; for
processes of forming articles by uniting of particulate material.</para></descript></crecord>
<crecord><classnum ref = "C419S000000" doc = "Class419.sgm">419</classnum>
<subref><clstitle>Powder Metallurgy Processes</clstitle>
<pretext></pretext></subref>
<descript><para>appropriate subclasses for processes of forming
articles by uniting particulate material containing metal particle.</para></descript></crecord>
<crecord><classnum ref = "C425S000000" doc = "Class425.sgm">425</classnum>
<subref><clstitle>Plastic Article or Earthenware Shaping or Treating:
 Apparatus</clstitle>
<pretext></pretext>
<subnum range = "s" ref = "C425S222000" doc = "Class425.sgm">222</subnum></subref>
<descript><para> for tumbling type agglomerating apparatus for particulate
material.</para></descript></crecord></srchout></subclass>
<subclass subnum = "314" id = "C023S314000">
<sctitle>Carbon:</sctitle>
<parent ref = "C023S313000" doc = "Class023.sgm">subclass 313</parent>
<scdesc>Processes wherein the material undergoing agglomeration
is carbon.</scdesc></subclass></sclasses>
</class>
