<?xml version="1.0" encoding="UTF-8"?>
<!DOCTYPE class PUBLIC "-//USPTO//DTD Classification Definitions//EN" "xclassdef.dtd" [

<!-- Begin Document Specific Declarations -->

<!-- End Document Specific Declarations -->

]>
<?xml-stylesheet href="classdef.xsl" type="text/XSL"?>

<class classnum = "127" id = "C127S000000"><title>SUGAR, STARCH,
AND CARBOHYDRATES</title>
<sections><descsect>
<para>This class is designed to include apparatus and processes
peculiar to the manufacture of carbohydrates and the products of
such processes when not more specifically provided for elsewhere.</para>
<para>Inventions peculiar to the extraction, purification, and crystallization
of sugars and the extraction, purification, and treatment of starch,
as such, are found here, as well as the manufacture of sugars by
hydrolysis of carbohydrates.</para>
<notes><note1 notenum = "(1)">
<para>Note. For processes of liberating cellulosic fibers from natural
sources which processes involve some chemical action, see References
to other Classes, below for the class of Paper Making and Fiber
Liberation.</para></note1></notes>
</descsect>
<linesect>
<para>Processes generally for the hydrolysis of carbohydrates, including
their conversion to sugar by other than biochemical hydrolysis,
where the process either stops with such conversion or is followed
by the steps of purification, concentration, or crystallization
of the sugar or sugar solution thereby produced, are found in this
class. Processes of hydrolysis of carbohydrates which include the
action of diastase or other biochemical steps are for the most part
in Class 435, Chemistry: Molecular Biology and Microbiology, subclasses
93, and 98-105, and are included here only when such hydrolysis
is followed by steps of concentration, purification, or treatment (such
as crystallization) to make a sugar or syrup. Hydrolysis of carbohydrates
to sugar by any method when followed by alcoholic fermentation or
when directed specially to preparation for alcoholic fermentation
is in Class 435. The chemical manufacture or synthesis of sugar
or carbohydrates by any other process than that of hydrolysis is
not included in this class. Molecular rearrangement of one carbohydrate
to form any other carbohydrate is excluded. For such processes search
Class 260, Chemistry of Carbon Compounds.</para>
<para>Process of making sugar foods, per se, or the sugars combined
with a preservative, including hydrolysis of starch to sugar, are
placed in this class. Foods which contain sugars combined with nonsugars
(other than a preservative) and processes of making them are in
Class 426, Food or Edible Material: Processes, Compositions, and
Products.</para>
<para>Mere processes of making, separating, or purifying sugars,
starches, celluloses, or other carbohydrates, by operations that
include fermentations, and compositions and apparatus that are specialized
for use therein, and processes of making such compositions for such
use, are classified in Class 435, Chemistry: Molecular Biology and
Microbiology.</para>
<para>For electrical or wave energy methods for the preparation
of sugars, starches, and carbohydrates involving chemical reactions
other than those which result merely from the thermal effects of
the electrical or wave energy, see Class 205, Electrolysis: Processes,
Compositions Used Therein, and Methods of Preparing the Compositions,
especially subclass 697 for electrolytic treatment of sugar and
Class 204, Chemistry: Electrical and Wave Energy, especially subclasses
450&plus; for electrophoretic and electro-osmotic processes
(e.g., separation of sugars, starches, and carbohydrates, etc.).</para>
</linesect>
<scsect>
<srchout>
<crecord><classnum ref = "C117S000000" doc = "Class117.sgm">117</classnum>
<subref><clstitle>Single-Crystal, Oriented-Crystal, and Epitaxy Growth
Processes; Non-Coating Apparatus Therefor</clstitle>
<pretext></pretext></subref>
<descript><para>for processes and non-coating apparatus for growing
therein-defined single-crystal of all types of materials, including
sugar, starch, or carbohydrates.</para></descript></crecord>
<crecord><classnum ref = "C162S000000" doc = "Class162.sgm">162</classnum>
<subref><clstitle>Paper Making and Fiber Liberation</clstitle>
<pretext></pretext>
<subnum range = "p" ref = "C162S001000" doc = "Class162.sgm">1</subnum></subref>
<descript><para> for processes of liberating cellulosic fibers from
natural sources, which processes involve some chemical action.</para></descript></crecord>
<crecord><classnum ref = "C165S000000" doc = "Class165.sgm">165</classnum>
<subref><clstitle>Heat Exchange</clstitle>
<pretext></pretext></subref>
<descript><para>appropriate subclass for heat exchange apparatus,
per se.</para></descript></crecord>
<crecord><classnum ref = "C209S000000" doc = "Class209.sgm">209</classnum>
<subref><clstitle>Classifying, Separating, and Assorting Solids</clstitle>
<pretext></pretext></subref>
<descript><para>appropriate subclasses, for separating constitutents
of a mixture by liquid suspension, sifting, and stratifying.</para></descript></crecord>
<crecord><classnum ref = "C210S000000" doc = "Class210.sgm">210</classnum>
<subref><clstitle>Liquid Purification or Separation</clstitle>
<pretext>appropriate subclasses for filtration or gravitational
separation apparatus, especially </pretext>
<subnum range = "p" ref = "C210S360100" doc = "Class210.sgm">360.1</subnum></subref>
<descript><para> for a centrifugal extractor.</para></descript></crecord>
<crecord><classnum ref = "C241S000000" doc = "Class241.sgm">241</classnum>
<subref><clstitle>Solid Material Comminution or Disintegration</clstitle>
<pretext></pretext></subref>
<descript><para>appropriate subclasses, for processes and apparatus
for comminuting sugar, starch, and carbohydrate bearing material.
See section 10 of the main class definition of Class 241, for a
statement of the line.</para></descript></crecord>
<crecord><classnum ref = "C422S000000" doc = "Class422.sgm">422</classnum>
<subref><clstitle>Chemical Apparatus and Process Disinfecting, Deodorizing,
Preserving, or Sterilizing</clstitle>
<pretext></pretext></subref>
<descript><para>for apparatus not provided for elsewhere, for carrying
out a chemical or physical reaction or for performing an analysis
involving a chemical or physical reaction.</para></descript></crecord>
<crecord><classnum ref = "C424S000000" doc = "Class424.sgm">424</classnum>
<subref><clstitle>and 514, Drug, Bio-Affecting and Body Treating
Compositions</clstitle>
<pretext>particularly Class 424, </pretext>
<subnum range = "r" ref = "C424S418000" doc = "Class424.sgm">418</subnum></subref>
<descript><para>, 461&plus;, 479&plus;, 488, 493&plus;,
and 499, Class 514 subclasses 777&plus; and 970 for a composition
of that class containing a sugar, starch or carbohydrate.</para></descript></crecord></srchout>
</scsect></sections>
<sclasses>
<subclass subnum = "1" id = "C127S001000">
<sctitle>Hydrolyzing:</sctitle>
<parent ref = "C127S000000" doc = "Class127.sgm">apparatus</parent>
<scdesc>Apparatus particluarly designed for the treatment of carbohydrates
with chemical reagents to effect hydrolysis of sugar.</scdesc>
<srchout>
<crecord><classnum ref = "C435S000000" doc = "Class435.sgm">435</classnum>
<subref><clstitle>Chemistry: Molecular Biology and Microbiology</clstitle>
<pretext></pretext>
<subnum range = "r" ref = "C435S093000" doc = "Class435.sgm">93</subnum></subref>
<descript><para> and 98-105, for apparatus for hydrolyzing carbohydrates
by diastatic mashings or other fermentations.</para></descript></crecord></srchout></subclass>
<subclass subnum = "2" id = "C127S002000">
<sctitle>Treating sacchariferous material:</sctitle>
<parent ref = "C127S000000" doc = "Class127.sgm">apparatus</parent>
<scdesc>Miscellaneous apparatus for treating sacchariferous material
falling, but not within any of the subclasses indented hereunder.</scdesc></subclass>
<subclass subnum = "3" id = "C127S003000">
<sctitle>Leaching or diffusion:</sctitle>
<parent ref = "C127S002000" doc = "Class127.sgm">subclass 2</parent>
<scdesc>Apparatus peculiarly designed for the separation of sugar
from solid material by lixiviation, leaching, or diffusion.</scdesc>
<srchout>
<crecord><classnum ref = "C100S000000" doc = "Class100.sgm">100</classnum>
<subref><clstitle>Presses</clstitle>
<pretext></pretext>
<subnum range = "p" ref = "C100S104000" doc = "Class100.sgm">104</subnum></subref>
<descript><para> for presses, not elsewhere provided for, having drain
means for expressed liquids.</para></descript></crecord>
<crecord><classnum ref = "C422S000000" doc = "Class422.sgm">422</classnum>
<subref><clstitle>Chemical Apparatus and Process Disinfecting, Deodorizing,
Preserving, or Sterilizing</clstitle>
<pretext></pretext>
<subnum range = "p" ref = "C422S261000" doc = "Class422.sgm">261</subnum></subref>
<descript><para> for leaching apparatus not peculiar to the extraction
of sugar.</para></descript></crecord></srchout></subclass>
<subclass subnum = "4" id = "C127S004000">
<sctitle>Combined disintegrator:</sctitle>
<parent ref = "C127S003000" doc = "Class127.sgm">subclass 3</parent>
<scdesc>Having means for disintegrating the sacchariferous material.</scdesc></subclass>
<subclass subnum = "5" id = "C127S005000">
<sctitle>Advancing solid material:</sctitle>
<parent ref = "C127S003000" doc = "Class127.sgm">subclass 3</parent>
<scdesc>Means is provided for positively moving the solid material
with respect to the container for the leaching liquid.</scdesc></subclass>
<subclass subnum = "6" id = "C127S006000">
<sctitle>Multiple stage:</sctitle>
<parent ref = "C127S005000" doc = "Class127.sgm">subclass 5</parent>
<scdesc>The apparatus through which the solid material progresses
comprises a plurality of containers connected in series for the
leaching liquid.</scdesc></subclass>
<subclass subnum = "7" id = "C127S007000">
<sctitle>Tubular cell:</sctitle>
<parent ref = "C127S005000" doc = "Class127.sgm">subclass 5</parent>
<scdesc>The apparatus through which the sacchariferous solid material
progresses is tubular.</scdesc></subclass>
<subclass subnum = "8" id = "C127S008000">
<sctitle>Diffusion batteries:</sctitle>
<parent ref = "C127S003000" doc = "Class127.sgm">subclass 3</parent>
<scdesc>The apparatus comprises a system or plurality of cells adapted
to receive the material to be leached and connected for circulation
of the liquid from cell to cell. No means is provided for moving
the solid material with respect to the containers for the leaching
liquid.</scdesc>
<srchin>
<srecord><subnum ref = "C127S023000" doc = "Class127.sgm">23</subnum>
<descript><para>and 68, for apparatus and processes for steeping
grain.</para></descript></srecord></srchin>
<srchout>
<crecord><classnum ref = "C422S000000" doc = "Class422.sgm">422</classnum>
<subref><clstitle>Chemical Apparatus and Process Disinfecting, Deodorizing,
Preserving, or Sterilizing</clstitle>
<pretext></pretext>
<subnum range = "s" ref = "C422S261000" doc = "Class422.sgm">261</subnum></subref>
<descript><para> for leaching apparatus not peculiar to the extraction
of sugar.</para></descript></crecord></srchout></subclass>
<subclass subnum = "9" id = "C127S009000">
<sctitle>Treating sacchariferous solutions:</sctitle>
<parent ref = "C127S002000" doc = "Class127.sgm">subclass 2</parent>
<scdesc>Means particularly designed for the treatment of sugar-bearing
solutions for purification or concentration or for separation of
the sugar in solid form.</scdesc>
<srchout>
<crecord><classnum ref = "C159S000000" doc = "Class159.sgm">159</classnum>
<subref><clstitle>Concentrating Evaporators</clstitle>
<pretext></pretext></subref>
<descript><para>for concentrating apparatus of general application.</para></descript></crecord>
<crecord><classnum ref = "C165S000000" doc = "Class165.sgm">165</classnum>
<subref><clstitle>Heat Exchange</clstitle>
<pretext></pretext></subref>
<descript><para>appropriate subclasses for heat exchange apparatus
of general utility.</para></descript></crecord>
<crecord><classnum ref = "C210S000000" doc = "Class210.sgm">210</classnum>
<subref><clstitle>Liquid Purification or Separation</clstitle>
<pretext></pretext>
<subnum range = "p" ref = "C210S360100" doc = "Class210.sgm">360.1</subnum></subref>
<descript><para> for a filter of the centrifugal type.</para></descript></crecord></srchout></subclass>
<subclass subnum = "10" id = "C127S010000">
<sctitle>Dialyzers:</sctitle>
<parent ref = "C127S009000" doc = "Class127.sgm">subclass 9</parent>
<scdesc>Apparatus peculiarly adapted for the separation of impurities
from sugar solutions by differential diffusion comprising a permeable
membrane or partition forming a common wall to two chambers.</scdesc></subclass>
<subclass subnum = "11" id = "C127S011000">
<sctitle>Defecating apparatus:</sctitle>
<parent ref = "C127S009000" doc = "Class127.sgm">subclass 9</parent>
<scdesc>Apparatus peculiarly designed for the precipitation or separation
of solid impurities from sugar solutions.</scdesc></subclass>
<subclass subnum = "12" id = "C127S012000">
<sctitle>Gas and liquid contact:</sctitle>
<parent ref = "C127S011000" doc = "Class127.sgm">subclass 11</parent>
<scdesc>Apparatus in which the precipitation or separation of impurities
from sugar solutions is caused or furthered by the introduction
of gas.</scdesc>
<srchout>
<crecord><classnum ref = "C261S000000" doc = "Class261.sgm">261</classnum>
<subref><clstitle>Gas and Liquid Contact Apparatus</clstitle>
<pretext></pretext></subref>
<descript><para>appropriate subclasses for gas and liquid contact
of general application.</para></descript></crecord></srchout></subclass>
<subclass subnum = "13" id = "C127S013000">
<sctitle>Separating tanks:</sctitle>
<parent ref = "C127S011000" doc = "Class127.sgm">subclass 11</parent>
<scdesc>Vessels particularly designed for permitting or promoting
the separation or precipitation of solid impurities from sugar solutions.</scdesc>
<srchin>
<srecord><subnum ref = "C127S027000" doc = "Class127.sgm">27</subnum>
<descript><para>for starch-settling tanks.</para></descript></srecord></srchin>
<srchout>
<crecord><classnum ref = "C209S000000" doc = "Class209.sgm">209</classnum>
<subref><clstitle>Classifying, Separating, and Assorting Solids</clstitle>
<pretext></pretext>
<subnum range = "p" ref = "C209S155000" doc = "Class209.sgm">155</subnum></subref>
<descript><para> for separating tanks.</para></descript></crecord>
<crecord><classnum ref = "C210S000000" doc = "Class210.sgm">210</classnum>
<subref><clstitle>Liquid Purification or Separation</clstitle>
<pretext></pretext>
<subnum range = "p" ref = "C210S294000" doc = "Class210.sgm">294</subnum></subref>
<descript><para> for a decanter and filter combination, subclasses
322&plus; for plural distinct decanters, and subclasses 513&plus; for
a gravitational separator.</para></descript></crecord></srchout></subclass>
<subclass subnum = "14" id = "C127S014000">
<sctitle>Mixing tanks:</sctitle>
<parent ref = "C127S011000" doc = "Class127.sgm">subclass 11</parent>
<scdesc>Vessels especially adapted for mixing sacchariferous solutions
with other liquids or with solids (as chemicals).</scdesc>
<srchout>
<crecord><classnum ref = "C165S000000" doc = "Class165.sgm">165</classnum>
<subref><clstitle>Heat Exchange</clstitle>
<pretext></pretext>
<subnum range = "s" ref = "C165S109000" doc = "Class165.sgm">109</subnum></subref>
<descript><para> for a heat exchange vessel of general application
with a stirring device.</para></descript></crecord>
<crecord><classnum ref = "C366S000000" doc = "Class366.sgm">366</classnum>
<subref><clstitle>Agitating</clstitle>
<pretext></pretext></subref>
<descript><para>for mixing devices of general utility.</para></descript></crecord></srchout></subclass>
<subclass subnum = "15" id = "C127S015000">
<sctitle>Forming crystals:</sctitle>
<parent ref = "C127S002000" doc = "Class127.sgm">subclass 2</parent>
<scdesc>Apparatus peculiarly adapted for controlling or assisting
the formation of crystals from a solution of sugar.</scdesc>
<srchin>
<srecord><subnum ref = "C127S018000" doc = "Class127.sgm">18</subnum>
<descript><para>58-62.</para></descript></srecord></srchin>
<srchout>
<crecord><classnum ref = "C117S000000" doc = "Class117.sgm">117</classnum>
<subref><clstitle>Single-Crystal, Oriented-Crystal, and Epitaxy
Growth Processes; Non-Coating Apparatus Therefor</clstitle>
<pretext></pretext></subref>
<descript><para>for processes and non-coating apparatus for growing
therein-defined single-crystal of all types of materials, including sugar,
starch, or carbohydrates.</para></descript></crecord>
<crecord><classnum ref = "C422S000000" doc = "Class422.sgm">422</classnum>
<subref><clstitle>Chemical Apparatus and Process Disinfecting, Deodorizing,
Preserving, or Sterilizing</clstitle>
<pretext></pretext>
<subnum range = "p" ref = "C422S245100" doc = "Class422.sgm">245.1</subnum></subref>
<descript><para> for non-coating crystallizer apparatus having means
for only a physical reaction not provided for elsewhere and subclasses
129&plus; for non-coating crystallizer apparatus providing means
for a chemical reaction not provided for elsewhere.</para></descript></crecord></srchout></subclass>
<subclass subnum = "16" id = "C127S016000">
<sctitle>Concentrating and crystallizing:</sctitle>
<parent ref = "C127S015000" doc = "Class127.sgm">subclass 15</parent>
<scdesc>Evaporating apparatus peculiarly designed to effect or control
the evaporation to crystallization of sugar solutions.</scdesc>
<srchout>
<crecord><classnum ref = "C159S000000" doc = "Class159.sgm">159</classnum>
<subref><clstitle>Concentrating Evaporators</clstitle>
<pretext></pretext></subref>
<descript><para>appropriate subclasses, for concentrating apparatus
generally.</para></descript></crecord></srchout></subclass>
<subclass subnum = "17" id = "C127S017000">
<sctitle>Treating crystals:</sctitle>
<parent ref = "C127S002000" doc = "Class127.sgm">subclass 2</parent>
<scdesc>Apparatus peculiarly designed for the treatment of sugar
crystals.</scdesc></subclass>
<subclass subnum = "18" id = "C127S018000">
<sctitle>Purging and molding:</sctitle>
<parent ref = "C127S017000" doc = "Class127.sgm">subclass 17</parent>
<scdesc>Apparatus comprising a mold provided with means to effect
the removal of adhering liquid.</scdesc>
<srchin>
<srecord><subnum ref = "C127S015000" doc = "Class127.sgm">15</subnum>
<descript><para>for vessels peculiarly designed to permit or promote
crystallization of sugar.</para></descript></srecord></srchin>
<srchout>
<crecord><classnum ref = "C249S000000" doc = "Class249.sgm">249</classnum>
<subref><clstitle>Static Molds</clstitle>
<pretext></pretext>
<subnum range = "s" ref = "C249S113000" doc = "Class249.sgm">113</subnum></subref>
<descript><para> for mold with foraminous liner, and 141 for mold
having auxiliary port.</para></descript></crecord></srchout></subclass>
<subclass subnum = "19" id = "C127S019000">
<sctitle>Centrifugal:</sctitle>
<parent ref = "C127S018000" doc = "Class127.sgm">subclass 18</parent>
<scdesc>The molds are mounted on a centrifugal apparatus and provided
with outlets to permit the discharge by centrifugal force of the
purging liquor or of the liquor adhering to the crystals.</scdesc>
<srchout>
<crecord><classnum ref = "C210S000000" doc = "Class210.sgm">210</classnum>
<subref><clstitle>Liquid Purification or Separation</clstitle>
<pretext></pretext>
<subnum range = "p" ref = "C210S360100" doc = "Class210.sgm">360.1</subnum></subref>
<descript><para> for centrifugal filters or strainers.</para></descript></crecord>
<crecord><classnum ref = "C494S000000" doc = "Class494.sgm">494</classnum>
<subref><clstitle>Imperforate Bowl: Centrifugal Separators</clstitle>
<pretext></pretext></subref>
<descript><para>appropriate subclasses, for apparatus for breaking
up a mixture of fluids or fluent substances into two or more components
by centrifuging within a generally solid-walled, receptacle-like
member.</para></descript></crecord></srchout></subclass>
<subclass subnum = "20" id = "C127S020000">
<sctitle>Purging:</sctitle>
<parent ref = "C127S017000" doc = "Class127.sgm">subclass 17</parent>
<scdesc>Apparatus peculiarly designed to free sugar crystals of
impurities by draining or washing without destroying the crystals.</scdesc>
<srchout>
<crecord><classnum ref = "C100S000000" doc = "Class100.sgm">100</classnum>
<subref><clstitle>Presses</clstitle>
<pretext></pretext>
<subnum range = "p" ref = "C100S104000" doc = "Class100.sgm">104</subnum></subref>
<descript><para> for presses, not elsewhere provided for, having drain
means for expressed liquids.</para></descript></crecord>
<crecord><classnum ref = "C210S000000" doc = "Class210.sgm">210</classnum>
<subref><clstitle>Liquid Purification or Separation</clstitle>
<pretext></pretext>
<subnum range = "p" ref = "C210S348000" doc = "Class210.sgm">348</subnum></subref>
<descript><para> for apparatus to separate liquid and solid by filtration
or draining.</para></descript></crecord></srchout></subclass>
<subclass subnum = "21" id = "C127S021000">
<sctitle>Granulating and mixing:</sctitle>
<parent ref = "C127S017000" doc = "Class127.sgm">subclass 17</parent>
<scdesc>Apparatus comprising a mixing device and peculiarly designed
to dry or size the sugar grains after they are formed.</scdesc>
<srchout>
<crecord><classnum ref = "C034S000000" doc = "Class034.sgm">34</classnum>
<subref><clstitle>Drying and Gas or Vapor Contact With Solids</clstitle>
<pretext></pretext></subref>
<descript><para>appropriate subclasses, for the drying process or
apparatus subcombination.</para></descript></crecord>
<crecord><classnum ref = "C241S000000" doc = "Class241.sgm">241</classnum>
<subref><clstitle>Solid Material Comminution or Disintegration</clstitle>
<pretext></pretext></subref>
<descript><para>appropriate subclasses for comminuting apparatus.</para></descript></crecord></srchout></subclass>
<subclass subnum = "22" id = "C127S022000">
<sctitle>Melting or dissolving:</sctitle>
<parent ref = "C127S017000" doc = "Class127.sgm">subclass 17</parent>
<scdesc>Apparatus peculiarly adapted to liquefying crystalline sugars
whether by heating or dissolving.</scdesc>
<srchout>
<crecord><classnum ref = "C239S000000" doc = "Class239.sgm">239</classnum>
<subref><clstitle>Fluid Sprinkling, Spraying, and Diffusing</clstitle>
<pretext></pretext>
<subnum range = "p" ref = "C239S310000" doc = "Class239.sgm">310</subnum></subref>
<descript><para> for dissolvers and mixers for discharging the solution
or mixture through a terminal nozzle element.</para></descript></crecord>
<crecord><classnum ref = "C422S000000" doc = "Class422.sgm">422</classnum>
<subref><clstitle>Chemical Apparatus and Process Disinfecting, Deodorizing,
Preserving, or Sterilizing</clstitle>
<pretext></pretext>
<subnum range = "p" ref = "C422S256000" doc = "Class422.sgm">256</subnum></subref>
<descript><para> and 261&plus; for leaching, dissolving, and
extracting apparatus.</para></descript></crecord></srchout></subclass>
<subclass subnum = "23" id = "C127S023000">
<sctitle>Treating amylaceous material:</sctitle>
<parent ref = "C127S000000" doc = "Class127.sgm">apparatus</parent>
<scdesc>Apparatus peculiarly designed for the separation or purification
of starch or the treatment of pure starch.</scdesc></subclass>
<subclass subnum = "24" id = "C127S024000">
<sctitle>Separating and purifying:</sctitle>
<parent ref = "C127S023000" doc = "Class127.sgm">subclass 23</parent>
<scdesc>Apparatus peculiarly designed for the separation of starch
from starch-bearing raw material or for the treatment and purification
of starch-containing substances.</scdesc>
<srchout>
<crecord><classnum ref = "C209S000000" doc = "Class209.sgm">209</classnum>
<subref><clstitle>Classifying, Separating, and Assorting Solids</clstitle>
<pretext></pretext></subref>
<descript><para>appropriate subclasses, for apparatus for separating
and purifying grain.</para></descript></crecord>
<crecord><classnum ref = "C241S000000" doc = "Class241.sgm">241</classnum>
<subref><clstitle>Solid Material Comminution or Disintegration</clstitle>
<pretext></pretext></subref>
<descript><para>appropriate subclasses for grain comminutors.</para></descript></crecord></srchout></subclass>
<subclass subnum = "25" id = "C127S025000">
<sctitle>Screens or washers:</sctitle>
<parent ref = "C127S024000" doc = "Class127.sgm">subclass 24</parent>
<scdesc>Apparatus designed particularly for the bolting or washing
of starch-bearing material to separate impurities, as the hulls
and chaff of the grain, from the starch or starch liquor.</scdesc></subclass>
<subclass subnum = "26" id = "C127S026000">
<sctitle>Tables:</sctitle>
<parent ref = "C127S024000" doc = "Class127.sgm">subclass 24</parent>
<scdesc>Apparatus comprising an inclined plane or a run adapted
to receive the starch deposited thereon from the starch liquor as
it flows there-over.</scdesc>
<srchout>
<crecord><classnum ref = "C209S000000" doc = "Class209.sgm">209</classnum>
<subref><clstitle>Classifying, Separating, and Assorting, Solids</clstitle>
<pretext></pretext>
<subnum range = "s" ref = "C209S458000" doc = "Class209.sgm">458</subnum></subref>
<descript><para>, and indented subclasses, for stationary troughs
and tables.</para></descript></crecord></srchout></subclass>
<subclass subnum = "27" id = "C127S027000">
<sctitle>Decanters or settling tanks:</sctitle>
<parent ref = "C127S024000" doc = "Class127.sgm">subclass 24</parent>
<scdesc>Vessels particularly designed for permitting or promoting
the separation by gravity of starch from liquid or solid impurities.</scdesc>
<srchin>
<srecord><subnum ref = "C127S013000" doc = "Class127.sgm">13</subnum>
<descript><para>for vessels adapted to separate solid impurities
from sugar solutions.</para></descript></srecord></srchin>
<srchout>
<crecord><classnum ref = "C210S000000" doc = "Class210.sgm">210</classnum>
<subref><clstitle>Liquid Purification or Separation</clstitle>
<pretext></pretext>
<subnum range = "p" ref = "C210S294000" doc = "Class210.sgm">294</subnum></subref>
<descript><para> for a decanter and filter combination, subclasses
322&plus; for plural distinct decanters, and subclasses 513&plus; for
a gravitational separator.</para></descript></crecord></srchout></subclass>
<subclass subnum = "28" id = "C127S028000">
<sctitle>Cookers:</sctitle>
<parent ref = "C127S023000" doc = "Class127.sgm">subclass 23</parent>
<scdesc>Apparatus peculiarly designed to cook or cook and prepare
starch.</scdesc>
<srchin>
<srecord><subnum ref = "C127S001000" doc = "Class127.sgm">1</subnum>
<descript><para>for hydrolyzing apparatus.</para></descript></srecord></srchin></subclass>
<subclass subnum = "29" id = "C127S029000">
<sctitle>Miscellaneous:</sctitle>
<parent ref = "C127S000000" doc = "Class127.sgm">products</parent>
<scdesc>Sugars, starches, dextrines, and miscellaneous carbohydrates,
not provided for in the subclasses indented hereunder, together
with processes peculiarly directed to their production.</scdesc>
<notes><note1 notenum = "(1)">
<para>Note. Processes when claimed or disclosed as having a more
general character than the production of a special product are cross-referenced
into the process subclasses below.</para></note1>
<note1 notenum = "(2)">
<para>Note. For electrical or wave energy methods for the preparation
of sugars, starches, and carbohydrates involving chemical reactions
other than those which result merely from the thermal effects of
the electrical or wave energy, see Class 205, Electrolysis: Processes, Compositions
Used Therein, and Methods of Preparing the Compositions, especially
subclass 697 for electrolytic treatment of sugar and Class 204,
Chemistry: Electrical and Wave Energy, especially subclasses 450&plus; for electrophoretic
and electro-osmotic processes (e.g., separation of sugars, starches,
and carbohydrates, etc.).</para></note1></notes>
<srchin>
<srecord><subnum ref = "C127S030000" doc = "Class127.sgm">30</subnum>
<descript><para>31, 32, and 33, see also subclass 71 for processes
of treating starch.</para></descript></srecord></srchin>
<srchout>
<crecord><classnum ref = "C106S000000" doc = "Class106.sgm">106</classnum>
<subref><clstitle>Compositions: Coating or Plastic</clstitle>
<pretext>appropriate subclasses, particularly </pretext>
<subnum range = "r" ref = "C106S005000" doc = "Class106.sgm">5</subnum></subref>
<descript><para>, 31.24, 31.26, 31.68, 31.94, 123.12, 124.51, 124.61, 124.81,
125.1&plus;, 135.1&plus;, and 162.1&plus;, 617, 674,
687, 726, 729&plus;, 779&plus;, 804&plus;,  for carbohydrate
containing coating or plastic compositions.</para></descript></crecord>
<crecord><classnum ref = "C426S000000" doc = "Class426.sgm">426</classnum>
<subref><clstitle>Food or Edible Material: Processes Compositions,
and Products</clstitle>
<pretext></pretext>
<subnum range = "p" ref = "C426S070000" doc = "Class426.sgm">70</subnum></subref>
<descript><para> especially 103, and 213&plus; for edible products
containing sugars, carbohydrates, admixed with other substances.</para></descript></crecord>
<crecord><classnum ref = "C536S000000" doc = "Class536.sgm">536</classnum>
<subref><clstitle>Organic Compounds -- Part of the Class 532 - 570
Series</clstitle>
<pretext></pretext>
<subnum range = "p" ref = "C536S001110" doc = "Class536.sgm">1.11</subnum></subref>
<descript><para> and indented subclasses for carbohydrate derivatives
which are not carbohydrates.</para></descript></crecord></srchout></subclass>
<subclass subnum = "30" id = "C127S030000">
<sctitle>Sugars only:</sctitle>
<parent ref = "C127S000000" doc = "Class127.sgm">products</parent>
<scdesc>Pure sugar products and processes peculiar to their manufacture.
Includes mixtures of pure sugars.</scdesc></subclass>
<subclass subnum = "31" id = "C127S031000">
<sctitle>Lactose:</sctitle>
<parent ref = "C127S030000" doc = "Class127.sgm">subclass 30</parent>
<scdesc>Milk sugar and processes peculiar to its manufacture.</scdesc></subclass>
<subclass subnum = "32" id = "C127S032000">
<sctitle>Modified starches:</sctitle>
<parent ref = "C127S000000" doc = "Class127.sgm">products</parent>
<scdesc>Starches which have been chemically modified or incipiently
hydrolyzed either by the action of added reagents or by cooking
or special heat treatments, but which still give a blue or violet reaction
with iodine, and processes of making them.</scdesc>
<srchin>
<srecord><subnum ref = "C127S038000" doc = "Class127.sgm">38</subnum>
<descript><para>and indented subclasses, for hydrolysis of starch
where it is carried to a point where the blue or violet reaction with
iodine is no longer obtained.</para></descript></srecord></srchin></subclass>
<subclass subnum = "33" id = "C127S033000">
<sctitle>Added chemical:</sctitle>
<parent ref = "C127S032000" doc = "Class127.sgm">subclass 32</parent>
<scdesc>Starches which have been chemically modified or hydrolyzed
by the action of added reagents, but which give a blue or violet
reacton with iodine and processes of making them.</scdesc>
<srchout>
<crecord><classnum ref = "C106S000000" doc = "Class106.sgm">106</classnum>
<subref><clstitle>Compositions: Coating or Plastic</clstitle>
<pretext>appropriate </pretext>
<subnum range = "p" ref = "C106S145100" doc = "Class106.sgm">145.1</subnum></subref>
<descript><para>, 162.51, 162.81, and 206.1&plus;, for starch containing
coating or plastic compositions.</para></descript></crecord></srchout></subclass>
<subclass subnum = "34" id = "C127S034000">
<sctitle>Carbohydrate manufacture and refining:</sctitle>
<parent ref = "C127S000000" doc = "Class127.sgm">processes</parent>
<scdesc>Processes peculiar to the extraction, purification, and
treatment of carbohydrates.</scdesc>
<srchout>
<crecord><classnum ref = "C162S000000" doc = "Class162.sgm">162</classnum>
<subref><clstitle>Paper Making and Fiber Liberation</clstitle>
<pretext></pretext>
<subnum range = "p" ref = "C162S001000" doc = "Class162.sgm">1</subnum></subref>
<descript><para> for the chemical extraction or purification of
cellulose fiber.</para></descript></crecord>
<crecord><classnum ref = "C260S000000" doc = "Class260.sgm">260</classnum>
<subref><clstitle>Chemistry of Carbon Compounds</clstitle>
<pretext></pretext></subref>
<descript><para>for synthetic manufacture of carbohydrates and for
molecular rearrangement of one carbohydrate to form another.</para></descript></crecord>
<crecord><classnum ref = "C435S000000" doc = "Class435.sgm">435</classnum>
<subref><clstitle>Chemistry: Molecular Biology and Microbiology</clstitle>
<pretext></pretext>
<subnum range = "p" ref = "C435S277000" doc = "Class435.sgm">277</subnum></subref>
<descript><para> for purification or separation of cellulose and
subclass 276 for purifying or separating dextrine by processes that include
fermentations.</para></descript></crecord></srchout></subclass>
<subclass subnum = "36" id = "C127S036000">
<sctitle>Hydrolysis of carbohydrates:</sctitle>
<parent ref = "C127S034000" doc = "Class127.sgm">subclass 34</parent>
<scdesc>Designed to include processes broadly for the hydrolysis
of carbohydrates by nonbiochemical methods where the process either
stops with such hydrolysis or is combined with steps of purification
concentration, or crystallization of the sugar or sugar solution
thereby produced.</scdesc>
<srchin>
<srecord><subnum ref = "C127S001000" doc = "Class127.sgm">1</subnum>
<descript><para>for apparatus for hydrolysis, and subclasses 32
and 33, for partial hydrolysis directed to making modified starch.</para></descript></srecord></srchin>
<srchout>
<crecord><classnum ref = "C435S000000" doc = "Class435.sgm">435</classnum>
<subref><clstitle>Chemistry: Molecular Biology and Microbiology</clstitle>
<pretext></pretext>
<subnum range = "s" ref = "C435S093000" doc = "Class435.sgm">93</subnum></subref>
<descript><para> for diastatic hydrolysis of carbohydrates, and
subclasses 98-105 for other fermentative hydrolysis of carbohydrates.</para></descript></crecord></srchout></subclass>
<subclass subnum = "37" id = "C127S037000">
<sctitle>Cellulose material:</sctitle>
<parent ref = "C127S036000" doc = "Class127.sgm">subclass 36</parent>
<scdesc>Processes directed toward the manufacture of sugar products
from cellulose or cellulose-containing substances by hydrolysis
of the cellulose.</scdesc>
<srchin>
<srecord><subnum ref = "C127S038000" doc = "Class127.sgm">38</subnum>
<descript><para>41.</para></descript></srecord></srchin>
<srchout>
<crecord><classnum ref = "C162S000000" doc = "Class162.sgm">162</classnum>
<subref><clstitle>Paper Making and Fiber Liberation</clstitle>
<pretext></pretext>
<subnum range = "p" ref = "C162S001000" doc = "Class162.sgm">1</subnum></subref>
<descript><para> for the chemical extraction or purification of
cellulose fiber.</para></descript></crecord></srchout></subclass>
<subclass subnum = "38" id = "C127S038000">
<sctitle>Amylaceous material:</sctitle>
<parent ref = "C127S036000" doc = "Class127.sgm">subclass 36</parent>
<scdesc>Processes directed toward the manufacture of conversion
products from starch or starch-bearing substances by hydrolysis
of the starch.</scdesc>
<srchin>
<srecord><subnum ref = "C127S032000" doc = "Class127.sgm">32</subnum>
<descript><para>33.</para></descript></srecord></srchin></subclass>
<subclass subnum = "39" id = "C127S039000">
<sctitle>With preliminary purification of starch:</sctitle>
<parent ref = "C127S038000" doc = "Class127.sgm">subclass 38</parent>
<scdesc>The starch is separated from the other constituents of the
amylaceous material before hydrolysis. The resulting sugar may be
purified.</scdesc>
<notes><note1 notenum = "(1)">
<para>Note. Actual separation of the starch is effected, not merely
preliminary treatments, as mashing or disrupting cells.</para></note1></notes>
<srchout>
<crecord><classnum ref = "C209S000000" doc = "Class209.sgm">209</classnum>
<subref><clstitle>Classifying, Separating, and Assorting Solids</clstitle>
<pretext></pretext></subref>
<descript><para>appropriate subclasses.</para></descript></crecord></srchout></subclass>
<subclass subnum = "40" id = "C127S040000">
<sctitle>With purification of product:</sctitle>
<parent ref = "C127S038000" doc = "Class127.sgm">subclass 38</parent>
<scdesc>The amylaceous material is treated for hydrolysis without
purification or separation of the starch, and the resulting sacchariferous
product is purified.</scdesc>
<srchin>
<srecord><subnum ref = "C127S038000" doc = "Class127.sgm">38</subnum>
<descript><para>39, 42, and indented subclasses for sugar purification.</para></descript></srecord></srchin></subclass>
<subclass subnum = "41" id = "C127S041000">
<sctitle>Inversion of sucrose:</sctitle>
<parent ref = "C127S036000" doc = "Class127.sgm">subclass 36</parent>
<scdesc>Processes directed toward the manufacture of invert sugar
by the inversion or hydrolysis of sucrose.</scdesc></subclass>
<subclass subnum = "42" id = "C127S042000">
<sctitle>Sugar manufacture and refining:</sctitle>
<parent ref = "C127S034000" doc = "Class127.sgm">subclass 34</parent>
<scdesc>Processes peculiar to the treatment of sacchariferous material
and to the extraction, purification, and crystallization of sugar.</scdesc>
<srchout>
<crecord><classnum ref = "C435S000000" doc = "Class435.sgm">435</classnum>
<subref><clstitle>Chemistry: Molecular Biology and Microbiology</clstitle>
<pretext></pretext>
<subnum range = "s" ref = "C435S276000" doc = "Class435.sgm">276</subnum></subref>
<descript><para> for purifying or separating sugars by processes
that include fermentations.</para></descript></crecord></srchout></subclass>
<subclass subnum = "43" id = "C127S043000">
<sctitle>Extracting from solid material:</sctitle>
<parent ref = "C127S042000" doc = "Class127.sgm">subclass 42</parent>
<scdesc>Processes peculiar to the separation or lixiviation of sugar
from solid material, as plants.</scdesc>
<srchout>
<crecord><classnum ref = "C100S000000" doc = "Class100.sgm">100</classnum>
<subref><clstitle>Presses</clstitle>
<pretext></pretext>
<subnum range = "p" ref = "C100S035000" doc = "Class100.sgm">35</subnum></subref>
<descript><para> for methods of pressing, not elsewhere classified, and
particularly subclass 37 for such methods involving the separation
of expressed liquid from the material compacted.</para></descript></crecord>
<crecord><classnum ref = "C422S000000" doc = "Class422.sgm">422</classnum>
<subref><clstitle>Chemical Apparatus and Process Disinfecting, Deodorizing,
Preserving, or Sterilizing</clstitle>
<pretext></pretext>
<subnum range = "p" ref = "C422S255000" doc = "Class422.sgm">255</subnum></subref>
<descript><para> for leaching apparatus.</para></descript></crecord></srchout></subclass>
<subclass subnum = "44" id = "C127S044000">
<sctitle>Chemical treatment:</sctitle>
<parent ref = "C127S043000" doc = "Class127.sgm">subclass 43</parent>
<scdesc>A chemical reagent is present during the separation or lixiviation.</scdesc></subclass>
<subclass subnum = "45" id = "C127S045000">
<sctitle>Counterflow:</sctitle>
<parent ref = "C127S043000" doc = "Class127.sgm">subclass 43</parent>
<scdesc>The solid material under treatment and the leaching or lixiviating
liquid are moved in opposite directions.</scdesc></subclass>
<subclass subnum = "46.1" id = "C127S046100">
<sctitle>Treatment of sacchariferous solutions:</sctitle>
<parent ref = "C127S042000" doc = "Class127.sgm">subclass 42</parent>
<scdesc>Processes for treating sugar solutions for purification
or crystallization.</scdesc>
<srchin>
<srecord><subnum ref = "C127S040000" doc = "Class127.sgm">40</subnum>
<descript><para>for the hydrolysis of starch to sugar and purifying
sugar solutions.</para></descript></srecord></srchin>
<srchout>
<crecord><classnum ref = "C204S000000" doc = "Class204.sgm">204</classnum>
<subref><clstitle>Chemistry: Electrical and Wave Energy</clstitle>
<pretext>especially </pretext>
<subnum range = "p" ref = "C204S450000" doc = "Class204.sgm">450</subnum></subref>
<descript><para> for electrophoretic and electro-osmotic processes
(e.g., separation of sugars, starches, and carbohydrates, etc.).</para></descript></crecord>
<crecord><classnum ref = "C205S000000" doc = "Class205.sgm">205</classnum>
<subref><clstitle>Electrolysis: Processes, Compositions Used Therein,
and Methods of Preparing the Compositions</clstitle>
<pretext>especially </pretext>
<subnum range = "s" ref = "C205S697000" doc = "Class205.sgm">697</subnum></subref>
<descript><para> for electrolytic treatment of sugar.</para></descript></crecord></srchout></subclass>
<subclass subnum = "46.2" id = "C127S046200">
<sctitle>Involving ion manipulation, e.g., ion exchange, etc.:</sctitle>
<parent ref = "C127S046100" doc = "Class127.sgm">subclass 46.1</parent>
<scdesc>Processes involving use of ion exchange material or other
ion manipulation material to treat the solution.</scdesc></subclass>
<subclass subnum = "46.3" id = "C127S046300">
<sctitle>For ion exclusion:</sctitle>
<parent ref = "C127S046200" doc = "Class127.sgm">subclass 46.2</parent>
<scdesc>Processes wherein the material functions to hold back the
sugars and passes ionic species.</scdesc></subclass>
<subclass subnum = "47" id = "C127S047000">
<sctitle>Chemical precipitation of sucrose:</sctitle>
<parent ref = "C127S046100" doc = "Class127.sgm">subclass 46.1</parent>
<scdesc>The sucrose is precipitated from the solution in chemical
combination, e.g., saccharate.</scdesc></subclass>
<subclass subnum = "48" id = "C127S048000">
<sctitle>Chemical precipitation of impurities:</sctitle>
<parent ref = "C127S046100" doc = "Class127.sgm">subclass 46.1</parent>
<scdesc>Processes peculiar to the precipitation of impurities from
solutions containing sugars. Precipitation may be effected by heat
or by added reagents provided a rearrangement of molecules is effected.</scdesc></subclass>
<subclass subnum = "49" id = "C127S049000">
<sctitle>Impregnated absorbent:</sctitle>
<parent ref = "C127S048000" doc = "Class127.sgm">subclass 48</parent>
<scdesc>The precipitation of the impurities is effected by the addition
of an absorbent for impurities, the absorbent being impregnated
with the precipitating reagent.</scdesc></subclass>
<subclass subnum = "50" id = "C127S050000">
<sctitle>Alkaline reagent followed by precipitant:</sctitle>
<parent ref = "C127S048000" doc = "Class127.sgm">subclass 48</parent>
<scdesc>The impurities are precipitated by the addition of a reagent
to a solution previously treated with an alkali or with a reagent
having an alkaline reaction.</scdesc></subclass>
<subclass subnum = "51" id = "C127S051000">
<sctitle>Acid reagent followed by precipitant:</sctitle>
<parent ref = "C127S048000" doc = "Class127.sgm">subclass 48</parent>
<scdesc>The precipitation of impurities is effected by the addition
of a precipitating reagent to a solution previously treated with
an acid or with a reagent having an acid reaction.</scdesc></subclass>
<subclass subnum = "52" id = "C127S052000">
<sctitle>Gassing:</sctitle>
<parent ref = "C127S048000" doc = "Class127.sgm">subclass 48</parent>
<scdesc>The precipitation of impurities involves the addition of
a reagent in gaseous form.</scdesc></subclass>
<subclass subnum = "53" id = "C127S053000">
<sctitle>Physical separation of impurities:</sctitle>
<parent ref = "C127S046100" doc = "Class127.sgm">subclass 46.1</parent>
<scdesc>Processes directed to the separation of impurities from
sugar solutions by mechanical processes.</scdesc></subclass>
<subclass subnum = "54" id = "C127S054000">
<sctitle>Dialysis:</sctitle>
<parent ref = "C127S053000" doc = "Class127.sgm">subclass 53</parent>
<scdesc>The separation of impurities from the sugar solution is
effected by differential diffusion through a permeable membrane
or partition.</scdesc>
<notes><note1 notenum = "(1)">
<para>Note. When the membrane is the cellular plant structure. Search
this class, subclass 43, and indented subclasses.</para></note1></notes>
<srchout>
<crecord><classnum ref = "C204S000000" doc = "Class204.sgm">204</classnum>
<subref><clstitle>Chemistry: Electrical and Wave Energy</clstitle>
<pretext></pretext>
<subnum range = "p" ref = "C204S518000" doc = "Class204.sgm">518</subnum></subref>
<descript><para> for electrophoretic or electro-osmotic barrier separation
(e.g., electrodialysis of sugars, starches, or carbohydrates, etc.).</para></descript></crecord>
<crecord><classnum ref = "C205S000000" doc = "Class205.sgm">205</classnum>
<subref><clstitle>Electrolysis: Processes, Compositions Used Therein,
and Methods of Preparing the Compositions</clstitle>
<pretext>appropriate subclasses for electrolytic treatment involving
the use of a membrane, especially </pretext>
<subnum range = "s" ref = "C205S697000" doc = "Class205.sgm">697</subnum></subref>
<descript><para> for electrolytic treatment of sugar.</para></descript></crecord></srchout></subclass>
<subclass subnum = "55" id = "C127S055000">
<sctitle>Filtering or sorption:</sctitle>
<parent ref = "C127S053000" doc = "Class127.sgm">subclass 53</parent>
<scdesc>Processes for separating impurities from solutions by filtration
or selective sorption, or both, which are peculiar to sugar.</scdesc>
<srchout>
<crecord><classnum ref = "C204S000000" doc = "Class204.sgm">204</classnum>
<subref><clstitle>Chemistry: Electrical and Wave Energy</clstitle>
<pretext></pretext>
<subnum range = "p" ref = "C204S518000" doc = "Class204.sgm">518</subnum></subref>
<descript><para> for electrophoretic or electro-osmotic barrier separation
(e.g., electrodialysis of sugars, starches, or carbohydrates, etc.).</para></descript></crecord>
<crecord><classnum ref = "C205S000000" doc = "Class205.sgm">205</classnum>
<subref><clstitle>Electrolysis: Processes, Compositions Used Therein,
and Methods of Preparing the Compositions</clstitle>
<pretext>appropriate subclasses for electrolytic treatment involving
the use of a membrane, especially </pretext>
<subnum range = "s" ref = "C205S697000" doc = "Class205.sgm">697</subnum></subref>
<descript><para> for electrolytic treatment of sugar.</para></descript></crecord>
<crecord><classnum ref = "C210S000000" doc = "Class210.sgm">210</classnum>
<subref><clstitle>Liquid Purification or Separation</clstitle>
<pretext></pretext>
<subnum range = "p" ref = "C210S660000" doc = "Class210.sgm">660</subnum></subref>
<descript><para> for a process of purification by ion exchange or
sorption, subclasses 702&plus; for a purification process including
precipitation, and subclasses 767&plus; for a purification process including
separating, especially subclasses 781&plus; and 787&plus; for
centrifugal extraction.</para></descript></crecord>
<crecord><classnum ref = "C502S000000" doc = "Class502.sgm">502</classnum>
<subref><clstitle>Catalyst, Solid Sorbent, or Support Therefor:
Product or Process of Making</clstitle>
<pretext></pretext></subref>
<descript><para>for a composition comprising a catalyst or sorbent,
per se.</para></descript></crecord></srchout></subclass>
<subclass subnum = "56" id = "C127S056000">
<sctitle>Centrifuging:</sctitle>
<parent ref = "C127S053000" doc = "Class127.sgm">subclass 53</parent>
<scdesc>Processes peculiar to the separation of impurities from
sugar solutions of greater or less specific gravity than the impurities
by centrifugal force.</scdesc>
<srchout>
<crecord><classnum ref = "C210S000000" doc = "Class210.sgm">210</classnum>
<subref><clstitle>Liquid Purification or Separation</clstitle>
<pretext></pretext>
<subnum range = "p" ref = "C210S781000" doc = "Class210.sgm">781</subnum></subref>
<descript><para> and 787&plus; for a purification process comprising
centrifugal extraction.</para></descript></crecord>
<crecord><classnum ref = "C494S000000" doc = "Class494.sgm">494</classnum>
<subref><clstitle>Imperforate Bowl: Centrifugal Separators</clstitle>
<pretext></pretext>
<subnum range = "s" ref = "C494S037000" doc = "Class494.sgm">37</subnum></subref>
<descript><para> for a process for breaking up a mixture of fluids
or fluent substances into two or more components by centrifuging
within a generally solid-walled, receptacle like member.</para></descript></crecord></srchout></subclass>
<subclass subnum = "57" id = "C127S057000">
<sctitle>Settling or flotation:</sctitle>
<parent ref = "C127S053000" doc = "Class127.sgm">subclass 53</parent>
<scdesc>Processes peculiar to the separation of impurities from
sugar solutions of greater or less specific gravity than the impurities
by the action of gravity.</scdesc>
<srchin>
<srecord><subnum ref = "C127S013000" doc = "Class127.sgm">13</subnum>
<descript><para>27 and 69.</para></descript></srecord></srchin>
<srchout>
<crecord><classnum ref = "C209S000000" doc = "Class209.sgm">209</classnum>
<subref><clstitle>Classifying, Separating, and Assorting Solids</clstitle>
<pretext>appropriate subclasses indented under </pretext>
<subnum range = "s" ref = "C209S155000" doc = "Class209.sgm">155</subnum></subref>
<descript><para>.</para></descript></crecord>
<crecord><classnum ref = "C210S000000" doc = "Class210.sgm">210</classnum>
<subref><clstitle>Liquid Purification or Separation</clstitle>
<pretext></pretext>
<subnum range = "p" ref = "C210S800000" doc = "Class210.sgm">800</subnum></subref>
<descript><para> for a purification process involving gravitational
force.</para></descript></crecord></srchout></subclass>
<subclass subnum = "58" id = "C127S058000">
<sctitle>Crystallizing or solidifying:</sctitle>
<parent ref = "C127S046100" doc = "Class127.sgm">subclass 46.1</parent>
<scdesc>Processes peculiar to the treatment of sugar solutions to
effect crystallization or solidification of the contained sugars.</scdesc>
<srchout>
<crecord><classnum ref = "C023S000000" doc = "Class023.sgm">23</classnum>
<subref><clstitle>Chemistry: Physical Processes</clstitle>
<pretext></pretext>
<subnum range = "s" ref = "C023S295000" doc = "Class023.sgm">295</subnum></subref>
<descript><para> and indented subclasses for crystallization of
inorganic chemicals.</para></descript></crecord>
<crecord><classnum ref = "C117S000000" doc = "Class117.sgm">117</classnum>
<subref><clstitle>Single-Crystal, Oriented-Crystal, and Epitaxy
Growth Processes; Non-Coating Apparatus Therefor</clstitle>
<pretext></pretext></subref>
<descript><para>for processes and non-coating apparatus for growing
therein-defined single-crystal of all types of materials, including sugar,
starch, or carbohydrates.</para></descript></crecord>
<crecord><classnum ref = "C532S000000" doc = "Class532.sgm">532</classnum>
<subref><clstitle>through 570 Organic Compounds -- Part of the Class
532-570 Series</clstitle>
<pretext></pretext></subref>
<descript><para>for appropriate subclasses for the crystallization
of a specific organic compound.</para></descript></crecord></srchout></subclass>
<subclass subnum = "59" id = "C127S059000">
<sctitle>Molding:</sctitle>
<parent ref = "C127S058000" doc = "Class127.sgm">subclass 58</parent>
<scdesc>Processes directed to the crystallization of sugar in molds.</scdesc></subclass>
<subclass subnum = "60" id = "C127S060000">
<sctitle>Seeding:</sctitle>
<parent ref = "C127S058000" doc = "Class127.sgm">subclass 58</parent>
<scdesc>Sugar crystallizing processes in which the crystallization
is promoted or controlled by the addition to the solution under
treatment of crystals from another solution.</scdesc></subclass>
<subclass subnum = "61" id = "C127S061000">
<sctitle>Evaporating to crystallization:</sctitle>
<parent ref = "C127S058000" doc = "Class127.sgm">subclass 58</parent>
<scdesc>Processes in which the crystallization of the sugar is effected
or promoted by the concentration of the sugar in solution by evaporation.</scdesc></subclass>
<subclass subnum = "62" id = "C127S062000">
<sctitle>Return of intermediate products:</sctitle>
<parent ref = "C127S061000" doc = "Class127.sgm">subclass 61</parent>
<scdesc>Processes directed to the systematic treatment of sugar
solutions to effect crystallization by evaporation in which a product
separated at an intermediate stage of the process is returned into
the process at either an earlier or a later stage.</scdesc></subclass>
<subclass subnum = "63" id = "C127S063000">
<sctitle>Treating solid sugar or crystals:</sctitle>
<parent ref = "C127S042000" doc = "Class127.sgm">subclass 42</parent>
<scdesc>Processes peculiar to the treatment of crystallized sugar.</scdesc>
<srchin>
<srecord><subnum ref = "C127S015000" doc = "Class127.sgm">15</subnum>
<descript><para>and 16.</para></descript></srecord></srchin>
<srchout>
<crecord><classnum ref = "C023S000000" doc = "Class023.sgm">23</classnum>
<subref><clstitle>Chemistry: Physical Processes</clstitle>
<pretext></pretext>
<subnum range = "p" ref = "C023S295000" doc = "Class023.sgm">295</subnum></subref>
<descript><para> for processes of crystallizing in general.</para></descript></crecord>
<crecord><classnum ref = "C209S000000" doc = "Class209.sgm">209</classnum>
<subref><clstitle>Classifying, Separating, and Assorting Solids</clstitle>
<pretext>subclasses indented under </pretext>
<subnum range = "s" ref = "C209S233000" doc = "Class209.sgm">233</subnum></subref>
<descript><para> for sifting apparatus.</para></descript></crecord>
<crecord><classnum ref = "C241S000000" doc = "Class241.sgm">241</classnum>
<subref><clstitle>Solid Material Comminution or Disintegration</clstitle>
<pretext></pretext></subref>
<descript><para>appropriate process subclasses, for processes of
comminuting sugar.</para></descript></crecord></srchout></subclass>
<subclass subnum = "64" id = "C127S064000">
<sctitle>Purging or bleaching:</sctitle>
<parent ref = "C127S063000" doc = "Class127.sgm">subclass 63</parent>
<scdesc>Processes peculiar to the freeing of sugar crystals of impurities
or adhering liquid or to the bleaching of sugar crystals.</scdesc>
<srchin>
<srecord><subnum range = "p" ref = "C127S017000" doc = "Class127.sgm">17</subnum>
<descript><para></para></descript></srecord></srchin>
<srchout>
<crecord><classnum ref = "C210S000000" doc = "Class210.sgm">210</classnum>
<subref><clstitle>Liquid Purification or Separation</clstitle>
<pretext></pretext>
<subnum range = "p" ref = "C210S781000" doc = "Class210.sgm">781</subnum></subref>
<descript><para> and 787&plus; for a purification process comprising
centrifugal extraction, and subclasses 360.1&plus; for centrifugal
extractors.</para></descript></crecord></srchout></subclass>
<subclass subnum = "65" id = "C127S065000">
<sctitle>Starch manufacture and refining:</sctitle>
<parent ref = "C127S034000" doc = "Class127.sgm">subclass 34</parent>
<scdesc>Processes peculiar to the treatment of amylaceous material
and to the extraction, purification, and preparation of starch.</scdesc>
<srchout>
<crecord><classnum ref = "C435S000000" doc = "Class435.sgm">435</classnum>
<subref><clstitle>Chemistry: Molecular Biology and Microbiology</clstitle>
<pretext></pretext>
<subnum range = "s" ref = "C435S275000" doc = "Class435.sgm">275</subnum></subref>
<descript><para> for purifying or separating starch by processes
that include fermentations.</para></descript></crecord></srchout></subclass>
<subclass subnum = "66" id = "C127S066000">
<sctitle>Tubers:</sctitle>
<parent ref = "C127S065000" doc = "Class127.sgm">subclass 65</parent>
<scdesc>Processes peculiar to the extraction of starch from plant
roots or tubers.</scdesc></subclass>
<subclass subnum = "67" id = "C127S067000">
<sctitle>Treatment of starch-bearing material:</sctitle>
<parent ref = "C127S065000" doc = "Class127.sgm">subclass 65</parent>
<scdesc>Processes peculiar to the treatment of material having starch
as one of its constituents and designed to effect or to expedite
the extraction of the starch. The material treated may be the plant
itself or grain or may be an intermediate.</scdesc>
<srchout>
<crecord><classnum ref = "C241S000000" doc = "Class241.sgm">241</classnum>
<subref><clstitle>Solid Material Comminution or Disintegration</clstitle>
<pretext></pretext>
<subnum range = "p" ref = "C241S006000" doc = "Class241.sgm">6</subnum></subref>
<descript><para> for processes involving comminution of grain and the
like.</para></descript></crecord>
<crecord><classnum ref = "C426S000000" doc = "Class426.sgm">426</classnum>
<subref><clstitle>Food or Edible Material: Processes, Compositions,
and Products</clstitle>
<pretext></pretext></subref>
<descript><para>appropriate subclasses, especially 288, and 482&plus;,
for processes of removing husks from grain.</para></descript></crecord></srchout></subclass>
<subclass subnum = "68" id = "C127S068000">
<sctitle>Steeping:</sctitle>
<parent ref = "C127S067000" doc = "Class127.sgm">subclass 67</parent>
<scdesc>Processes involving the cooking or softening of grain or
amylaceous plant material by liquid or steam treatment. The liquid
may or may not contain an added chemical.</scdesc>
<srchin>
<srecord><subnum ref = "C127S028000" doc = "Class127.sgm">28</subnum>
<descript><para></para></descript></srecord></srchin>
<srchout>
<crecord><classnum ref = "C426S000000" doc = "Class426.sgm">426</classnum>
<subref><clstitle>Food or Edible Material: Processes, Compositions,
and Products</clstitle>
<pretext></pretext></subref>
<descript><para>appropriate subclasses, especially 506&plus; for processes
involving the treatment of an edible material with an aqueous material.</para></descript></crecord>
<crecord><classnum ref = "C435S000000" doc = "Class435.sgm">435</classnum>
<subref><clstitle>Chemistry: Molecular Biology and Microbiology</clstitle>
<pretext></pretext>
<subnum range = "s" ref = "C435S435000" doc = "Class435.sgm">435</subnum></subref>
<descript><para> for processes that include steeping seeds or grain.</para></descript></crecord></srchout></subclass>
<subclass subnum = "69" id = "C127S069000">
<sctitle>Treatment of amylaceous liquids:</sctitle>
<parent ref = "C127S067000" doc = "Class127.sgm">subclass 67</parent>
<scdesc>Processes peculiar to the treatment of liquids containing
starch or starchy matter for the recovery or purification of the
starch.</scdesc></subclass>
<subclass subnum = "70" id = "C127S070000">
<sctitle>Chemical:</sctitle>
<parent ref = "C127S069000" doc = "Class127.sgm">subclass 69</parent>
<scdesc>The treatment of the starch containing liquid involves the
addition of a chemical or involves some chemical action.</scdesc>
<srchin>
<srecord><subnum ref = "C127S042000" doc = "Class127.sgm">42</subnum>
<descript><para>and indented subclasses, for purification and treatment
of sugar solutions.</para></descript></srecord></srchin></subclass>
<subclass subnum = "71" id = "C127S071000">
<sctitle>Treating starch:</sctitle>
<parent ref = "C127S065000" doc = "Class127.sgm">subclass 65</parent>
<scdesc>Processes peculiar to the treatment of starch which fall
short of chemical modification.</scdesc>
<srchin>
<srecord><subnum ref = "C127S032000" doc = "Class127.sgm">32</subnum>
<descript><para>and 33, for modified starches and processes of making,
including cooking, and 36, and indented subclasses for treatments
of starch for conversion to nonstarch products.</para></descript></srecord></srchin>
<srchout>
<crecord><classnum ref = "C034S000000" doc = "Class034.sgm">34</classnum>
<subref><clstitle>Drying and Gas or Vapor Contact With Solids</clstitle>
<pretext></pretext></subref>
<descript><para>for pertinent subclass(es) as determined by schedule
review.</para></descript></crecord></srchout></subclass></sclasses>
</class>
