<?xml version="1.0" encoding="UTF-8"?>
<!DOCTYPE class PUBLIC "-//USPTO//DTD Classification Definitions//EN" "xclassdef.dtd" [

<!-- Begin Document Specific Declarations -->

<!-- End Document Specific Declarations -->

]>
<?xml-stylesheet href="classdef.xsl" type="text/XSL"?>

<class classnum = "136" id = "C136S000000"><title>BATTERIES: THERMOELECTRIC
 AND PHOTOELECTRIC</title>
<sections><descsect>
<para>This class is the generic class for primary, secondary, and
thermal batteries.  It includes the structure of the generator or
battery itself, the elements thereof, the methods of preparation,
operation, and details, and accessories not provided for in other
classes.</para>
</descsect>
<linesect>
<para>Pyromagnetic generators are found in Class 310, Electrical
Generator or Motor Structure, subclass 306.</para>
<para>The application and use of the battery in combination with
other devices should be searched for in the appropriate art classes.</para>
<para>For cells specialized for carrying out electrolytic chemical
processes, see Class 204, Chemistry:  Electrical and Wave Energy,
subclass 242 and indented subclasses.</para>
<para>LINE WITH CLASS 252, CLASS 204, AND CLASS 429</para>
<para>See Class 252, Compositions, subclasses 500&plus; for
electrically conductive compositions and electrical devices defined
solely in terms of the composition of which they are composed such
as electrodes not provided for in Class 136, Class 204, or Class
429.</para>
</linesect>
<scsect>
<srchout>
<crecord><classnum ref = "C029S000000" doc = "Class029.sgm">29</classnum>
<subref><clstitle>Metal Working</clstitle>
<pretext></pretext>
<subnum range = "s" ref = "C029S002000" doc = "Class029.sgm">2</subnum></subref>
<descript><para> for battery-grid making; and subclasses 700&plus; for
apparatus for the assembly of plural parts.</para></descript></crecord>
<crecord><classnum ref = "C053S000000" doc = "Class053.sgm">53</classnum>
<subref><clstitle>Package Making</clstitle>
<pretext></pretext></subref>
<descript><para>appropriate subclasses for methods of and apparatus
for encompassing or encasing goods or materials with a separate cover
or band which serves as means for identifying, protecting or unit
handling the goods or materials.</para></descript></crecord>
<crecord><classnum ref = "C117S000000" doc = "Class117.sgm">117</classnum>
<subref><clstitle>Single-Crystal, Oriented-Crystal, and Epitaxy Growth
Processes; Non-Coating Apparatus Therefor</clstitle>
<pretext></pretext></subref>
<descript><para>for processes and non-coating apparatus for growing
therein-defined single-crystal of all types of materials, including
the subject matter of Class 136.</para></descript></crecord>
<crecord><classnum ref = "C141S000000" doc = "Class141.sgm">141</classnum>
<subref><clstitle>Fluent Material Handling, With Receiver or Receiver
Coacting Means</clstitle>
<pretext></pretext>
<subnum range = "s" ref = "C141S001100" doc = "Class141.sgm">1.1</subnum></subref>
<descript><para> for mechanical process, and subclasses 32&plus; for apparatus
for filling battery grids and receptacles, and pasting the same.</para></descript></crecord>
<crecord><classnum ref = "C164S000000" doc = "Class164.sgm">164</classnum>
<subref><clstitle>Metal Founding</clstitle>
<pretext>appropriate subclasses for processes of casting metal grids
and </pretext>
<subnum range = "s" ref = "C164S109000" doc = "Class164.sgm">109</subnum></subref>
<descript><para> for uniting spaced battery plates by metal casting.</para></descript></crecord>
<crecord><classnum ref = "C252S000000" doc = "Class252.sgm">252</classnum>
<subref><clstitle>Compositions</clstitle>
<pretext></pretext>
<subnum range = "p" ref = "C252S500000" doc = "Class252.sgm">500</subnum></subref>
<descript><para> for electrically conductive compositions and electrical
devices defined solely in terms of the composition of which they
are composed such as electrodes.  (See Lines With Other Classes
and Within This Class, above.)</para></descript></crecord>
<crecord><classnum ref = "C264S000000" doc = "Class264.sgm">264</classnum>
<subref><clstitle>Plastic and Nonmetallic Article Shaping or Treating:
 Processes</clstitle>
<pretext></pretext></subref>
<descript><para>appropriate subclasses for processes of molding
or shaping plastic substances within the class definition.</para></descript></crecord>
<crecord><classnum ref = "C320S000000" doc = "Class320.sgm">320</classnum>
<subref><clstitle>Electricity: Battery or Capacitor Charging or Discharging</clstitle>
<pretext></pretext></subref>
<descript><para>appropriate subclass for a method or apparatus for
charging or discharging a voltaic battery or cell.</para></descript></crecord>
<crecord><classnum ref = "C323S000000" doc = "Class323.sgm">323</classnum>
<subref><clstitle>Electricity:  Power Supply or Regulation Systems</clstitle>
<pretext></pretext>
<subnum range = "r" ref = "C323S220000" doc = "Class323.sgm">220</subnum>
<endnum ref = "C323S354000" doc = "Class323.sgm">354</endnum></subref>
<descript><para> for systems for controlling the voltage or current
in a single circuit.</para></descript></crecord>
<crecord><classnum ref = "C324S000000" doc = "Class324.sgm">324</classnum>
<subref><clstitle>Electricity:  Measuring and Testing</clstitle>
<pretext></pretext>
<subnum range = "p" ref = "C324S425000" doc = "Class324.sgm">425</subnum></subref>
<descript><para> for the testing of electrolyte properties.</para></descript></crecord>
<crecord><classnum ref = "C340S000000" doc = "Class340.sgm">340</classnum>
<subref><clstitle>Communications: Electrical</clstitle>
<pretext>for electrical telemetering, signaling, and alarm systems
of general application, especially </pretext>
<subnum range = "r" ref = "C340S636100" doc = "Class340.sgm">636.1</subnum>
<endnum ref = "C340S636210" doc = "Class340.sgm">636.21</endnum></subref>
<descript><para> for such systems responsive to the condition of
a battery.</para></descript></crecord>
<crecord><classnum ref = "C403S000000" doc = "Class403.sgm">403</classnum>
<subref><clstitle>Joints and Connections</clstitle>
<pretext></pretext></subref>
<descript><para>appropriate subclasses for joints in general.</para></descript></crecord>
<crecord><classnum ref = "C423S000000" doc = "Class423.sgm">423</classnum>
<subref><clstitle>Chemistry of Inorganic Compounds</clstitle>
<pretext></pretext></subref>
<descript><para>for inorganic compounds, per se.</para></descript></crecord>
<crecord><classnum ref = "C427S000000" doc = "Class427.sgm">427</classnum>
<subref><clstitle>Coating Processes</clstitle>
<pretext></pretext>
<subnum range = "p" ref = "C427S058000" doc = "Class427.sgm">58</subnum></subref>
<descript><para> for processes of coating electrical products.</para></descript></crecord>
<crecord><classnum ref = "C428S000000" doc = "Class428.sgm">428</classnum>
<subref><clstitle>Stock Material or Miscellaneous Articles</clstitle>
<pretext>appropriate subclasses for a stock material product in
the form of a single or plural layer web or sheet, especially </pretext>
<subnum range = "p" ref = "C428S457000" doc = "Class428.sgm">457</subnum></subref>
<descript><para> for a nonstructural composite web or sheet including at
least one layer of metal.</para></descript></crecord>
<crecord><classnum ref = "C429S000000" doc = "Class429.sgm">429</classnum>
<subref><clstitle>Chemistry:  Electrical Current Producing Apparatus,
Product, and Process</clstitle>
<pretext></pretext></subref>
<descript><para> for fuel cells and electrochemical batteries.</para></descript></crecord>
<crecord><classnum ref = "C439S000000" doc = "Class439.sgm">439</classnum>
<subref><clstitle>Electrical Connectors</clstitle>
<pretext>appropriate subclasses for an electrical connector, per
se, and see </pretext>
<subnum range = "p" ref = "C439S754000" doc = "Class439.sgm">754</subnum></subref>
<descript><para> for a battery post clamp type connector.</para></descript></crecord>
<crecord><classnum ref = "C455S000000" doc = "Class455.sgm">455</classnum>
<subref><clstitle>Telecommunications</clstitle>
<pretext></pretext>
<subnum range = "r" ref = "C455S343100" doc = "Class455.sgm">343.1</subnum>
<endnum ref = "C455S343600" doc = "Class455.sgm">343.6</endnum></subref>
<descript><para> for a battery or battery saving means combined
with a radio receiver.</para></descript></crecord></srchout>
</scsect></sections>
<sclasses>
<subclass subnum = "200" id = "C136S200000">
<sctitle>THERMOELECTRIC:</sctitle>
<parent ref = "C136S000000" doc = "Class136.sgm">the class definition</parent>
<scdesc>Process or apparatus directed to the conversion of heat
directly to electricity.</scdesc>
<notes><note1 notenum = "(1)">
<para>Note.  A device which structure-wise could convert heat to
electricity but which is intended to operate vice-versa is included
herein (see subclasses 203&plus;).</para></note1>
<note1 notenum = "(2)">
<para>Note.  Subcombinations of thermal generators which are specifically
designed to be used therewith (e.g., thermo-couple housings, wells,
etc.) are included herein (see subclass 242).</para></note1></notes>
<srchout>
<crecord><classnum ref = "C029S000000" doc = "Class029.sgm">29</classnum>
<subref><clstitle>Metal Working</clstitle>
<pretext>particularly </pretext>
<subnum range = "p" ref = "C029S592100" doc = "Class029.sgm">592.1</subnum></subref>
<descript><para> for methods of mechanically manufacturing electrical devices.</para></descript></crecord>
<crecord><classnum ref = "C062S000000" doc = "Class062.sgm">62</classnum>
<subref><clstitle>Refrigeration</clstitle>
<pretext></pretext>
<subnum range = "p" ref = "C062S003100" doc = "Class062.sgm">3.1</subnum></subref>
<descript><para> for Peltier effect refrigeration apparatus; also,
see note to Class 62 in subclass 203 below.</para></descript></crecord>
<crecord><classnum ref = "C075S000000" doc = "Class075.sgm">75</classnum>
<subref><clstitle>Specialized Metallurgical Processes, Compositions
for Use Therein, Consolidated Metal  Powder Compositions, and Loose
Metal Particulate Mixtures</clstitle>
<pretext></pretext></subref>
<descript><para>and 420, Alloys or Metallic Compositions, for thermoelectric alloys.</para></descript></crecord>
<crecord><classnum ref = "C148S000000" doc = "Class148.sgm">148</classnum>
<subref><clstitle>Metal Treatment</clstitle>
<pretext></pretext>
<subnum range = "p" ref = "C148S033000" doc = "Class148.sgm">33</subnum></subref>
<descript><para> for barrier layer stock material.</para></descript></crecord>
<crecord><classnum ref = "C204S000000" doc = "Class204.sgm">204</classnum>
<subref><clstitle>Chemistry: Electrical and Wave Energy</clstitle>
<pretext></pretext>
<subnum range = "r" ref = "C204S196010" doc = "Class204.sgm">196.01</subnum>
<endnum ref = "C204S196380" doc = "Class204.sgm">196.38</endnum></subref>
<descript><para> for object protection systems utilizing a thermoelectric
battery.</para></descript></crecord>
<crecord><classnum ref = "C250S000000" doc = "Class250.sgm">250</classnum>
<subref><clstitle>Radiant Energy</clstitle>
<pretext></pretext>
<subnum range = "p" ref = "C250S336100" doc = "Class250.sgm">336.1</subnum></subref>
<descript><para> for invisible radiant energy responsive electric
signalling devices which detect the presence of, or measures the
quantity or quality of invisible radiation and subclasses 200&plus; for
visible radiation pyrometers including circuit structure for the
generated voltage.</para></descript></crecord>
<crecord><classnum ref = "C252S000000" doc = "Class252.sgm">252</classnum>
<subref><clstitle>Compositions</clstitle>
<pretext>for thermoelectric compositions particularly </pretext>
<subnum range = "s" ref = "C252S062300" doc = "Class252.sgm">62.3</subnum></subref>
<descript><para> for barrier layer device compositions and subclasses
500&plus; for electrically conductive and emissive compositions.</para></descript></crecord>
<crecord><classnum ref = "C257S000000" doc = "Class257.sgm">257</classnum>
<subref><clstitle>Active Solid-State Devices (e.g., Transistors,
Solid-State Diodes)</clstitle>
<pretext></pretext>
<subnum range = "r" ref = "C257S053000" doc = "Class257.sgm">53</subnum>
<endnum ref = "C257S056000" doc = "Class257.sgm">56</endnum></subref>
<descript><para>, 108, 414, and 467-470 for such as temperature responsive
devices, per se.</para></descript></crecord>
<crecord><classnum ref = "C310S000000" doc = "Class310.sgm">310</classnum>
<subref><clstitle>Electrical Generator or Motor Structure</clstitle>
<pretext></pretext>
<subnum range = "s" ref = "C310S306000" doc = "Class310.sgm">306</subnum></subref>
<descript><para> for thermal or pyromagnetic generating devices
wherein there is additional control means for the generated power
current.  Also, subclass 306 for thermionic device, per se, or in
combination with a thermoelectric device.</para></descript></crecord>
<crecord><classnum ref = "C322S000000" doc = "Class322.sgm">322</classnum>
<subref><clstitle>Electricity:  Single Generator Systems</clstitle>
<pretext></pretext>
<subnum range = "s" ref = "C322S002000" doc = "Class322.sgm">2</subnum></subref>
<descript><para> for generating systems including thermoelectric
device.</para></descript></crecord>
<crecord><classnum ref = "C324S000000" doc = "Class324.sgm">324</classnum>
<subref><clstitle>Electricity:  Measuring and Testing</clstitle>
<pretext></pretext></subref>
<descript><para>for electrical measuring devices including a thermoelectric
generator.</para></descript></crecord>
<crecord><classnum ref = "C327S000000" doc = "Class327.sgm">327</classnum>
<subref><clstitle>Miscellaneous Active Electrical Nonlinear Devices,
Circuits, and Systems</clstitle>
<pretext></pretext>
<subnum range = "p" ref = "C327S512000" doc = "Class327.sgm">512</subnum></subref>
<descript><para> for miscellaneous thermally effected circuits.</para></descript></crecord>
<crecord><classnum ref = "C361S000000" doc = "Class361.sgm">361</classnum>
<subref><clstitle>Electricity:  Electrical Systems and Devices</clstitle>
<pretext></pretext>
<subnum range = "p" ref = "C361S161000" doc = "Class361.sgm">161</subnum></subref>
<descript><para> for electric circuits for relays and electromagnets which
may include a thermal battery.</para></descript></crecord>
<crecord><classnum ref = "C373S000000" doc = "Class373.sgm">373</classnum>
<subref><clstitle>Industrial Electric Heating Furnaces</clstitle>
<pretext></pretext>
<subnum range = "p" ref = "C373S135000" doc = "Class373.sgm">135</subnum></subref>
<descript><para> for electric furnace with control system employing
a thermoelectric generator.</para></descript></crecord>
<crecord><classnum ref = "C374S000000" doc = "Class374.sgm">374</classnum>
<subref><clstitle>Thermal Measuring and Testing</clstitle>
<pretext>for a thermal battery combined with a measuring circuit,
particularly </pretext>
<subnum range = "p" ref = "C374S179000" doc = "Class374.sgm">179</subnum></subref>
<descript><para> for a thermocouple thermometer.</para></descript></crecord>
<crecord><classnum ref = "C420S000000" doc = "Class420.sgm">420</classnum>
<subref><clstitle>Alloys or Metallic Compositions</clstitle>
<pretext></pretext></subref>
<descript><para>appropriate subclasses for thermoelectric alloys.</para></descript></crecord>
<crecord><classnum ref = "C428S000000" doc = "Class428.sgm">428</classnum>
<subref><clstitle>Stock Material or Miscellaneous Articles</clstitle>
<pretext></pretext>
<subnum range = "p" ref = "C428S615000" doc = "Class428.sgm">615</subnum></subref>
<descript><para> for a metallic composite defined in terms of the composition
of its components.</para></descript></crecord>
<crecord><classnum ref = "C431S000000" doc = "Class431.sgm">431</classnum>
<subref><clstitle>Combustion</clstitle>
<pretext></pretext>
<subnum range = "s" ref = "C431S080000" doc = "Class431.sgm">80</subnum></subref>
<descript><para> for a thermoelectric current generator operated by
a burner and having the burner controlled by the generated current.</para></descript></crecord>
<crecord><classnum ref = "C438S000000" doc = "Class438.sgm">438</classnum>
<subref><clstitle>Semiconductor Device Manufacturing:  Process</clstitle>
<pretext></pretext>
<subnum range = "p" ref = "C438S054000" doc = "Class438.sgm">54</subnum></subref>
<descript><para> for processes of making a thermoelectric semiconductor
device.</para></descript></crecord>
<crecord><classnum ref = "C445S000000" doc = "Class445.sgm">445</classnum>
<subref><pretext>Electric Lamp or Space Discharge Component or Device
Manufacturing; </pretext>
<subnum range = "p" ref = "C445S001000" doc = "Class445.sgm">1</subnum></subref>
<descript><para> for a miscellaneous process of making a space discharge device.</para></descript></crecord></srchout></subclass>
<subclass subnum = "201" id = "C136S201000">
<sctitle>Processes:</sctitle>
<parent ref = "C136S200000" doc = "Class136.sgm">subclass 200</parent>
<scdesc>Processes.</scdesc>
<notes><note1 notenum = "(1)">
<para>Note.  All patents which claim a thermoelectric device for
the class and also claim a method of making the device are placed
in this subclass as a cross-reference.</para></note1></notes></subclass>
<subclass subnum = "202" id = "C136S202000">
<sctitle>Nuclear energy type:</sctitle>
<parent ref = "C136S200000" doc = "Class136.sgm">subclass 200</parent>
<scdesc>Apparatus wherein nuclear energy other than that resulting
from an induced nuclear reaction is used as a heat source for the
generator or comprising a thermoelectric device designed to be employed
as an ancillary unit in a nuclear reactor system.</scdesc>
<notes><note1 notenum = "(1)">
<para>Note.  Nuclear energy of this subclass type may be that which
results from radioactive decay.</para></note1></notes>
<srchout>
<crecord><classnum ref = "C250S000000" doc = "Class250.sgm">250</classnum>
<subref><clstitle>Radiant Energy</clstitle>
<pretext></pretext>
<subnum range = "p" ref = "C250S336100" doc = "Class250.sgm">336.1</subnum></subref>
<descript><para> the detection or measurement of nuclear radiation
as opposed to using such energy for generating an electric current.</para></descript></crecord>
<crecord><classnum ref = "C376S000000" doc = "Class376.sgm">376</classnum>
<subref><clstitle>Induced Nuclear Reactions:  Processes, Systems,
and Elements</clstitle>
<pretext>for nuclear energy source systems in general; and </pretext>
<subnum range = "p" ref = "C376S320000" doc = "Class376.sgm">320</subnum></subref>
<descript><para> for the combination of a nuclear reactor and direct
conversion means.</para></descript></crecord></srchout></subclass>
<subclass subnum = "203" id = "C136S203000">
<sctitle>Peltier effect device:</sctitle>
<parent ref = "C136S200000" doc = "Class136.sgm">subclass 200</parent>
<scdesc>Apparatus wherein the device is intended to have a current
applied to it to effect a temperature change.</scdesc>
<srchout>
<crecord><classnum ref = "C062S000000" doc = "Class062.sgm">62</classnum>
<subref><clstitle>Refrigeration</clstitle>
<pretext></pretext>
<subnum range = "p" ref = "C062S003100" doc = "Class062.sgm">3.1</subnum></subref>
<descript><para> for thermoelectric cooling devices wherein the
device is more than a battery-like assemblage and contains some
structure peculiar to refrigeration by Peltier effect, e.g., a current source
is claimed.</para></descript></crecord></srchout></subclass>
<subclass subnum = "204" id = "C136S204000">
<sctitle>Including additional heat exchange means:</sctitle>
<parent ref = "C136S203000" doc = "Class136.sgm">subclass 203</parent>
<scdesc>Apparatus which includes means to transfer heat from one
material to another.</scdesc></subclass>
<subclass subnum = "205" id = "C136S205000">
<sctitle>Electric power generator:</sctitle>
<parent ref = "C136S200000" doc = "Class136.sgm">subclass 200</parent>
<scdesc>Apparatus wherein the generator produces electric energy
to do useful work.</scdesc>
<notes><note1 notenum = "(1)">
<para>Note.  Generally in a power generator the heat source is constant
rather than a variable source which is to be measured.</para></note1></notes></subclass>
<subclass subnum = "206" id = "C136S206000">
<sctitle>Solar energy type:</sctitle>
<parent ref = "C136S205000" doc = "Class136.sgm">subclass 205</parent>
<scdesc>Apparatus wherein the thermogenerator is intended to be
activated by heat from the sun.</scdesc>
<srchin>
<srecord><subnum range = "p" ref = "C136S213000" doc = "Class136.sgm">213</subnum>
<descript><para>for radiation pyrometers.</para></descript></srecord></srchin></subclass>
<subclass subnum = "207" id = "C136S207000">
<sctitle>Including an electric heater:</sctitle>
<parent ref = "C136S205000" doc = "Class136.sgm">subclass 205</parent>
<scdesc>Apparatus which includes an electrical heat source for the
thermogenerator.</scdesc></subclass>
<subclass subnum = "208" id = "C136S208000">
<sctitle>Plural junction concentrically or annularly arranged around
source of temperature differential:</sctitle>
<parent ref = "C136S205000" doc = "Class136.sgm">subclass 205</parent>
<scdesc>Apparatus which has two or more junctions of the same type
(hot or cold) positioned around or partially around a single point.</scdesc>
<srchin>
<srecord><subnum range = "p" ref = "C136S224000" doc = "Class136.sgm">224</subnum>
<descript><para>for thermopiles in general.</para></descript></srecord></srchin></subclass>
<subclass subnum = "209" id = "C136S209000">
<sctitle>Plural concentrically arranged fluid source conduits:</sctitle>
<parent ref = "C136S208000" doc = "Class136.sgm">subclass 208</parent>
<scdesc>Apparatus which includes two or more liquid or gas conduits
having a common axis.</scdesc></subclass>
<subclass subnum = "210" id = "C136S210000">
<sctitle>At least one conduit for liquid coolant:</sctitle>
<parent ref = "C136S209000" doc = "Class136.sgm">subclass 209</parent>
<scdesc>Apparatus wherein at least one of the conduits is to convey
a liquid coolant.</scdesc></subclass>
<subclass subnum = "211" id = "C136S211000">
<sctitle>Plural hot or cold junction arranged in a single line:</sctitle>
<parent ref = "C136S205000" doc = "Class136.sgm">subclass 205</parent>
<scdesc>Apparatus which has two or more junctions of the same type
(hot or cold) positioned only in a single line.</scdesc>
<srchin>
<srecord><subnum range = "p" ref = "C136S224000" doc = "Class136.sgm">224</subnum>
<descript><para>for thermopiles in general.</para></descript></srecord></srchin></subclass>
<subclass subnum = "212" id = "C136S212000">
<sctitle>Plural hot or cold junctions arranged in a single plane:</sctitle>
<parent ref = "C136S205000" doc = "Class136.sgm">subclass 205</parent>
<scdesc>Apparatus which has two or more junctions of the same type
(hot or cold) positioned so that a common plane passes through the
junctions.</scdesc>
<srchin>
<srecord><subnum range = "p" ref = "C136S224000" doc = "Class136.sgm">224</subnum>
<descript><para>for thermopiles in general.</para></descript></srecord></srchin></subclass>
<subclass subnum = "213" id = "C136S213000">
<sctitle>Radiation pyrometer:</sctitle>
<parent ref = "C136S200000" doc = "Class136.sgm">subclass 200</parent>
<scdesc>Apparatus wherein the battery is to be heated substantially
entirely by radiations from a body.</scdesc>
<srchin>
<srecord><subnum ref = "C136S206000" doc = "Class136.sgm">206</subnum>
<descript><para>for solar energy type power generators.</para></descript></srecord>
<srecord><subnum range = "p" ref = "C136S243000" doc = "Class136.sgm">243</subnum>
<descript><para>for photoelectric primary batteries.</para></descript></srecord></srchin>
<srchout>
<crecord><classnum ref = "C250S000000" doc = "Class250.sgm">250</classnum>
<subref><clstitle>Radiant Energy</clstitle>
<pretext></pretext>
<subnum range = "p" ref = "C250S336100" doc = "Class250.sgm">336.1</subnum></subref>
<descript><para> for detection of invisible radiant energy and subclasses
200&plus; for light responsive photocell circuits and apparatus.</para></descript></crecord>
<crecord><classnum ref = "C374S000000" doc = "Class374.sgm">374</classnum>
<subref><clstitle>Thermal Measuring and Testing</clstitle>
<pretext></pretext>
<subnum range = "p" ref = "C374S121000" doc = "Class374.sgm">121</subnum></subref>
<descript><para> for such subject matter combined with a measuring
circuit.</para></descript></crecord></srchout></subclass>
<subclass subnum = "214" id = "C136S214000">
<sctitle>Including a ray concentrator (e.g., lens, mirror, etc.):</sctitle>
<parent ref = "C136S213000" doc = "Class136.sgm">subclass 213</parent>
<scdesc>Apparatus which includes some means to cause the rays from
the source to be focused or reflected to increase their strength
per unit area.</scdesc></subclass>
<subclass subnum = "215" id = "C136S215000">
<sctitle>Lens type:</sctitle>
<parent ref = "C136S214000" doc = "Class136.sgm">subclass 214</parent>
<scdesc>Apparatus wherein the concentrator is a ray transmitting
and bending lens.</scdesc></subclass>
<subclass subnum = "216" id = "C136S216000">
<sctitle>Evacuated:</sctitle>
<parent ref = "C136S213000" doc = "Class136.sgm">subclass 213</parent>
<scdesc>Apparatus wherein the pyrometer contains a sealed space
which is at substantially less than atmospheric pressure.</scdesc>
<srchin>
<srecord><subnum ref = "C136S223000" doc = "Class136.sgm">223</subnum>
<descript><para>for thermoelectric generators in general containing
an evacuated space.</para></descript></srecord></srchin></subclass>
<subclass subnum = "217" id = "C136S217000">
<sctitle>Including a pilot burner:</sctitle>
<parent ref = "C136S200000" doc = "Class136.sgm">subclass 200</parent>
<scdesc>Apparatus which includes a control burner for heating a
junction.</scdesc>
<notes><note1 notenum = "(1)">
<para>Note.  The burner merely acts as a heat source for the thermoelectric
generator rather than performing general heating.</para></note1></notes>
<srchout>
<crecord><classnum ref = "C137S000000" doc = "Class137.sgm">137</classnum>
<subref><clstitle>Fluid Handling</clstitle>
<pretext></pretext>
<subnum range = "s" ref = "C137S066000" doc = "Class137.sgm">66</subnum></subref>
<descript><para> for a thermoelectric current generator controlling
a valve and heated by a burner controlled by the valve.</para></descript></crecord>
<crecord><classnum ref = "C431S000000" doc = "Class431.sgm">431</classnum>
<subref><clstitle>Combustion</clstitle>
<pretext></pretext>
<subnum range = "s" ref = "C431S079000" doc = "Class431.sgm">79</subnum></subref>
<descript><para> for a thermoelectric generator heated by a pilot burner
that has a distinct orifice heating or igniting other structure.</para></descript></crecord></srchout></subclass>
<subclass subnum = "218" id = "C136S218000">
<sctitle>Having moving fluid (e.g., air, fuel, liquid, etc.):</sctitle>
<parent ref = "C136S217000" doc = "Class136.sgm">subclass 217</parent>
<scdesc>Apparatus which includes a forced fluid means (gas or liquid)
for removing heat from the cold junction of a couple.</scdesc></subclass>
<subclass subnum = "219" id = "C136S219000">
<sctitle>Thermocouple extends through fuel suppy conduit:</sctitle>
<parent ref = "C136S217000" doc = "Class136.sgm">subclass 217</parent>
<scdesc>Apparatus wherein the thermocouples or the leads thereto
are surrounded by the carrier means for the pilot burner fuel.</scdesc></subclass>
<subclass subnum = "220" id = "C136S220000">
<sctitle>Thermopile-containing:</sctitle>
<parent ref = "C136S217000" doc = "Class136.sgm">subclass 217</parent>
<scdesc>Apparatus which includes two or more thermocouples.</scdesc>
<srchin>
<srecord><subnum ref = "C136S224000" doc = "Class136.sgm">224</subnum>
<descript><para>for thermopiles generally.</para></descript></srecord></srchin></subclass>
<subclass subnum = "221" id = "C136S221000">
<sctitle>Including means to resiliently press junction element against
sensed surface:</sctitle>
<parent ref = "C136S200000" doc = "Class136.sgm">subclass 200</parent>
<scdesc>Apparatus which includes a means to resiliently press a
sensor against a body to be sensed.</scdesc>
<srchin>
<srecord><subnum ref = "C136S229000" doc = "Class136.sgm">229</subnum>
<descript><para>for a thermoelectric device which has additional
contact means for sensing solid work.</para></descript></srecord></srchin></subclass>
<subclass subnum = "222" id = "C136S222000">
<sctitle>Including means to standardize nonsensing junction by heating
or cooling:</sctitle>
<parent ref = "C136S200000" doc = "Class136.sgm">subclass 200</parent>
<scdesc>Apparatus which includes a heating or cooling means for
a junction of a couple which does not sense heat quantities.</scdesc></subclass>
<subclass subnum = "223" id = "C136S223000">
<sctitle>Having an evacuated space:</sctitle>
<parent ref = "C136S200000" doc = "Class136.sgm">subclass 200</parent>
<scdesc>Apparatus which includes a sealed space which is at substantially
less than atmospheric pressure.</scdesc>
<srchin>
<srecord><subnum ref = "C136S216000" doc = "Class136.sgm">216</subnum>
<descript><para>for evacuated radiation pyrometers.</para></descript></srecord></srchin></subclass>
<subclass subnum = "224" id = "C136S224000">
<sctitle>Thermopile:</sctitle>
<parent ref = "C136S200000" doc = "Class136.sgm">subclass 200</parent>
<scdesc>Apparatus which includes two or more couples.</scdesc>
<srchin>
<srecord><subnum ref = "C136S208000" doc = "Class136.sgm">208</subnum>
<descript><para>through 212, for plural junctions in a power generator.</para></descript></srecord>
<srecord><subnum ref = "C136S220000" doc = "Class136.sgm">220</subnum>
<descript><para>for a pilot burner type thermopile.</para></descript></srecord></srchin></subclass>
<subclass subnum = "225" id = "C136S225000">
<sctitle>Having strip, film or plate-type thermocouples:</sctitle>
<parent ref = "C136S224000" doc = "Class136.sgm">subclass 224</parent>
<scdesc>Apparatus wherein the thermopile is composed of plate, film
or strip type thermocouples.</scdesc></subclass>
<subclass subnum = "226" id = "C136S226000">
<sctitle>Having wound wire-type thermocouples:</sctitle>
<parent ref = "C136S224000" doc = "Class136.sgm">subclass 224</parent>
<scdesc>Apparatus wherein the thermopile is composed of a wire formed
of turns around an axis.</scdesc></subclass>
<subclass subnum = "227" id = "C136S227000">
<sctitle>Two or more couples of dissimilar composition:</sctitle>
<parent ref = "C136S224000" doc = "Class136.sgm">subclass 224</parent>
<scdesc>Apparatus wherein plural couples have a composition which
differs.</scdesc>
<notes><note1 notenum = "(1)">
<para>Note.  The thermopile may have one couple element common to
two different couples.</para></note1></notes></subclass>
<subclass subnum = "228" id = "C136S228000">
<sctitle>One junction element surrounded by another junction element:</sctitle>
<parent ref = "C136S200000" doc = "Class136.sgm">subclass 200</parent>
<scdesc>Apparatus wherein one element of a couple is inside the
other element of a couple.</scdesc></subclass>
<subclass subnum = "229" id = "C136S229000">
<sctitle>Having additional contact means for sensing solid work:</sctitle>
<parent ref = "C136S200000" doc = "Class136.sgm">subclass 200</parent>
<scdesc>Apparatus which includes a sensing means for transmitting
or conducting qualities of a solid member in contact therewith to
a thermoelectric junction.</scdesc></subclass>
<subclass subnum = "230" id = "C136S230000">
<sctitle>Having housing, mounting or support:</sctitle>
<parent ref = "C136S200000" doc = "Class136.sgm">subclass 200</parent>
<scdesc>Apparatus having a thermoelectric device which includes
a housing, mounting or support.</scdesc></subclass>
<subclass subnum = "231" id = "C136S231000">
<sctitle>Including sample port for sensed material:</sctitle>
<parent ref = "C136S230000" doc = "Class136.sgm">subclass 230</parent>
<scdesc>Apparatus which housing for the thermoelectric element contains
an entrance for a portion of the material the qualities of which
are to be determined.</scdesc></subclass>
<subclass subnum = "232" id = "C136S232000">
<sctitle>Covered and sealed sensor junction:</sctitle>
<parent ref = "C136S230000" doc = "Class136.sgm">subclass 230</parent>
<scdesc>Apparatus wherein the junction of a thermoelectric member
is surrounded by a covering and sealed from the immediate atmosphere.</scdesc></subclass>
<subclass subnum = "233" id = "C136S233000">
<sctitle>Contacting covering over junction (e.g., embedded, coated,
etc.):</sctitle>
<parent ref = "C136S232000" doc = "Class136.sgm">subclass 232</parent>
<scdesc>Apparatus in which the covering is against the junction.</scdesc></subclass>
<subclass subnum = "234" id = "C136S234000">
<sctitle>Molten metal immersion type:</sctitle>
<parent ref = "C136S232000" doc = "Class136.sgm">subclass 232</parent>
<scdesc>Apparatus wherein the thermoelectric device is to be immersed
in molten metal.</scdesc>
<srchout>
<crecord><classnum ref = "C374S000000" doc = "Class374.sgm">374</classnum>
<subref><clstitle>Thermal Measuring and Testing</clstitle>
<pretext></pretext>
<subnum range = "s" ref = "C374S140000" doc = "Class374.sgm">140</subnum></subref>
<descript><para> for a thermometer including a molten metal lance.</para></descript></crecord></srchout></subclass>
<subclass subnum = "235" id = "C136S235000">
<sctitle>Thermocouple leads having disengageable pressure-type electrical
connectors:</sctitle>
<parent ref = "C136S230000" doc = "Class136.sgm">subclass 230</parent>
<scdesc>Apparatus wherein the thermocouple leads have mechanically
forced, releasable, contact means for forming an electrical junction
with an external circuit.</scdesc></subclass>
<subclass subnum = "236.1" id = "C136S236100">
<sctitle>Having particular thermoelectric composition:</sctitle>
<parent ref = "C136S200000" doc = "Class136.sgm">subclass 200</parent>
<scdesc>Apparatus wherein a thermoelectric composition is claimed.</scdesc>
<notes><note1 notenum = "(1)">
<para>Note.  To be placed herein rather than in a composition class,
a thermoelectric device defined by composition only must claim at
least two elements of the thermoelectric device, e.g., two junction elements
of a couple.</para></note1></notes>
<srchout>
<crecord><classnum ref = "C428S000000" doc = "Class428.sgm">428</classnum>
<subref><clstitle>Stock Material or Miscellaneous Articles</clstitle>
<pretext></pretext>
<subnum range = "p" ref = "C428S615000" doc = "Class428.sgm">615</subnum></subref>
<descript><para> for metallic composite defined in terms of the composition
of its components.</para></descript></crecord></srchout></subclass>
<subclass subnum = "237" id = "C136S237000">
<sctitle>Having particular bonding material for junction:</sctitle>
<parent ref = "C136S236100" doc = "Class136.sgm">subclass 236.1</parent>
<scdesc>Apparatus which includes a particular uniting composition
for the elements of a couple.</scdesc></subclass>
<subclass subnum = "238" id = "C136S238000">
<sctitle>Chalcogenide containing (S, O, Te, Se):</sctitle>
<parent ref = "C136S236100" doc = "Class136.sgm">subclass 236.1</parent>
<scdesc>Apparatus wherein the composition contains sulphur, oxygen,
tellurium or selenium.</scdesc></subclass>
<subclass subnum = "239" id = "C136S239000">
<sctitle>Group IV element containing (C, Si, Ti, Ge, Zr, Sn, Hf,
Pb):</sctitle>
<parent ref = "C136S236100" doc = "Class136.sgm">subclass 236.1</parent>
<scdesc>Apparatus wherein the composition contains carbon, silicon,
titanium, germanium, zirconium, tin, hafnium or lead.</scdesc>
<srchout>
<crecord><classnum ref = "C428S000000" doc = "Class428.sgm">428</classnum>
<subref><clstitle>Stock Material or Miscellaneous Articles</clstitle>
<pretext></pretext>
<subnum range = "s" ref = "C428S641000" doc = "Class428.sgm">641</subnum></subref>
<descript><para> for a metallic composite in which a component has
a silicon or germanium base.</para></descript></crecord></srchout></subclass>
<subclass subnum = "240" id = "C136S240000">
<sctitle>Group V metal containing (V, As, Nb, Sb, Ta, Bi):</sctitle>
<parent ref = "C136S236100" doc = "Class136.sgm">subclass 236.1</parent>
<scdesc>Apparatus wherein the composition contains vanadium, arsenic,
niobium, antimony, tantalum, or bismuth.</scdesc></subclass>
<subclass subnum = "241" id = "C136S241000">
<sctitle>Group IB metal containing (Cu, Ag, Au):</sctitle>
<parent ref = "C136S236100" doc = "Class136.sgm">subclass 236.1</parent>
<scdesc>Apparatus wherein the composition contains copper, silver
or gold.</scdesc></subclass>
<subclass subnum = "242" id = "C136S242000">
<sctitle>Adjuncts:</sctitle>
<parent ref = "C136S200000" doc = "Class136.sgm">subclass 200</parent>
<scdesc>Apparatus directed to accessories for thermoelectric devices.</scdesc></subclass>
<subclass subnum = "243" id = "C136S243000">
<sctitle>PHOTOELECTRIC:</sctitle>
<parent ref = "C136S000000" doc = "Class136.sgm">the class definition</parent>
<scdesc>Device which generates an electric potential upon exposure
to light, by the direct conversion of the light to electrical energy,
i.e., photovoltaic.</scdesc>
<notes><note1 notenum = "(1)">
<para>Note.  Similar structures may be disclosed as having other
functions, e.g., rectifying, photoconductive, etc., and some of
these photoelectric devices may be disclosed as having several functions.
 A patent which discloses or claims only a photovoltaic use will
be placed here.  A patent which claims other uses or which is claimed
generically will be placed in another pertinent class, e.g., Class
250, Radiant Energy, or Class 257, Active Solid-State Devices (e.g.,
Transistors, Solid-State Diodes).</para></note1></notes>
<srchin>
<srecord><subnum ref = "C136S200000" doc = "Class136.sgm">200</subnum>
<descript><para>for a similar device which directly converts heat
to electricity.</para></descript></srecord></srchin>
<srchout>
<crecord><classnum ref = "C250S000000" doc = "Class250.sgm">250</classnum>
<subref><clstitle>Radiant Energy</clstitle>
<pretext></pretext>
<subnum range = "p" ref = "C250S200000" doc = "Class250.sgm">200</subnum></subref>
<descript><para> for circuits and applications which incorporate
a photoelectric cell.</para></descript></crecord>
<crecord><classnum ref = "C257S000000" doc = "Class257.sgm">257</classnum>
<subref><clstitle>Active Solid-State Devices (e.g., Transistors,
Solid-State Diodes)</clstitle>
<pretext></pretext>
<subnum range = "r" ref = "C257S010000" doc = "Class257.sgm">10</subnum></subref>
<descript><para>, 11, 21, 53-56, 72, 80-85, 113-118, 184-189, 225-234,
257, 258, 290-294, 414, and 431-466 for light responsive active
semiconductor devices.</para></descript></crecord>
<crecord><classnum ref = "C430S000000" doc = "Class430.sgm">430</classnum>
<subref><clstitle>Radiation Imagery Chemistry: Process, Composition,
or Product Thereof</clstitle>
<pretext></pretext>
<subnum range = "p" ref = "C430S057400" doc = "Class430.sgm">57.4</subnum></subref>
<descript><para> for layered electrophotographic plates containing silicon
and selenium. </para></descript></crecord>
<crecord><classnum ref = "C438S000000" doc = "Class438.sgm">438</classnum>
<subref><clstitle>Semiconductor Device Manufacturing:  Process</clstitle>
<pretext></pretext>
<subnum range = "p" ref = "C438S057000" doc = "Class438.sgm">57</subnum></subref>
<descript><para> for processes of making a radiation responsive
photovoltaic device of the semiconductor barrier layer type.</para></descript></crecord></srchout></subclass>
<subclass subnum = "244" id = "C136S244000">
<sctitle>Panel or array:</sctitle>
<parent ref = "C136S243000" doc = "Class136.sgm">subclass 243</parent>
<scdesc>A photoelectric cell combined with (a) at least one other
photoelectric cell, or (b) a different electric generating means
(e.g., galvanic), or (c) distinct perfecting means for the photocell (e.g.,
cooling means).</scdesc>
<srchin>
<srecord><subnum range = "p" ref = "C136S200000" doc = "Class136.sgm">200</subnum>
<descript><para>for a thermocouple which may be combined with a
photocell.</para></descript></srecord></srchin></subclass>
<subclass subnum = "245" id = "C136S245000">
<sctitle>Lightweight and collapsible or foldable:</sctitle>
<parent ref = "C136S244000" doc = "Class136.sgm">subclass 244</parent>
<scdesc>Device which includes means to associate various parts or
elements in a first compact arrangement for storage and&sol;or
transport and also in a second operative arrangement for accepting
radiation, said device also utilizing materials and structures designed
to decrease the mass or gravitational attraction.</scdesc>
<srchin>
<srecord><subnum ref = "C136S292000" doc = "Class136.sgm">292</subnum>
<descript><para>for a cross-reference art collection of space or
satellite applications.</para></descript></srecord></srchin></subclass>
<subclass subnum = "246" id = "C136S246000">
<sctitle>With concentrator, orientator, reflector, or cooling means:</sctitle>
<parent ref = "C136S244000" doc = "Class136.sgm">subclass 244</parent>
<scdesc>Device which includes means to intensify, direct, or redirect
light rays with respect to the active elements or which includes
means to lower the temperature of the device.</scdesc>
<srchout>
<crecord><classnum ref = "C359S000000" doc = "Class359.sgm">359</classnum>
<subref><clstitle>Optics:  Systems and Elements</clstitle>
<pretext></pretext></subref>
<descript><para>for optical devices of general utility.</para></descript></crecord></srchout></subclass>
<subclass subnum = "247" id = "C136S247000">
<sctitle>Fluorescent concentrator:</sctitle>
<parent ref = "C136S246000" doc = "Class136.sgm">subclass 246</parent>
<scdesc>Device in which the light energy is absorbed and re-emitted
at a different wave length by the concentrator.</scdesc></subclass>
<subclass subnum = "248" id = "C136S248000">
<sctitle>Hybrid conversion system:</sctitle>
<parent ref = "C136S246000" doc = "Class136.sgm">subclass 246</parent>
<scdesc>Device which includes at least one other source of electric
energy (e.g., galvanic, etc.) or means to utilize heat energy.</scdesc>
<notes><note1 notenum = "(1)">
<para>Note.  Using the sun&quot;s rays for both heat and electric
power is a hybrid system.</para></note1></notes>
<srchout>
<crecord><classnum ref = "C126S000000" doc = "Class126.sgm">126</classnum>
<subref><clstitle>Stoves and Furnaces</clstitle>
<pretext></pretext>
<subnum range = "p" ref = "C126S561000" doc = "Class126.sgm"> 561</subnum></subref>
<descript><para>, 569&plus; and 714, for means, per se, designed
to utilize the heat energy of the sun.</para></descript></crecord></srchout></subclass>
<subclass subnum = "249" id = "C136S249000">
<sctitle>Monolithic semiconductor:</sctitle>
<parent ref = "C136S244000" doc = "Class136.sgm">subclass 244</parent>
<scdesc>Device in which the same semiconductor layer is common to
two or more individual cells.</scdesc></subclass>
<subclass subnum = "250" id = "C136S250000">
<sctitle>Particulate or spherical semiconductor:</sctitle>
<parent ref = "C136S244000" doc = "Class136.sgm">subclass 244</parent>
<scdesc>Device in which the semiconductor exists is a state of fine
subdivision or is in the shape of a sphere.</scdesc></subclass>
<subclass subnum = "251" id = "C136S251000">
<sctitle>Encapsulated or with housing:</sctitle>
<parent ref = "C136S244000" doc = "Class136.sgm">subclass 244</parent>
<scdesc>Device in which the photocells are embedded in one fluent,
but now solidified material or are contained within a framework.</scdesc></subclass>
<subclass subnum = "252" id = "C136S252000">
<sctitle>Cells:</sctitle>
<parent ref = "C136S243000" doc = "Class136.sgm">subclass 243</parent>
<scdesc>Device directed to the details of an individual cell and&sol;or
associated perfecting or enabling elements.</scdesc></subclass>
<subclass subnum = "253" id = "C136S253000">
<sctitle>Radioactive, ionic, or thermo photo:</sctitle>
<parent ref = "C136S252000" doc = "Class136.sgm">subclass 252</parent>
<scdesc>Photocell in which the light which generates the photovoltaic
effect is produced by radio activity, ions, or heat (e.g., scintillation
or incandescence, etc.).</scdesc></subclass>
<subclass subnum = "254" id = "C136S254000">
<sctitle>Photoemissive, capacitive, magnetic, or ferroelectric:</sctitle>
<parent ref = "C136S252000" doc = "Class136.sgm">subclass 252</parent>
<scdesc>Device in which the light (a) causes emission of electrons
from a cathode, (b) alters the capacitance, (c) acts in a magnetic
field, or (d) utilizes the ferroelectric property of said device.</scdesc></subclass>
<subclass subnum = "255" id = "C136S255000">
<sctitle>Schottky, graded doping, plural junction or special junction
geometry:</sctitle>
<parent ref = "C136S252000" doc = "Class136.sgm">subclass 252</parent>
<scdesc>Device which includes a free metal semiconductor junction,
more than one junction or a junction claimed in terms or specific
shape or dimensions.</scdesc></subclass>
<subclass subnum = "256" id = "C136S256000">
<sctitle>Contact, coating, or surface geometry:</sctitle>
<parent ref = "C136S252000" doc = "Class136.sgm">subclass 252</parent>
<scdesc>Device in which the claims recite the material, size or
configuration of a contact, a covering film or the surface of the
photocell.</scdesc></subclass>
<subclass subnum = "257" id = "C136S257000">
<sctitle>Luminescent layer or optical filter:</sctitle>
<parent ref = "C136S256000" doc = "Class136.sgm">subclass 256</parent>
<scdesc>Device in which a coating has the property of absorbing
light of selected frequency or of re-emitting absorbed light.</scdesc>
<srchin>
<srecord><subnum ref = "C136S247000" doc = "Class136.sgm">247</subnum>
<descript><para>for a photocell with a fluorescent concentrator.</para></descript></srecord></srchin></subclass>
<subclass subnum = "258" id = "C136S258000">
<sctitle>Polycrystalline or amorphous semiconductor:</sctitle>
<parent ref = "C136S252000" doc = "Class136.sgm">subclass 252</parent>
<scdesc>Device in which the semiconductor material is claimed or
solely disclosed as being polycrystalline or amorphous.</scdesc></subclass>
<subclass subnum = "259" id = "C136S259000">
<sctitle>With concentrator, housing, cooling means, or encapsulated:</sctitle>
<parent ref = "C136S252000" doc = "Class136.sgm">subclass 252</parent>
<scdesc>Device in which the photocell is embedded in once fluid,
but now solidified, material or is contained within a framework
or includes means to lower the temperature of the device or means
to intensify the light.</scdesc></subclass>
<subclass subnum = "260" id = "C136S260000">
<sctitle>Cadmium containing:</sctitle>
<parent ref = "C136S252000" doc = "Class136.sgm">subclass 252</parent>
<scdesc>Device in which an active layer includes a cadmium compound.</scdesc></subclass>
<subclass subnum = "261" id = "C136S261000">
<sctitle>Silicon or germanium containing:</sctitle>
<parent ref = "C136S252000" doc = "Class136.sgm">subclass 252</parent>
<scdesc>Device in which an active layer includes silicon or a silicon
or germanium compound.</scdesc></subclass>
<subclass subnum = "262" id = "C136S262000">
<sctitle>Gallium containing:</sctitle>
<parent ref = "C136S252000" doc = "Class136.sgm">subclass 252</parent>
<scdesc>Device in which an active layer includes a compound of gallium.</scdesc></subclass>
<subclass subnum = "263" id = "C136S263000">
<sctitle>Organic active material containing:</sctitle>
<parent ref = "C136S252000" doc = "Class136.sgm">subclass 252</parent>
<scdesc>Device in which an active layer includes a carbon compound
classifiable in Class 260, Chemistry of Carbon Compounds or the
Class 532 - 570 series, Organic Compounds.</scdesc></subclass>
<subclass subnum = "264" id = "C136S264000">
<sctitle>Selenium or tellurium containing:</sctitle>
<parent ref = "C136S252000" doc = "Class136.sgm">subclass 252</parent>
<scdesc>Device in which an active layer contains either selenium
or tellurium as an element or an inorganic compound.</scdesc></subclass>
<subclass subnum = "265" id = "C136S265000">
<sctitle>Copper, lead, or zinc containing:</sctitle>
<parent ref = "C136S252000" doc = "Class136.sgm">subclass 252</parent>
<scdesc>Device in which an active layer includes an inorganic compound
of copper, lead, or zinc.</scdesc></subclass></sclasses>
<xrefcols>
<subclass subnum = "290" id = "C136S290000">
<sctitle>TESTING, CALIBRATING, TREATING (E.G., AGING, ETC.):</sctitle>
<scdesc>A collection of art disclosing methods of checking, adjusting,
modifying and&sol;or perfecting photovoltaic cells.</scdesc></subclass>
<subclass subnum = "291" id = "C136S291000">
<sctitle>APPLICATIONS:</sctitle>
<scdesc>A collection of art disclosing methods of using or apparatus
incorporating photovoltaic cells.</scdesc></subclass>
<subclass subnum = "292" id = "C136S292000">
<sctitle>Space-satellite:</sctitle>
<parent ref = "C136S291000" doc = "Class136.sgm">subclass 291</parent>
<scdesc>A collection of art in which the use or apparatus involves
space or satellites.</scdesc></subclass>
<subclass subnum = "293" id = "C136S293000">
<sctitle>Circuits:</sctitle>
<parent ref = "C136S291000" doc = "Class136.sgm">subclass 291</parent>
<scdesc>A collection including details of electrical circuits.</scdesc></subclass></xrefcols>
</class>
