<?xml version="1.0" encoding="UTF-8"?>
<!DOCTYPE class PUBLIC "-//USPTO//DTD Classification Definitions//EN" "xclassdef.dtd" [

<!-- Begin Document Specific Declarations -->


<!-- End Document Specific Declarations -->

]>
<?xml-stylesheet href="$STRUCTDIR\SgmlAdmin\classdef_xslt.xsl" type="text/XSL"?>












<class classnum = "329" id = "C329S000000"><title>DEMODULATORS </title>
<sections><descsect>
<para>A.  BASIC SUBJECT MATTER OF CLASS</para>
<para>This is the generic class for demodulators.  A demodulator
is a device which extracts an arbitrarily varying information carrying
signal from a signal formed by varying a characteristic of a repetitious
electrical or electromagnetic wave of less than infrared frequency
in accordance with this information carrying signal.  Classification
herein is broadly by the type of modulation exhibited by the input
signal.</para>
<para>B.  COMBINATIONS WITH BASIC SUBJECT MATTER INCLUDED
IN THIS CLASS</para>
<para>1.  A demodulator combined with perfecting structure
is classified here.  Such structure might include, for
example, a particular power supply for electronic devices within
the demodulator.</para>
<para>2.  A demodulator combined with or incorporated in other
structure not otherwise classifiable is classified here. 
This might include, for example, a demodulator combined
with an acoustical device such as a loudspeaker.</para>
<para>3.  A combination including both a modulator and
a demodulator is classified elsewhere. See Lines With Other
Classes and Within This Class, below.</para>
<para>C.  MISCELLANEOUS SYSTEMS AND DEVICES USED WITH DEMODULATORS </para>
<para>This class provides for (1) miscellaneous
systems and devices which are not of general utility and which are limited
to use with demodulators and (2) miscellaneous systems
and devices useful with demodulators which are not otherwise classified. 
An example of this would be convertible demodulators which convert
between different types of demodulators or which convert to or from
devices other than demodulators.</para>
</descsect>
<linesect>
<para>A combination including both a modulator and a demodulator
is classified  in Class 332<emphasis emph = "b"> </emphasis>where
such combination is not provided for elsewhere. </para>
<para>Excluded from this class are pulse code demodulators and delta
modulation demodulators which are now classified elsewhere. See
References to other Classes, below.</para>
<para>Several classes contain structure which is closely analogous
to demodulators.  Particularly significant among these
is the art in the class for miscellaneous active electrical nonlinear
devices, circuits, and systems.  See
the relevant SEARCH CLASS notes below in References to Other Classes
in completing the search for subject matter of Class 329.</para>
<para>Many classes contain subject matter which includes demodulators
or analogous devices as subcombinations thereof.  Among
these are receivers and complete communication systems (i.e., transmitters
and receivers). (See References to Other
Classes, below.)<emphasis emph = "b"> </emphasis>Therefore, these
classes and others contained in the SEARCH CLASS notes below in
References to Other Classes, should be considered in completing
the search for subject matter of Class 329.</para>
<para>The terms "discriminator" and "detector" are often but not
always used synonymously with "demodulator".  Classification
in Class 329 is appropriate where the terms "discriminator" or "detector"
are recited and which clearly disclose a corresponding function
of demodulation per the definition above.  Classification
is elsewhere where no such disclosure is present.  See
the SEARCH CLASS notes below in References to Other Classes, particularly
those for the class for miscellaneous active electrical nonlinear
devices, circuits, and systems.</para>
<para>Demodulators having a modulated input of less than infrared
frequency which may utilize an internal optical element (e.g., an
optical isolator) are classified in Class 329 by the type
of modulation.</para>
<para>The combination of modulation converter (e.g., FM
to AM) with a demodulator is classified in Class 329<emphasis
    emph = "b"> </emphasis>according to the modulation type of the
input to the converter.  Modulation converters, per
se, are classified elsewhere. See References to
Other Classes, below.</para>
<para>For classification herein there must be complete extraction
of the modulating signal.  Mere frequency converters (e.g., RF
to IF mixers) are not classified here. See References
to Other Classes, below.</para>
<para>Class 329 provides for demodulators, per se, with
structure for noise or distortion control (see Subclass
References to the Current Class, below). 
Class 455, Telecommunications, provides for noise
or interference control in: (a)  a telecommunication
system (i.e., transmitter and
receiver); (b) a complete telecommunication receiver; and (c) 
a combination of two or more receiver elements (viz. wave
collector, wave mixer or modifier, demodulator, and
utilization device) where the combination is not elsewhere
classified.  Therefore, consideration must be
given to extending the search for demodulator noise control circuitry
into relevant subclasses of Class 455.  See also the SEARCH
CLASS notes in References to Other Classes, below, relating
to Class 455.</para>
<para>Subclasses of this class (329) relate to
suppressed carrier double sideband demodulators, per se, and
single&sol;vestigial sideband demodulators, per se
 (see Subclass References to the Current Class, below). 
Class 455<emphasis emph = "b"> </emphasis>accepts this subject matter
in combination with what may be broadly recited diverse receiver
elements (viz. wave collector, wave modifier
or mixer, and utilization device).  Therefore, in
completing the search for demodulators of an amplitude modulated
wave not having the full complement of carrier and two complete
sidebands, consideration must be given to extending the
search to relevant subclasses in Class 455.  See also the
SEARCH CLASS notes in References to Other Classes, below, relating
to Class 455.</para>
</linesect>
<stcssect>
<srchin>
<srecord><subnum range = "p" ref = "C329S318000" doc = "Class329.sgm">318</subnum>
<descript><para>and 349&plus; for demodulators, per
se, with structure for noise or distortion control.</para></descript></srecord>
<srecord><subnum ref = "C329S356000" doc = "Class329.sgm">356</subnum>
<descript><para>for suppressed carrier double sideband demodulators, per
se.</para></descript></srecord>
<srecord><subnum ref = "C329S357000" doc = "Class329.sgm">357</subnum>
<descript><para>single&sol;vestigial sideband demodulators, per
se.  </para></descript></srecord></srchin>
</stcssect>
<scsect>
<srchout>
<crecord><classnum ref = "C073S000000" doc = "Class073.sgm">73</classnum>
<subref><clstitle>Measuring and Testing</clstitle>
<pretext></pretext></subref>
<descript><para>appropriate subclasses for measuring or testing
of a parameter which is typically neither electrical, optical, thermal, nor
chemical and which may include a demodulation technique.</para></descript></crecord>
<crecord><classnum ref = "C178S000000" doc = "Class178.sgm">178</classnum>
<subref><clstitle>Telegraphy</clstitle>
<pretext></pretext>
<subnum range = "p" ref = "C178S066100" doc = "Class178.sgm">66.1</subnum></subref>
<descript><para> for a teles:graphic system which transmits
messages between stations using alternating or pulsating currents
and particularly subclass 66.2 for such a system having
a transmitter which is turned on and off, subclass 117
for a teles:graphic system utilizing a coherer, and
subclasses 118&plus; for teles:graphic receivers in
general.</para></descript></crecord>
<crecord><classnum ref = "C250S000000" doc = "Class250.sgm">250</classnum>
<subref><clstitle>Radiant Energy</clstitle>
<pretext></pretext></subref>
<descript><para>appropriate subclasses for the detection of invisible
radiation or the testing of material by invisible radiation which
may include a modulation - demodulation technique.</para></descript></crecord>
<crecord><classnum ref = "C257S000000" doc = "Class257.sgm">257</classnum>
<subref><clstitle>Active Solid-State Devices (e.g., Transistors, Solid-State
Diodes)</clstitle>
<pretext>appropriate subclasses for active solid-state
devices used as demodulators, including </pretext>
<subnum range = "s" ref = "C257S010000" doc = "Class257.sgm">10</subnum></subref>
<descript><para>, 11, 21, 53-56, 113-118, 184-189, 225-234, 257-258, 290-294, and 414-466
for radiation-sensitive active semiconductor devices.</para></descript></crecord>
<crecord><classnum ref = "C307S000000" doc = "Class307.sgm">307</classnum>
<subref><clstitle>Electrical Transmission or Interconnection Systems</clstitle>
<pretext></pretext>
<subnum range = "p" ref = "C307S401000" doc = "Class307.sgm">401</subnum></subref>
<descript><para> for miscellaneous nonlinear reactor systems.</para></descript></crecord>
<crecord><classnum ref = "C310S000000" doc = "Class310.sgm">310</classnum>
<subref><clstitle>Electrical Generator or Motor Structure</clstitle>
<pretext></pretext>
<subnum range = "p" ref = "C310S311000" doc = "Class310.sgm">311</subnum></subref>
<descript><para> for piezoelectric elements and devices.</para></descript></crecord>
<crecord><classnum ref = "C313S000000" doc = "Class313.sgm">313</classnum>
<subref><clstitle>Electric Lamp and Discharge Devices</clstitle>
<pretext></pretext></subref>
<descript><para>appropriate subclasses for the structure of electronic tubes.</para></descript></crecord>
<crecord><classnum ref = "C315S000000" doc = "Class315.sgm">315</classnum>
<subref><clstitle>Electrical Lamp and Discharge Devices: Systems</clstitle>
<pretext></pretext>
<subnum range = "p" ref = "C315S001000" doc = "Class315.sgm">1</subnum></subref>
<descript><para> for cathode-ray tube circuits with power
supply or the combination of cathode-ray tube and circuit
element in a unitary device, and subclasses 94&plus; for
an electron discharge device which is an ultimate load together
with a cathode or cathode heater supply circuit.</para></descript></crecord>
<crecord><classnum ref = "C318S000000" doc = "Class318.sgm">318</classnum>
<subref><clstitle>Electricity: Motive Power Systems</clstitle>
<pretext></pretext>
<subnum range = "p" ref = "C318S606000" doc = "Class318.sgm">606</subnum></subref>
<descript><para> for servo systems utilizing a feedback signal which
frequency or phase modulates a system carrier (particularly
subclasses 607 and 608 for obtaining the modulating wave by reference
signal frequency or phase comparison, respectively) subclass
622 for an AC lead or lag network which may include a demodulation technique, and
subclasses 671&plus; for particular servo system motor control (particularly
subclass 684 which utilizes a specific demodulator).</para></descript></crecord>
<crecord><classnum ref = "C323S000000" doc = "Class323.sgm">323</classnum>
<subref><clstitle>Electricity: Power Supply or Regulation
Systems</clstitle>
<pretext></pretext></subref>
<descript><para>appropriate subclasses for control of the magnitude
or phase of current or voltage in a system comprising a single electrical
source coupled to a single electrical load.</para></descript></crecord>
<crecord><classnum ref = "C324S000000" doc = "Class324.sgm">324</classnum>
<subref><clstitle>Electricity: Measuring and Testing</clstitle>
<pretext>appropriate subclasses for measurement of electrical properties, in
general, and particularly </pretext>
<subnum range = "p" ref = "C324S076110" doc = "Class324.sgm">76.11</subnum></subref>
<descript><para> for systems measuring and testing electricity which
may include demodulation, particularly subclasses 76.39&plus; for frequency
measurement and subclasses 76.77&plus; for phase comparison, and
subclass 118 for modulation of voltage or current to be measured
onto a carrier combined with subsequent structure to recover a replica
of the original voltage or current by demodulation.</para></descript></crecord>
<crecord><classnum ref = "C327S000000" doc = "Class327.sgm">327</classnum>
<subref><clstitle>Miscellaneous Active Electrical Nonlinear Devices, Circuits, and
Systems</clstitle>
<pretext></pretext>
<subnum range = "p" ref = "C327S001000" doc = "Class327.sgm">1</subnum></subref>
<descript><para> for miscellaneous signal parameter discriminating
or comparing for input signals not carrying intelligence, particularly
subclasses 2&plus; for miscellaneous phase discriminating, subclasses 31&plus; for
miscellaneous pulse spacing discriminating, subclasses
39&plus; for miscellaneous frequency discriminating, and
subclasses 50&plus; for miscellaneous amplitude discriminating. (See Lines
With Other Classes, above)</para></descript></crecord>
<crecord><classnum ref = "C330S000000" doc = "Class330.sgm">330</classnum>
<subref><clstitle>Amplifiers</clstitle>
<pretext></pretext>
<subnum range = "s" ref = "C330S010000" doc = "Class330.sgm">10</subnum></subref>
<descript><para> for an amplifier having an input which is the output
of a modulator and an output which is the input of a subsequent demodulator.</para></descript></crecord>
<crecord><classnum ref = "C331S000000" doc = "Class331.sgm">331</classnum>
<subref><clstitle>Oscillators</clstitle>
<pretext></pretext>
<subnum range = "p" ref = "C331S001000" doc = "Class331.sgm">1</subnum></subref>
<descript><para> for automatic oscillator frequency stabilization
using phase or frequency sensing which may include comparison with
a reference oscillator or a modulation technique, subclasses
46&plus; for plural oscillator systems in general, and
subclass 58 for an oscillator with structure to perform an additional
simultaneous function.</para></descript></crecord>
<crecord><classnum ref = "C332S000000" doc = "Class332.sgm">332</classnum>
<subref><clstitle>Modulators</clstitle>
<pretext></pretext>
<subnum range = "p" ref = "C332S100000" doc = "Class332.sgm">100</subnum></subref>
<descript><para> for a frequency shift keying modulator, subclasses
103&plus; for a phase shift keying modulator, subclasses
106&plus; for a pulse modulator, subclasses 117&plus; for
a frequency modulator, subclasses 144&plus; for a phase
modulator and subclasses 149&plus; for an amplitude modulator; subclasses
183&plus; for modulation converters, per se.</para></descript></crecord>
<crecord><classnum ref = "C333S000000" doc = "Class333.sgm">333</classnum>
<subref><clstitle>Wave Transmission Lines and Networks</clstitle>
<pretext></pretext>
<subnum range = "p" ref = "C333S024000" doc = "Class333.sgm">24</subnum></subref>
<descript><para> for transmission line coupling networks (particularly
subclasses 25&plus; for balanced to unbalanced circuits, subclasses
138&plus; for lumped parameter delay lines, and subclasses165 - 212
for filters), subclasses 236&plus; for long
lines, per se, and subclasses 245&plus; for
long line elements and components.</para></descript></crecord>
<crecord><classnum ref = "C334S000000" doc = "Class334.sgm">334</classnum>
<subref><clstitle>Tuners</clstitle>
<pretext>appropriate subclasses for tuner circuits, per
se, which may include a broad recitation of a demodulator
plus details of a tuner and particularly </pretext>
<subnum range = "p" ref = "C334S030000" doc = "Class334.sgm">30</subnum></subref>
<descript><para> for a tuner with a resonance indicator in which
a demodulator may be used and subclass 39 for tuners combined with
other devices which may include a demodulator recited broadly. </para></descript></crecord>
<crecord><classnum ref = "C336S000000" doc = "Class336.sgm">336</classnum>
<subref><clstitle>Inductor Devices</clstitle>
<pretext></pretext></subref>
<descript><para>appropriate subclasses for electrical circuit elements
exhibiting inductive properties.</para></descript></crecord>
<crecord><classnum ref = "C338S000000" doc = "Class338.sgm">338</classnum>
<subref><clstitle>Electrical Resistors</clstitle>
<pretext></pretext>
<subnum range = "s" ref = "C338S001000" doc = "Class338.sgm">1</subnum></subref>
<descript><para> for a coherer-type resistor and subclasses
13&plus; for a resistor whose resistance value varies in response
to a condition such as temperature or magnetic field.</para></descript></crecord>
<crecord><classnum ref = "C340S000000" doc = "Class340.sgm">340</classnum>
<subref><clstitle>Communications: Electrical</clstitle>
<pretext></pretext>
<subnum range = "p" ref = "C340S87010" doc = "Class340.sgm">870.01</subnum></subref>
<descript><para> for telemetry systems and especially subclasses
870.18&plus; indented thereunder for such systems 
where the quantity to be telemetered is imposed on a carrier by
a particular type of modulation.</para></descript></crecord>
<crecord><classnum ref = "C341S000000" doc = "Class341.sgm">341</classnum>
<subref><clstitle>Coded Data Generation or Conversion</clstitle>
<pretext></pretext>
<subnum range = "p" ref = "C341S126000" doc = "Class341.sgm">126</subnum></subref>
<descript><para> for a pulse code demodulator, per se, and
subclass 143 for a delta modulation demodulator, per se.</para></descript></crecord>
<crecord><classnum ref = "C342S000000" doc = "Class342.sgm">342</classnum>
<subref><clstitle>Communications: Directive Radio Wave
Systems and Devices (e.g., Radar, Radio
Navigation)</clstitle>
<pretext></pretext>
<subnum range = "p" ref = "C342S350000" doc = "Class342.sgm">350</subnum></subref>
<descript><para> for directive radio wave systems which may include
demodulation techniques and particularly subclasses 385&plus; for
a directive beacon or receiver.</para></descript></crecord>
<crecord><classnum ref = "C348S000000" doc = "Class348.sgm">348</classnum>
<subref><clstitle>Television</clstitle>
<pretext></pretext>
<subnum range = "p" ref = "C348S638000" doc = "Class348.sgm">638</subnum></subref>
<descript><para> for a demodulator particularly adapted for extracting
a component of a natural color television signal from a carrier
or subcarrier, subclasses 726&plus; for television
signal receivers and subcombination thereof.</para></descript></crecord>
<crecord><classnum ref = "C358S000000" doc = "Class358.sgm">358</classnum>
<subref><clstitle>Facsimile and Static Presentation Processing</clstitle>
<pretext></pretext>
<subnum range = "s" ref = "C358S469000" doc = "Class358.sgm">469</subnum></subref>
<descript><para> for modulation onto a carrier of a facsimile signal
derived from scanning a picture or for demodulation of such a modulated carrier
to reconstruct the picture.</para></descript></crecord>
<crecord><classnum ref = "C360S000000" doc = "Class360.sgm">360</classnum>
<subref><clstitle>Dynamic Magnetic Information Storage or Retrieval</clstitle>
<pretext></pretext>
<subnum range = "s" ref = "C360S028000" doc = "Class360.sgm">28</subnum></subref>
<descript><para> for control of a demodulator by a reference carrier
signal stored concurrently with the information signal to be demodulated
and subclasses 29&plus; for dynamic magnetic recording or reproducing
containing particular demodulator circuitry.</para></descript></crecord>
<crecord><classnum ref = "C363S000000" doc = "Class363.sgm">363</classnum>
<subref><clstitle>Electric Power Conversion Systems</clstitle>
<pretext>particularly </pretext>
<subnum range = "p" ref = "C363S013000" doc = "Class363.sgm">13</subnum></subref>
<descript><para> for current  conversion which includes generic
AC to DC rectifiers and generic DC to AC inverters of diverse type.</para></descript></crecord>
<crecord><classnum ref = "C367S000000" doc = "Class367.sgm">367</classnum>
<subref><clstitle>Communications, Electrical: 
Acoustic Wave Systems and Devices</clstitle>
<pretext></pretext>
<subnum range = "s" ref = "C367S134000" doc = "Class367.sgm">134</subnum></subref>
<descript><para> for acoustic wave demodulation in an underwater
telemetry system.</para></descript></crecord>
<crecord><classnum ref = "C369S000000" doc = "Class369.sgm">369</classnum>
<subref><clstitle>Dynamic Information Storage or Retrieval</clstitle>
<pretext></pretext>
<subnum range = "s" ref = "C369S090000" doc = "Class369.sgm">90</subnum></subref>
<descript><para> for demodulation of a previously modulated quadraphonic
subchannel signal after retrieval.</para></descript></crecord>
<crecord><classnum ref = "C370S000000" doc = "Class370.sgm">370</classnum>
<subref><clstitle>Multiplex Communications</clstitle>
<pretext></pretext></subref>
<descript><para>appropriate subclasses for multiplexing systems
which may utilize demodulation techniques.</para></descript></crecord>
<crecord><classnum ref = "C374S000000" doc = "Class374.sgm">374</classnum>
<subref><clstitle>Thermal Measuring and Testing</clstitle>
<pretext></pretext></subref>
<descript><para>appropriate subclasses for measurement systems responsive
to an external thermal condition which may utilize a modulation
technique.</para></descript></crecord>
<crecord><classnum ref = "C375S000000" doc = "Class375.sgm">375</classnum>
<subref><clstitle>Pulse or Digital Communications</clstitle>
<pretext>appropriate subclasses for demodulators combined with receiving
structure to couple a modulated pulse wave from a transmission medium (i.e., a receiver) or
complete systems (i.e., transmitter and
receiver) incorporating such a combination, particularly </pretext>
<subnum range = "r" ref = "C375S237000" doc = "Class375.sgm">237</subnum>
<endnum ref = "C375S242000" doc = "Class375.sgm">242</endnum></subref>
<descript><para>&plus; for a system or receiver utilizing pulse
number modulation, pulse width modulation, pulse position, frequency, or
spacing modulation, pulse amplitude modulation, or
pulse code modulation, subclasses 259&plus; for other
diverse types of digital communication systems which may include
a particular demodulator, and subclasses 316&plus; for
other diverse types of digital communication receivers which may
include a particular demodulator. (also see Lines
With Other Classes, above)</para></descript></crecord>
<crecord><classnum ref = "C380S000000" doc = "Class380.sgm">380</classnum>
<subref><clstitle>Cryptography</clstitle>
<pretext></pretext></subref>
<descript><para>for all electrical communications equipment which
process an information signal for purposes of concealment.</para></descript></crecord>
<crecord><classnum ref = "C381S000000" doc = "Class381.sgm">381</classnum>
<subref><clstitle>Electrical Audio Signal Processing Systems and
Devices</clstitle>
<pretext></pretext>
<subnum range = "p" ref = "C381S001000" doc = "Class381.sgm">1</subnum></subref>
<descript><para> for broadcast stereophonic signal processing not
elsewhere classified.</para></descript></crecord>
<crecord><classnum ref = "C386S000000" doc = "Class386.sgm">386</classnum>
<subref><clstitle>Motion Video Signal Processing for Recording or
Reproducing</clstitle>
<pretext></pretext>
<subnum range = "R" ref = "C386S307000" doc = "Class386.sgm">307</subnum>
<endnum ref = "C386S310000" doc = "Class386.sgm">310</endnum></subref>
<descript><para> for frequency modulation of a color video signal, subclass
311 for amplitude modulation of a color video signal, and
subclass 312 for phase modulation of a color video signal in a recording
and reproduction device.</para></descript></crecord>
<crecord><classnum ref = "C455S000000" doc = "Class455.sgm">455</classnum>
<subref><clstitle>Telecommunications</clstitle>
<pretext>appropriate subclasses for nondigital demodulators combined
with receiving structure to couple a modulated wave from a transmission
medium (i.e., a receiver) or
complete systems (i.e., transmitter
and receiver) incorporating such a combination, particularly </pretext>
<subnum range = "s" ref = "C455S021000" doc = "Class455.sgm">21</subnum></subref>
<descript><para> for frequency conversion in a repeater including
a demodulator, subclasses 39&plus; for separated transmitter
and receiver which may include a particular demodulator, subclasses
73&plus; for a transceiver which may include a particular demodulator, and
subclasses 130&plus; for a telecommunications receiver which
may include a particular demodulator; subclasses 202 and
204 for suppressed carrier double sideband demodulators, per
se, and single&sol;vestigial sideband demodulators, in
combination with what may be broadly recited diverse receiver elements (viz. wave collector, wave
modifier or mixer, and utilization device); subclasses
313&plus; for mere frequency converters (e.g., RF
to IF mixers). (also see Lines With Other
Classes, above)</para></descript></crecord></srchout>
</scsect>
<glossect>
<glossary><term>ARBITRARILY VARYING  </term>
<def><para>Indicates having a future value which is not predictable from
past values.  (Arbitrary is the opposite of repetitious).</para></def>
<term>CARRIER</term>
<def><para>An electrical or electromagnetic repetitious sinusoidal wave.</para></def>
<term>CHARACTERISTIC </term>
<def><para>An attribute associated with the size or shape of a wave or
signal.  Examples are amplitude, frequency, or
phase of a sine wave and repetition rate, position, amplitude, or
width of a nonsine wave.</para></def>
<term>DEMODULATOR  </term>
<def><para>A device which extracts an arbitrarily varying modulating
signal from an electrical or electromagnetic modulated signal of
less than infrared frequency.</para></def>
<term>MODULATED SIGNAL  </term>
<def><para>A repetitious wave which has had a characteristic thereof
varied by a modulating signal.</para></def>
<term>MODULATING SIGNAL </term>
<def><para>An information carrying signal whose informational content
is to be impressed on a carrier or pulse wave.</para></def>
<term>MODULATOR</term>
<def><para>A device which varies a characteristic of a repetitious electrical
or electromagnetic wave of less than infrared frequency in accordance
with a characteristic of an arbitrarily varying modulating signal.</para></def>
<term>PULSE WAVE</term>
<def><para>An electrical or electromagnetic repetitious nonsinusoidal
wave.  Examples are square wave, saw-tooth
wave, or trapezoidal wave.</para></def>
<term>REPETITIOUS WAVE </term>
<def><para>A cyclic wave whose individual component cycles are substantially
identical.  Examples of repetitious waves are sine waves, square
waves, saw-tooth waves and trapezoidal waves.</para></def></glossary></glossect></sections>

<sclasses><subclass subnum="300" id="C329S300000"><sctitle>FREQUENCY SHIFT KEYING OR MINIMUM SHIFT KEYING DEMODULATOR:</sctitle><parent ref="C329S000000" doc="Class329.sgm">the class definition</parent><scdesc>Subject matter where the demodulator extracts the modulating
signal from a signal which has undergone frequency shift keying modulation
or minimum shift keying modulation.</scdesc><notes><note1 notenum="(1)"><para>Note.  Frequency shift keying modulation occurs when the frequency
of a carrier is shifted among a plurality of discrete values in
accordance with the modulating signal.</para></note1><note1 notenum="(2)"><para>Note.  Minimum shift keying modulation is a type of frequency
shift keying modulation in which there is phase continuity at the
frequency transition points.</para></note1><note1 notenum="(3)"><para>Note.  This subclass includes frequency shift keying demodulators,
per se.  See the SEARCH CLASS notes below for combinations with
the subject matter of this subclass.</para></note1></notes><srchin><srecord><subnum range="p" ref="C329S304000" doc="Class329.sgm">304</subnum><descript><para>for a phase shift keying demodulator.</para></descript></srecord></srchin><srchout><crecord><classnum ref="C375S000000" doc="Class375.sgm">375</classnum><subref><clstitle>Pulse or Digital Communications</clstitle><pretext></pretext><subnum range="p" ref="C375S272000" doc="Class375.sgm">272</subnum></subref><descript><para> for a frequency shift keying system (i.e., transmitter
and receiver) and subclasses 322&plus; for a frequency shift
keying demodulator combined with receiving structure.</para></descript></crecord></srchout></subclass><subclass subnum="301" id="C329S301000"><sctitle>Including discrete semiconductor device:</sctitle><parent ref="C329S300000" doc="Class329.sgm">subclass 300</parent><scdesc>Subject matter containing an electrical device whose constituent
portions are constructed from solid material having room temperature conductivity
between that of a conductor and an insulator and which conductivity
is typically modified through the addition of small amounts of dopant.</scdesc><notes><note1 notenum="(1)"><para>Note.  This might include, for example, semiconductor diodes
or transistors of diverse type.</para></note1></notes></subclass><subclass subnum="302" id="C329S302000"><sctitle>Input signal combined with local oscillator or carrier
frequency signal:</sctitle><parent ref="C329S300000" doc="Class329.sgm">subclass 300</parent><scdesc>Subject matter where the modulated signal input to the demodulator
interacts with oscillations from a secondary source.</scdesc><notes><note1 notenum="(1)"><para>Note.  The secondary oscillations may be internally generated
or externally supplied and may be at a frequency other than that
of the modulated input signal&quot;s carrier.</para></note1></notes><srchin><srecord><subnum range="p" ref="C329S306000" doc="Class329.sgm">306</subnum><descript><para>for similar structure in a phase shift keying or
quadrature amplitude demodulator.</para></descript></srecord><srecord><subnum range="p" ref="C329S323000" doc="Class329.sgm">323</subnum><descript><para>for similar structure in a frequency modulation
demodulator. </para></descript></srecord><srecord><subnum ref="C329S346000" doc="Class329.sgm">346</subnum><descript><para>for similar structure in a phase modulation demodulator. </para></descript></srecord><srecord><subnum range="p" ref="C329S358000" doc="Class329.sgm">358</subnum><descript><para>for similar structure in an amplitude modulation
demodulator.</para></descript></srecord></srchin></subclass><subclass subnum="303" id="C329S303000"><sctitle>Including logic element (e.g., logic gate or flip-flop):</sctitle><parent ref="C329S300000" doc="Class329.sgm">subclass 300</parent><scdesc>Subject matter containing a component which performs a Boolean
Algebraic operation.</scdesc><notes><note1 notenum="(1)"><para>Note.  Such components may be combinational or sequential
(e.g., AND gates, OR gates or J-K flip-flops).</para></note1></notes></subclass><subclass subnum="304" id="C329S304000"><sctitle>PHASE SHIFT KEYING OR QUADRATURE AMPLITUDE DEMODULATOR: </sctitle><parent ref="C329S000000" doc="Class329.sgm">the class definition</parent><scdesc>Subject matter where the demodulator extracts the modulating
signal from a signal which has undergone phase shift keying modulation
or quadrature amplitude modulation.</scdesc><notes><note1 notenum="(1)"><para>Note.  Phase shift keying modulation occurs when the phase
of a carrier is shifted among a plurality of discrete angles in
accordance with the modulating signal.</para></note1><note1 notenum="(2)"><para>Note.  Quadrature amplitude modulation occurs when the phase
and amplitude of a carrier is simultaneously shifted among a plurality
of discrete angle&sol;magnitude pairs.</para></note1><note1 notenum="(3)"><para>Note.  This subclass includes phase shift keying demodulators
or quadrature amplitude demodulators, per se.  See the SEARCH CLASS
notes below for combinations with the subject matter of this subclass.</para></note1></notes><srchin><srecord><subnum range="p" ref="C329S300000" doc="Class329.sgm">300</subnum><descript><para>for a frequency shift keying demodulator.</para></descript></srecord></srchin><srchout><crecord><classnum ref="C375S000000" doc="Class375.sgm">375</classnum><subref><clstitle>Pulse or Digital Communications</clstitle><pretext></pretext><subnum range="s" ref="C375S261000" doc="Class375.sgm">261</subnum></subref><descript><para> for a quadrature amplitude modulation system (i.e.,
transmitter and receiver), subclasses 279&plus; for a phase
shift keying system, and subclasses 322&plus; for a phase shift
keying demodulator combined with receiving structure.</para></descript></crecord></srchout></subclass><subclass subnum="305" id="C329S305000"><sctitle>Including discrete semiconductor device:</sctitle><parent ref="C329S304000" doc="Class329.sgm">subclass 304</parent><scdesc>Subject matter containing an electrical device whose constituent
portions are constructed from solid material having room temperature conductivity
between that of a conductor and an insulator and which conductivity
is typically modified through the addition of small amounts of dopant.</scdesc><notes><note1 notenum="(1)"><para>Note.  This might include, for example, semiconductor diodes
or transistors of diverse type.</para></note1></notes></subclass><subclass subnum="306" id="C329S306000"><sctitle>Input signal combined with local oscillator or carrier
frequency signal:</sctitle><parent ref="C329S304000" doc="Class329.sgm">subclass 304</parent><scdesc>Subject matter where the modulated signal input to the demodulator
interacts therein with oscillations from a secondary source.</scdesc><notes><note1 notenum="(1)"><para>Note.  The secondary oscillations may be internally generated
or externally supplied and may be at a frequency other than that
of the modulated input signal&quot;s carrier.</para></note1></notes><srchin><srecord><subnum ref="C329S302000" doc="Class329.sgm">302</subnum><descript><para>for similar structure in a frequency shift keying
or minimum shift keying demodulator.</para></descript></srecord><srecord><subnum range="p" ref="C329S323000" doc="Class329.sgm">323</subnum><descript><para>for similar structure in a frequency modulation
demodulator.</para></descript></srecord><srecord><subnum ref="C329S346000" doc="Class329.sgm">346</subnum><descript><para>for similar structure in a phase modulation demodulator.</para></descript></srecord><srecord><subnum range="p" ref="C329S358000" doc="Class329.sgm">358</subnum><descript><para>for similar structure in an amplitude modulation
demodulator.</para></descript></srecord></srchin></subclass><subclass subnum="307" id="C329S307000"><sctitle>Including phase or frequency locked loop:</sctitle><parent ref="C329S306000" doc="Class329.sgm">subclass 306</parent><scdesc>Subject matter in which a phase or frequency locked loop
provides stability to or synchronization with the secondary source
of oscillations.</scdesc><srchout><crecord><classnum ref="C331S000000" doc="Class331.sgm">331</classnum><subref><clstitle>Oscillators</clstitle><pretext></pretext><subnum range="p" ref="C331S001000" doc="Class331.sgm">1</subnum></subref><descript><para> for phase or frequency locked loops, per se.</para></descript></crecord><crecord><classnum ref="C375S000000" doc="Class375.sgm">375</classnum><subref><clstitle>Pulse or Digital Communications</clstitle><pretext></pretext><subnum range="s" ref="C375S327000" doc="Class375.sgm">327</subnum></subref><descript><para> and 376 for phase locked loops in digital receivers
or synchronizers, respectively.</para></descript></crecord></srchout></subclass><subclass subnum="308" id="C329S308000"><sctitle>With parallel signal combiners (e.g., costas loop):</sctitle><parent ref="C329S307000" doc="Class329.sgm">subclass 307</parent><scdesc>Subject matter utilizing a plurality of signal combiners
where the modulated input signal is combined with relatively phase
shifted versions of the secondary oscillations, or where the secondary
oscillations are combined with relatively phase shifted versions
of the modulated input signal.</scdesc></subclass><subclass subnum="309" id="C329S309000"><sctitle>Including logic element (e.g., logic gate or flip-flop):</sctitle><parent ref="C329S308000" doc="Class329.sgm">subclass 308</parent><scdesc>Subject matter containing a component which performs a Boolean
Algebraic operation.</scdesc><notes><note1 notenum="(1)"><para>Note.  Such components may be combinational or sequential
(e.g., AND gates, OR gates or J-K flip-flops).</para></note1></notes></subclass><subclass subnum="310" id="C329S310000"><sctitle>Including logic element (e.g., logic gate or flip-flop): </sctitle><parent ref="C329S304000" doc="Class329.sgm">subclass 304</parent><scdesc>Subject matter containing a component which performs a Boolean
Algebraic operation.</scdesc><notes><note1 notenum="(1)"><para>Note.  Such components may be combinational or sequential
(e.g., AND gates, OR gates or J-K flip-flops).</para></note1></notes></subclass><subclass subnum="311" id="C329S311000"><sctitle>PULSE OR INTERRUPTED CONTINUOUS WAVE DEMODULATOR: </sctitle><parent ref="C329S000000" doc="Class329.sgm">the class definition</parent><scdesc>Subject matter where the demodulator extracts the modulating
signal from a modulated signal which has undergone pulse modulation.</scdesc><notes><note1 notenum="(1)"><para>Note.  Pulse modulation occurs when a repetitious pulse wave
has a characteristic varied in accordance with the modulating signal.</para></note1><note1 notenum="(2)"><para>Note.  Interrupted continuous wave modulation occurs when
a pulsed continuous wave has a characteristic varied in accordance
with the modulating signal.</para></note1><note1 notenum="(3)"><para>Note.  Examples of pulse waves are square waves, sawtooth
waves, and trapezoidal waves.</para></note1><note1 notenum="(4)"><para>Note.  Comparable structure having an input which is pulse
code modulated (PCM) or delta modulated are found elsewhere. See
the Search Notes below.</para></note1><note1 notenum="(5)"><para>Note.  This subclass includes pulse demodulators, per se.
See the SEARCH CLASS notes below for combinations with the subject
matter of this subclass.</para></note1></notes><srchin><srecord><subnum range="p" ref="C329S315000" doc="Class329.sgm">315</subnum><descript><para>for a frequency modulation demodulator. </para></descript></srecord><srecord><subnum range="p" ref="C329S341000" doc="Class329.sgm">341</subnum><descript><para>for an FM demodulator which initially transforms
the input signal into pulses. </para></descript></srecord><srecord><subnum range="p" ref="C329S345000" doc="Class329.sgm">345</subnum><descript><para>for a phase modulation demodulator. </para></descript></srecord><srecord><subnum range="p" ref="C329S347000" doc="Class329.sgm">347</subnum><descript><para>for an amplitude modulation demodulator.</para></descript></srecord></srchin><srchout><crecord><classnum ref="C341S000000" doc="Class341.sgm">341</classnum><subref><clstitle>Coded Data Generation or Conversion</clstitle><pretext></pretext><subnum range="p" ref="C341S126000" doc="Class341.sgm">126</subnum></subref><descript><para> or 143 for a structure comparable structure to
this subclass (311) having an input which is pulse code modulated
(PCM) or delta modulated.</para></descript></crecord><crecord><classnum ref="C375S000000" doc="Class375.sgm">375</classnum><subref><clstitle>Pulse or Digital Communications</clstitle><pretext></pretext></subref><descript><para>appropriate subclasses, for combinations of a pulse
demodulator with receiving structure.</para></descript></crecord></srchout></subclass><subclass subnum="312" id="C329S312000"><sctitle>Pulse width demodulator:</sctitle><parent ref="C329S311000" doc="Class329.sgm">subclass 311</parent><scdesc>Subject matter where the modulated signal input to the demodulator
has undergone pulse width modulation.</scdesc><notes><note1 notenum="(1)"><para>Note.  Pulse width modulation is a form of pulse modulation
in which the width (duration) of the pulses is the characteristic
that is varied.</para></note1></notes><srchout><crecord><classnum ref="C375S000000" doc="Class375.sgm">375</classnum><subref><clstitle>Pulse or Digital Communications</clstitle><pretext></pretext><subnum range="s" ref="C375S238000" doc="Class375.sgm">238</subnum></subref><descript><para> or 340&plus; for a combination of pulse width
demodulator with receiving structure.</para></descript></crecord></srchout></subclass><subclass subnum="313" id="C329S313000"><sctitle>Pulse position, frequency, phase or spacing demodulator:</sctitle><parent ref="C329S311000" doc="Class329.sgm">subclass 311</parent><scdesc>Subject matter where the modulated signal input to the demodulator
has undergone pulse position, frequency, phase or spacing modulation.</scdesc><notes><note1 notenum="(1)"><para>Note.  Pulse position, frequency, phase or spacing modulation
are forms of pulse modulation where the characteristics being varied
are the relative positions of the pulses, the frequency (repetition
rate) of the pulses, the phase of the pulses, or the spacing (time)
between the pulses.</para></note1></notes><srchout><crecord><classnum ref="C375S000000" doc="Class375.sgm">375</classnum><subref><clstitle>Pulse or Digital Communications</clstitle><pretext></pretext><subnum range="s" ref="C375S239000" doc="Class375.sgm">239</subnum></subref><descript><para> or 340&plus; for a combination of pulse position,
frequency or spacing demodulator with receiving structure.</para></descript></crecord></srchout></subclass><subclass subnum="314" id="C329S314000"><sctitle>Including discrete semiconductor device:</sctitle><parent ref="C329S313000" doc="Class329.sgm">subclass 313</parent><scdesc>Subject matter containing an electrical device whose constituent
portions are constructed from solid material having room temperature conductivity
between that of a conductor and an insulator and which conductivity
is typically modified through the addition of small amounts of dopant.</scdesc><notes><note1 notenum="(1)"><para>Note.  This might include, for example, semiconductor diodes
or transistors of diverse type.</para></note1></notes></subclass><subclass subnum="315" id="C329S315000"><sctitle>FREQUENCY MODULATION DEMODULATOR: </sctitle><parent ref="C329S000000" doc="Class329.sgm">the class definition</parent><scdesc>Subject matter where the demodulator extracts the modulating
signal from a modulated signal which has undergone frequency modulation.</scdesc><notes><note1 notenum="(1)"><para>Note.  Frequency modulation occurs when the frequency of a
carrier is varied over a continuum of values in accordance with
the modulating signal.</para></note1><note1 notenum="(2)"><para>Note.  This subclass includes frequency modulation demodulators,
per se.  See the SEARCH CLASS notes below for combinations with
subject matter of this subclass.</para></note1></notes><srchin><srecord><subnum range="p" ref="C329S300000" doc="Class329.sgm">300</subnum><descript><para>for a frequency shift keying or minimum shift keying
demodulator.</para></descript></srecord><srecord><subnum range="p" ref="C329S311000" doc="Class329.sgm">311</subnum><descript><para>for a pulse modulation demodulator.</para></descript></srecord><srecord><subnum range="p" ref="C329S345000" doc="Class329.sgm">345</subnum><descript><para>for a phase modulation demodulator.</para></descript></srecord><srecord><subnum range="p" ref="C329S347000" doc="Class329.sgm">347</subnum><descript><para>for an amplitude modulation demodulator.</para></descript></srecord></srchin><srchout><crecord><classnum ref="C455S000000" doc="Class455.sgm">455</classnum><subref><clstitle>Telecommunications</clstitle><pretext></pretext><subnum range="p" ref="C455S042000" doc="Class455.sgm">42</subnum></subref><descript><para> for frequency demodulation in a system with separated
transmitter and receiver, and subclasses 205&plus; for a combination
of frequency demodulator with receiving structure.</para></descript></crecord></srchout></subclass><subclass subnum="316" id="C329S316000"><sctitle>Plural demodulation:</sctitle><parent ref="C329S315000" doc="Class329.sgm">subclass 315</parent><scdesc>Subject matter which utilizes a diverse intermediate type
of demodulator within the FM demodulator or combines the outputs
of a plurality of FM demodulators or has an output selectable from
a plurality of demodulators one of which must be an FM type.</scdesc></subclass><subclass subnum="317" id="C329S317000"><sctitle>Including amplitude demodulation:</sctitle><parent ref="C329S316000" doc="Class329.sgm">subclass 316</parent><scdesc>Subject matter which utilizes an intermediate amplitude
demodulator.</scdesc></subclass><subclass subnum="318" id="C329S318000"><sctitle>Having specific distortion, noise or other interference
prevention, reduction or compensation:</sctitle><parent ref="C329S315000" doc="Class329.sgm">subclass 315</parent><scdesc>Subject matter including the neutralization of an undesirable
characteristic of a frequency modulation demodulator or its signals.</scdesc><srchin><srecord><subnum range="p" ref="C329S349000" doc="Class329.sgm">349</subnum><descript><para>for distortion or noise control in an amplitude
modulation demodulator.</para></descript></srecord></srchin><srchout><crecord><classnum ref="C455S000000" doc="Class455.sgm">455</classnum><subref><clstitle>Telecommunications</clstitle><pretext></pretext><subnum range="r" ref="C455S063100" doc="Class455.sgm">63.1</subnum><endnum ref="C455S065000" doc="Class455.sgm">65</endnum></subref><descript><para> and subclasses 501-506 for noise control in a telecommunication
system with separated transmitter and receiver, subclasses 210-211
for carrier amplitude modulation elimination in an FM receiver and
subclasses 296-312 for receiver noise or interference control, particularly
subclasses 309 and 312.</para></descript></crecord></srchout></subclass><subclass subnum="319" id="C329S319000"><sctitle>Using feedback to reduce distortion, noise or other interference: </sctitle><parent ref="C329S318000" doc="Class329.sgm">subclass 318</parent><scdesc>Subject matter which utilizes a returned portion of the
output signal to achieve neutralization.</scdesc></subclass><subclass subnum="320" id="C329S320000"><sctitle>By cancelling distortion, noise or other interference: </sctitle><parent ref="C329S318000" doc="Class329.sgm">subclass 318</parent><scdesc>Subject matter which combines a derived error or deviation
signal with an intermediate demodulator signal to achieve neutralization
of an undesirable characteristic in the final demodulator output.</scdesc></subclass><subclass subnum="321" id="C329S321000"><sctitle>Using amplitude limiting within the demodulator: </sctitle><parent ref="C329S318000" doc="Class329.sgm">subclass 318</parent><scdesc>Subject matter which restricts the magnitude of signal fluctuations
within the demodulator itself to achieve the neutralization.</scdesc><srchout><crecord><classnum ref="C455S000000" doc="Class455.sgm">455</classnum><subref><clstitle>Telecommunications</clstitle><pretext></pretext><subnum range="p" ref="C455S308000" doc="Class455.sgm">308</subnum></subref><descript><para> and particularly subclass 309 for amplitude limiting
in a receiver noise elimination structure.</para></descript></crecord></srchout></subclass><subclass subnum="322" id="C329S322000"><sctitle>Including microwave or distributed parameter structure:</sctitle><parent ref="C329S315000" doc="Class329.sgm">subclass 315</parent><scdesc>Subject matter utilizing a structure or device which is
peculiar to microwave frequencies or which has resistance, inductance
or capacitance not concentrated in lumped circuit elements.</scdesc><srchin><srecord><subnum ref="C329S354000" doc="Class329.sgm">354</subnum><descript><para>for similar structure in an amplitude modulation
demodulator.</para></descript></srecord></srchin></subclass><subclass subnum="323" id="C329S323000"><sctitle>Input signal combined with local oscillator or carrier
frequency signal:</sctitle><parent ref="C329S315000" doc="Class329.sgm">subclass 315</parent><scdesc>Subject matter where the modulated signal input to the demodulator
interacts therein with oscillations from a secondary source.</scdesc><notes><note1 notenum="(1)"><para>Note.  The secondary oscillations may be internally generated
or externally supplied and may be at a frequency other than that
of the modulated input signal&quot;s carrier.</para></note1></notes><srchin><srecord><subnum ref="C329S302000" doc="Class329.sgm">302</subnum><descript><para>for similar structure in a frequency shift keying
or minimum shift keying demodulator.</para></descript></srecord><srecord><subnum range="p" ref="C329S306000" doc="Class329.sgm">306</subnum><descript><para>for similar structure in a phase shift keying or
quadrature amplitude demodulator.</para></descript></srecord><srecord><subnum ref="C329S346000" doc="Class329.sgm">346</subnum><descript><para>for similar structure in a phase modulation demodulator.</para></descript></srecord><srecord><subnum range="p" ref="C329S358000" doc="Class329.sgm">358</subnum><descript><para>for similar structure in an amplitude modulation
demodulator.</para></descript></srecord></srchin><srchout><crecord><classnum ref="C455S000000" doc="Class455.sgm">455</classnum><subref><clstitle>Telecommunications</clstitle><pretext></pretext><subnum range="p" ref="C455S208000" doc="Class455.sgm">208</subnum></subref><descript><para> for synchronized or controlled local oscillator
in a FM receiver and subclasses 255&plus; for generic local
oscillator frequency control in a receiver.</para></descript></crecord></srchout></subclass><subclass subnum="324" id="C329S324000"><sctitle>Input signal applied directly to local oscillator: </sctitle><parent ref="C329S323000" doc="Class329.sgm">subclass 323</parent><scdesc>Subject matter in which the modulated input signal has a
direct interaction with the secondary source of oscillations and
where the modulating signal is extracted directly therefrom.</scdesc></subclass><subclass subnum="325" id="C329S325000"><sctitle>Including phase or frequency locked loop: </sctitle><parent ref="C329S323000" doc="Class329.sgm">subclass 323</parent><scdesc>Subject matter in which a phase or frequency locked loop
provides stability to the secondary source of oscillations.</scdesc><srchout><crecord><classnum ref="C331S000000" doc="Class331.sgm">331</classnum><subref><clstitle>Oscillators</clstitle><pretext></pretext><subnum range="p" ref="C331S001000" doc="Class331.sgm">1</subnum></subref><descript><para> for phase or frequency locked loops, per se.</para></descript></crecord><crecord><classnum ref="C455S000000" doc="Class455.sgm">455</classnum><subref><clstitle>Telecommunications</clstitle><pretext></pretext><subnum range="s" ref="C455S260000" doc="Class455.sgm">260</subnum></subref><descript><para> for phase lock loop or frequency synthesizer in
a receiver.</para></descript></crecord></srchout></subclass><subclass subnum="326" id="C329S326000"><sctitle>Including discrete semiconductor device: </sctitle><parent ref="C329S325000" doc="Class329.sgm">subclass 325</parent><scdesc>Subject matter containing an electrical device whose constituent
portions are constructed from solid material having room temperature conductivity
between that of a conductor and an insulator and which conductivity
is typically modified through the addition of small amounts of dopant.</scdesc><notes><note1 notenum="(1)"><para>Note.  This might include, for example, semiconductor diodes
or transistors of diverse type.</para></note1></notes></subclass><subclass subnum="327" id="C329S327000"><sctitle>Input signal split into plural signals:</sctitle><parent ref="C329S315000" doc="Class329.sgm">subclass 315</parent><scdesc>Subject matter where the modulated signal input to the demodulator
is separated into a plurality of closely analogous or identical
representations.</scdesc><srchin><srecord><subnum range="p" ref="C329S363000" doc="Class329.sgm">363</subnum><descript><para>for input signal splitting in an AM demodulator.</para></descript></srecord></srchin></subclass><subclass subnum="328" id="C329S328000"><sctitle>Including piezoelectric resonant element:</sctitle><parent ref="C329S327000" doc="Class329.sgm">subclass 327</parent><scdesc>Subject matter which incorporates a resonant component having
the ability to transform mechanical energy into electrical energy
(e.g., piezoelectric).</scdesc><notes><note1 notenum="(1)"><para>Note.  Piezoelectric resonant elements are typically crystals.</para></note1></notes><srchout><crecord><classnum ref="C310S000000" doc="Class310.sgm">310</classnum><subref><clstitle>Electrical Generator or Motor Structure</clstitle><pretext></pretext><subnum range="p" ref="C310S311000" doc="Class310.sgm">311</subnum></subref><descript><para> for piezoelectric elements, per se.</para></descript></crecord></srchout></subclass><subclass subnum="329" id="C329S329000"><sctitle>Using a transformer to split input signal:</sctitle><parent ref="C329S327000" doc="Class329.sgm">subclass 327</parent><scdesc>Subject matter in which the separated signal representations
are obtained at the various wound portions of a transformer (e.g.,
primary or secondary windings).</scdesc></subclass><subclass subnum="330" id="C329S330000"><sctitle>Signals taken from primary and secondary windings:</sctitle><parent ref="C329S329000" doc="Class329.sgm">subclass 329</parent><scdesc>Subject matter where representations of the modulated input
signal are extracted from the primary and the secondary windings
of the transformer.</scdesc></subclass><subclass subnum="331" id="C329S331000"><sctitle>Including plural detector diodes (e.g., ratio detector
type):</sctitle><parent ref="C329S330000" doc="Class329.sgm">subclass 330</parent><scdesc>Subject matter which additionally utilizes a plurality of
diodes in demodulation.</scdesc><notes><note1 notenum="(1)"><para>Note.  An example of this structure is a ratio detector where
the ratio of a pair of diode rectified currents is proportional
to frequency variations of an input signal.</para></note1></notes></subclass><subclass subnum="332" id="C329S332000"><sctitle>Signals taken from plural secondary windings:</sctitle><parent ref="C329S329000" doc="Class329.sgm">subclass 329</parent><scdesc>Subject matter where representations of the modulated input
signal are extracted from plural secondary windings of the transformer.</scdesc></subclass><subclass subnum="333" id="C329S333000"><sctitle>Including plural detector diodes (e.g., ratio detector
type):</sctitle><parent ref="C329S332000" doc="Class329.sgm">subclass 332</parent><scdesc>Subject matter which additionally utilizes a plurality of
diodes in demodulation.</scdesc><notes><note1 notenum="(1)"><para>Note.  An example of this structure is a ratio detector where
the ratio of a pair of diode rectified currents is proportional
to frequency variations of an input signal.</para></note1></notes></subclass><subclass subnum="334" id="C329S334000"><sctitle>Including resonant circuits tuned above and below input
signal carrier frequency:</sctitle><parent ref="C329S333000" doc="Class329.sgm">subclass 333</parent><scdesc>Subject matter which additionally utilizes a pair of tuned
circuits having resonant frequencies above and below the carrier
frequency of the input signal.</scdesc></subclass><subclass subnum="335" id="C329S335000"><sctitle>Including plural detector diodes (e.g., ratio detector
type): </sctitle><parent ref="C329S329000" doc="Class329.sgm">subclass 329</parent><scdesc>Subject matter which additionally utilizes a plurality of
diodes in demodulation.</scdesc><notes><note1 notenum="(1)"><para>Note.  An example of this structure is a ratio detector where
the ratio of a pair of diode rectified currents is proportional
to frequency variations of an input signal.</para></note1></notes></subclass><subclass subnum="336" id="C329S336000"><sctitle>Input signal combined with phase shifted or delayed portion
of input signal: </sctitle><parent ref="C329S327000" doc="Class329.sgm">subclass 327</parent><scdesc>Subject matter in which an unmodified modulated signal is
subsequently combined with a time delayed version thereof.</scdesc><notes><note1 notenum="(1)"><para>Note.  Such a time delay can also be considered to be a phase
shift.</para></note1></notes><srchout><crecord><classnum ref="C455S000000" doc="Class455.sgm">455</classnum><subref><clstitle>Telecommunications</clstitle><pretext></pretext><subnum range="s" ref="C455S304000" doc="Class455.sgm">304</subnum></subref><descript><para> for phase shifting among plural signal paths used
in receiver noise elimination.</para></descript></crecord></srchout></subclass><subclass subnum="337" id="C329S337000"><sctitle>Including lc resonant phase shift circuit:</sctitle><parent ref="C329S336000" doc="Class329.sgm">subclass 336</parent><scdesc>Subject matter in which an inductive-capacitive resonant
network provides the required phase shift.</scdesc></subclass><subclass subnum="338" id="C329S338000"><sctitle>Input signal split by lc resonant circuit:</sctitle><parent ref="C329S327000" doc="Class329.sgm">subclass 327</parent><scdesc>Subject matter in which the input signal is separated into
plural representations by an inductive-capacitive resonant circuit.</scdesc></subclass><subclass subnum="339" id="C329S339000"><sctitle>Including lc resonant circuits tuned above and below input
signal carrier frequency:  </sctitle><parent ref="C329S338000" doc="Class329.sgm">subclass 338</parent><scdesc>Subject matter utilizing a pair of inductive-capacitive
tuned circuits having resonant frequencies above and below the carrier
frequency of the input signal.</scdesc></subclass><subclass subnum="340" id="C329S340000"><sctitle>Including plural detector diodes (e.g., ratio detector
type):</sctitle><parent ref="C329S327000" doc="Class329.sgm">subclass 327</parent><scdesc>Subject matter which additionally utilizes a plurality of
diodes in demodulation.</scdesc><notes><note1 notenum="(1)"><para>Note.  An example of this structure is a ratio detector where
the ratio of a pair of diode rectified currents is proportional
to frequency variations of an input signal.</para></note1></notes></subclass><subclass subnum="341" id="C329S341000"><sctitle>Input signal converted to and processed in pulse form (e.g.,
pulse counter or digital type demodulator):</sctitle><parent ref="C329S315000" doc="Class329.sgm">subclass 315</parent><scdesc>Subject matter in which the frequency modulated input signal
is first changed to a pulse equivalent and then processed.</scdesc><srchin><srecord><subnum range="p" ref="C329S311000" doc="Class329.sgm">311</subnum><descript><para>for pulse demodulators, per se.</para></descript></srecord></srchin></subclass><subclass subnum="342" id="C329S342000"><sctitle>Including discrete semiconductor device:</sctitle><parent ref="C329S341000" doc="Class329.sgm">subclass 341</parent><scdesc>Subject matter containing an electrical device whose constituent
portions are constructed from solid material having room temperature conductivity
between that of a conductor and an insulator and which conductivity
is typically modified through the addition of small amounts of dopant.</scdesc><notes><note1 notenum="(1)"><para>Note.  This might include, for example, semiconductor diodes
or transistors of diverse type.</para></note1></notes></subclass><subclass subnum="343" id="C329S343000"><sctitle>Including digital logic circuitry:</sctitle><parent ref="C329S341000" doc="Class329.sgm">subclass 341</parent><scdesc>Subject matter which includes processing circuitry which
is not exclusively of an analog nature.</scdesc><notes><note1 notenum="(1)"><para>Note.  Such components include, for example, AND gates, OR
gates, and J-K flip-flops.</para></note1></notes></subclass><subclass subnum="344" id="C329S344000"><sctitle>Input signal passed through single demodulating path including
resonant circuit: </sctitle><parent ref="C329S315000" doc="Class329.sgm">subclass 315</parent><scdesc>Subject matter in which the modulated input signal transits
a single demodulating circuit path which contains a tuned circuit.</scdesc></subclass><subclass subnum="345" id="C329S345000"><sctitle>PHASE MODULATION DEMODULATOR:</sctitle><parent ref="C329S000000" doc="Class329.sgm">the class definition</parent><scdesc>Subject matter where the demodulator extracts the modulating
signal from a modulated signal which has undergone phase modulation.</scdesc><notes><note1 notenum="(1)"><para>Note.  Phase modulation occurs when the phase of a carrier
is varied over a continuum of values in accordance with the modulating
signal.</para></note1><note1 notenum="(2)"><para>Note.  This subclass includes phase modulation demodulators,
per se.  See SEARCH CLASS notes below for combinations with the
subject matter of this subclass.</para></note1></notes><srchin><srecord><subnum range="p" ref="C329S304000" doc="Class329.sgm">304</subnum><descript><para>for a phase shift keying or quadrature amplitude
demodulator.</para></descript></srecord><srecord><subnum range="p" ref="C329S311000" doc="Class329.sgm">311</subnum><descript><para>for a pulse demodulator.</para></descript></srecord><srecord><subnum range="p" ref="C329S315000" doc="Class329.sgm">315</subnum><descript><para>for a frequency demodulator.</para></descript></srecord><srecord><subnum range="p" ref="C329S347000" doc="Class329.sgm">347</subnum><descript><para>for an amplitude demodulator.</para></descript></srecord></srchin><srchout><crecord><classnum ref="C455S000000" doc="Class455.sgm">455</classnum><subref><clstitle>Telecommunications</clstitle><pretext></pretext><subnum range="p" ref="C455S042000" doc="Class455.sgm">42</subnum></subref><descript><para> for phase demodulation in a system with separated
transmitter and receiver, and subclasses 205&plus; for a combination
of phase demodulator with receiving structure.</para></descript></crecord></srchout></subclass><subclass subnum="346" id="C329S346000"><sctitle>Input signal combined with local oscillator or carrier
frequency signal:</sctitle><parent ref="C329S345000" doc="Class329.sgm">subclass 345</parent><scdesc>Subject matter where the modulated signal input to the demodulator
interacts therein with oscillations from a secondary source.</scdesc><notes><note1 notenum="(1)"><para>Note.  The secondary oscillations may be internally generated
or externally supplied and may be at a frequency other than that
of the modulated input signal&quot;s carrier.</para></note1></notes><srchin><srecord><subnum ref="C329S302000" doc="Class329.sgm">302</subnum><descript><para>for similar structure in a frequency shift keying
or minimum shift keying demodulator.</para></descript></srecord><srecord><subnum range="p" ref="C329S306000" doc="Class329.sgm">306</subnum><descript><para>for similar structure in a phase shift keying or
quadrature amplitude demodulator.</para></descript></srecord><srecord><subnum range="p" ref="C329S323000" doc="Class329.sgm">323</subnum><descript><para>for similar structure in a frequency modulation
demodulator.</para></descript></srecord><srecord><subnum range="p" ref="C329S358000" doc="Class329.sgm">358</subnum><descript><para>for similar structure in an amplitude modulation
demodulator.</para></descript></srecord></srchin><srchout><crecord><classnum ref="C455S000000" doc="Class455.sgm">455</classnum><subref><clstitle>Telecommunications</clstitle><pretext></pretext><subnum range="p" ref="C455S208000" doc="Class455.sgm">208</subnum></subref><descript><para> for a synchronized or controlled local oscillator
in a phase modulation receiver and subclasses 255&plus; for generic
local oscillator frequency control in a receiver.</para></descript></crecord></srchout></subclass><subclass subnum="347" id="C329S347000"><sctitle>AMPLITUDE MODULATION DEMODULATOR:</sctitle><parent ref="C329S000000" doc="Class329.sgm">the class definition</parent><scdesc>Subject matter where the demodulator extracts the modulating
signal from an input AM signal.</scdesc><notes><note1 notenum="(1)"><para>Note. Amplitude modulation is achieved by varying the amplitude
of a carrier over a continuum of values in accordance with a modulating
signal.</para></note1><note1 notenum="(2)"><para>Note.  This subclass includes amplitude modulation demodulators,
per se.  See the SEARCH CLASS note below for combinations with the
subject matter of this subclass.</para></note1></notes><srchin><srecord><subnum range="p" ref="C329S311000" doc="Class329.sgm">311</subnum><descript><para>for a pulse demodulator.</para></descript></srecord><srecord><subnum range="p" ref="C329S315000" doc="Class329.sgm">315</subnum><descript><para>for frequency modulation demodulator.</para></descript></srecord><srecord><subnum range="p" ref="C329S345000" doc="Class329.sgm">345</subnum><descript><para>for a phase modulation demodulator.</para></descript></srecord></srchin><srchout><crecord><classnum ref="C455S000000" doc="Class455.sgm">455</classnum><subref><clstitle>Telecommunications</clstitle><pretext></pretext><subnum range="p" ref="C455S130000" doc="Class455.sgm">130</subnum></subref><descript><para> for a telecommunication receiver utilizing an amplitude
modulation demodulator as a subcombination thereof.</para></descript></crecord></srchout></subclass><subclass subnum="348" id="C329S348000"><sctitle>Having plural demodulation outputs:</sctitle><parent ref="C329S347000" doc="Class329.sgm">subclass 347</parent><scdesc>Subject matter where there are more than one output signal
which as undergone demodulation, one of which must have undergone
amplitude demodulation.</scdesc></subclass><subclass subnum="349" id="C329S349000"><sctitle>Having specific distortion, noise or other interference
prevention, reduction or compensation:</sctitle><parent ref="C329S347000" doc="Class329.sgm">subclass 347</parent><scdesc>Subject matter including the neutralization of an undesirable
characteristic of an amplitude modulation demodulator or its signals.</scdesc><srchin><srecord><subnum range="p" ref="C329S318000" doc="Class329.sgm">318</subnum><descript><para>for distortion or noise control in a frequency modulation
demodulator.</para></descript></srecord></srchin><srchout><crecord><classnum ref="C455S000000" doc="Class455.sgm">455</classnum><subref><clstitle>Telecommunications</clstitle><pretext></pretext><subnum range="r" ref="C455S063100" doc="Class455.sgm">63.1</subnum><endnum ref="C455S065000" doc="Class455.sgm">65</endnum></subref><descript><para> and 501-506 for noise control in a telecommunication
system with separated transmitter and receiver, and subclasses 296-312
for receiver noise or interference control, particularly subclasses
309 and 312.</para></descript></crecord></srchout></subclass><subclass subnum="350" id="C329S350000"><sctitle>Automatic amplitude stabilization or control:</sctitle><parent ref="C329S349000" doc="Class329.sgm">subclass 349</parent><scdesc>Subject matter in which undesirable fluctuations in the
magnitude of a demodulator signal are eliminated or reduced.</scdesc></subclass><subclass subnum="351" id="C329S351000"><sctitle>Nonlinearity reduction or compensation:</sctitle><parent ref="C329S349000" doc="Class329.sgm">subclass 349</parent><scdesc>Subject matter where an undesirable nonlinear characteristic
of a demodulator, its components or its signals is neutralized.</scdesc></subclass><subclass subnum="352" id="C329S352000"><sctitle>Temperature compensation:</sctitle><parent ref="C329S349000" doc="Class329.sgm">subclass 349</parent><scdesc>Subject matter in which undesirable effects of ambient temperature
on a demodulator are diminished.</scdesc></subclass><subclass subnum="353" id="C329S353000"><sctitle>Noise reduction or compensation:</sctitle><parent ref="C329S349000" doc="Class329.sgm">subclass 349</parent><scdesc>Subject matter in which undesired signal components superimposed
upon a desired demodulator signal are attenuated.</scdesc><notes><note1 notenum="(1)"><para>Note.  In some instances, noise is generated due to an inherent
characteristic of a demodulator circuit component.</para></note1></notes></subclass><subclass subnum="354" id="C329S354000"><sctitle>Including microwave or distributed parameter structure:</sctitle><parent ref="C329S347000" doc="Class329.sgm">subclass 347</parent><scdesc>Subject matter utilizing a structure or device which is
peculiar to microwave frequencies or which has resistance, inductance
or capacitance not concentrated in lumped circuit elements.</scdesc><srchin><srecord><subnum ref="C329S322000" doc="Class329.sgm">322</subnum><descript><para>for similar structure in a frequency modulation
demodulator.</para></descript></srecord></srchin></subclass><subclass subnum="355" id="C329S355000"><sctitle>With electron discharge device: </sctitle><parent ref="C329S354000" doc="Class329.sgm">subclass 354</parent><scdesc>Subject matter utilizing a device which has electrical current
flow between two spaced electrodes in a gas, vapor or vacuum.</scdesc><notes><note1 notenum="(1)"><para>Note.  This might include, for example, vacuum or gas tubes
such as diodes, triodes or pentodes.</para></note1><note1 notenum="(2)"><para>Note.  Additional control electrodes may be present.</para></note1></notes></subclass><subclass subnum="356" id="C329S356000"><sctitle>Suppressed carrier double sideband type: </sctitle><parent ref="C329S347000" doc="Class329.sgm">subclass 347</parent><scdesc>Subject matter where the input AM signal has had the carrier
attenuated and both sidebands are present.</scdesc><srchout><crecord><classnum ref="C455S000000" doc="Class455.sgm">455</classnum><subref><clstitle>Telecommunications</clstitle><pretext></pretext><subnum range="s" ref="C455S046000" doc="Class455.sgm">46</subnum></subref><descript><para> for a suppressed carrier system having separated
transmitter and receiver and subclass 202 for a suppressed carrier- type
receiver.</para></descript></crecord></srchout></subclass><subclass subnum="357" id="C329S357000"><sctitle>Single or vestigial sideband type: </sctitle><parent ref="C329S347000" doc="Class329.sgm">subclass 347</parent><scdesc>Subject matter where the input AM signal has less than two
complete sidebands present.</scdesc><notes><note1 notenum="(1)"><para>Note.  The carrier may or may not be present in the input
signal.</para></note1></notes><srchout><crecord><classnum ref="C455S000000" doc="Class455.sgm">455</classnum><subref><clstitle>Telecommunications</clstitle><pretext></pretext><subnum range="s" ref="C455S047000" doc="Class455.sgm">47</subnum></subref><descript><para> for a single or vestigial sideband system with
separated transmitter and receiver and subclasses 203 or 204 for a
single sideband or vestigial sideband-type receiver, respectively.</para></descript></crecord></srchout></subclass><subclass subnum="358" id="C329S358000"><sctitle>Input signal combined with local oscillator or carrier
frequency signal (e.g., synchronous demodulator): </sctitle><parent ref="C329S347000" doc="Class329.sgm">subclass 347</parent><scdesc>Subject matter where the modulated signal input to the demodulator
interacts therein with oscillations from a secondary source.</scdesc><notes><note1 notenum="(1)"><para>Note.  The secondary oscillations may be internally generated
or externally supplied and may be at a frequency other than that
of the modulated input signal&quot;s carrier.</para></note1><note1 notenum="(2)"><para>Note.  A synchronous demodulator uses a local carrier frequency
signal synchronized with the carrier of the modulated input signal
to cancel out the modulated input signal&quot;s carrier.</para></note1></notes><srchin><srecord><subnum ref="C329S302000" doc="Class329.sgm">302</subnum><descript><para>for similar structure in a frequency shift keying
or minimum shift keying demodulator.</para></descript></srecord><srecord><subnum range="p" ref="C329S306000" doc="Class329.sgm">306</subnum><descript><para>for similar structure in a phase shift keying or
quadrature amplitude demodulator.</para></descript></srecord><srecord><subnum range="p" ref="C329S323000" doc="Class329.sgm">323</subnum><descript><para>for similar structure in a frequency modulation
demodulator.</para></descript></srecord><srecord><subnum ref="C329S346000" doc="Class329.sgm">346</subnum><descript><para>for similar structure in a phase modulation demodulator.</para></descript></srecord></srchin><srchout><crecord><classnum ref="C455S000000" doc="Class455.sgm">455</classnum><subref><clstitle>Telecommunications</clstitle><pretext></pretext><subnum range="p" ref="C455S255000" doc="Class455.sgm">255</subnum></subref><descript><para> for generic local oscillator frequency control
in a receiver.</para></descript></crecord></srchout></subclass><subclass subnum="359" id="C329S359000"><sctitle>Input signal applied directly to local oscillator:</sctitle><parent ref="C329S358000" doc="Class329.sgm">subclass 358</parent><scdesc>Subject matter where the input AM signal interacts directly
with the local secondary source of oscillations.</scdesc></subclass><subclass subnum="360" id="C329S360000"><sctitle>Including phase or frequency locked loop:</sctitle><parent ref="C329S358000" doc="Class329.sgm">subclass 358</parent><scdesc>Subject matter in which frequency stability is provided
to the secondary source of oscillations by a phase or frequency
locked loop.</scdesc><srchout><crecord><classnum ref="C331S000000" doc="Class331.sgm">331</classnum><subref><clstitle>Oscillators</clstitle><pretext></pretext><subnum range="p" ref="C331S001000" doc="Class331.sgm">1</subnum></subref><descript><para> for phase or frequency locked loops, per se.</para></descript></crecord><crecord><classnum ref="C455S000000" doc="Class455.sgm">455</classnum><subref><clstitle>Telecommunications</clstitle><pretext></pretext><subnum range="s" ref="C455S260000" doc="Class455.sgm">260</subnum></subref><descript><para> for phase locked loop or frequency synthesizer
in a receiver.</para></descript></crecord></srchout></subclass><subclass subnum="361" id="C329S361000"><sctitle>Including sampling, gating or switching:</sctitle><parent ref="C329S358000" doc="Class329.sgm">subclass 358</parent><scdesc>Subject matter which additionally includes signal processing
of an interruptive or discrete nature.</scdesc><notes><note1 notenum="(1)"><para>Note.  This may include, for example, chopping of the modulated
input signal.</para></note1></notes></subclass><subclass subnum="362" id="C329S362000"><sctitle>With three or more terminal discrete semiconductor device:</sctitle><parent ref="C329S361000" doc="Class329.sgm">subclass 361</parent><scdesc>Subject matter utilizing an electrical device with three
external connection points where the constituent portions of the
device are constructed from solid material having room temperature
conductivity between that of a conductor and an insulator and which
conductivity is typically modified through the addition of small
amounts of dopant.</scdesc><notes><note1 notenum="(1)"><para>Note.  This might include, for example, semiconductor diodes
or transistors of diverse type.</para></note1></notes></subclass><subclass subnum="363" id="C329S363000"><sctitle>Input signal split into plural signals:</sctitle><parent ref="C329S347000" doc="Class329.sgm">subclass 347</parent><scdesc>Subject matter in which the modulated signal input to the
demodulator is separated into a plurality of closely analogous or
identical representations.</scdesc><srchin><srecord><subnum range="p" ref="C329S327000" doc="Class329.sgm">327</subnum><descript><para>for input signal splitting in a frequency modulation
demodulator.</para></descript></srecord></srchin></subclass><subclass subnum="364" id="C329S364000"><sctitle>Including three or more terminal discrete semiconductor
device:</sctitle><parent ref="C329S363000" doc="Class329.sgm">subclass 363</parent><scdesc>Subject matter utilizing an electrical device with three
external connection points where the constituent portions of the
device are constructed from solid material having room temperature
conductivity between that of a conductor and an insulator and which
conductivity is typically modified through the addition of small
amounts of dopant.</scdesc><notes><note1 notenum="(1)"><para>Note.  This might include, for example, semiconductor diodes
or transistors of diverse type.</para></note1></notes></subclass><subclass subnum="365" id="C329S365000"><sctitle>Including diode demodulator device:</sctitle><parent ref="C329S363000" doc="Class329.sgm">subclass 363</parent><scdesc>Subject matter utilizing a unidirectional electrical element
as demodulator.</scdesc><notes><note1 notenum="(1)"><para>Note.  The diodes of this subclass may be either semiconductor
or tube type.</para></note1></notes></subclass><subclass subnum="366" id="C329S366000"><sctitle>Plural diodes:</sctitle><parent ref="C329S365000" doc="Class329.sgm">subclass 365</parent><scdesc>Subject matter having a plurality of demodulating unidirectional
electrical elements.</scdesc></subclass><subclass subnum="367" id="C329S367000"><sctitle>Including regenerative feedback in nonoscillating demodulator:</sctitle><parent ref="C329S347000" doc="Class329.sgm">subclass 347</parent><scdesc>Subject matter in which an AM demodulator, not requiring
a supplemental source of oscillations to achieve demodulation, positively
feeds back a portion of its output to provide signal enhancement.</scdesc></subclass><subclass subnum="368" id="C329S368000"><sctitle>Electron discharge demodulator device having more than
two electrodes (e.g., triode, tetrode, etc.):</sctitle><parent ref="C329S347000" doc="Class329.sgm">subclass 347</parent><scdesc>Subject matter in which an AM demodulator utilizes a device
which has electrical current flow between two spaced electrodes
in a gas, vapor or vacuum and which current flow is controlled by
an additional electrode.</scdesc></subclass><subclass subnum="369" id="C329S369000"><sctitle>Including three or more terminal discrete semiconductor
demodulator device:</sctitle><parent ref="C329S347000" doc="Class329.sgm">subclass 347</parent><scdesc>Subject matter in which the AM demodulator utilizes an electrical
device with three external connection points where the constituent
portions of the device are constructed from solid material having
room temperature conductivity between that of a conductor and an
insulator and which conductivity is typically modified through the
addition of small amounts of dopant.</scdesc><notes><note1 notenum="(1)"><para>Note.  This might include, for example, semiconductor diodes
or transistors of diverse type.</para></note1></notes></subclass><subclass subnum="370" id="C329S370000"><sctitle>Including diode demodulator device:</sctitle><parent ref="C329S347000" doc="Class329.sgm">subclass 347</parent><scdesc>Subject matter where the AM demodulator incorporates a unidirectional
electrical element.</scdesc><notes><note1 notenum="(1)"><para>Note.  The diodes of this subclass may be either semiconductor
or tube type.</para></note1></notes></subclass><subclass subnum="371" id="C329S371000"><sctitle>Coherer type demodulator: </sctitle><parent ref="C329S347000" doc="Class329.sgm">subclass 347</parent><scdesc>Subject matter where the demodulating element includes conductors
loosely resting against each other in imperfect conducting contact,
the conductors being of such a material and shape that passage of
a high frequency current therethrough modifies the conducting contact.</scdesc><notes><note1 notenum="(1)"><para>Note.  Usually the demodulating element is formed from loosely
packed metallic granules, whose contact resistance decreases upon
passage of a high frequency current therethrough.  However, the
contact resistance may increase under these conditions to constitute
an anticoherer, which is also included here.</para></note1><note1 notenum="(2)"><para>Note.  The coherer often includes structure, namely, a decoherer,
for breaking the coherence established by the high frequency current.</para></note1></notes><srchout><crecord><classnum ref="C178S000000" doc="Class178.sgm">178</classnum><subref><clstitle>Telegraphy</clstitle><pretext></pretext><subnum range="s" ref="C178S117000" doc="Class178.sgm">117</subnum></subref><descript><para> for an alternating current teles:graphic system utilizing
a coherer.</para></descript></crecord><crecord><classnum ref="C257S000000" doc="Class257.sgm">257</classnum><subref><clstitle>Active Solid-State Devices (e.g., Transistors,
Solid-State Diodes)</clstitle><pretext></pretext><subnum range="s" ref="C257S043000" doc="Class257.sgm">43</subnum></subref><descript><para> for active solid-state type coherers.</para></descript></crecord><crecord><classnum ref="C338S000000" doc="Class338.sgm">338</classnum><subref><clstitle>Electrical Resistors</clstitle><pretext></pretext><subnum range="s" ref="C338S001000" doc="Class338.sgm">1</subnum></subref><descript><para> for coherer-type resistors, per se.</para></descript></crecord></srchout></subclass><subclass subnum="372" id="C329S372000"><sctitle>MISCELLANEOUS:</sctitle><parent ref="C329S000000" doc="Class329.sgm">the class definition</parent><scdesc>Subject matter not provided for in any previous subclass.</scdesc></subclass></sclasses>
</class>
