<?xml version="1.0" encoding="UTF-8"?>
<!DOCTYPE class PUBLIC "-//USPTO//DTD Classification Definitions//EN" "xclassdef.dtd" [

<!-- Begin Document Specific Declarations -->

<!-- End Document Specific Declarations -->

]>
<?xml-stylesheet href="classdef.xsl" type="text/XSL"?>

<class classnum = "109" id = "C109S000000"><title>SAFES, BANK PROTECTION,
OR A RELATED DEVICE</title>
<sections><descsect>
<para>This is the generic class for:</para>
<para>(A) Safes:  </para>
<para>All buildings and receptacles which have combined therewith
(a) means in addition to their structure and&sol;or (b) means
built into their structure, for repelling or protecting their contents
(including living beings) from explosion, penetration of missiles,
other attacks by force or stealth (including burglary or larceny),
fire, or for any other protective, or safe-guarding purpose not
elsewhere provided for.</para>
<para>(B) Bank protection devices:  </para>
<para>Banks, stores, or other related institutions, having means to
protect or defend them and their personnel against a burglary or
robbery attack.</para>
<para>(C) Related devices:  </para>
<para>All devices not elsewhere classified for preventing physical
objects (including living beings) from being harmed by violence
of any kind, or from getting into unauthorized possession of any
person.</para>
</descsect>
<linesect>
<notes><note1 notenum = "(1)">
<para>Note.The recitation of a closure fastener or lock upon a building
or receptacle is not considered a protecting means within this class.
 Where the fastening means or lock is claimed in combination with
features for this class, see the subclasses of this class (see References
to Other Classes, below) subclass 59 and indented subclasses of
this class.  Locks, closure fasteners and their combinations with
building or receptacle structures will be found in the classes in References
to Other Classes, below,  referencing this (1) Note. </para></note1>
<note1 notenum = "(2)">
<para>Note. The mere recitation of a resistant wall, without going
into the structure which makes the wall resistant for the purposes
of this class does not constitute a safe within the meaning of this
class, but will be found in the appropriate building and receptacle classes,
Particular attention is directed to subclasses for buildings including
a terrane an feature. See classes in References to Other Classes,
below, with reference to this (2) Note. </para></note1></notes>
</linesect>
<stcssect>
<srchin>
<srecord><subnum range = "p" ref = "C109S059000" doc = "Class109.sgm">59</subnum>
<descript><para>for fastening means or lock claimed in combination
with features for this class.</para></descript></srecord></srchin>
</stcssect>
<scsect>
<srchout>
<crecord><classnum ref = "C049S000000" doc = "Class049.sgm">49</classnum>
<subref><clstitle>Movable or Removable Closures</clstitle>
<pretext></pretext></subref>
<descript><para>for closures of the type provided for.</para></descript></crecord>
<crecord><classnum ref = "C052S000000" doc = "Class052.sgm">52</classnum>
<subref><clstitle>Static Structures (e.g., Buildings)</clstitle>
<pretext></pretext>
<subnum range = "s" ref = "C052S106000" doc = "Class052.sgm">106</subnum></subref>
<descript><para> for residual jail type structures and subclass 660
for fabric or lattice (e.g., grille type openwork), per se, even
though defined as useful for the purposes of Class 109. See (1)
Note  of Lines With Other Classes, above. </para></descript></crecord>
<crecord><classnum ref = "C052S000000" doc = "Class052.sgm">52</classnum>
<subref><clstitle>Static Structures (e.g., Buildings)</clstitle>
<pretext>appropriate subclasses for miscellaneous reinforced building
structures having no features other than those adding structural
strength to the construction even though defined as useful for the
purposes of Class 109. Particular attention is directed to </pretext>
<subnum range = "p" ref = "C052S169000" doc = "Class052.sgm">169</subnum></subref>
<descript><para> for buildings including a terrane an feature. See
(2) Note, Lines With Other Classes, above.</para></descript></crecord>
<crecord><classnum ref = "C070S000000" doc = "Class070.sgm">70</classnum>
<subref><clstitle>Locks</clstitle>
<pretext></pretext>
<subnum range = "s" ref = "C070S077000" doc = "Class070.sgm">77</subnum></subref>
<descript><para> (See (1) Note, Lines With Other Classes, above).</para></descript></crecord>
<crecord><classnum ref = "C089S000000" doc = "Class089.sgm">89</classnum>
<subref><clstitle>Ordnance</clstitle>
<pretext></pretext>
<subnum range = "p" ref = "C089S03610" doc = "Class089.sgm">36.01</subnum></subref>
<descript><para> for shields for ordnance and for related shielding
structures.</para></descript></crecord>
<crecord><classnum ref = "C105S000000" doc = "Class105.sgm">105</classnum>
<subref><clstitle>Railway Rolling Stock</clstitle>
<pretext></pretext>
<subnum range = "r" ref = "C105S308000" doc = "Class105.sgm">308</subnum></subref>
<descript><para>, 395, 435 (See (1) Note, Lines With Other Classes, above).</para></descript></crecord>
<crecord><classnum ref = "C105S000000" doc = "Class105.sgm">105</classnum>
<subref><clstitle>Railway Rolling Stock</clstitle>
<pretext></pretext>
<subnum range = "s" ref = "C105S394000" doc = "Class105.sgm">394</subnum></subref>
<descript><para>, for armored and protected railway rolling stock bodies.</para></descript></crecord>
<crecord><classnum ref = "C114S000000" doc = "Class114.sgm">114</classnum>
<subref><clstitle>Ships</clstitle>
<pretext></pretext>
<subnum range = "s" ref = "C114S009000" doc = "Class114.sgm">9</subnum></subref>
<descript><para>, for armored ships and armor therefor.</para></descript></crecord>
<crecord><classnum ref = "C116S000000" doc = "Class116.sgm">116</classnum>
<subref><clstitle>Signals and Indicators</clstitle>
<pretext></pretext>
<subnum range = "s" ref = "C116S008000" doc = "Class116.sgm">8</subnum></subref>
<descript><para> (See (1) Note, Lines With Other Classes, above).</para></descript></crecord>
<crecord><classnum ref = "C137S000000" doc = "Class137.sgm">137</classnum>
<subref><clstitle>Fluid Handling</clstitle>
<pretext></pretext>
<subnum range = "s" ref = "C137S383000" doc = "Class137.sgm">383</subnum></subref>
<descript><para> (See (1) Note, Lines With Other Classes, above).</para></descript></crecord>
<crecord><classnum ref = "C169S000000" doc = "Class169.sgm">169</classnum>
<subref><clstitle>Fire Extinguishers</clstitle>
<pretext></pretext></subref>
<descript><para>for fire extinguishers of general application.</para></descript></crecord>
<crecord><classnum ref = "C174S000000" doc = "Class174.sgm">174</classnum>
<subref><clstitle>Electricity: Conductors and Insulators</clstitle>
<pretext></pretext>
<subnum range = "s" ref = "C174S002000" doc = "Class174.sgm">2</subnum></subref>
<descript><para>, for lightning protection of buildings, persons
or any other object.</para></descript></crecord>
<crecord><classnum ref = "C187S000000" doc = "Class187.sgm">187</classnum>
<subref><clstitle>Elevator, Industrial Lift Truck, or Stationary Lift
for Vehicle</clstitle>
<pretext></pretext>
<subnum range = "r" ref = "C187S331000" doc = "Class187.sgm">331</subnum></subref>
<descript><para> and 335 for means for locking a barrier to prevent
access to an elevator car.  (See (1) Note, Lines With Other Classes,
above). </para></descript></crecord>
<crecord><classnum ref = "C190S000000" doc = "Class190.sgm">190</classnum>
<subref><clstitle>Trunks and Hand-Carried Luggage</clstitle>
<pretext></pretext>
<subnum range = "s" ref = "C190S056000" doc = "Class190.sgm">56</subnum></subref>
<descript><para> (See (1) Note Lines With Other Classes, above.
Also see the (2) Note).</para></descript></crecord>
<crecord><classnum ref = "C194S000000" doc = "Class194.sgm">194</classnum>
<subref><clstitle>Check-Actuated Control Mechanisms</clstitle>
<pretext></pretext>
<subnum range = "r" ref = "C194S051000" doc = "Class194.sgm">51</subnum></subref>
<descript><para>, 59, 65. (See (1) Note, Lines With Other Classes,
above).</para></descript></crecord>
<crecord><classnum ref = "C206S000000" doc = "Class206.sgm">206</classnum>
<subref><clstitle>Special Receptacle or Package</clstitle>
<pretext></pretext>
<subnum range = "s" ref = "C206S001500" doc = "Class206.sgm">1.5</subnum></subref>
<descript><para>.  (See (1) Note Lines With Other Classes, above. Also
see the (2) Note.)</para></descript></crecord>
<crecord><classnum ref = "C211S000000" doc = "Class211.sgm">211</classnum>
<subref><clstitle>Supports: Racks</clstitle>
<pretext></pretext>
<subnum range = "s" ref = "C211S004000" doc = "Class211.sgm">4</subnum></subref>
<descript><para>, for racks with article-locking devices therein.</para></descript></crecord>
<crecord><classnum ref = "C215S000000" doc = "Class215.sgm">215</classnum>
<subref><clstitle>Bottles and Jars</clstitle>
<pretext></pretext>
<subnum range = "s" ref = "C215S207000" doc = "Class215.sgm">207</subnum></subref>
<descript><para>. (See (1) Note, Lines With Other Classes, above)</para></descript></crecord>
<crecord><classnum ref = "C217S000000" doc = "Class217.sgm">217</classnum>
<subref><clstitle>Wooden Receptacles</clstitle>
<pretext></pretext></subref>
<descript><para>(See (2) Note of Lines With Other Classes, above).</para></descript></crecord>
<crecord><classnum ref = "C220S000000" doc = "Class220.sgm">220</classnum>
<subref><clstitle>Receptacles</clstitle>
<pretext></pretext></subref>
<descript><para>(See (2) Note of Lines With Other Classes, above).</para></descript></crecord>
<crecord><classnum ref = "C232S000000" doc = "Class232.sgm">232</classnum>
<subref><clstitle>Deposit and Collection Receptacles</clstitle>
<pretext></pretext>
<subnum range = "s" ref = "C232S043100" doc = "Class232.sgm">43.1</subnum></subref>
<descript><para> and subclass 44, for closure and chute subcombinations,
for safes of the deposit and collection type.</para></descript></crecord>
<crecord><classnum ref = "C244S000000" doc = "Class244.sgm">244</classnum>
<subref><clstitle>Aeronautics and Astronautics</clstitle>
<pretext></pretext>
<subnum range = "s" ref = "C244S121000" doc = "Class244.sgm">121</subnum></subref>
<descript><para>, for shields and other protective devices for aircraft.</para></descript></crecord>
<crecord><classnum ref = "C248S000000" doc = "Class248.sgm">248</classnum>
<subref><clstitle>Supports</clstitle>
<pretext></pretext>
<subnum range = "s" ref = "C248S551000" doc = "Class248.sgm">551</subnum></subref>
<descript><para>, for bracket type devices combined with anti-theft
means.</para></descript></crecord>
<crecord><classnum ref = "C292S000000" doc = "Class292.sgm">292</classnum>
<subref><clstitle>Closure Fasteners</clstitle>
<pretext></pretext></subref>
<descript><para> (See (1) Note, Lines With Other Classes, above).</para></descript></crecord>
<crecord><classnum ref = "C293S000000" doc = "Class293.sgm">293</classnum>
<subref><clstitle>Vehicle Fenders</clstitle>
<pretext></pretext></subref>
<descript><para>for vehicle fenders, and bumpers.</para></descript></crecord>
<crecord><classnum ref = "C312S000000" doc = "Class312.sgm">312</classnum>
<subref><clstitle>Supports: Cabinet Structure</clstitle>
<pretext></pretext>
<subnum range = "r" ref = "C312S107500" doc = "Class312.sgm">107.5</subnum></subref>
<descript><para>, 215, 216, 222, and 333. (See (1) Note, Lines With
Other Classes, above. Also see the (2) note above.)</para></descript></crecord>
<crecord><classnum ref = "C404S000000" doc = "Class404.sgm">404</classnum>
<subref><clstitle>Road Structure, Process, or Apparatus</clstitle>
<pretext></pretext>
<subnum range = "s" ref = "C404S025000" doc = "Class404.sgm">25</subnum></subref>
<descript><para>, for a pavement with a vault cover-closure. (See
(1) Note, Lines With Other Classes, above).</para></descript></crecord>
<crecord><classnum ref = "C428S000000" doc = "Class428.sgm">428</classnum>
<subref><clstitle>Stock Material or Miscellaneous Articles</clstitle>
<pretext>appropriate subclasses, for a stock material product in
the form of a single or plural layer web or sheet, and </pretext>
<subnum range = "s" ref = "C428S544000" doc = "Class428.sgm">544</subnum></subref>
<descript><para> for stock materials, e.g., of indefinite length,
which are all metal or have adjacent metal components.</para></descript></crecord>
<crecord><classnum ref = "C441S000000" doc = "Class441.sgm">441</classnum>
<subref><clstitle>Buoys, Rafts, and Aquatic Devices</clstitle>
<pretext></pretext>
<subnum range = "s" ref = "C441S032000" doc = "Class441.sgm">32</subnum></subref>
<descript><para> for buoyant safes, including those adapted to float
in case of shipwreck.</para></descript></crecord>
<crecord><classnum ref = "C454S000000" doc = "Class454.sgm">454</classnum>
<subref><clstitle>Ventilation</clstitle>
<pretext>appropriate subclasses, particularly </pretext>
<subnum range = "p" ref = "C454S237000" doc = "Class454.sgm">237</subnum></subref>
<descript><para> and 254 for ventilated building structures.</para></descript></crecord></srchout>
</scsect></sections>
<sclasses>
<subclass subnum = "1" id = "C109S001000">
<sctitle>MISCELLANEOUS:</sctitle>
<parent ref = "C109S000000" doc = "Class109.sgm">the class definition</parent>
<scdesc>Devices and not classifiable below.  Included are processes
or methods relating to features of this class, cross-references
being made to the particular feature.</scdesc>
<srchout>
<crecord><classnum ref = "C052S000000" doc = "Class052.sgm">52</classnum>
<subref><clstitle>Static Structures (e.g., Buildings)</clstitle>
<pretext></pretext>
<subnum range = "p" ref = "C052S742100" doc = "Class052.sgm">742.1</subnum></subref>
<descript><para> for methods of filling hollow walls.</para></descript></crecord>
<crecord><classnum ref = "C073S000000" doc = "Class073.sgm">73</classnum>
<subref><clstitle>Measuring and Testing</clstitle>
<pretext></pretext>
<subnum range = "s" ref = "C073S035170" doc = "Class073.sgm">35.17</subnum></subref>
<descript><para> for a safety feature or a containment structure
detail for use in testing an explosive.</para></descript></crecord></srchout></subclass>
<subclass subnum = "2" id = "C109S002000">
<sctitle>BANK PROTECTION DEVICES:</sctitle>
<parent ref = "C109S000000" doc = "Class109.sgm">the class definition</parent>
<scdesc>Devices as defined in section II.  The device is often manually
actuated by an employee in a protected position.</scdesc></subclass>
<subclass subnum = "3" id = "C109S003000">
<sctitle>Trapping mechanisms:</sctitle>
<parent ref = "C109S002000" doc = "Class109.sgm">subclass 2</parent>
<scdesc>Devices for confining a person either against his will or
while transacting business.  The confining means is under the control
of one or more of the personnel of the bank or related institution.</scdesc>
<srchout>
<crecord><classnum ref = "C043S000000" doc = "Class043.sgm">43</classnum>
<subref><clstitle>Fishing, Trapping, and Vermin Destroying</clstitle>
<pretext></pretext>
<subnum range = "s" ref = "C043S059000" doc = "Class043.sgm">59</subnum></subref>
<descript><para>, for those traps which are released by an attacker
or prowler.</para></descript></crecord></srchout></subclass>
<subclass subnum = "4" id = "C109S004000">
<sctitle>Counter type:</sctitle>
<parent ref = "C109S003000" doc = "Class109.sgm">subclass 3</parent>
<scdesc>Devices wherein the trap is combined with a partition or
counter to confine a customer while a transaction is taking place.
 The trap is normally under control of the person behind the partition
or counter.</scdesc></subclass>
<subclass subnum = "5" id = "C109S005000">
<sctitle>With protected transaction partitions:</sctitle>
<parent ref = "C109S003000" doc = "Class109.sgm">subclass 3</parent>
<scdesc>Devices wherein the trap is combined with an otherwise protected
transaction or display partition, the latter being defined in this
class, subclass 10.</scdesc></subclass>
<subclass subnum = "6" id = "C109S006000">
<sctitle>Plural closures:</sctitle>
<parent ref = "C109S003000" doc = "Class109.sgm">subclass 3</parent>
<scdesc>Devices wherein a plurality of closures are operable to
form the confining means.</scdesc>
<srchout>
<crecord><classnum ref = "C049S000000" doc = "Class049.sgm">49</classnum>
<subref><clstitle>Movable or Removable Closures</clstitle>
<pretext></pretext>
<subnum range = "s" ref = "C049S094000" doc = "Class049.sgm">94</subnum></subref>
<descript><para> for interconnected closures on opposite or angularly
related barriers.</para></descript></crecord></srchout></subclass>
<subclass subnum = "7" id = "C109S007000">
<sctitle>Interrelated fastening means:</sctitle>
<parent ref = "C109S006000" doc = "Class109.sgm">subclass 6</parent>
<scdesc>Devices wherein fastening means of the closures are interrelated.</scdesc></subclass>
<subclass subnum = "8" id = "C109S008000">
<sctitle>Rotary plural blade closure:</sctitle>
<parent ref = "C109S006000" doc = "Class109.sgm">subclass 6</parent>
<scdesc>Devices wherein at least one of the closures is of the rotary
plural-blade door type.</scdesc>
<srchout>
<crecord><classnum ref = "C049S000000" doc = "Class049.sgm">49</classnum>
<subref><clstitle>Movable or Removable Closures</clstitle>
<pretext></pretext>
<subnum range = "s" ref = "C049S042000" doc = "Class049.sgm">42</subnum></subref>
<descript><para> for revolving plural-blade type closures of the
type provided for.</para></descript></crecord></srchout></subclass>
<subclass subnum = "9" id = "C109S009000">
<sctitle>Guard booths:</sctitle>
<parent ref = "C109S002000" doc = "Class109.sgm">subclass 2</parent>
<scdesc>Devices comprising booths and enclosures for the protection
of armed guards and other personnel of the protected institution
from which they may repel an attack and sometimes send an alarm.
 The enclosures may be built in, movable or portable.</scdesc>
<srchin>
<srecord><subnum ref = "C109S011000" doc = "Class109.sgm">11</subnum>
<descript><para>for transaction partitions which may be transformed
into a guard booth.</para></descript></srecord></srchin></subclass>
<subclass subnum = "10" id = "C109S010000">
<sctitle>Safety transaction and display partitions and counters:</sctitle>
<parent ref = "C109S002000" doc = "Class109.sgm">subclass 2</parent>
<scdesc>Devices comprising a desk, counter or display surface, with
or without a partition, combined with means for protection against
attack.  The partition may have a wicket therein and may be transparent
or foraminous.</scdesc>
<srchout>
<crecord><classnum ref = "C160S000000" doc = "Class160.sgm">160</classnum>
<subref><clstitle>Flexible or Portable Closure, Partition, or Panel</clstitle>
<pretext></pretext></subref>
<descript><para>for devices (1) in which a flexible fabric or other
flexible sheet material forms the panel portion, (2) formed of plural
strips, slats or panels inter-connected for relative motion (excluding
those connected only by a common operator or mounted only on a common
support), (3) combinations of (1) and (2), and (4) combinations
of (1) to (3), inclusive, with rigid closures.  Such devices in
the combination set forth in the definition of this subclass (10) including
those having attack actuated operating means, are in this subclass.</para></descript></crecord>
<crecord><classnum ref = "C312S000000" doc = "Class312.sgm">312</classnum>
<subref><clstitle>Supports: Cabinet Structure</clstitle>
<pretext>appropriate subclasses, for cabinet structure, particularly </pretext>
<subnum range = "s" ref = "C312S114000" doc = "Class312.sgm">114</subnum></subref>
<descript><para>, for show-cases; 140.1, for counters; 194, for
knee-hole desks.</para></descript></crecord></srchout></subclass>
<subclass subnum = "11" id = "C109S011000">
<sctitle>With movable protective shields:</sctitle>
<parent ref = "C109S010000" doc = "Class109.sgm">subclass 10</parent>
<scdesc>Devices wherein a movable protective shield is placed between
an attacker and the desk, counter or display.</scdesc></subclass>
<subclass subnum = "12" id = "C109S012000">
<sctitle>Plural shields:</sctitle>
<parent ref = "C109S011000" doc = "Class109.sgm">subclass 11</parent>
<scdesc>Devices wherein a plurality of separate shields are moved
to protecting position.</scdesc></subclass>
<subclass subnum = "13" id = "C109S013000">
<sctitle>For plural openings or partitions:</sctitle>
<parent ref = "C109S012000" doc = "Class109.sgm">subclass 12</parent>
<scdesc>Devices wherein there are a plurality of transaction openings
or partitions to be protected.</scdesc></subclass>
<subclass subnum = "14" id = "C109S014000">
<sctitle>Roller type:</sctitle>
<parent ref = "C109S011000" doc = "Class109.sgm">subclass 11</parent>
<scdesc>Devices wherein a rolled shield is unrolled to protecting
position.</scdesc>
<srchout>
<crecord><classnum ref = "C160S000000" doc = "Class160.sgm">160</classnum>
<subref><clstitle>Flexible or Portable Closure, Partition, or Panel</clstitle>
<pretext>particularly </pretext>
<subnum range = "s" ref = "C160S238000" doc = "Class160.sgm">238</subnum></subref>
<descript><para>, for roller type devices.</para></descript></crecord></srchout></subclass>
<subclass subnum = "15" id = "C109S015000">
<sctitle>Strip or slat type:</sctitle>
<parent ref = "C109S011000" doc = "Class109.sgm">subclass 11</parent>
<scdesc>Devices wherein the shield is formed of a plurality of strips
or slats.</scdesc>
<srchout>
<crecord><classnum ref = "C160S000000" doc = "Class160.sgm">160</classnum>
<subref><clstitle>Flexible or Portable Closure, Partition, or Panel</clstitle>
<pretext>particularly </pretext>
<subnum range = "s" ref = "C160S130000" doc = "Class160.sgm">130</subnum></subref>
<descript><para>, for movably interconnected plural strip, slat
or panel type devices.</para></descript></crecord></srchout></subclass>
<subclass subnum = "16" id = "C109S016000">
<sctitle>Axially pivoted:</sctitle>
<parent ref = "C109S015000" doc = "Class109.sgm">subclass 15</parent>
<scdesc>Devices wherein the strips or slats are each pivoted for
rotation or oscillation about their longest axis to meet or overlap
and form a single shield.</scdesc></subclass>
<subclass subnum = "17" id = "C109S017000">
<sctitle>Sliding:</sctitle>
<parent ref = "C109S011000" doc = "Class109.sgm">subclass 11</parent>
<scdesc>Devices wherein a substantially flat shield slides in its
plane to protecting position.</scdesc></subclass>
<subclass subnum = "18" id = "C109S018000">
<sctitle>Gravity shield:</sctitle>
<parent ref = "C109S017000" doc = "Class109.sgm">subclass 17</parent>
<scdesc>Devices wherein the shield upon release falls by the action
of gravity alone to protected position.</scdesc></subclass>
<subclass subnum = "19" id = "C109S019000">
<sctitle>With deal trays:</sctitle>
<parent ref = "C109S010000" doc = "Class109.sgm">subclass 10</parent>
<scdesc>Devices wherein means is provided for the transfer of articles
in both directions through a partition without the presence of a
straight unobstructed passage therethrough.</scdesc>
<srchout>
<crecord><classnum ref = "C206S000000" doc = "Class206.sgm">206</classnum>
<subref><clstitle>Special Receptacle or Package</clstitle>
<pretext></pretext>
<subnum range = "s" ref = "C206S000800" doc = "Class206.sgm">.8</subnum></subref>
<descript><para>, for coin receptacles and packages, including mats
and trays having features to facilitate picking up of coins lying
thereon.</para></descript></crecord>
<crecord><classnum ref = "C232S000000" doc = "Class232.sgm">232</classnum>
<subref><clstitle>Deposit and Collection Receptacles</clstitle>
<pretext></pretext>
<subnum range = "s" ref = "C232S064000" doc = "Class232.sgm">64</subnum></subref>
<descript><para>, for receptacles upon, or in, which coins are deposited
and having one or more movable parts (as tiltable mounting of a
tray type receptacle) which when moved will cause delivery of the
coins, usually into the customer&quot;s hand.</para></descript></crecord></srchout></subclass>
<subclass subnum = "20" id = "C109S020000">
<sctitle>With fluent material releasing, generating and&sol;or
distributing means:</sctitle>
<parent ref = "C109S010000" doc = "Class109.sgm">subclass 10</parent>
<scdesc>Devices wherein the transaction and display partition or
desk is combined with means for releasing, generating and&sol;or
distributing fluent materials, the latter means being defined in
this class, subclass 29.</scdesc>
<srchout>
<crecord><classnum ref = "C424S000000" doc = "Class424.sgm">424</classnum>
<subref><clstitle>Drug, Bio-Affecting and Body Treating Compositions</clstitle>
<pretext></pretext></subref>
<descript><para>appropriate subclass for a composition for disabling or
repelling an animal including a human.</para></descript></crecord></srchout></subclass>
<subclass subnum = "21" id = "C109S021000">
<sctitle>With alarm, signal or indicator:</sctitle>
<parent ref = "C109S010000" doc = "Class109.sgm">subclass 10</parent>
<scdesc>Devices wherein the transaction and display partition or
desk is combined with an alarm, signal or indicator.</scdesc>
<srchin>
<srecord><subnum ref = "C109S038000" doc = "Class109.sgm">38</subnum>
<descript><para>for alarms, signals and indicators combined with
other structures within the class definition.</para></descript></srecord></srchin>
<srchout>
<crecord><classnum ref = "C340S000000" doc = "Class340.sgm">340</classnum>
<subref><clstitle>Communications: Electrical</clstitle>
<pretext></pretext>
<subnum range = "s" ref = "C340S541000" doc = "Class340.sgm">541</subnum></subref>
<descript><para>, for indicating systems automatically responsive
to intrusion detection; subclasses 568.1&plus; for indicating systems
automatically responsive to article placement or removal; and subclass
574 for electric automatic holdup responsive indicating systems.</para></descript></crecord></srchout></subclass>
<subclass subnum = "21.5" id = "C109S021500">
<sctitle>Protected voice transmitting path:</sctitle>
<parent ref = "C109S010000" doc = "Class109.sgm">subclass 10</parent>
<scdesc>Devices in which the partition has an indirect passage permitting
passage of sound waves but preventing passage of solid objects (such
as projectiles).</scdesc>
<srchout>
<crecord><classnum ref = "C181S000000" doc = "Class181.sgm">181</classnum>
<subref><clstitle>Acoustics</clstitle>
<pretext></pretext>
<subnum range = "r" ref = "C181S018000" doc = "Class181.sgm">18</subnum>
<endnum ref = "C181S022000" doc = "Class181.sgm">22,</endnum></subref>
<descript><para> for speaking tubes and subclasses 148 and 157,
for diaphragms and mounting.</para></descript></crecord></srchout></subclass>
<subclass subnum = "22" id = "C109S022000">
<sctitle>CONVERTIBLE:</sctitle>
<parent ref = "C109S000000" doc = "Class109.sgm">the class definition</parent>
<scdesc>Devices which are convertible to other devices or uses.</scdesc></subclass>
<subclass subnum = "23" id = "C109S023000">
<sctitle>COMBINED:</sctitle>
<parent ref = "C109S000000" doc = "Class109.sgm">the class definition</parent>
<scdesc>Devices which are combined with miscellaneous additional
structure.</scdesc>
<srchin>
<srecord><subnum ref = "C109S045000" doc = "Class109.sgm">45</subnum>
<descript><para>for devices under the main class definition combined
with means for movably mounting or supporting them for some motion
incident to their protective function.</para></descript></srecord>
<srecord><subnum ref = "C109S050000" doc = "Class109.sgm">50</subnum>
<descript><para>for other supporting or mounting combinations.</para></descript></srecord></srchin></subclass>
<subclass subnum = "24" id = "C109S024000">
<sctitle>With jackets:</sctitle>
<parent ref = "C109S023000" doc = "Class109.sgm">subclass 23</parent>
<scdesc>Devices combined with a jacket or enclosure distinct from
the wall structure of the device.</scdesc>
<srchin>
<srecord><subnum ref = "C109S058000" doc = "Class109.sgm">58</subnum>
<descript><para>for those devices where the jacket is part of the
wall structure.</para></descript></srecord></srchin>
<srchout>
<crecord><classnum ref = "C454S000000" doc = "Class454.sgm">454</classnum>
<subref><clstitle>Ventilation</clstitle>
<pretext></pretext>
<subnum range = "p" ref = "C454S185000" doc = "Class454.sgm">185</subnum></subref>
<descript><para>, for jackets combined with means for circulating
air for ventilating purposes around the exterior of the device.</para></descript></crecord></srchout></subclass>
<subclass subnum = "24.1" id = "C109S024100">
<parent ref = "C109S023000" doc = "Class109.sgm">subclass 23</parent>
<scdesc>Device for receiving an article for safeguarding and against
unauthorized retrieval, combined with means to mark the article
so as to register its reception or to mark a receipt for the article to
be served to the depositor.</scdesc>
<notes><note1 notenum = "(1)">
<para>Note.  A depository which includes photographing means is
so akin to the art of making a record of the article as to be excluded
from the instant subclass (24.1) and found, rather, in Class 346,
Recorders, subclass 22 or in another (optical art) locus related
thereto, this being so even were a photocopy to be served as a receipt.</para></note1></notes>
<srchout>
<crecord><classnum ref = "C346S000000" doc = "Class346.sgm">346</classnum>
<subref><clstitle>Recorders</clstitle>
<pretext></pretext>
<subnum range = "s" ref = "C346S022000" doc = "Class346.sgm">22</subnum></subref>
<descript><para>, for the subject matter of this instant subclass
(24.1) and further including, (1) means making a record of the article,
as by photographing it (e.g., on microfilm), or (2) a time recorder
(clock) or means responsive thereto to effect the marking means
operation.</para></descript></crecord></srchout></subclass>
<subclass subnum = "25" id = "C109S025000">
<sctitle>With marking devices:</sctitle>
<parent ref = "C109S023000" doc = "Class109.sgm">subclass 23</parent>
<scdesc>Devices combined with means for marking contained articles
upon attack.  The articles are usually money or negotiable paper
and the marking is generally for the purpose of warning that it
has been stolen.  The marking may be done, for example, by stamping,
 punching, dyeing, or burning, and may be set off either automatically
or manually upon attack.</scdesc>
<notes><note1 notenum = "(1)">
<para>Note.  See the pertinent subclasses of Classes 8, Bleaching
and Dyeing; Fluid Treatment and Chemical Modification of Textiles
and Fibers; 83, Cutting; 102, Ammunition and Explosive Devices; and
118, Coating Apparatus.</para></note1></notes>
<srchin>
<srecord><subnum ref = "C109S020000" doc = "Class109.sgm">20</subnum>
<descript><para>for bank protecting devices for releasing, generating
and&sol;or distributing fluent material upon attack for other purposes.</para></descript></srecord></srchin></subclass>
<subclass subnum = "26" id = "C109S026000">
<sctitle>With means to prevent successful use of explosives:</sctitle>
<parent ref = "C109S023000" doc = "Class109.sgm">subclass 23</parent>
<scdesc>Devices (other than mere closure sealing mechanisms) wherein
means is provided to prevent a successful attack upon a safe by
means of an explosive.  The explosive is normally inserted between
the closure and jamb, and the device may either impede the entry,
convey the explosive away from the place inserted, or may absorb
or release the explosive forces.</scdesc>
<srchin>
<srecord><subnum ref = "C109S075000" doc = "Class109.sgm">75</subnum>
<descript><para>for mere sealing mechanisms for this and other purposes.</para></descript></srecord>
<srecord><subnum ref = "C109S079000" doc = "Class109.sgm">79</subnum>
<descript><para>for joints and connections peculiarly constructed
to stand an explosion or to relieve the pressure of one.</para></descript></srecord></srchin></subclass>
<subclass subnum = "27" id = "C109S027000">
<sctitle>Pressure relief mechanism:</sctitle>
<parent ref = "C109S026000" doc = "Class109.sgm">subclass 26</parent>
<scdesc>Devices wherein means is provided for venting the excessive
pressure resulting from an explosive attack.</scdesc>
<srchout>
<crecord><classnum ref = "C137S000000" doc = "Class137.sgm">137</classnum>
<subref><clstitle>Fluid Handling</clstitle>
<pretext></pretext>
<subnum range = "s" ref = "C137S455000" doc = "Class137.sgm">455</subnum></subref>
<descript><para>, particularly subclasses 467, 469, 506 to 510 and
511 for excess pressure relief valves of general application.</para></descript></crecord></srchout></subclass>
<subclass subnum = "28" id = "C109S028000">
<sctitle>With drain or sump:</sctitle>
<parent ref = "C109S026000" doc = "Class109.sgm">subclass 26</parent>
<scdesc>Devices wherein there is a drain and&sol;or a sump to
remove immediately any explosive from the place in which it is inserted.</scdesc></subclass>
<subclass subnum = "29" id = "C109S029000">
<sctitle>With fluent material releasing, generating and&sol;or
distributing means:</sctitle>
<parent ref = "C109S023000" doc = "Class109.sgm">subclass 23</parent>
<scdesc>Devices wherein means is provided for releasing, generating
and&sol;or distributing gas, smoke, vapors and&sol;or
liquids either manually, automatically upon attack, or automatically
in case of fire. The fluent material is normally, but not necessarily,
toxic, noncombustible, or incapacitating and may normally, but not
necessarily, be used to repel attacks and&sol;or put out, prevent, or
impede the action of a fire.  This subclass includes devices relating
to jails, where the purposes of this subclass are also present.</scdesc>
<srchin>
<srecord><subnum ref = "C109S025000" doc = "Class109.sgm">25</subnum>
<descript><para>for means for marking articles upon attack, usually
to warn that the articles have been stolen.</para></descript></srecord>
<srecord><subnum ref = "C109S036000" doc = "Class109.sgm">36</subnum>
<descript><para>for fluent material released or generated solely
as an incident to the firing of an explosive device.</para></descript></srecord></srchin>
<srchout>
<crecord><classnum ref = "C102S000000" doc = "Class102.sgm">102</classnum>
<subref><clstitle>Ammunition and Explosives</clstitle>
<pretext></pretext>
<subnum range = "s" ref = "C102S367000" doc = "Class102.sgm">367</subnum></subref>
<descript><para>, for gas generating explosive devices.</para></descript></crecord>
<crecord><classnum ref = "C137S000000" doc = "Class137.sgm">137</classnum>
<subref><clstitle>Fluid Handling</clstitle>
<pretext></pretext></subref>
<descript><para>for fluid handling or distribution systems in general.</para></descript></crecord>
<crecord><classnum ref = "C169S000000" doc = "Class169.sgm">169</classnum>
<subref><clstitle>Fire Extinguishers</clstitle>
<pretext></pretext></subref>
<descript><para>appropriate subclasses, particularly 54 for manual
or automatic extinguishers and 91 for apparatus causing gas flow.</para></descript></crecord>
<crecord><classnum ref = "C239S000000" doc = "Class239.sgm">239</classnum>
<subref><clstitle>Fluid Sprinkling, Spraying, and Diffusing</clstitle>
<pretext></pretext></subref>
<descript><para>appropriate subclasses for the discharge or distributing
structure, per se, which projects the fluid(s).</para></descript></crecord>
<crecord><classnum ref = "C252S000000" doc = "Class252.sgm">252</classnum>
<subref><clstitle>Compositions</clstitle>
<pretext></pretext>
<subnum range = "p" ref = "C252S002000" doc = "Class252.sgm">2</subnum></subref>
<descript><para> for compositions specialized and designed for or
peculiar to use in extinguishing fires or processes of making them, which
may be foams, or foam producing compositions. </para></descript></crecord>
<crecord><classnum ref = "C422S000000" doc = "Class422.sgm">422</classnum>
<subref><clstitle>Chemical Apparatus and Process Disinfecting, Deodorizing,
Preserving, or Sterilizing</clstitle>
<pretext></pretext>
<subnum range = "s" ref = "C422S305000" doc = "Class422.sgm">305</subnum></subref>
<descript><para> for fume generators.</para></descript></crecord>
<crecord><classnum ref = "C424S000000" doc = "Class424.sgm">424</classnum>
<subref><clstitle>Drug, Bio-Affecting and Body Treating Compositions</clstitle>
<pretext></pretext></subref>
<descript><para>appropriate subclass for a composition for disabling or
repelling an animal including a human.</para></descript></crecord>
<crecord><classnum ref = "C454S000000" doc = "Class454.sgm">454</classnum>
<subref><clstitle>Ventilation</clstitle>
<pretext>particularly </pretext>
<subnum range = "p" ref = "C454S237000" doc = "Class454.sgm">237</subnum></subref>
<descript><para> and 254&plus; for means for ventilating the
devices.</para></descript></crecord>
<crecord><classnum ref = "C516S000000" doc = "Class516.sgm">516</classnum>
<subref><clstitle>Colloid Systems and Wetting Agents; Subcombinations
Thereof; Processes of Making, Stabilizing, Breaking, or Inhibiting</clstitle>
<pretext></pretext>
<subnum range = "p" ref = "C516S010000" doc = "Class516.sgm">10</subnum></subref>
<descript><para> for continuous liquid phase with discontinuous gas
or vapor phase colloid system (e.g., foam) or agents for such systems
or making or stabilizing such systems or agents, when generically claimed
or when there is no hierarchically superior provision in the USPC for
the specifically claimed art.</para></descript></crecord></srchout></subclass>
<subclass subnum = "30" id = "C109S030000">
<sctitle>With auxiliary lock:</sctitle>
<parent ref = "C109S029000" doc = "Class109.sgm">subclass 29</parent>
<scdesc>Devices combined with means for imposing an additional impediment
to the opening of a closure on the structure being attacked.</scdesc></subclass>
<subclass subnum = "31" id = "C109S031000">
<sctitle>With alarm, signal or indicator:</sctitle>
<parent ref = "C109S029000" doc = "Class109.sgm">subclass 29</parent>
<scdesc>Devices combined with an alarm, signal or indicator.  This
subclass includes devices relating to jails, where the purposes
of this subclass are also present.</scdesc>
<srchout>
<crecord><classnum ref = "C340S000000" doc = "Class340.sgm">340</classnum>
<subref><clstitle>Communications: Electrical</clstitle>
<pretext></pretext>
<subnum range = "s" ref = "C340S500000" doc = "Class340.sgm">500</subnum></subref>
<descript><para> for electrical automatic condition responsive indicating
systems.</para></descript></crecord></srchout></subclass>
<subclass subnum = "32" id = "C109S032000">
<sctitle>With operator and&sol;or controller:</sctitle>
<parent ref = "C109S029000" doc = "Class109.sgm">subclass 29</parent>
<scdesc>Devices wherein a mechanism is utilized to initiate, release
and&sol;or control the action of the device.</scdesc>
<srchout>
<crecord><classnum ref = "C074S000000" doc = "Class074.sgm">74</classnum>
<subref><clstitle>Machine Element or Mechanism</clstitle>
<pretext></pretext>
<subnum range = "s" ref = "C074S002000" doc = "Class074.sgm">2</subnum></subref>
<descript><para>, for initiators of the trip type which are of more
general application.</para></descript></crecord></srchout></subclass>
<subclass subnum = "33" id = "C109S033000">
<sctitle>Fusible, combustible or thermal actuator:</sctitle>
<parent ref = "C109S032000" doc = "Class109.sgm">subclass 32</parent>
<scdesc>Devices wherein the mechanism is initiated or released by
the action of heat.  The device may be thermally responsive or may
contain a fusible or combustible element.</scdesc>
<notes><note1 notenum = "(1)">
<para>Note.  Thermal responsive mechanisms may be found in many
other places, including particularly:  Class 137, Fluid Handling,
subclasses 12.1, 59, 65, 72, 79, 389, 457, and 468:  Class 49, Movable
or Removable Closures, subclass 1, and Class 337, Electricity: Electrothermally
or Thermally Actuated Switches, appropriate subclasses for thermostatically
switches, per se, see Class 236, Automatic Temperature and Humidity Regulation,
subclasses 91-104.</para></note1></notes></subclass>
<subclass subnum = "34" id = "C109S034000">
<sctitle>Shock broken:</sctitle>
<parent ref = "C109S029000" doc = "Class109.sgm">subclass 29</parent>
<scdesc>Devices wherein the release or initiation is caused by the
breakage of an element due to the shock of an attack.</scdesc></subclass>
<subclass subnum = "35" id = "C109S035000">
<sctitle>With electrical surface charging means:</sctitle>
<parent ref = "C109S023000" doc = "Class109.sgm">subclass 23</parent>
<scdesc>Devices wherein a surface or other exposed part of the device
is electrically charged.</scdesc>
<srchout>
<crecord><classnum ref = "C256S000000" doc = "Class256.sgm">256</classnum>
<subref><clstitle>Fences</clstitle>
<pretext></pretext>
<subnum range = "s" ref = "C256S010000" doc = "Class256.sgm">10</subnum></subref>
<descript><para>, for analogous devices.</para></descript></crecord></srchout></subclass>
<subclass subnum = "36" id = "C109S036000">
<sctitle>With explosive devices:</sctitle>
<parent ref = "C109S023000" doc = "Class109.sgm">subclass 23</parent>
<scdesc>Devices wherein an explosive mechanism or element is combined
with the device.  The explosive mechanism is usually a piece of
ordnance while the element is usually a cartridge or equivalent
structure.</scdesc>
<srchin>
<srecord><subnum ref = "C109S029000" doc = "Class109.sgm">29</subnum>
<descript><para>for an explosive device which acts as a detonator
to release, generate, or distribute a fluent material.</para></descript></srecord></srchin>
<srchout>
<crecord><classnum ref = "C102S000000" doc = "Class102.sgm">102</classnum>
<subref><clstitle>Ammunition and Explosives</clstitle>
<pretext></pretext></subref>
<descript><para>for the mechanism of general application.</para></descript></crecord>
<crecord><classnum ref = "C149S000000" doc = "Class149.sgm">149</classnum>
<subref><pretext></pretext></subref>
<descript><para>Explosive and Thermic Compositions or Charges.</para></descript></crecord></srchout></subclass>
<subclass subnum = "37" id = "C109S037000">
<sctitle>Wall contained detonator:</sctitle>
<parent ref = "C109S036000" doc = "Class109.sgm">subclass 36</parent>
<scdesc>Devices wherein the detonator is housed in the wall of the
device.</scdesc></subclass>
<subclass subnum = "38" id = "C109S038000">
<sctitle>With alarm, signal or indicator:</sctitle>
<parent ref = "C109S023000" doc = "Class109.sgm">subclass 23</parent>
<scdesc>Devices combined with an alarm, signal, or indicator.  This
subclass includes devices relating to jails, where the purposes
of this subclass are also present.</scdesc>
<srchin>
<srecord><subnum ref = "C109S031000" doc = "Class109.sgm">31</subnum>
<descript><para>for this structure combined with fluent releasing
means.</para></descript></srecord></srchin>
<srchout>
<crecord><classnum ref = "C040S000000" doc = "Class040.sgm">40</classnum>
<subref><clstitle>Card, Picture, or Sign Exhibiting</clstitle>
<pretext></pretext></subref>
<descript><para>appropriate subclasses for signs, per se.</para></descript></crecord>
<crecord><classnum ref = "C116S000000" doc = "Class116.sgm">116</classnum>
<subref><clstitle>Signals and Indicators</clstitle>
<pretext></pretext></subref>
<descript><para>appropriate subclasses for indicators and signals, per
se.</para></descript></crecord>
<crecord><classnum ref = "C200S000000" doc = "Class200.sgm">200</classnum>
<subref><clstitle>Electricity: Circuit Makers and Breakers</clstitle>
<pretext>appropriate subclasses under </pretext>
<subnum range = "s" ref = "C200S061620" doc = "Class200.sgm">61.62</subnum></subref>
<descript><para>, and subclass 61.93 for wall or closure mounted
circuit makers and breakers, including those in which the circuit
is closed by attempted penetration.</para></descript></crecord>
<crecord><classnum ref = "C340S000000" doc = "Class340.sgm">340</classnum>
<subref><clstitle>Communications: Electrical</clstitle>
<pretext></pretext>
<subnum range = "s" ref = "C340S500000" doc = "Class340.sgm">500</subnum></subref>
<descript><para> for electrical alarms automatically responsive
to a condition.  Note especially subclasses 541 and 574 for burglar
alarms.</para></descript></crecord></srchout></subclass>
<subclass subnum = "39" id = "C109S039000">
<sctitle>Movable receptacle initiated:</sctitle>
<parent ref = "C109S038000" doc = "Class109.sgm">subclass 38</parent>
<scdesc>Devices wherein the movement of the receptacle as a unit
initiates the operation.</scdesc>
<srchin>
<srecord><subnum ref = "C109S044000" doc = "Class109.sgm">44</subnum>
<descript><para>for handle initiated mechanisms.</para></descript></srecord></srchin>
<srchout>
<crecord><classnum ref = "C340S000000" doc = "Class340.sgm">340</classnum>
<subref><clstitle>Communications: Electrical</clstitle>
<pretext></pretext>
<subnum range = "p" ref = "C340S568100" doc = "Class340.sgm">568.1</subnum></subref>
<descript><para> for electrical automatic article placement or removal
responsive indicating systems.</para></descript></crecord></srchout></subclass>
<subclass subnum = "40" id = "C109S040000">
<sctitle>Plural initiators:</sctitle>
<parent ref = "C109S038000" doc = "Class109.sgm">subclass 38</parent>
<scdesc>Devices wherein a plurality of different types of initiators
are found.</scdesc>
<srchout>
<crecord><classnum ref = "C340S000000" doc = "Class340.sgm">340</classnum>
<subref><clstitle>Communications: Electrical</clstitle>
<pretext></pretext>
<subnum range = "s" ref = "C340S521000" doc = "Class340.sgm">521</subnum></subref>
<descript><para> for electrical automatic plural diverse condition
responsible indicating systems.</para></descript></crecord></srchout></subclass>
<subclass subnum = "41" id = "C109S041000">
<sctitle>Wall penetrating and closure movement initiators:</sctitle>
<parent ref = "C109S040000" doc = "Class109.sgm">subclass 40</parent>
<scdesc>Devices in which the several initiators include wall penetrating
and closure movement types, as defined respectively in subclasses
42 and 43.</scdesc></subclass>
<subclass subnum = "42" id = "C109S042000">
<sctitle>Wall penetrating initiated:</sctitle>
<parent ref = "C109S038000" doc = "Class109.sgm">subclass 38</parent>
<scdesc>Devices wherein the penetration of the wall by attack initiates
the operation.</scdesc>
<notes><note1 notenum = "(1)">
<para>Note.  The word &ldquo;wall&rdquo; is to be interpreted
broadly to include a screen, a grille, or any other confining mechanism.</para></note1></notes>
<srchin>
<srecord><subnum ref = "C109S031000" doc = "Class109.sgm">31</subnum>
<descript><para>for the puncture of a wall to release a fluent material
under pressure, or to allow the influx of air to bring up the pressure
to that of the atmosphere.</para></descript></srecord>
<srecord><subnum ref = "C109S038000" doc = "Class109.sgm">38</subnum>
<descript><para>for operation initiated by an attack upon the wall
that does not penetrate the wall.</para></descript></srecord></srchin>
<srchout>
<crecord><classnum ref = "C340S000000" doc = "Class340.sgm">340</classnum>
<subref><clstitle>Communications: Electrical</clstitle>
<pretext></pretext>
<subnum range = "s" ref = "C340S544000" doc = "Class340.sgm">544</subnum></subref>
<descript><para> for fluid flow operated alarms such as those in
which the fluid is released when a hollow bar is sawed by a trespasser,
and subclass 550 for electrically actuated alarms which are automatically
responsive to the penetration of screens, walls, roofs, floors, etc.</para></descript></crecord></srchout></subclass>
<subclass subnum = "43" id = "C109S043000">
<sctitle>Closure movement initiated:</sctitle>
<parent ref = "C109S038000" doc = "Class109.sgm">subclass 38</parent>
<scdesc>Devices wherein the movement of a closure initiates the
operation.</scdesc>
<srchout>
<crecord><classnum ref = "C340S000000" doc = "Class340.sgm">340</classnum>
<subref><clstitle>Communications: Electrical</clstitle>
<pretext></pretext>
<subnum range = "p" ref = "C340S545100" doc = "Class340.sgm">545.1</subnum></subref>
<descript><para> for electrical automatic door or window movement
responsive indicating systems.</para></descript></crecord></srchout></subclass>
<subclass subnum = "44" id = "C109S044000">
<sctitle>Lock or handle initiated:</sctitle>
<parent ref = "C109S038000" doc = "Class109.sgm">subclass 38</parent>
<scdesc>Devices wherein the movement of a closure fastening means
or a handle initiates the operation.</scdesc>
<srchout>
<crecord><classnum ref = "C340S000000" doc = "Class340.sgm">340</classnum>
<subref><clstitle>Communications: Electrical</clstitle>
<pretext></pretext>
<subnum range = "s" ref = "C340S542000" doc = "Class340.sgm">542</subnum></subref>
<descript><para> for electrical automatic lock condition responsive
indicating systems.</para></descript></crecord></srchout></subclass>
<subclass subnum = "45" id = "C109S045000">
<sctitle>INCIDENTALLY MOVABLE SAFE OR COMPARTMENT:</sctitle>
<parent ref = "C109S000000" doc = "Class109.sgm">the class definition</parent>
<scdesc>Devices wherein the entire safe, or some compartment thereof,
is movable as an incident to the protective function of the safe.</scdesc></subclass>
<subclass subnum = "46" id = "C109S046000">
<sctitle>With dumping mechanism:</sctitle>
<parent ref = "C109S045000" doc = "Class109.sgm">subclass 45</parent>
<scdesc>Devices wherein the movement is utilized to dump the contents
of the safe or the compartment to a location which is less accessible
to a person attacking the same.  The movement may be for an emergency
deposit of the valuables.</scdesc></subclass>
<subclass subnum = "47" id = "C109S047000">
<sctitle>Receding movement:</sctitle>
<parent ref = "C109S045000" doc = "Class109.sgm">subclass 45</parent>
<scdesc>Devices where the safe or compartment is bodily, rectilinearly
movable to a location less accessible to a person attacking the
same, or further away from, or less accessible to, a fire. Includes
safety deposit boxes in combination with their individual safes.</scdesc>
<srchout>
<crecord><classnum ref = "C441S000000" doc = "Class441.sgm">441</classnum>
<subref><clstitle>Buoys, Rafts, and Aquatic Devices</clstitle>
<pretext></pretext>
<subnum range = "s" ref = "C441S032000" doc = "Class441.sgm">32</subnum></subref>
<descript><para> for devices of this type for use on shipboard which
act as a buoy upon the sinking of a ship.</para></descript></crecord></srchout></subclass>
<subclass subnum = "48" id = "C109S048000">
<sctitle>Revolving for interior access:</sctitle>
<parent ref = "C109S045000" doc = "Class109.sgm">subclass 45</parent>
<scdesc>Devices wherein the safe or compartment is mounted for revolution
upon an axis so that relative rotation of the safe or compartment
to the remaining structure is necessary to get an entrance of the
safe or compartment in line with an exterior closure.</scdesc></subclass>
<subclass subnum = "49" id = "C109S049000">
<sctitle>Complementary sections:</sctitle>
<parent ref = "C109S045000" doc = "Class109.sgm">subclass 45</parent>
<scdesc>Devices wherein a pair of independent safe sections, each
of which is a compartment, serves as a closure for the other when
locked.</scdesc></subclass>
<subclass subnum = "49.5" id = "C109S049500">
<sctitle>SHIELDS AND PROTECTORS:</sctitle>
<parent ref = "C109S000000" doc = "Class109.sgm">the class definition</parent>
<scdesc>Devices, and in a form which is more than a wall, panel
or closure but is not a complete enclosure, for shielding or protecting from
projectiles, swords, knives or other mode of attack.</scdesc>
<srchin>
<srecord><subnum ref = "C109S058000" doc = "Class109.sgm">58</subnum>
<descript><para>for mere wall, panel and closure structures.</para></descript></srecord></srchin>
<srchout>
<crecord><classnum ref = "C002S000000" doc = "Class002.sgm">2</classnum>
<subref><clstitle>Apparel</clstitle>
<pretext></pretext>
<subnum range = "s" ref = "C002S455000" doc = "Class002.sgm">455</subnum></subref>
<descript><para>, but particularly subclass 2.5, for protective devices
worn on or attached to the body.</para></descript></crecord>
<crecord><classnum ref = "C089S000000" doc = "Class089.sgm">89</classnum>
<subref><clstitle>Ordnance</clstitle>
<pretext></pretext>
<subnum range = "p" ref = "C089S03610" doc = "Class089.sgm">36.01</subnum></subref>
<descript><para>, and see the notes thereto for shields in combination
with guns.</para></descript></crecord>
<crecord><classnum ref = "C135S000000" doc = "Class135.sgm">135</classnum>
<subref><clstitle>Tent, Canopy, Umbrella, or Cane</clstitle>
<pretext></pretext>
<subnum range = "s" ref = "C135S115000" doc = "Class135.sgm">115</subnum></subref>
<descript><para>, for covers for portable shelters.</para></descript></crecord>
<crecord><classnum ref = "C141S000000" doc = "Class141.sgm">141</classnum>
<subref><clstitle>Fluent Material Handling, With Receiver or Receiver
Coacting Means</clstitle>
<pretext></pretext>
<subnum range = "s" ref = "C141S097000" doc = "Class141.sgm">97</subnum></subref>
<descript><para> for protective guards or screens to shield the
operator of a receptacle filling machine.</para></descript></crecord>
<crecord><classnum ref = "C160S000000" doc = "Class160.sgm">160</classnum>
<subref><clstitle>Flexible or Portable Closure, Partition, or Panel</clstitle>
<pretext></pretext>
<subnum range = "s" ref = "C160S351000" doc = "Class160.sgm">351</subnum></subref>
<descript><para>, for portable panels of more general application.</para></descript></crecord>
<crecord><classnum ref = "C273S000000" doc = "Class273.sgm">273</classnum>
<subref><clstitle>Amusement Devices:  Games</clstitle>
<pretext></pretext>
<subnum range = "r" ref = "C273S404000" doc = "Class273.sgm">404</subnum></subref>
<descript><para> and 410 for projectile stops for targets.</para></descript></crecord></srchout></subclass>
<subclass subnum = "50" id = "C109S050000">
<sctitle>SUPPORTS AND MOUNTINGS:</sctitle>
<parent ref = "C109S000000" doc = "Class109.sgm">the class definition</parent>
<scdesc>Devices combined with means to support or mount the device
including partial or complete burial of the device and&sol;or
its support.</scdesc>
<notes><note1 notenum = "(1)">
<para>Note.  Supports of general application are found in the appropriate
subclasses in classes 211, Supports:  Racks, and 248, Supports.</para></note1></notes>
<srchout>
<crecord><classnum ref = "C108S000000" doc = "Class108.sgm">108</classnum>
<subref><clstitle>Horizontally Supported Planar Surfaces</clstitle>
<pretext></pretext></subref>
<descript><para>appropriate subclasses for a horizontally supported
planar surface.</para></descript></crecord>
<crecord><classnum ref = "C211S000000" doc = "Class211.sgm">211</classnum>
<subref><clstitle>Supports:  Racks</clstitle>
<pretext></pretext></subref>
<descript><para>(see Note 1).</para></descript></crecord>
<crecord><classnum ref = "C232S000000" doc = "Class232.sgm">232</classnum>
<subref><clstitle>Deposit and Collection Receptacles</clstitle>
<pretext></pretext>
<subnum range = "s" ref = "C232S039000" doc = "Class232.sgm">39</subnum></subref>
<descript><para> for letter boxes combined with supports. </para></descript></crecord>
<crecord><classnum ref = "C248S000000" doc = "Class248.sgm">248</classnum>
<subref><clstitle>Supports</clstitle>
<pretext></pretext></subref>
<descript><para>(see Note 1).</para></descript></crecord>
<crecord><classnum ref = "C312S000000" doc = "Class312.sgm">312</classnum>
<subref><clstitle>Supports:  Cabinet Structure</clstitle>
<pretext></pretext></subref>
<descript><para>appropriate subclasses, where the support is a cabinet.</para></descript></crecord></srchout></subclass>
<subclass subnum = "51" id = "C109S051000">
<sctitle>Detachable from interior only:</sctitle>
<parent ref = "C109S050000" doc = "Class109.sgm">subclass 50</parent>
<scdesc>Devices wherein the means fastening the device to its support
or mounting is accessible only from the interior of the device.</scdesc></subclass>
<subclass subnum = "52" id = "C109S052000">
<sctitle>Lock to support:</sctitle>
<parent ref = "C109S050000" doc = "Class109.sgm">subclass 50</parent>
<scdesc>Devices wherein the means for fastening the device to its
support or mounting is controlled by a lock.  The fastening means
may be controlled by the same lock which controls the closure of
the device.</scdesc></subclass>
<subclass subnum = "53" id = "C109S053000">
<sctitle>PLURAL COMPARTMENT:</sctitle>
<parent ref = "C109S000000" doc = "Class109.sgm">the class definition</parent>
<scdesc>Devices wherein a plurality of separate storage compartments
or receptacles are combined in a single structure.</scdesc>
<srchout>
<crecord><classnum ref = "C221S000000" doc = "Class221.sgm">221</classnum>
<subref><clstitle>Article Dispensing</clstitle>
<pretext></pretext>
<subnum range = "s" ref = "C221S069000" doc = "Class221.sgm">69</subnum></subref>
<descript><para> for similar storage compartments combined with
means to remove articles from such compartments.</para></descript></crecord>
<crecord><classnum ref = "C312S000000" doc = "Class312.sgm">312</classnum>
<subref><clstitle>Supports:  Cabinet Structure</clstitle>
<pretext></pretext></subref>
<descript><para>appropriate subclasses, for similar cabinet structure.</para></descript></crecord></srchout></subclass>
<subclass subnum = "54" id = "C109S054000">
<sctitle>With secret compartment:</sctitle>
<parent ref = "C109S053000" doc = "Class109.sgm">subclass 53</parent>
<scdesc>Devices wherein at least one of the compartments is so hidden
that an unauthorized person would not become aware of its existence,
even when the device is not protected.</scdesc></subclass>
<subclass subnum = "55" id = "C109S055000">
<sctitle>With deposit means between compartments:</sctitle>
<parent ref = "C109S053000" doc = "Class109.sgm">subclass 53</parent>
<scdesc>Devices wherein there is a depositing means between two
of the compartments.  Access to the receiving compartment may be
through the depositing compartment, or there may be a separate entrance.</scdesc></subclass>
<subclass subnum = "56" id = "C109S056000">
<sctitle>Plural safes:</sctitle>
<parent ref = "C109S053000" doc = "Class109.sgm">subclass 53</parent>
<scdesc>Devices where two or more compartments constitute separate
safes as defined in the class definition.  Includes safety deposit
safe structures, per se.</scdesc>
<srchin>
<srecord><subnum ref = "C109S047000" doc = "Class109.sgm">47</subnum>
<descript><para>for safety deposit boxes in combination with their
individual safes.</para></descript></srecord></srchin></subclass>
<subclass subnum = "57" id = "C109S057000">
<sctitle>Enclosed:</sctitle>
<parent ref = "C109S056000" doc = "Class109.sgm">subclass 56</parent>
<scdesc>Devices wherein one safe is inside another safe.</scdesc>
<srchin>
<srecord><subnum ref = "C109S068000" doc = "Class109.sgm">68</subnum>
<descript><para>for safes with inner and outer doors between which
there is no substantial storage space.</para></descript></srecord></srchin></subclass>
<subclass subnum = "58" id = "C109S058000">
<sctitle>WALL AND PANEL STRUCTURES, CLOSURES AND CLOSURE ADJUNCTS:</sctitle>
<parent ref = "C109S000000" doc = "Class109.sgm">the class definition</parent>
<scdesc>Subject matter relating to wall panel and closure structure
and arrangements of and adjuncts for said structure.</scdesc>
<srchout>
<crecord><classnum ref = "C428S000000" doc = "Class428.sgm">428</classnum>
<subref><clstitle>Stock Material or Miscellaneous Articles</clstitle>
<pretext></pretext>
<subnum range = "s" ref = "C428S098000" doc = "Class428.sgm">98</subnum></subref>
<descript><para> for a structurally defined web or sheet which is
nonmetallic, subclass 594 for a plural-layer metallic stock which
is discontinuously bonded, and subclass 911 (Art Collection) for
a penetration-resistant layer.</para></descript></crecord></srchout></subclass>
<subclass subnum = "58.5" id = "C109S058500">
<sctitle>Port type:</sctitle>
<parent ref = "C109S058000" doc = "Class109.sgm">subclass 58</parent>
<scdesc>Devices in the form of ports, with or without closure means,
specially designed to protect a person from projectiles or other
type of attack. Includes gun ports, per se.</scdesc>
<srchout>
<crecord><classnum ref = "C049S000000" doc = "Class049.sgm">49</classnum>
<subref><clstitle>Movable or Removable Closures</clstitle>
<pretext></pretext>
<subnum range = "s" ref = "C049S171000" doc = "Class049.sgm">171</subnum></subref>
<descript><para> for a viewing, ventilating or packet passage mounted
on a closure and see the search notes in section IV of Class 49
for the loci of closures in other classes.</para></descript></crecord>
<crecord><classnum ref = "C089S000000" doc = "Class089.sgm">89</classnum>
<subref><clstitle>Ordnance</clstitle>
<pretext>particularly </pretext>
<subnum range = "p" ref = "C089S03610" doc = "Class089.sgm">36.01</subnum></subref>
<descript><para> and subclasses 37.01&plus;, for such structures
combined with a gun or a gun mount.</para></descript></crecord>
<crecord><classnum ref = "C114S000000" doc = "Class114.sgm">114</classnum>
<subref><clstitle>Ships</clstitle>
<pretext></pretext>
<subnum range = "s" ref = "C114S005000" doc = "Class114.sgm">5</subnum></subref>
<descript><para>, for warship gun turrets and subclass 175 for ships&quot; gun ports.</para></descript></crecord>
<crecord><classnum ref = "C220S000000" doc = "Class220.sgm">220</classnum>
<subref><clstitle>Receptacles</clstitle>
<pretext></pretext>
<subnum range = "p" ref = "C220S662000" doc = "Class220.sgm">662</subnum></subref>
<descript><para> and the notes thereto for structures wherein a transparent
panel is mounted in a wall.</para></descript></crecord></srchout></subclass>
<subclass subnum = "59" id = "C109S059000">
<sctitle>With closure fastening means:</sctitle>
<parent ref = "C109S058000" doc = "Class109.sgm">subclass 58</parent>
<scdesc>Devices involving the fastening means for the closures.</scdesc>
<notes><note1 notenum = "(1)">
<para>Note.  The mere recitation of a safe, a jamb, or a closure,
or the recitation of such details of these parts as are necessary
to the location or operation of the fastening means, will not of
itself be sufficient to classify a patent in this class.</para></note1></notes>
<srchout>
<crecord><classnum ref = "C070S000000" doc = "Class070.sgm">70</classnum>
<subref><clstitle>Locks</clstitle>
<pretext></pretext></subref>
<descript><para>appropriate subclasses, for locks of general application.</para></descript></crecord>
<crecord><classnum ref = "C292S000000" doc = "Class292.sgm">292</classnum>
<subref><clstitle>Closure Fasteners</clstitle>
<pretext></pretext></subref>
<descript><para>appropriate subclasses, for other closure fastening means.</para></descript></crecord>
<crecord><classnum ref = "C428S000000" doc = "Class428.sgm">428</classnum>
<subref><clstitle>Stock Material or Miscellaneous Articles</clstitle>
<pretext></pretext>
<subnum range = "s" ref = "C428S099000" doc = "Class428.sgm">99</subnum></subref>
<descript><para> for a nonmetallic web or sheet, including a fastener,
and subclass 594 for metallic sheet discontinuously bonded, e.g.,
by mechanical fastening means.</para></descript></crecord></srchout></subclass>
<subclass subnum = "60" id = "C109S060000">
<sctitle>Door ajar fasteners:</sctitle>
<parent ref = "C109S059000" doc = "Class109.sgm">subclass 59</parent>
<scdesc>Devices wherein the closure is held ajar against unauthorized
movement.  The devices are normally releasable from the interior
and may be set so that the device goes into operation upon attempted
closing.</scdesc></subclass>
<subclass subnum = "61" id = "C109S061000">
<sctitle>Combined boltwork and pressure mechanism:</sctitle>
<parent ref = "C109S059000" doc = "Class109.sgm">subclass 59</parent>
<scdesc>Devices wherein a cooperative relation exists between the
closure boltwork and the pressure mechanism, the latter means being
defined in this class, subclass 62.</scdesc></subclass>
<subclass subnum = "62" id = "C109S062000">
<sctitle>Pressure mechanism:</sctitle>
<parent ref = "C109S059000" doc = "Class109.sgm">subclass 59</parent>
<scdesc>Devices wherein camming means cooperates with complementary
means to force and hold the closure tight in its jamb.  The device
usually aids in cracking the closure from its jamb.  These devices
are invariably in addition to the regular boltwork of the safe.</scdesc>
<srchin>
<srecord><subnum ref = "C109S061000" doc = "Class109.sgm">61</subnum>
<descript><para>for combined boltwork and pressure mechanism.</para></descript></srecord></srchin>
<srchout>
<crecord><classnum ref = "C292S000000" doc = "Class292.sgm">292</classnum>
<subref><clstitle>Closure Fasteners</clstitle>
<pretext></pretext></subref>
<descript><para>appropriate subclasses, for boltwork mechanism which
itself does the camming.</para></descript></crecord></srchout></subclass>
<subclass subnum = "63" id = "C109S063000">
<sctitle>With entrapping prevention means:</sctitle>
<parent ref = "C109S062000" doc = "Class109.sgm">subclass 62</parent>
<scdesc>Devices combined with means to prevent the entrapping of
a person within the safe or vault by an unauthorized person.</scdesc></subclass>
<subclass subnum = "63.5" id = "C109S063500">
<sctitle>With means to render the closure fastening means ineffective:</sctitle>
<parent ref = "C109S059000" doc = "Class109.sgm">subclass 59</parent>
<scdesc>Devices including means to render the closure fastening
means ineffective when the receptacle is being occupied by a person
or when it is in a condition of abnormal use or of nonuse.</scdesc>
<notes><note1 notenum = "(1)">
<para>Note.  Included here are devices wherein the means for rendering
the closure fastening means ineffective consists of apparatus which
prevents closing of the closure.</para></note1></notes>
<srchout>
<crecord><classnum ref = "C016S000000" doc = "Class016.sgm">16</classnum>
<subref><clstitle>Miscellaneous Hardware (e.g., Bushing, Carpet Fastener, Caster, Door Closer, Panel Hanger, Attachable or Adjunct Handle, Hinge, Window Sash Balance, etc.)</clstitle>
<pretext></pretext>
<subnum range = "s" ref = "C016S082000" doc = "Class016.sgm">82</subnum></subref>
<descript><para> for devices, per se, which prevent closing of a
closure.</para></descript></crecord>
<crecord><classnum ref = "C292S000000" doc = "Class292.sgm">292</classnum>
<subref><clstitle>Closure Fasteners</clstitle>
<pretext></pretext>
<subnum range = "r" ref = "C292S014000" doc = "Class292.sgm">14</subnum></subref>
<descript><para>, 70 and 251.5 for closure fasteners which are ineffective
to hold a closure in closed position against a relatively slight
amount of force, and subclasses 144, 201 and 251.5 for closure fasteners
which are rendered ineffective to hold a closure in closed position
upon disconnection of the means (e.g., pressure or electrical supply)
which is normally employed for control of the fastener.</para></descript></crecord></srchout></subclass>
<subclass subnum = "64" id = "C109S064000">
<sctitle>Closures:</sctitle>
<parent ref = "C109S058000" doc = "Class109.sgm">subclass 58</parent>
<scdesc>Devices wherein the closure, per se, and so much of the
jamb structure as is necessary to support or cooperate with the
closure are recited.  A closure operator may be included in combination.</scdesc>
<srchin>
<srecord><subnum ref = "C109S053000" doc = "Class109.sgm">53</subnum>
<descript><para>for arrangements of two or more closures to create
a plurality of separate compartments.</para></descript></srecord>
<srecord><subnum ref = "C109S078000" doc = "Class109.sgm">78</subnum>
<descript><para>for closure structure which is no more than that
of an ordinary wall structure.</para></descript></srecord></srchin>
<srchout>
<crecord><classnum ref = "C049S000000" doc = "Class049.sgm">49</classnum>
<subref><clstitle>Movable or Removable Closures</clstitle>
<pretext></pretext></subref>
<descript><para>appropriate subclasses, for closures of the type
provided for and see the search notes in section IV of Class 49 for
the loci of closures in other classes.</para></descript></crecord></srchout></subclass>
<subclass subnum = "65" id = "C109S065000">
<sctitle>With discontinuous heat path:</sctitle>
<parent ref = "C109S064000" doc = "Class109.sgm">subclass 64</parent>
<scdesc>Devices wherein means is provided to prevent the conduction
of heat between the exterior and interior of the device by the material
of the closure and its adjacent jamb.</scdesc></subclass>
<subclass subnum = "66" id = "C109S066000">
<sctitle>Deposit type:</sctitle>
<parent ref = "C109S064000" doc = "Class109.sgm">subclass 64</parent>
<scdesc>Devices wherein the closure constitutes a part of a depositing
mechanism for a deposit and collection type of safe.</scdesc>
<srchout>
<crecord><classnum ref = "C232S000000" doc = "Class232.sgm">232</classnum>
<subref><clstitle>Deposit and Collection Receptacles</clstitle>
<pretext></pretext>
<subnum range = "s" ref = "C232S044000" doc = "Class232.sgm">44</subnum></subref>
<descript><para>, for closures and chutes, per se, of this type.</para></descript></crecord></srchout></subclass>
<subclass subnum = "67" id = "C109S067000">
<sctitle>Plural:</sctitle>
<parent ref = "C109S064000" doc = "Class109.sgm">subclass 64</parent>
<scdesc>Devices wherein a plurality of closures are claimed.</scdesc></subclass>
<subclass subnum = "68" id = "C109S068000">
<sctitle>Inner and outer:</sctitle>
<parent ref = "C109S067000" doc = "Class109.sgm">subclass 67</parent>
<scdesc>Devices wherein the closures are arranged in tandem making
an outer and at least one inner closure.  Such closures may be arranged
for either simultaneous or sequential opening and closing.</scdesc>
<srchin>
<srecord><subnum ref = "C109S057000" doc = "Class109.sgm">57</subnum>
<descript><para>for sufficient space between the inner and outer
closures to constitute a substantial storage compartment.</para></descript></srecord></srchin></subclass>
<subclass subnum = "69" id = "C109S069000">
<sctitle>Plural motions:</sctitle>
<parent ref = "C109S064000" doc = "Class109.sgm">subclass 64</parent>
<scdesc>Devices wherein the closure has a plurality of distinct
movements in opening and closing.  Includes closures having more
than two movements, cross-referencing being made into the subclasses
indented hereunder.</scdesc>
<srchout>
<crecord><classnum ref = "C049S000000" doc = "Class049.sgm">49</classnum>
<subref><clstitle>Movable or Removable Closures</clstitle>
<pretext></pretext>
<subnum range = "s" ref = "C049S208000" doc = "Class049.sgm">208</subnum></subref>
<descript><para> for closures of the type provided with means mounted
for multidirectional movement.</para></descript></crecord></srchout></subclass>
<subclass subnum = "70" id = "C109S070000">
<sctitle>Sliding and swinging:</sctitle>
<parent ref = "C109S069000" doc = "Class109.sgm">subclass 69</parent>
<scdesc>Devices wherein the closure has both a sliding and a swinging
movement.</scdesc></subclass>
<subclass subnum = "71" id = "C109S071000">
<sctitle>Rotary and axial movement:</sctitle>
<parent ref = "C109S069000" doc = "Class109.sgm">subclass 69</parent>
<scdesc>Devices wherein the closure moves through a combined rotary
and translating movement around a common axis. The movements need not
be simultaneous. Includes closures of the screw type and bayonet
slot type.</scdesc></subclass>
<subclass subnum = "72" id = "C109S072000">
<sctitle>Lug or interrupted thread type:</sctitle>
<parent ref = "C109S071000" doc = "Class109.sgm">subclass 71</parent>
<scdesc>Devices wherein, by the use of lugs or interrupted threads,
the rotary movement necessary to release the closure takes place
for a fraction of a revolution.</scdesc>
<srchout>
<crecord><classnum ref = "C089S000000" doc = "Class089.sgm">89</classnum>
<subref><clstitle>Ordnance</clstitle>
<pretext></pretext>
<subnum range = "p" ref = "C089S020200" doc = "Class089.sgm">20.2</subnum></subref>
<descript><para> for similar closures for breeches in ordnance.</para></descript></crecord>
<crecord><classnum ref = "C285S000000" doc = "Class285.sgm">285</classnum>
<subref><clstitle>Pipe Joints or Couplings</clstitle>
<pretext></pretext>
<subnum range = "s" ref = "C285S391000" doc = "Class285.sgm">391</subnum></subref>
<descript><para> for a screw coupling comprising interrupted threads,
and subclass 401 for a socket joint of the lugged pipe, rotary engagement
type.  See the Search Notes thereunder.</para></descript></crecord>
<crecord><classnum ref = "C411S000000" doc = "Class411.sgm">411</classnum>
<subref><clstitle>Expanded, Threaded, Driven, Headed, Tool-Deformed,
or Locked-Threaded Fastener</clstitle>
<pretext></pretext>
<subnum range = "s" ref = "C411S417000" doc = "Class411.sgm">417</subnum></subref>
<descript><para> for externally threaded fasteners having circumferentially
interrupted threads.</para></descript></crecord></srchout></subclass>
<subclass subnum = "73" id = "C109S073000">
<sctitle>Sliding, rotary or oscillating movement:</sctitle>
<parent ref = "C109S064000" doc = "Class109.sgm">subclass 64</parent>
<scdesc>Devices wherein only a single sliding, rotary, or oscillating
movement is necessary to open the closure.</scdesc></subclass>
<subclass subnum = "74" id = "C109S074000">
<sctitle>With interfitting swinging closure and jamb parts:</sctitle>
<parent ref = "C109S064000" doc = "Class109.sgm">subclass 64</parent>
<scdesc>Devices wherein the closure has a swinging movement and
wherein the closure and adjacent jamb and closure have projections
and recesses (usually, but not necessarily, complementary) which
serve to prevent the inserting of tools or liquids, or the transmission
of heat in the space between the door and jamb.</scdesc>
<srchin>
<srecord><subnum ref = "C109S065000" doc = "Class109.sgm">65</subnum>
<descript><para>for devices provided with means to cut down the
conduction of heat by the material of the closure at its edge to
the interior of the safe.</para></descript></srecord></srchin></subclass>
<subclass subnum = "75" id = "C109S075000">
<sctitle>With seals:</sctitle>
<parent ref = "C109S064000" doc = "Class109.sgm">subclass 64</parent>
<scdesc>Devices wherein some positive sealing means is used between
the door and the jamb.</scdesc>
<srchout>
<crecord><classnum ref = "C049S000000" doc = "Class049.sgm">49</classnum>
<subref><clstitle>Movable or Removable Closures</clstitle>
<pretext></pretext>
<subnum range = "s" ref = "C049S475100" doc = "Class049.sgm">475.1</subnum></subref>
<descript><para> for closure seals of the type provided for.</para></descript></crecord></srchout></subclass>
<subclass subnum = "76" id = "C109S076000">
<sctitle>Composite:</sctitle>
<parent ref = "C109S064000" doc = "Class109.sgm">subclass 64</parent>
<scdesc>Devices wherein the closure is made up of a plurality of
parts which after assembly act as a unit.</scdesc>
<srchin>
<srecord><subnum ref = "C109S067000" doc = "Class109.sgm">67</subnum>
<descript><para>for devices, the several parts of which may be separately
used.</para></descript></srecord></srchin></subclass>
<subclass subnum = "77" id = "C109S077000">
<sctitle>Jamb:</sctitle>
<parent ref = "C109S064000" doc = "Class109.sgm">subclass 64</parent>
<scdesc>Devices relating to jamb structure, per se.</scdesc>
<srchout>
<crecord><classnum ref = "C052S000000" doc = "Class052.sgm">52</classnum>
<subref><clstitle>Static Structures (e.g., Buildings)</clstitle>
<pretext></pretext>
<subnum range = "s" ref = "C052S204100" doc = "Class052.sgm">204.1</subnum></subref>
<descript><para> for a building with a feature for forming a door
or window opening.</para></descript></crecord></srchout></subclass>
<subclass subnum = "78" id = "C109S078000">
<sctitle>Walls and panels:</sctitle>
<parent ref = "C109S058000" doc = "Class109.sgm">subclass 58</parent>
<scdesc>Devices relating to the structure of one or a plurality
of walls or panels.</scdesc>
<srchin>
<srecord><subnum ref = "C109S085000" doc = "Class109.sgm">85</subnum>
<descript><para>for devices having a plurality of distinct metal
parts.</para></descript>
<notes><note1 notenum = "(1)">
<para>Note. Safe, safe walls or safe plates made of a single metal
or alloy are classified in Class 420, Alloys or Metallic Compositions. Class
148, Metal Treatment, subclasses 400&plus; provides for safes, safe
walls or safe plates made of a metal or alloy which has been treated
by a Class 148 process, e.g., heat treated, ect., or recited as having
propeties which are the result of such a treatment. For the line
between metallic articles classified in Classes 148 and 420, see the
definition of subclass 400 in Class 148.</para></note1></notes></srecord></srchin>
<srchout>
<crecord><classnum ref = "C052S000000" doc = "Class052.sgm">52</classnum>
<subref><clstitle>Static Structures (e.g., Buildings)</clstitle>
<pretext></pretext></subref>
<descript><para>appropriate subclasses for a construction of a building,
wall, floor or roof of more general application.</para></descript></crecord>
<crecord><classnum ref = "C217S000000" doc = "Class217.sgm">217</classnum>
<subref><clstitle>Wooden Receptacles</clstitle>
<pretext></pretext>
<subnum range = "s" ref = "C217S017000" doc = "Class217.sgm">17</subnum></subref>
<descript><para> for wall structure of such receptacles.</para></descript></crecord>
<crecord><classnum ref = "C220S000000" doc = "Class220.sgm">220</classnum>
<subref><clstitle>Receptacles</clstitle>
<pretext>particularly </pretext>
<subnum range = "p" ref = "C220S062110" doc = "Class220.sgm">62.11</subnum></subref>
<descript><para> and 660&plus; for residual receptacle wall
structure.</para></descript></crecord>
<crecord><classnum ref = "C428S000000" doc = "Class428.sgm">428</classnum>
<subref><clstitle>Stock Material or Miscellaneous Articles</clstitle>
<pretext> appropriate subclasses and its main Class Definition,
section C, 3, d, for related materials, especially </pretext>
<subnum range = "s" ref = "C428S544000" doc = "Class428.sgm">544</subnum></subref>
<descript><para> for stock materials, e.g., of indefinite length,
which are all metal or have adjacent metal components.</para></descript></crecord></srchout></subclass>
<subclass subnum = "79" id = "C109S079000">
<sctitle>With joints and connections:</sctitle>
<parent ref = "C109S078000" doc = "Class109.sgm">subclass 78</parent>
<scdesc>Devices comprising joints or connection between a plurality
of walls or a plurality of parts of a wall.</scdesc>
<srchout>
<crecord><classnum ref = "C052S000000" doc = "Class052.sgm">52</classnum>
<subref><clstitle>Static Structures (e.g., Buildings)</clstitle>
<pretext></pretext></subref>
<descript><para>appropriate subclasses for wall and panel joints
in general.</para></descript></crecord>
<crecord><classnum ref = "C160S000000" doc = "Class160.sgm">160</classnum>
<subref><clstitle>Flexible or Portable Closure, Partition, or Panel</clstitle>
<pretext></pretext></subref>
<descript><para>appropriate subclasses, for panel structures composed
of a plurality of movably interconnected strips, slats or panels
and for the joint subcombinations of such structures.</para></descript></crecord>
<crecord><classnum ref = "C428S000000" doc = "Class428.sgm">428</classnum>
<subref><clstitle>Stock Material or Miscellaneous Articles</clstitle>
<pretext></pretext>
<subnum range = "s" ref = "C428S594000" doc = "Class428.sgm">594</subnum></subref>
<descript><para> for plural metallic layers discontinuously bonded,
e.g., by mechanical fastening means or spot welds.</para></descript></crecord></srchout></subclass>
<subclass subnum = "80" id = "C109S080000">
<sctitle>Composite:</sctitle>
<parent ref = "C109S078000" doc = "Class109.sgm">subclass 78</parent>
<scdesc>Devices wherein a plurality of different elements compose
a single wall.</scdesc>
<srchin>
<srecord><subnum ref = "C109S078000" doc = "Class109.sgm">78</subnum>
<descript><para>for safes, safe walls, or safe plates made of a
single alloy.</para></descript></srecord></srchin>
<srchout>
<crecord><classnum ref = "C428S000000" doc = "Class428.sgm">428</classnum>
<subref><clstitle>Stock Material or Miscellaneous Articles</clstitle>
<pretext></pretext>
<subnum range = "s" ref = "C428S547000" doc = "Class428.sgm">547</subnum></subref>
<descript><para> for particulate metal-containing stock having a
composition or density gradient, and subclass 614 for metallic stock
having embedded components.</para></descript></crecord></srchout></subclass>
<subclass subnum = "81" id = "C109S081000">
<sctitle>With movable parts:</sctitle>
<parent ref = "C109S080000" doc = "Class109.sgm">subclass 80</parent>
<scdesc>Devices wherein one or more of the parts are movable with
respect to the outer walls.</scdesc></subclass>
<subclass subnum = "82" id = "C109S082000">
<sctitle>Metallic and nonmetallic:</sctitle>
<parent ref = "C109S080000" doc = "Class109.sgm">subclass 80</parent>
<scdesc>Devices comprising metallic and nonmetallic parts.</scdesc>
<srchout>
<crecord><classnum ref = "C428S000000" doc = "Class428.sgm">428</classnum>
<subref><clstitle>Stock Material or Miscellaneous Articles</clstitle>
<pretext></pretext>
<subnum range = "s" ref = "C428S621000" doc = "Class428.sgm">621</subnum></subref>
<descript><para> for metallic composite stock comprising two or
more adjacent metal layers and having an additional nonmetal layer.</para></descript></crecord></srchout></subclass>
<subclass subnum = "83" id = "C109S083000">
<sctitle>With metallic reinforcement in nonmetallic binder:</sctitle>
<parent ref = "C109S082000" doc = "Class109.sgm">subclass 82</parent>
<scdesc>Devices wherein a metallic part or parts form a reinforcement
for the nonmetallic part by being embedded therein.</scdesc>
<srchout>
<crecord><classnum ref = "C052S000000" doc = "Class052.sgm">52</classnum>
<subref><clstitle>Static Structures (e.g., Buildings)</clstitle>
<pretext>appropriate subclasses, particularly </pretext>
<subnum range = "r" ref = "C052S251000" doc = "Class052.sgm">251</subnum></subref>
<descript><para>, 319, 378, 380, and 414 for cast-in-situ barriers
with embedded reinforcement.</para></descript></crecord></srchout></subclass>
<subclass subnum = "84" id = "C109S084000">
<sctitle>With nonmetallic filler:</sctitle>
<parent ref = "C109S082000" doc = "Class109.sgm">subclass 82</parent>
<scdesc>Devices wherein is a metallic shell completely enclosing
a nonmetallic filler.</scdesc>
<srchout>
<crecord><classnum ref = "C106S000000" doc = "Class106.sgm">106</classnum>
<subref><clstitle>Compositions:  Coating or Plastic</clstitle>
<pretext></pretext></subref>
<descript><para>for filling compositions that are plastic, setted
or settable.</para></descript></crecord>
<crecord><classnum ref = "C252S000000" doc = "Class252.sgm">252</classnum>
<subref><clstitle>Compositions</clstitle>
<pretext></pretext>
<subnum range = "s" ref = "C252S062000" doc = "Class252.sgm">62</subnum></subref>
<descript><para>, for heat insulating fillings.</para></descript></crecord></srchout></subclass>
<subclass subnum = "85" id = "C109S085000">
<sctitle>Metallic:</sctitle>
<parent ref = "C109S080000" doc = "Class109.sgm">subclass 80</parent>
<scdesc>Devices wherein all parts are metallic.</scdesc>
<srchin>
<srecord><subnum ref = "C109S078000" doc = "Class109.sgm">78</subnum>
<descript><para>for safes, safe walls and safe plates made of a
single alloy.</para></descript></srecord></srchin>
<srchout>
<crecord><classnum ref = "C428S000000" doc = "Class428.sgm">428</classnum>
<subref><clstitle>Stock Material or Miscellaneous Articles</clstitle>
<pretext></pretext>
<subnum range = "s" ref = "C428S609000" doc = "Class428.sgm">609</subnum></subref>
<descript><para> for metallic stock comprising plural layers having
an irregular interface, and subclasses 615&plus; for other composite
metallic stock defined in terms of the composition of its component.</para></descript></crecord></srchout></subclass>
<subclass subnum = "87" id = "C109S087000">
<sctitle>Floor bridges:</sctitle>
<parent ref = "C109S058000" doc = "Class109.sgm">subclass 58</parent>
<scdesc>Devices comprising movable or removable floor sections for
bridging recesses in floors necessitated to accommodate the opening
of a vault door. These recesses are usually necessary when the level
of the vault floor and building floor are desired on the same level.</scdesc></subclass></sclasses>
</class>
