<?xml version="1.0" encoding="UTF-8"?>
<!DOCTYPE class PUBLIC "-//USPTO//DTD Classification Definitions//EN" "xclassdef.dtd" [

<!-- Begin Document Specific Declarations -->

<!-- End Document Specific Declarations -->

]>
<?xml-stylesheet href="classdef.xsl" type="text/XSL"?>

<class classnum = "289" id = "C289S000000"><title>KNOTS AND KNOT
TYING</title>
<sections><descsect>
<para>This class includes a method or an apparatus for intertwining
one or more portions of a cord, strand or strip, while simultaneously
maintaining the lay of the constituents, to form a knot, and the
product of such method or apparatus.</para>
</descsect>
<linesect>
<para>Tools of the nature of pliers, tweezers, crochet-hooks, etc.,
capable of other uses, but which may be employed to form knots if
desired, are otherwise classified.  Pliers are found in Class 81,
Tools, subclasses 300&plus;; tweezers in Class 294, Handling:
 Hand and Hoist-Line Implements, subclass 99.2; crochet-hooks in
Class 66, Textiles: Knitting, subclass 118.</para>
</linesect>
<scsect>
<srchout>
<crecord><classnum ref = "C028S000000" doc = "Class028.sgm">28</classnum>
<subref><clstitle>Textiles:  Manufacturing</clstitle>
<pretext></pretext>
<subnum range = "s" ref = "C028S211000" doc = "Class028.sgm">211</subnum></subref>
<descript><para> for knotters in combination with warp preparing apparatus.</para></descript></crecord>
<crecord><classnum ref = "C056S000000" doc = "Class056.sgm">56</classnum>
<subref><clstitle>Harvesters</clstitle>
<pretext></pretext>
<subnum range = "p" ref = "C056S067000" doc = "Class056.sgm">67</subnum></subref>
<descript><para>, 131&plus; and 433&plus;.</para></descript></crecord>
<crecord><classnum ref = "C057S000000" doc = "Class057.sgm">57</classnum>
<subref><clstitle>Textiles:  Spinning, Twisting, and Twining</clstitle>
<pretext></pretext>
<subnum range = "p" ref = "C057S022000" doc = "Class057.sgm">22</subnum></subref>
<descript><para> for means for uniting portions of rope or cable
where the unlaying of the strands is involved.</para></descript></crecord>
<crecord><classnum ref = "C066S000000" doc = "Class066.sgm">66</classnum>
<subref><clstitle>Textiles:  Knitting</clstitle>
<pretext></pretext>
<subnum range = "s" ref = "C066S118000" doc = "Class066.sgm">118</subnum></subref>
<descript><para> for crocket-hooks, and see (1) Note, supra.</para></descript></crecord>
<crecord><classnum ref = "C081S000000" doc = "Class081.sgm">81</classnum>
<subref><clstitle>Tools</clstitle>
<pretext></pretext>
<subnum range = "p" ref = "C081S300000" doc = "Class081.sgm">300</subnum></subref>
<descript><para> for pliers, and see (1) Note, supra.</para></descript></crecord>
<crecord><classnum ref = "C087S000000" doc = "Class087.sgm">87</classnum>
<subref><clstitle>Textiles:  Braiding, Netting, and Lace Making</clstitle>
<pretext></pretext>
<subnum range = "s" ref = "C087S012000" doc = "Class087.sgm">12</subnum></subref>
<descript><para> for processes of and subclass 53 for apparatus
for making knotted mesh fabrics.</para></descript></crecord>
<crecord><classnum ref = "C100S000000" doc = "Class100.sgm">100</classnum>
<subref><clstitle>Presses</clstitle>
<pretext></pretext>
<subnum range = "p" ref = "C100S033000" doc = "Class100.sgm">33</subnum></subref>
<descript><para> for binder applying apparatus, not otherwise provided
for, which include means for joining spaced portions of a material
encircling tensioned binder, some of said means involving twisting
of the spaced portions and subclasses 2&plus; for corresponding methods.</para></descript></crecord>
<crecord><classnum ref = "C112S000000" doc = "Class112.sgm">112</classnum>
<subref><clstitle>Sewing</clstitle>
<pretext></pretext>
<subnum range = "r" ref = "C112S022000" doc = "Class112.sgm">22</subnum></subref>
<descript><para> and 156.</para></descript></crecord>
<crecord><classnum ref = "C140S000000" doc = "Class140.sgm">140</classnum>
<subref><clstitle>Wireworking</clstitle>
<pretext></pretext>
<subnum range = "p" ref = "C140S003000" doc = "Class140.sgm">3</subnum></subref>
<descript><para> and 111&plus; for means peculiarly adapted
for uniting portions of wire or the like wherein the portions are
held together only by reason of the rigidity of the material.</para></descript></crecord>
<crecord><classnum ref = "C242S000000" doc = "Class242.sgm">242</classnum>
<subref><clstitle>Winding, Tensioning, or Guiding</clstitle>
<pretext></pretext>
<subnum range = "p" ref = "C242S475100" doc = "Class242.sgm">475.1</subnum></subref>
<descript><para> for means for uniting a reserve thread with the
last end of the bobbin thread of a winding machine.</para></descript></crecord>
<crecord><classnum ref = "C294S000000" doc = "Class294.sgm">294</classnum>
<subref><clstitle>Handling:  Hand and Hoist-Line Implements</clstitle>
<pretext></pretext>
<subnum range = "s" ref = "C294S099200" doc = "Class294.sgm">99.2</subnum></subref>
<descript><para> for tweezers, and see (1) Note, supra.</para></descript></crecord>
<crecord><classnum ref = "C493S000000" doc = "Class493.sgm">493</classnum>
<subref><clstitle>Manufacturing Container or Tube From Paper; or
Other Manufacturing From a Sheet or Web</clstitle>
<pretext></pretext>
<subnum range = "p" ref = "C493S379000" doc = "Class493.sgm">379</subnum></subref>
<descript><para>.</para></descript></crecord></srchout>
</scsect></sections>
<sclasses>
<subclass subnum = "1.2" id = "C289S001200">
<sctitle>KNOTS:</sctitle>
<parent ref = "C289S000000" doc = "Class289.sgm">the class definition</parent>
<scdesc>An interlacement of portions of one or more elongated flexible
elements (e.g., strand, rope) forming a tie or fastening and including any
bend or hitch.</scdesc></subclass>
<subclass subnum = "1.5" id = "C289S001500">
<sctitle>METHODS:</sctitle>
<parent ref = "C289S000000" doc = "Class289.sgm">the class definition</parent>
<scdesc>Methods.</scdesc></subclass>
<subclass subnum = "2" id = "C289S002000">
<sctitle>KNOTTERS:</sctitle>
<parent ref = "C289S000000" doc = "Class289.sgm">the class definition</parent>
<scdesc>Devices for forming a loop through which a portion of the
cord is passed and the loop tightened thereon.</scdesc>
<srchin>
<srecord><subnum ref = "C289S017000" doc = "Class289.sgm">17</subnum>
<descript><para>for a device adapted to assist the hand or operated
by hand to form a knot.</para></descript></srecord></srchin></subclass>
<subclass subnum = "3" id = "C289S003000">
<sctitle>Weaver&rsquo;s knot:</sctitle>
<parent ref = "C289S002000" doc = "Class289.sgm">subclass 2</parent>
<scdesc>Whereby a knot is tied comprising two loops, the terminals
of one extending through the bight of the other on the same side
and one terminal of the second loop extending through the bight
of the first loop, the other terminal of the second loop extending
between the first terminal of the second loop and the terminals
of the first loop.</scdesc></subclass>
<subclass subnum = "4" id = "C289S004000">
<sctitle>Square knot:</sctitle>
<parent ref = "C289S002000" doc = "Class289.sgm">subclass 2</parent>
<scdesc>Whereby a knot is tied comprising two loops, with the terminals
of each extending through the same side of the bight portion of
the other.</scdesc></subclass>
<subclass subnum = "5" id = "C289S005000">
<sctitle>Rotary lateral bill:</sctitle>
<parent ref = "C289S002000" doc = "Class289.sgm">subclass 2</parent>
<scdesc>Having a bill comprising two members adapted to receive
and hold a cord between them, said members extending laterally from
a rotating shank.</scdesc></subclass>
<subclass subnum = "6" id = "C289S006000">
<sctitle>Swinging knotter frame:</sctitle>
<parent ref = "C289S005000" doc = "Class289.sgm">subclass 5</parent>
<scdesc>The bill is mounted on a frame, which is moved to and fro
while the knot is being tied.</scdesc></subclass>
<subclass subnum = "7" id = "C289S007000">
<sctitle>Sliding jaw:</sctitle>
<parent ref = "C289S005000" doc = "Class289.sgm">subclass 5</parent>
<scdesc>One member of the bill moving rectilinearly toward or away
from the other to grasp or release the cord.</scdesc></subclass>
<subclass subnum = "8" id = "C289S008000">
<sctitle>Pivoted inner jaw:</sctitle>
<parent ref = "C289S005000" doc = "Class289.sgm">subclass 5</parent>
<scdesc>The bill member nearer the driving means being pivoted to
swing toward the same.</scdesc></subclass>
<subclass subnum = "9" id = "C289S009000">
<sctitle>Angular drive:</sctitle>
<parent ref = "C289S008000" doc = "Class289.sgm">subclass 8</parent>
<scdesc>The knotter shank driven directly from a rotating shaft
disposed at an angle thereto.</scdesc></subclass>
<subclass subnum = "10" id = "C289S010000">
<sctitle>Notched-disk cord holder:</sctitle>
<parent ref = "C289S009000" doc = "Class289.sgm">subclass 9</parent>
<scdesc>Having a flat disk with notches in its periphery for holding
the cord ends.</scdesc></subclass>
<subclass subnum = "11" id = "C289S011000">
<sctitle>Bills:</sctitle>
<parent ref = "C289S005000" doc = "Class289.sgm">subclass 5</parent>
<scdesc>Limited to the structure of a pair of cooperating members
projecting from a shank for forming the loop and pulling a portion
of cord therethrough.  Does not include gearing for operating the
members. May include cam or spring for opening or closing the jaw.</scdesc></subclass>
<subclass subnum = "12" id = "C289S012000">
<sctitle>Sleeve and spindle:</sctitle>
<parent ref = "C289S002000" doc = "Class289.sgm">subclass 2</parent>
<scdesc>Having a sleeve, within which is a spindle, the spindle
and sleeve being relatively movable to form a loop, and a twine-engaging
member on the end of the spindle to pull a portion of the cord through
the loop. Sometimes called &ldquo;cylinder-knotter.&rdquo;</scdesc></subclass>
<subclass subnum = "13" id = "C289S013000">
<sctitle>Cord holders:</sctitle>
<parent ref = "C289S002000" doc = "Class289.sgm">subclass 2</parent>
<scdesc>Improvement limited to means for holding the ends of the
cord while the knot is being tied.  Includes cord-cutter when the
same is carried on the cord-holder, the rest of the knotter being old.</scdesc></subclass>
<subclass subnum = "14" id = "C289S014000">
<sctitle>Notched disk:</sctitle>
<parent ref = "C289S013000" doc = "Class289.sgm">subclass 13</parent>
<scdesc>Comprising a flat disk with peripheral notches to hold the
cord ends.</scdesc></subclass>
<subclass subnum = "15" id = "C289S015000">
<sctitle>Cord guides:</sctitle>
<parent ref = "C289S002000" doc = "Class289.sgm">subclass 2</parent>
<scdesc>Limited to means for guiding the cord in proper relation
to the knot-tying member.</scdesc></subclass>
<subclass subnum = "16" id = "C289S016000">
<sctitle>Needles:</sctitle>
<parent ref = "C289S002000" doc = "Class289.sgm">subclass 2</parent>
<scdesc>Limited to means for presenting the cord to the cord-holder
and attachments therefor. Includes knife, guard, or compressor-arm
if the same is carried by the needle.</scdesc></subclass>
<subclass subnum = "16.5" id = "C289S016500">
<sctitle>MACRAME:</sctitle>
<parent ref = "C289S000000" doc = "Class289.sgm">the class definition</parent>
<scdesc>Method or apparatus for effecting or facilitating the knotting
of cords or similar strand materials into a coarse lace or a decorative
fringe.</scdesc></subclass>
<subclass subnum = "17" id = "C289S017000">
<sctitle>HAND IMPLEMENTS:</sctitle>
<parent ref = "C289S000000" doc = "Class289.sgm">the class definition</parent>
<scdesc>Means peculiarly adapted to assist the hand or operated
by hand to form a knot.</scdesc>
<srchout>
<crecord><classnum ref = "C057S000000" doc = "Class057.sgm">57</classnum>
<subref><clstitle>Textiles:  Spinning, Twisting, and Twining</clstitle>
<pretext></pretext>
<subnum range = "s" ref = "C057S023000" doc = "Class057.sgm">23</subnum></subref>
<descript><para> for implement such as marlin spikes employed in splicing
operations.</para></descript></crecord></srchout></subclass>
<subclass subnum = "18.1" id = "C289S018100">
<sctitle>MISCELLANEOUS:</sctitle>
<scdesc>Tying devices which do not fall within the definition of
any of the more specific subclasses in this class (289).</scdesc></subclass></sclasses>
</class>
