<?xml version="1.0" encoding="UTF-8"?>
<!DOCTYPE class PUBLIC "-//USPTO//DTD Classification Definitions//EN" "xclassdef.dtd" [

<!-- Begin Document Specific Declarations -->

<!-- End Document Specific Declarations -->

]>
<?xml-stylesheet href="classdef.xsl" type="text/XSL"?>

<class classnum = "194" id = "C194S000000"><title>CHECK-ACTUATED
CONTROL   MECHANISMS</title>
<sections><descsect>
<para>This is the generic and residual class for control mechanisms
adapted to be actuated by check means, and whose function is to
govern the operation of an associated machine or system.  This class
provides for such control mechanisms, per se, the combination of
such control mechanism with either a machine or system, a cabinet
structure containing the control mechanism peculiar to this class
 (e.g., a value accumulator, a coin chute, etc.), or a check, per
se, designed specifically to actuate a control mechanism.</para>
<notes><note1 notenum = "(1)">
<para>Note.  The term &ldquo;check,&rdquo; as used herein, refers
to an object having or representing a monetary value which can be
measured or verified, and includes coins and substitutes therefor
which have an analogous function.</para></note1>
<note1 notenum = "(2)">
<para>Note.  In disclosures of parts or the whole of a machine or
system and check-actuated control mechanism for governing the operation
therefor, the mere inclusion of &ldquo;coin- (or other check)
controlled means&rdquo; as an element in claims setting forth
specific structure of the machine or system, but in which no specific
feature of the control mechanism is claimed, is not sufficient to justify
placement in this class.  The disclosure will be placed in the class
in which the machine or system is classifiable.</para></note1></notes>
</descsect>
<scsect>
<srchout>
<crecord><classnum ref = "C049S000000" doc = "Class049.sgm">49</classnum>
<subref><clstitle>Movable or Removable Closures</clstitle>
<pretext></pretext>
<subnum range = "s" ref = "C049S035000" doc = "Class049.sgm">35</subnum></subref>
<descript><para> for a check-controlled closure wherein no specific
feature of the control mechanism is claimed.</para></descript></crecord>
<crecord><classnum ref = "C081S000000" doc = "Class081.sgm">81</classnum>
<subref><clstitle>Tools</clstitle>
<pretext></pretext>
<subnum range = "s" ref = "C081S00390" doc = "Class081.sgm">3.09</subnum></subref>
<descript><para> for the combination of a check-actuated control
mechanism with a receptacle closure remover.</para></descript></crecord>
<crecord><classnum ref = "C099S000000" doc = "Class099.sgm">99</classnum>
<subref><clstitle>Foods and Beverages:  Apparatus</clstitle>
<pretext></pretext>
<subnum range = "r" ref = "C099S290000" doc = "Class099.sgm">290</subnum></subref>
<descript><para>, 323.6 and 357 for the combination of a check-actuated
control mechanism with a corn popper, beverage infusor or food cooker.</para></descript></crecord>
<crecord><classnum ref = "C101S000000" doc = "Class101.sgm">101</classnum>
<subref><clstitle>Printing</clstitle>
<pretext></pretext>
<subnum range = "s" ref = "C101S071000" doc = "Class101.sgm">71</subnum></subref>
<descript><para> for a mail-box machine, and Digest 23 for a collection
of coin-controlled printing machines.</para></descript></crecord>
<crecord><classnum ref = "C177S000000" doc = "Class177.sgm">177</classnum>
<subref><clstitle>Weighing Scales</clstitle>
<pretext></pretext>
<subnum range = "s" ref = "C177S125000" doc = "Class177.sgm">125</subnum></subref>
<descript><para> for a check-controlled weighing scale.</para></descript></crecord>
<crecord><classnum ref = "C178S000000" doc = "Class178.sgm">178</classnum>
<subref><clstitle>Telegraphy</clstitle>
<pretext></pretext>
<subnum range = "s" ref = "C178S002000" doc = "Class178.sgm">2</subnum></subref>
<descript><para> for a coin-controlled telegraph system wherein
no specific feature of the control mechanism is claimed.</para></descript></crecord>
<crecord><classnum ref = "C222S000000" doc = "Class222.sgm">222</classnum>
<subref><clstitle>Dispensing</clstitle>
<pretext></pretext>
<subnum range = "s" ref = "C222S002000" doc = "Class222.sgm">2</subnum></subref>
<descript><para> for check-controlled dispensing apparatus where
in no specific feature of the control mechanism is claimed.</para></descript></crecord>
<crecord><classnum ref = "C273S000000" doc = "Class273.sgm">273</classnum>
<subref><clstitle>Amusement Devices:  Games</clstitle>
<pretext></pretext></subref>
<descript><para>appropriate subclass for a game machine or apparatus
which operates in response to a check, wherein no significance is
attributed to the check-actuated control mechanism.</para></descript></crecord>
<crecord><classnum ref = "C368S000000" doc = "Class368.sgm">368</classnum>
<subref><clstitle>Horology:  Time Measuring Systems or Devices</clstitle>
<pretext></pretext>
<subnum range = "p" ref = "C368S090000" doc = "Class368.sgm">90</subnum></subref>
<descript><para> for a check-controlled parking meter wherein no
specific detail of the control mechanism is claimed.</para></descript></crecord>
<crecord><classnum ref = "C379S000000" doc = "Class379.sgm">379</classnum>
<subref><clstitle>Telephonic Communications</clstitle>
<pretext></pretext>
<subnum range = "p" ref = "C379S143000" doc = "Class379.sgm">143</subnum></subref>
<descript><para> for those combinations of a telephone with a check-actuated
control mechanism wherein the control mechanism is modified to adapt
especially for use with telephone circuitry, or wherein the telephone
circuitry is modified by reason of the presence of the control mechanism.</para></descript></crecord>
<crecord><classnum ref = "C400S000000" doc = "Class400.sgm">400</classnum>
<subref><clstitle>Typewriting Machines</clstitle>
<pretext></pretext>
<subnum range = "s" ref = "C400S673000" doc = "Class400.sgm">673</subnum></subref>
<descript><para> for a machine of that class wherein no specific
detail of the control mechanism is claimed.</para></descript></crecord>
<crecord><classnum ref = "C453S000000" doc = "Class453.sgm">453</classnum>
<subref><clstitle>Coin Handling</clstitle>
<pretext></pretext></subref>
<descript><para>appropriate subclass for apparatus whose function
is to handle coins without controlling a machine or system external
to the apparatus.</para></descript></crecord>
<crecord><classnum ref = "C463S000000" doc = "Class463.sgm">463</classnum>
<subref><clstitle>Amusement Devices: Games</clstitle>
<pretext></pretext></subref>
<descript><para>for a game or for a chance machine or apparatus
which operates in response to a check, wherein no significance is
attributed to the check-actuated control mechanism.</para></descript></crecord>
<crecord><classnum ref = "C473S000000" doc = "Class473.sgm">473</classnum>
<subref><clstitle>Games Using Tangible Projectile</clstitle>
<pretext></pretext></subref>
<descript><para>for a game or for a chance machine or apparatus
which operates in response to a check, wherein no significance is
attributed to the check-actuated control mechanism.</para></descript></crecord>
<crecord><classnum ref = "C600S000000" doc = "Class600.sgm">600</classnum>
<subref><clstitle>Surgery</clstitle>
<pretext></pretext>
<subnum range = "p" ref = "C600S538000" doc = "Class600.sgm">538</subnum></subref>
<descript><para> for the combination of a check-actuated control
mechanism with a spirometer where the spirometer is significantly
claimed.</para></descript></crecord>
<crecord><classnum ref = "C725S000000" doc = "Class725.sgm">725</classnum>
<subref><clstitle>Interactive Video Distribution Systems</clstitle>
<pretext></pretext>
<subnum range = "r" ref = "C725S001000" doc = "Class725.sgm">1</subnum>
<endnum ref = "C725S008000" doc = "Class725.sgm">8</endnum></subref>
<descript><para> for billing in a video distribution system.</para></descript></crecord>
<crecord><classnum ref = "CD20S000000" doc = "Classd20.sgm">D20</classnum>
<subref><clstitle>Sales and Advertising Equipment</clstitle>
<pretext></pretext>
<subnum range = "s" ref = "CD20S009000" doc = "ClassD20.sgm">9</subnum></subref>
<descript><para> for an advertising display for use with a coin-control
mechanism on a vending machine.</para></descript></crecord></srchout>
</scsect></sections>
<sclasses>
<subclass subnum = "200" id = "C194S200000">
<sctitle>WITH MEANS RESPONSIVE TO MALFUNCTION:</sctitle>
<parent ref = "C194S000000" doc = "Class194.sgm">the class definition</parent>
<scdesc>Apparatus combined with a mechanism which is specifically
designed to operate when the control mechanism is out of working
order.</scdesc></subclass>
<subclass subnum = "201" id = "C194S201000">
<sctitle>Antijackpotting device:</sctitle>
<parent ref = "C194S200000" doc = "Class194.sgm">subclass 200</parent>
<scdesc>Apparatus wherein the malfunction-responsive mechanism includes
a device adapted to prevent the release of an excessive number of checks
from within the control mechanism.</scdesc></subclass>
<subclass subnum = "202" id = "C194S202000">
<sctitle>WITH ADDITIONAL, DISPARATE MEANS PREVENTING FRAUDULENT ACTUATION:</sctitle>
<parent ref = "C194S000000" doc = "Class194.sgm">the class definition</parent>
<scdesc>Apparatus combined with an additional mechanism which is
specifically designed to defer either the actuation of the control
mechanism by an improper check, repeated actuations of the control
mechanism by a single check, or actuation of the control mechanism without
a check being deposited.</scdesc>
<notes><note1 notenum = "(1)">
<para>Note.  A control mechanism with means for testing the validity
of a check is common in this art, and is not considered to be additional
and disparate.</para></note1></notes>
<srchin>
<srecord><subnum range = "p" ref = "C194S302000" doc = "Class194.sgm">302</subnum>
<descript><para>for a control mechanism which includes means for
testing the validity of a check.</para></descript></srecord></srchin></subclass>
<subclass subnum = "203" id = "C194S203000">
<sctitle>Means preventing use of tethered check:</sctitle>
<parent ref = "C194S202000" doc = "Class194.sgm">subclass 202</parent>
<scdesc>Apparatus in which the additional mechanism includes a device
adapted to prevent actuation of the control mechanism by, and subsequent withdrawal
from the control mechanism of, a check attached to a long, slender
member (e.g., a string).</scdesc></subclass>
<subclass subnum = "204" id = "C194S204000">
<sctitle>Antijarring device:</sctitle>
<parent ref = "C194S202000" doc = "Class194.sgm">subclass 202</parent>
<scdesc>Apparatus in which the additional mechanism includes a device
from being actuated by a blow delivered to the apparatus.</scdesc></subclass>
<subclass subnum = "205" id = "C194S205000">
<sctitle>CONTROL MECHANISM ACTUATED BY CHECK, OTHER THAN COIN (E.G., SLUG,
TOKEN, CARD, ETC.), WHICH IS MUTILATED OR RETAINED:</sctitle>
<parent ref = "C194S000000" doc = "Class194.sgm">the class definition</parent>
<scdesc>Apparatus wherein (a) the control mechanism is adapted to
be actuated by a check other than a piece of stamped metal serving
as legal tender, and (b) the check, or a part therefor, is either
destroyed or kept by the apparatus after actuation.</scdesc>
<notes><note1 notenum = "(1)">
<para>Note.  Examples of the check used to actuate control mechanisms
in this subclass and its indents are coin-substitutes (slugs and
tokens), folding money, cards, and articles useful for redemption
of money (aluminum cans, glass bottles, etc.).</para></note1>
<note1 notenum = "(2)">
<para>Note.  Apparatus wherein such a check is inserted into a control
mechanism to operate a machine or system, and subsequently removed
intact, is excluded from this subclass, and is classified with the machine
or system.</para></note1></notes></subclass>
<subclass subnum = "206" id = "C194S206000">
<sctitle>By pliant currency (e.g., dollar bill, etc.):</sctitle>
<parent ref = "C194S205000" doc = "Class194.sgm">subclass 205</parent>
<scdesc>Apparatus wherein the control mechanism is adapted to be
actuated by legal tender comprising a sheet of flexible material.</scdesc>
<srchout>
<crecord><classnum ref = "C434S000000" doc = "Class434.sgm">434</classnum>
<subref><clstitle>Education and Demonstration</clstitle>
<pretext></pretext>
<subnum range = "s" ref = "C434S110000" doc = "Class434.sgm">110</subnum></subref>
<descript><para> for apparatus adapted to either identify the denomination
of currency, or spot counterfeit bills, but which do not control
another machine or system.</para></descript></crecord></srchout></subclass>
<subclass subnum = "207" id = "C194S207000">
<sctitle>Including light sensitive testing device:</sctitle>
<parent ref = "C194S206000" doc = "Class194.sgm">subclass 206</parent>
<scdesc>Apparatus including means to measure a light-conducting
characteristic of the legal tender.</scdesc></subclass>
<subclass subnum = "208" id = "C194S208000">
<sctitle>Having means to mutilate check:</sctitle>
<parent ref = "C194S205000" doc = "Class194.sgm">subclass 205</parent>
<scdesc>Apparatus including means to destroy the check in whole
or in part as it actuates the control mechanism.</scdesc></subclass>
<subclass subnum = "209" id = "C194S209000">
<sctitle>And means to test physical characteristic of check:</sctitle>
<parent ref = "C194S208000" doc = "Class194.sgm">subclass 208</parent>
<scdesc>Apparatus including means for analyzing a material property
of the check.</scdesc></subclass>
<subclass subnum = "210" id = "C194S210000">
<sctitle>Having means to read magnetically encoded check:</sctitle>
<parent ref = "C194S205000" doc = "Class194.sgm">subclass 205</parent>
<scdesc>Apparatus adapted to be actuated by a check which either
emanates a magnetic field, or responds to a magnetic field, to send
a coded signal; and including a device which interprets the signal.</scdesc></subclass>
<subclass subnum = "211" id = "C194S211000">
<sctitle>Having electric circuit with switch operated by check:</sctitle>
<parent ref = "C194S205000" doc = "Class194.sgm">subclass 205</parent>
<scdesc>Apparatus wherein the control mechanism includes an electric
circuit and a switching device within the circuit, the switching
device adapted to be operated by the check.</scdesc></subclass>
<subclass subnum = "212" id = "C194S212000">
<sctitle>Having means to test physical characteristic of check:</sctitle>
<parent ref = "C194S205000" doc = "Class194.sgm">subclass 205</parent>
<scdesc>Apparatus including means to test the check by analyzing
a material property of the check.</scdesc></subclass>
<subclass subnum = "213" id = "C194S213000">
<sctitle>Test electrical or magnetic property:</sctitle>
<parent ref = "C194S212000" doc = "Class194.sgm">subclass 212</parent>
<scdesc>Apparatus wherein the check is tested by analyzing either
its ability to conduct electric current or its response to a magnetic
field.</scdesc></subclass>
<subclass subnum = "214" id = "C194S214000">
<sctitle>CHECK, PER SE:</sctitle>
<parent ref = "C194S000000" doc = "Class194.sgm">the class definition</parent>
<scdesc>Apparatus wherein significance is attributed to the check
itself.</scdesc>
<srchout>
<crecord><classnum ref = "C040S000000" doc = "Class040.sgm">40</classnum>
<subref><clstitle>Card, Picture, or Sign Exhibiting</clstitle>
<pretext></pretext>
<subnum range = "s" ref = "C040S027500" doc = "Class040.sgm">27.5</subnum></subref>
<descript><para> for a check, per se, representing no monetary value</para></descript></crecord></srchout></subclass>
<subclass subnum = "215" id = "C194S215000">
<sctitle>INCLUDING VALUE ACCUMULATOR FOR PLURAL CHECKS:</sctitle>
<parent ref = "C194S000000" doc = "Class194.sgm">the class definition</parent>
<scdesc>Apparatus wherein the control mechanism is adapted to receive
a plurality of checks before actuation, and includes a device which sequentially
registers and totals the value of deposited checks pending actuations.</scdesc>
<notes><note1 notenum = "(1)">
<para>Note.  Apparatus found in this subclass and its indents may
either require a plurality of checks adding up to a predetermined
value to produce a single actuation, or store credit upon receipt
of checks, from which value is taken upon each of a plurality of
actuations.</para></note1></notes>
<srchin>
<srecord><subnum range = "p" ref = "C194S229000" doc = "Class194.sgm">229</subnum>
<descript><para>for a control mechanism adapted to receive a plurality
of checks before actuation, but wherein values are not registered
and totalled.</para></descript></srecord></srchin>
<srchout>
<crecord><classnum ref = "C235S000000" doc = "Class235.sgm">235</classnum>
<subref><clstitle>Registers</clstitle>
<pretext></pretext>
<subnum range = "p" ref = "C235S007000" doc = "Class235.sgm">7</subnum></subref>
<descript><para> for cash registers, per se, and subclass 100 for registering
boxes.</para></descript></crecord>
<crecord><classnum ref = "C453S000000" doc = "Class453.sgm">453</classnum>
<subref><clstitle>Coin Handling</clstitle>
<pretext></pretext>
<subnum range = "p" ref = "C453S001000" doc = "Class453.sgm">1</subnum></subref>
<descript><para> for change makers, per se, and subclasses 3&plus; for
coin assorters, per se.</para></descript></crecord></srchout></subclass>
<subclass subnum = "216" id = "C194S216000">
<sctitle>Having solid state circuitry:</sctitle>
<parent ref = "C194S215000" doc = "Class194.sgm">subclass 215</parent>
<scdesc>Apparatus wherein the registering device includes an electric
circuit including a semiconductor.</scdesc></subclass>
<subclass subnum = "217" id = "C194S217000">
<sctitle>Programmable:</sctitle>
<parent ref = "C194S216000" doc = "Class194.sgm">subclass 216</parent>
<scdesc>Apparatus wherein the control mechanism responds to the
registering device according to a prescribed sequence of instructions,
and the instructions can be changed.</scdesc></subclass>
<subclass subnum = "218" id = "C194S218000">
<sctitle>Including binary counter:</sctitle>
<parent ref = "C194S216000" doc = "Class194.sgm">subclass 216</parent>
<scdesc>Apparatus wherein the circuit includes a dipole electronic
register.</scdesc></subclass>
<subclass subnum = "219" id = "C194S219000">
<sctitle>And electric circuit with switch operated by check:</sctitle>
<parent ref = "C194S215000" doc = "Class194.sgm">subclass 215</parent>
<scdesc>Apparatus including a circuit within the control mechanism,
but apart from the registering device, and a switching device in
the circuit, the switching device including a movable circuit maker&sol;breaker
adapted to be moved by a check.</scdesc></subclass>
<subclass subnum = "220" id = "C194S220000">
<sctitle>Accumulator includes electric circuit having stepper switch:</sctitle>
<parent ref = "C194S219000" doc = "Class194.sgm">subclass 219</parent>
<scdesc>Apparatus wherein the registering device includes an additional
electric contacts and a wiper element, the wiper element adapted
to move from one of the contacts to another in response to operation
of the switching device.</scdesc>
<notes><note1 notenum = "(1)">
<para>Note.  Each operation of the check- operated switch results
in a movement of the wiper element according to a scheduled sequence
of movements, until the element arrives at a final position where
the additional circuit is closed.</para></note1></notes></subclass>
<subclass subnum = "221" id = "C194S221000">
<sctitle>Single check-operated switch:</sctitle>
<parent ref = "C194S220000" doc = "Class194.sgm">subclass 220</parent>
<scdesc>Apparatus wherein there is only one switching device adapted
to be operated by a check within the control circuit</scdesc></subclass>
<subclass subnum = "222" id = "C194S222000">
<sctitle>Plural stepper switches:</sctitle>
<parent ref = "C194S220000" doc = "Class194.sgm">subclass 220</parent>
<scdesc>Apparatus wherein the registering device includes a plurality
of wiper elements.</scdesc></subclass>
<subclass subnum = "223" id = "C194S223000">
<sctitle>Accumulator having ratchet wheel:</sctitle>
<parent ref = "C194S219000" doc = "Class194.sgm">subclass 219</parent>
<scdesc>Apparatus wherein the registering device includes a gear
wheel with ratchet teeth.</scdesc></subclass>
<subclass subnum = "224" id = "C194S224000">
<sctitle>Having electric circuit completed by check itself:</sctitle>
<parent ref = "C194S215000" doc = "Class194.sgm">subclass 215</parent>
<scdesc>Apparatus including an electric circuit within the control
mechanism, wherein the circuit is adapted to utilize a check as
a bridge for current.</scdesc></subclass>
<subclass subnum = "225" id = "C194S225000">
<sctitle>Mechanical accumulator:</sctitle>
<parent ref = "C194S215000" doc = "Class194.sgm">subclass 215</parent>
<scdesc>Apparatus wherein the registering device consists solely
of a plurality of movable mechanical parts, and the value is determined
by the relative movement of those parts.</scdesc></subclass>
<subclass subnum = "226" id = "C194S226000">
<sctitle>Having ratchet wheel:</sctitle>
<parent ref = "C194S225000" doc = "Class194.sgm">subclass 225</parent>
<scdesc>Apparatus wherein the registering device includes a gear
wheel with ratchet teeth.</scdesc></subclass>
<subclass subnum = "227" id = "C194S227000">
<sctitle>And indexing means differently responsive to various check
values:</sctitle>
<parent ref = "C194S226000" doc = "Class194.sgm">subclass 226</parent>
<scdesc>Apparatus adapted to receive checks having different values,
in which the registering device includes a regulator which limits
the rotation of the ratchet wheel to a radial distance corresponding
to a specified number of teeth, including a mechanism whereby various
numbers of teeth correspond to various values.</scdesc></subclass>
<subclass subnum = "228" id = "C194S228000">
<sctitle>And means to impart thrust to check to operate accumulator:</sctitle>
<parent ref = "C194S225000" doc = "Class194.sgm">subclass 225</parent>
<scdesc>Apparatus including a member adapted to exert force upon
a check within the control mechanism, causing relative movement
between the control mechanism and the check, and resulting in operation
of the registering device.</scdesc></subclass>
<subclass subnum = "229" id = "C194S229000">
<sctitle>CONTROL MECHANISM RESPONSIVE TO PLURALITY OF CHECKS:</sctitle>
<parent ref = "C194S000000" doc = "Class194.sgm">the class definition</parent>
<scdesc>Apparatus adapted to receive a plurality of checks, wherein
the mechanism requires several checks in order for actuation to
occur.</scdesc>
<notes><note1 notenum = "(1)">
<para>Note.  This subclass contains apparatus which simply requires
a plurality of checks, and does not register or total the value
of the checks.</para></note1></notes>
<srchin>
<srecord><subnum ref = "C194S215000" doc = "Class194.sgm">215</subnum>
<descript><para>for apparatus adapted to receive a plurality of
checks, registering and totalling their value.</para></descript></srecord></srchin></subclass>
<subclass subnum = "230" id = "C194S230000">
<sctitle>Including electric circuit with switch operated by check:</sctitle>
<parent ref = "C194S229000" doc = "Class194.sgm">subclass 229</parent>
<scdesc>Apparatus including an electric circuit within the control
mechanism, the circuit having a switching device with a movable
circuit maker&sol;breaker adapted to be operated by a check.</scdesc></subclass>
<subclass subnum = "231" id = "C194S231000">
<sctitle>Single switch:</sctitle>
<parent ref = "C194S230000" doc = "Class194.sgm">subclass 230</parent>
<scdesc>Apparatus having only one switching device adapted to be
operated by a check.</scdesc></subclass>
<subclass subnum = "232" id = "C194S232000">
<sctitle>Including part locked by detent and released by check:</sctitle>
<parent ref = "C194S229000" doc = "Class194.sgm">subclass 229</parent>
<scdesc>Apparatus including a movable member and a detent member
adapted to engage with one another, wherein the members are normally positioned
for engagement, and are acted upon by the checks to cause one to
shift relative to the other, so the movable member will be free of
engagement with the detent.</scdesc>
<srchin>
<srecord><subnum ref = "C194S237000" doc = "Class194.sgm">237</subnum>
<descript><para>for apparatus wherein a plurality of checks operate
to prevent either a movable member or a detent member, which do
not normally engage with one another, from shifting into a position
where engagement occurs.</para></descript></srecord>
<srecord><subnum ref = "C194S247000" doc = "Class194.sgm">247</subnum>
<descript><para>for apparatus including a part locked by a detent
and released by a single check.</para></descript></srecord></srchin></subclass>
<subclass subnum = "233" id = "C194S233000">
<sctitle>Stationary detent:</sctitle>
<parent ref = "C194S232000" doc = "Class194.sgm">subclass 232</parent>
<scdesc>Apparatus wherein the detent member is fixed in position.</scdesc>
<notes><note1 notenum = "(1)">
<para>Note.  In this subclass, the movable member must shift for
it to be released.</para></note1></notes></subclass>
<subclass subnum = "234" id = "C194S234000">
<sctitle>And means to impart thrust to check to unlock part:</sctitle>
<parent ref = "C194S232000" doc = "Class194.sgm">subclass 232</parent>
<scdesc>Apparatus including a member adapted to exert a force upon
a check within the control mechanism, causing relative movement
between the control mechanism and the check and resulting in the
relative shifting.</scdesc></subclass>
<subclass subnum = "235" id = "C194S235000">
<sctitle>Pivoted detent:</sctitle>
<parent ref = "C194S234000" doc = "Class194.sgm">subclass 234</parent>
<scdesc>Apparatus wherein the detent member is adapted to swing
about an axis.</scdesc></subclass>
<subclass subnum = "236" id = "C194S236000">
<sctitle>And pivoted released part:</sctitle>
<parent ref = "C194S235000" doc = "Class194.sgm">subclass 235</parent>
<scdesc>Apparatus wherein the movable member is also adapted to
swing about an axis</scdesc></subclass>
<subclass subnum = "237" id = "C194S237000">
<sctitle>Check prevents locking of part by detent:</sctitle>
<parent ref = "C194S229000" doc = "Class194.sgm">subclass 229</parent>
<scdesc>Apparatus including a movable member and a detent member
adapted to engage with one another; wherein the members normally
are not in position for engagement with one another, but one member
will shift into position for engagement with the other as actuation
is attempted, unless a check keeps it from shifting into that position.</scdesc>
<srchin>
<srecord><subnum ref = "C194S232000" doc = "Class194.sgm">232</subnum>
<descript><para>for apparatus requiring a plurality of checks to
release a part which is normally locked.</para></descript></srecord>
<srecord><subnum ref = "C194S290000" doc = "Class194.sgm">290</subnum>
<descript><para>for apparatus requiring only a single check to prevent
a part from becoming locked by a detent.</para></descript></srecord></srchin></subclass>
<subclass subnum = "238" id = "C194S238000">
<sctitle>Including reciprocating check mover:</sctitle>
<parent ref = "C194S237000" doc = "Class194.sgm">subclass 237</parent>
<scdesc>Apparatus including a member adapted to impart motion to
the checks, wherein the member moves linearly, alternately in opposite directions.</scdesc></subclass>
<subclass subnum = "239" id = "C194S239000">
<sctitle>INCLUDING ELECTRIC CIRCUIT WITH SWITCH OPERATED BY CHECK:</sctitle>
<parent ref = "C194S000000" doc = "Class194.sgm">the class definition</parent>
<scdesc>Apparatus including an electric circuit within the control
mechanism, and a switching device within the circuit having a movable
circuit maker&sol;breaker adapted to be operated by a check.</scdesc>
<srchin>
<srecord><subnum ref = "C194S211000" doc = "Class194.sgm">211</subnum>
<descript><para>for apparatus including an electric circuit with
a switch operated by a check other than a coin.</para></descript></srecord>
<srecord><subnum ref = "C194S219000" doc = "Class194.sgm">219</subnum>
<descript><para>for apparatus including an electric circuit with
a switch operated by a check and including an accumulator.</para></descript></srecord>
<srecord><subnum ref = "C194S230000" doc = "Class194.sgm">230</subnum>
<descript><para>for apparatus including an electric circuit with
a switch operated by a plurality of checks.</para></descript></srecord></srchin></subclass>
<subclass subnum = "240" id = "C194S240000">
<sctitle>And holding circuit responsive to operation of switch:</sctitle>
<parent ref = "C194S239000" doc = "Class194.sgm">subclass 239</parent>
<scdesc>Apparatus including an additional electric circuit which,
when actuated, is adapted to maintain the machine or system ready
to operate until a predetermined condition has been met, wherein
the additional circuit is actuated in response to operation of the
switching device.</scdesc></subclass>
<subclass subnum = "241" id = "C194S241000">
<sctitle>Controlled by timer:</sctitle>
<parent ref = "C194S240000" doc = "Class194.sgm">subclass 240</parent>
<scdesc>Apparatus including a timing device, wherein the additional
circuit remains actuated for a period of time determined by the
timing device.</scdesc></subclass>
<subclass subnum = "242" id = "C194S242000">
<sctitle>Weight of check operates switch:</sctitle>
<parent ref = "C194S241000" doc = "Class194.sgm">subclass 241</parent>
<scdesc>Apparatus wherein the switching device is operated by the
effect of gravity upon the check</scdesc></subclass>
<subclass subnum = "243" id = "C194S243000">
<sctitle>And means to impart thrust to check to operate switch:</sctitle>
<parent ref = "C194S239000" doc = "Class194.sgm">subclass 239</parent>
<scdesc>Apparatus including a member adapted to exert a force upon
the check within the control mechanism and cause movement thereof, resulting
in operation of the switching device.</scdesc></subclass>
<subclass subnum = "244" id = "C194S244000">
<sctitle>Weight of check operates switch:</sctitle>
<parent ref = "C194S239000" doc = "Class194.sgm">subclass 239</parent>
<scdesc>Apparatus wherein the switching device is operated by the
effect of gravity upon the check.</scdesc></subclass>
<subclass subnum = "245" id = "C194S245000">
<sctitle>And means holds switch in operative position:</sctitle>
<parent ref = "C194S244000" doc = "Class194.sgm">subclass 244</parent>
<scdesc>Apparatus wherein a means is provided whereby the switching
device can be maintained in position to keep the machine or system
operable.</scdesc>
<notes><note1 notenum = "(1)">
<para>Note.  The switch is adapted to be released from that position
only when a predetermined condition is met.</para></note1></notes></subclass>
<subclass subnum = "246" id = "C194S246000">
<sctitle>Switch held by weight of check:</sctitle>
<parent ref = "C194S245000" doc = "Class194.sgm">subclass 245</parent>
<scdesc>Apparatus wherein the switching device is maintained in
position by the effect of gravity upon the check itself</scdesc></subclass>
<subclass subnum = "247" id = "C194S247000">
<sctitle>INCLUDING PART LOCKED BY DETENT AND RELEASED BY CHECK:</sctitle>
<parent ref = "C194S000000" doc = "Class194.sgm">the class definition</parent>
<scdesc>Apparatus including a movable member and a detent member
adapted to engage with one another, wherein the members are normally
positioned for engagement, and are acted upon by the check to cause
one to shift relative to the other, thereby releasing the movable member.</scdesc>
<srchin>
<srecord><subnum ref = "C194S232000" doc = "Class194.sgm">232</subnum>
<descript><para>for apparatus including a part locked by  a detent
and released by a check.</para></descript></srecord>
<srecord><subnum ref = "C194S290000" doc = "Class194.sgm">290</subnum>
<descript><para>for apparatus wherein a check operates to prevent
either a movable member or a detent member which do not normally
engage with one another from shifting into a position where engagement
occurs.</para></descript></srecord></srchin></subclass>
<subclass subnum = "248" id = "C194S248000">
<sctitle>Stationary detent:</sctitle>
<parent ref = "C194S247000" doc = "Class194.sgm">subclass 247</parent>
<scdesc>Apparatus wherein the detent member is fixed in position.</scdesc>
<notes><note1 notenum = "(1)">
<para>Note.  In this subclass, the movable member must shift for
it to be released.</para></note1></notes></subclass>
<subclass subnum = "249" id = "C194S249000">
<sctitle>And means to impart thrust to check to unlock part:</sctitle>
<parent ref = "C194S247000" doc = "Class194.sgm">subclass 247</parent>
<scdesc>Apparatus including a member adapted to exert force upon
the check within the control mechanism to cause both movement to
the check and the relative shifting of the member.</scdesc>
<srchin>
<srecord><subnum ref = "C194S260000" doc = "Class194.sgm">260</subnum>
<descript><para>for apparatus wherein a movable part is unlocked
by the weight of a check.</para></descript></srecord></srchin></subclass>
<subclass subnum = "250" id = "C194S250000">
<sctitle>Noncontacting, relatively movable parts connected by check:</sctitle>
<parent ref = "C194S249000" doc = "Class194.sgm">subclass 249</parent>
<scdesc>Apparatus including a plurality of elements adapted for
relative movement but which do not contact one another, nor will
they upon relative movement; wherein the elements are adapted to
be linked to one another by the check.</scdesc>
<notes><note1 notenum = "(1)">
<para>Note.  The plurality of elements may include either the movable
member or the detent member, or it may include other elements which,
when they are linked and relatively shift; but it may not consist
simply of the movable member and the detent member, since they by definition
have the capability of contacting one another.</para></note1></notes>
<srchin>
<srecord><subnum ref = "C194S263000" doc = "Class194.sgm">263</subnum>
<descript><para>for apparatus including noncontacting, relatively
movable parts connected by a check and operated by the weight of
a check.</para></descript></srecord>
<srecord><subnum range = "p" ref = "C194S293000" doc = "Class194.sgm">293</subnum>
<descript><para>for apparatus including noncontacting, relatatively
movable parts connected by a check wherein there are no normally
locked parts.</para></descript></srecord></srchin></subclass>
<subclass subnum = "251" id = "C194S251000">
<sctitle>Connected parts pivot:</sctitle>
<parent ref = "C194S250000" doc = "Class194.sgm">subclass 250</parent>
<scdesc>Apparatus wherein each of the elements is adapted to swing
about an axis when linked.</scdesc></subclass>
<subclass subnum = "252" id = "C194S252000">
<sctitle>Connected parts reciprocate:</sctitle>
<parent ref = "C194S250000" doc = "Class194.sgm">subclass 250</parent>
<scdesc>Apparatus wherein each of the elements is adapted to move
linearly, and alternately in opposite directions, when linked.</scdesc></subclass>
<subclass subnum = "253" id = "C194S253000">
<sctitle>Pivoted detent:</sctitle>
<parent ref = "C194S249000" doc = "Class194.sgm">subclass 249</parent>
<scdesc>Apparatus wherein the detent member is adapted to swing
about an axis.</scdesc></subclass>
<subclass subnum = "254" id = "C194S254000">
<sctitle>And pivoted released part:</sctitle>
<parent ref = "C194S253000" doc = "Class194.sgm">subclass 253</parent>
<scdesc>Apparatus wherein the movable member is also adapted to
swing about an axis.</scdesc></subclass>
<subclass subnum = "255" id = "C194S255000">
<sctitle>Unidirectionally pivoted:</sctitle>
<parent ref = "C194S254000" doc = "Class194.sgm">subclass 254</parent>
<scdesc>Apparatus wherein the movable member is constrained to swing
in only one direction.</scdesc></subclass>
<subclass subnum = "256" id = "C194S256000">
<sctitle>Spring biased:</sctitle>
<parent ref = "C194S254000" doc = "Class194.sgm">subclass 254</parent>
<scdesc>Apparatus wherein the movable member is yieldably urged
toward a rest position by a resiliently deformable element.</scdesc></subclass>
<subclass subnum = "257" id = "C194S257000">
<sctitle>Released part biased by spring:</sctitle>
<parent ref = "C194S253000" doc = "Class194.sgm">subclass 253</parent>
<scdesc>Apparatus wherein the movable member is yieldably urged
toward a rest position by a resiliently deformable element.</scdesc></subclass>
<subclass subnum = "258" id = "C194S258000">
<sctitle>Pivoted released part:</sctitle>
<parent ref = "C194S249000" doc = "Class194.sgm">subclass 249</parent>
<scdesc>Apparatus wherein the movable member is adapted to swing
about an axis.</scdesc>
<srchin>
<srecord><subnum ref = "C194S261000" doc = "Class194.sgm">261</subnum>
<descript><para>for apparatus having a pivoted released part, released
by the weight of a check.</para></descript></srecord></srchin></subclass>
<subclass subnum = "259" id = "C194S259000">
<sctitle>Reciprocating released part:</sctitle>
<parent ref = "C194S249000" doc = "Class194.sgm">subclass 249</parent>
<scdesc>Apparatus wherein the movable member is adapted to move
linearly, alternately in opposite directions.</scdesc></subclass>
<subclass subnum = "260" id = "C194S260000">
<sctitle>Weight of check unlocks part:</sctitle>
<parent ref = "C194S247000" doc = "Class194.sgm">subclass 247</parent>
<scdesc>Apparatus wherein the effect of gravity upon the check causes
the relative shifting.</scdesc>
<srchin>
<srecord><subnum ref = "C194S249000" doc = "Class194.sgm">249</subnum>
<descript><para>for apparatus wherein a part is unlocked by a check
after thrust is imparted to it.</para></descript></srecord>
<srecord><subnum ref = "C194S339000" doc = "Class194.sgm">339</subnum>
<descript><para>for apparatus wherein a check is tested for validity
by analyzing its weight.</para></descript></srecord></srchin></subclass>
<subclass subnum = "261" id = "C194S261000">
<sctitle>Pivoted released part:</sctitle>
<parent ref = "C194S260000" doc = "Class194.sgm">subclass 260</parent>
<scdesc>Apparatus wherein the movable member is adapted to swing
about an axis.</scdesc></subclass>
<subclass subnum = "262" id = "C194S262000">
<sctitle>Unidirectionally pivoted:</sctitle>
<parent ref = "C194S261000" doc = "Class194.sgm">subclass 261</parent>
<scdesc>Apparatus wherein the movable member is constrained to swing
in only one direction.</scdesc></subclass>
<subclass subnum = "263" id = "C194S263000">
<sctitle>Noncontacting, relatively movable parts connected by check:</sctitle>
<parent ref = "C194S262000" doc = "Class194.sgm">subclass 262</parent>
<scdesc>Apparatus including a plurality of elements adapted for
relative movement, but which do not contact one another, not will
they upon relative movement; wherein the elements are adapted to
be linked to one another by the check.</scdesc>
<notes><note1 notenum = "(1)">
<para>Note.  The plurality of elements may include either the movable
member or the detent member, or it may include other elements which,
after being linked, cause the members to relatively shift.</para></note1></notes>
<srchin>
<srecord><subnum range = "p" ref = "C194S293000" doc = "Class194.sgm">293</subnum>
<descript><para>for apparatus having noncontacting, relatively movable
parts connected  by a check but not unlocked part.</para></descript></srecord></srchin></subclass>
<subclass subnum = "264" id = "C194S264000">
<sctitle>Having means to hold check in contact with detent:</sctitle>
<parent ref = "C194S262000" doc = "Class194.sgm">subclass 262</parent>
<scdesc>Apparatus wherein the check, after being inserted, contacts
the detent member; and including an element adapted to retain the check
in contact with the detent member.</scdesc></subclass>
<subclass subnum = "265" id = "C194S265000">
<sctitle>And ejector to remove check:</sctitle>
<parent ref = "C194S264000" doc = "Class194.sgm">subclass 264</parent>
<scdesc>Apparatus including an element adapted to forcibly separate
the check from the detent member.</scdesc></subclass>
<subclass subnum = "266" id = "C194S266000">
<sctitle>Check passageway has movable portion:</sctitle>
<parent ref = "C194S264000" doc = "Class194.sgm">subclass 264</parent>
<scdesc>Apparatus including a guideway adapted to define a path
for the check as it passes there through, wherein the guideway includes
a part which can be relatively shifted.</scdesc></subclass>
<subclass subnum = "267" id = "C194S267000">
<sctitle>Having motor for driving released part:</sctitle>
<parent ref = "C194S262000" doc = "Class194.sgm">subclass 262</parent>
<scdesc>Apparatus including a motor adapted to swing the movable
member.</scdesc></subclass>
<subclass subnum = "268" id = "C194S268000">
<sctitle>Spring motor:</sctitle>
<parent ref = "C194S267000" doc = "Class194.sgm">subclass 267</parent>
<scdesc>Apparatus wherein the motor comprises an elastically deformable
element restoring itself from a deformed condition adapted to swing the
movable member.</scdesc>
<notes><note1 notenum = "(1)">
<para>Note.  The movable member swings as the spring restores itself
from a deformed condition.</para></note1></notes></subclass>
<subclass subnum = "269" id = "C194S269000">
<sctitle>And regulating escapement mechanism:</sctitle>
<parent ref = "C194S268000" doc = "Class194.sgm">subclass 268</parent>
<scdesc>Apparatus including a wheel adapted to be driven by the
motor, either integral with or connected to the movable member,
carrying a plurality of teeth on its circumference, and a catch
member having a first pawl lockingly engaging the wheel and a second
pawl spaced from the first pawl and out of engagement with the wheel;
wherein the catch member shifts upon actuation, withdrawing the
first pawl from engagement with the wheel and advancing the second
pawl into locking engagement with the wheel, and the wheel turning
through an arc determined by the pawls.</scdesc></subclass>
<subclass subnum = "270" id = "C194S270000">
<sctitle>And regulating ratchet mechanism:</sctitle>
<parent ref = "C194S268000" doc = "Class194.sgm">subclass 268</parent>
<scdesc>Apparatus including a wheel adapted to be driven by motor,
either integral with or connected to the movable member, carrying
a plurality of teeth upon its circumference, and a pawl adapted
to engage the wheel wherein, upon actuation, the wheel is turned
through an arc determined by the pawl.</scdesc></subclass>
<subclass subnum = "271" id = "C194S271000">
<sctitle>Spring biased detent:</sctitle>
<parent ref = "C194S268000" doc = "Class194.sgm">subclass 268</parent>
<scdesc>Apparatus wherein the detent is spring biased.</scdesc></subclass>
<subclass subnum = "272" id = "C194S272000">
<sctitle>And regulating ratchet mechanism:</sctitle>
<parent ref = "C194S267000" doc = "Class194.sgm">subclass 267</parent>
<scdesc>Apparatus including a wheel adapted to be driven by the
motor, either integral with or connected to the movable member,
carrying a plurality of teeth upon its circumference, and a pawl
adapted to engage the wheel; wherein, upon actuation, the wheel
is turned through an arc determined by the pawl.</scdesc></subclass>
<subclass subnum = "273" id = "C194S273000">
<sctitle>Weight motor:</sctitle>
<parent ref = "C194S267000" doc = "Class194.sgm">subclass 267</parent>
<scdesc>Apparatus wherein the movable member is designed to be swung
by gravity.</scdesc></subclass>
<subclass subnum = "274" id = "C194S274000">
<sctitle>Having regulating escapement mechanism:</sctitle>
<parent ref = "C194S273000" doc = "Class194.sgm">subclass 273</parent>
<scdesc>Apparatus including a wheel adapted to be turned by the
weight, either integral with or connected to the movable member,
carrying a plurality of teeth on its circumference, and a catch
member having a first pawl lockingly engaging the wheel and a second
pawl spaced from the first pawl and out of engagement with the wheel;
wherein the catch member shifts upon actuation, withdrawing the
first pawl from engagement with the wheel and advancing the second
pawl into locking engagement with the wheel, and the wheel is turned
through an arc determined by the pawls.</scdesc></subclass>
<subclass subnum = "275" id = "C194S275000">
<sctitle>Spring biased detent:</sctitle>
<parent ref = "C194S273000" doc = "Class194.sgm">subclass 273</parent>
<scdesc>Apparatus wherein the detent member is spring biased.</scdesc></subclass>
<subclass subnum = "276" id = "C194S276000">
<sctitle>Having regulating ratchet mechanism:</sctitle>
<parent ref = "C194S262000" doc = "Class194.sgm">subclass 262</parent>
<scdesc>Apparatus including a wheel either integral with or connected
to the movable member and carrying a plurality of teeth upon its
circumference, and a pawl adapted to engage the wheel; wherein,
upon actuation, the wheel is turned through an arc determined by
the pawl.</scdesc></subclass>
<subclass subnum = "277" id = "C194S277000">
<sctitle>Having means to hold check in contact with detent:</sctitle>
<parent ref = "C194S261000" doc = "Class194.sgm">subclass 261</parent>
<scdesc>Apparatus wherein the check, after being inserted, contacts
the detent member; and including an element adapted to retain the check
in contact with the detent member.</scdesc></subclass>
<subclass subnum = "278" id = "C194S278000">
<sctitle>Having motor for driving released part:</sctitle>
<parent ref = "C194S261000" doc = "Class194.sgm">subclass 261</parent>
<scdesc>Apparatus including a motor adapted to swing the movable
member.</scdesc></subclass>
<subclass subnum = "279" id = "C194S279000">
<sctitle>Spring motor:</sctitle>
<parent ref = "C194S278000" doc = "Class194.sgm">subclass 278</parent>
<scdesc>Apparatus wherein the device comprises an elastically deformable
element restoring itself from a deformed condition adapted to swing the
movable member.</scdesc></subclass>
<subclass subnum = "280" id = "C194S280000">
<sctitle>Weight motor:</sctitle>
<parent ref = "C194S278000" doc = "Class194.sgm">subclass 278</parent>
<scdesc>Apparatus wherein the movable member is designed to be swung
by gravity.</scdesc></subclass>
<subclass subnum = "281" id = "C194S281000">
<sctitle>Weight of check:</sctitle>
<parent ref = "C194S280000" doc = "Class194.sgm">subclass 280</parent>
<scdesc>Apparatus wherein the movable member is swung by the effect
of gravity upon the check.</scdesc></subclass>
<subclass subnum = "282" id = "C194S282000">
<sctitle>Having means to hold check in contact with detent:</sctitle>
<parent ref = "C194S260000" doc = "Class194.sgm">subclass 260</parent>
<scdesc>Apparatus wherein the check, after being inserted, contacts
the detent member; and including adapted to retain the check in
contact with the detent member.</scdesc></subclass>
<subclass subnum = "283" id = "C194S283000">
<sctitle>One piece detent:</sctitle>
<parent ref = "C194S282000" doc = "Class194.sgm">subclass 282</parent>
<scdesc>Apparatus wherein the detent member consists of a single
part.</scdesc></subclass>
<subclass subnum = "284" id = "C194S284000">
<sctitle>Biased by spring:</sctitle>
<parent ref = "C194S283000" doc = "Class194.sgm">subclass 283</parent>
<scdesc>Apparatus wherein the detent member is spring biased.</scdesc></subclass>
<subclass subnum = "285" id = "C194S285000">
<sctitle>Released part biased by spring:</sctitle>
<parent ref = "C194S260000" doc = "Class194.sgm">subclass 260</parent>
<scdesc>Apparatus wherein the movable member is spring biased.</scdesc></subclass>
<subclass subnum = "286" id = "C194S286000">
<sctitle>To lock position:</sctitle>
<parent ref = "C194S285000" doc = "Class194.sgm">subclass 285</parent>
<scdesc>Apparatus wherein the movable member is biased to its locked
position.</scdesc></subclass>
<subclass subnum = "287" id = "C194S287000">
<sctitle>Released part biased by weight:</sctitle>
<parent ref = "C194S260000" doc = "Class194.sgm">subclass 260</parent>
<scdesc>Apparatus wherein the movable member is biased by gravity.</scdesc></subclass>
<subclass subnum = "288" id = "C194S288000">
<sctitle>Pivoted detent:</sctitle>
<parent ref = "C194S260000" doc = "Class194.sgm">subclass 260</parent>
<scdesc>Apparatus wherein the detent member is adapted to swing
about an axis</scdesc></subclass>
<subclass subnum = "289" id = "C194S289000">
<sctitle>Biased by spring:</sctitle>
<parent ref = "C194S288000" doc = "Class194.sgm">subclass 288</parent>
<scdesc>Apparatus wherein the detent member is spring biased.</scdesc></subclass>
<subclass subnum = "290" id = "C194S290000">
<sctitle>CHECK PREVENTS LOCKING OF PART BY DETENT:</sctitle>
<parent ref = "C194S000000" doc = "Class194.sgm">the class definition</parent>
<scdesc>Apparatus including a movable member adapted to actuate
the control mechanism through its movement, and a detent member adapted
to engage with the movable member before actuation occurs; wherein
one member is adapted to shift into position for locking with the
other member as actuation is attempted, unless a check is present.</scdesc>
<notes><note1 notenum = "(1)">
<para>Note.  In apparatus found herein, the detent member does not
normally engage the movable member.</para></note1></notes>
<srchin>
<srecord><subnum ref = "C194S237000" doc = "Class194.sgm">237</subnum>
<descript><para>for apparatus wherein a plurality of checks prevent
the locking of a movable part by a detent.</para></descript></srecord>
<srecord><subnum ref = "C194S247000" doc = "Class194.sgm">247</subnum>
<descript><para>for apparatus wherein a locked part is released
by a check.</para></descript></srecord></srchin></subclass>
<subclass subnum = "291" id = "C194S291000">
<sctitle>Including check mover:</sctitle>
<parent ref = "C194S290000" doc = "Class194.sgm">subclass 290</parent>
<scdesc>Apparatus including a member adapted to impart motion to
the check.</scdesc></subclass>
<subclass subnum = "292" id = "C194S292000">
<sctitle>Pivoted:</sctitle>
<parent ref = "C194S291000" doc = "Class194.sgm">subclass 291</parent>
<scdesc>Apparatus wherein the motion imparting member is adapted
to swing about an axis.</scdesc></subclass>
<subclass subnum = "293" id = "C194S293000">
<sctitle>INCLUDING NONCONTACTING, RELATIVELY MOVABLE PARTS CONNECTED
BY CHECK:</sctitle>
<parent ref = "C194S000000" doc = "Class194.sgm">the class definition</parent>
<scdesc>Apparatus including a plurality of elements adapted for
relative movement but which do not contact one another, nor will
they upon relative movement; wherein the elements are adapted to
be linked to one another by the check.</scdesc>
<srchin>
<srecord><subnum range = "p" ref = "C194S250000" doc = "Class194.sgm">250</subnum>
<descript><para>and 263, for apparatus including noncontacting,
relatively movable parts connected by a check to release a locked
part.</para></descript></srecord></srchin></subclass>
<subclass subnum = "294" id = "C194S294000">
<sctitle>And means to impart thrust to check to move part:</sctitle>
<parent ref = "C194S293000" doc = "Class194.sgm">subclass 293</parent>
<scdesc>Apparatus including a member adapted to exert force upon
the check within the control mechanism and both  move the check
and cause relative movement of the parts.</scdesc></subclass>
<subclass subnum = "295" id = "C194S295000">
<sctitle>Having pivoted part:</sctitle>
<parent ref = "C194S294000" doc = "Class194.sgm">subclass 294</parent>
<scdesc>Apparatus wherein at least one of the elements is adapted
to swing about an axis when linked.</scdesc></subclass>
<subclass subnum = "296" id = "C194S296000">
<sctitle>Coaxial pivoted parts:</sctitle>
<parent ref = "C194S295000" doc = "Class194.sgm">subclass 295</parent>
<scdesc>Apparatus wherein a plurality of the elements are adapted
to swing about the same axis when they are linked.</scdesc></subclass>
<subclass subnum = "297" id = "C194S297000">
<sctitle>Spring biased part:</sctitle>
<parent ref = "C194S296000" doc = "Class194.sgm">subclass 296</parent>
<scdesc>Apparatus wherein at least one of the coaxial elements is
spring biased.</scdesc></subclass>
<subclass subnum = "298" id = "C194S298000">
<sctitle>And linearly reciprocating part:</sctitle>
<parent ref = "C194S295000" doc = "Class194.sgm">subclass 295</parent>
<scdesc>Apparatus wherein another of the elements is adapted to
move along a straight line alternately in opposite directions.</scdesc></subclass>
<subclass subnum = "299" id = "C194S299000">
<sctitle>Both parts spring biased:</sctitle>
<parent ref = "C194S298000" doc = "Class194.sgm">subclass 298</parent>
<scdesc>Apparatus wherein each of the elements is yieldably urged
to a rest position by a resiliently deformable element.</scdesc></subclass>
<subclass subnum = "300" id = "C194S300000">
<sctitle>Parts spring biased:</sctitle>
<parent ref = "C194S294000" doc = "Class194.sgm">subclass 294</parent>
<scdesc>Apparatus wherein a plurality of the elements is spring
biased.</scdesc></subclass>
<subclass subnum = "301" id = "C194S301000">
<sctitle>Weight of check moves part:</sctitle>
<parent ref = "C194S293000" doc = "Class194.sgm">subclass 293</parent>
<scdesc>Apparatus wherein at least one of the elements is adapted
to the moved by gravity.</scdesc></subclass>
<subclass subnum = "302" id = "C194S302000">
<sctitle>INCLUDING MEANS TO TEST VALIDITY OF CHECK:</sctitle>
<parent ref = "C194S000000" doc = "Class194.sgm">the class definition</parent>
<scdesc>Apparatus wherein a characteristic of a check deposited
in the control mechanism is analyzed to verify that it matches that
expected of an appropriate check before the machine or system is
actuated.</scdesc>
<srchout>
<crecord><classnum ref = "C073S000000" doc = "Class073.sgm">73</classnum>
<subref><clstitle>Measuring and Testing</clstitle>
<pretext></pretext>
<subnum range = "s" ref = "C073S163000" doc = "Class073.sgm">163</subnum></subref>
<descript><para> for a coin tester, per se.</para></descript></crecord></srchout></subclass>
<subclass subnum = "303" id = "C194S303000">
<sctitle>By testing material composition:</sctitle>
<parent ref = "C194S302000" doc = "Class194.sgm">subclass 302</parent>
<scdesc>Apparatus including means for analyzing a characteristic
of the substance comprising the check.</scdesc></subclass>
<subclass subnum = "304" id = "C194S304000">
<sctitle>Having electric circuit completed by check:</sctitle>
<parent ref = "C194S303000" doc = "Class194.sgm">subclass 303</parent>
<scdesc>Apparatus wherein the analyzing means comprises an electric
circuit and a pair of contact members within the circuit, the members spaced
from each other and each adapted to contact the check, wherein the
check serves as a bridge through which electric current passes, connecting
the contact members to complete the circuit.</scdesc></subclass>
<subclass subnum = "305" id = "C194S305000">
<sctitle>Circuit includes thermocouple:</sctitle>
<parent ref = "C194S304000" doc = "Class194.sgm">subclass 304</parent>
<scdesc>Apparatus wherein the circuit includes a pair of conductive
elements having different compositions connected serially at spaced
junctions, adapted to produce a potential difference when the junctions
sense different temperatures.</scdesc></subclass>
<subclass subnum = "306" id = "C194S306000">
<sctitle>Circuit  includes three or more contacts:</sctitle>
<parent ref = "C194S304000" doc = "Class194.sgm">subclass 304</parent>
<scdesc>Apparatus including at least three contact members.</scdesc></subclass>
<subclass subnum = "307" id = "C194S307000">
<sctitle>Circuit includes movable contact:</sctitle>
<parent ref = "C194S304000" doc = "Class194.sgm">subclass 304</parent>
<scdesc>Apparatus wherein one of the contact members is adapted
to move relative to the other.</scdesc></subclass>
<subclass subnum = "308" id = "C194S308000">
<sctitle>Pivotable:</sctitle>
<parent ref = "C194S307000" doc = "Class194.sgm">subclass 307</parent>
<scdesc>Apparatus wherein a contact member is adapted to swing about
an axis.</scdesc></subclass>
<subclass subnum = "309" id = "C194S309000">
<sctitle>Cam actuated:</sctitle>
<parent ref = "C194S308000" doc = "Class194.sgm">subclass 308</parent>
<scdesc>Apparatus wherein the pivoted contact member is driven by
a camming member.</scdesc></subclass>
<subclass subnum = "310" id = "C194S310000">
<sctitle>And means to impart thrust to check:</sctitle>
<parent ref = "C194S304000" doc = "Class194.sgm">subclass 304</parent>
<scdesc>Apparatus including a member adapted to exert force upon
the check, resulting in relative movement between the check and
the apparatus.</scdesc></subclass>
<subclass subnum = "311" id = "C194S311000">
<sctitle>Unidirectionally pivoted:</sctitle>
<parent ref = "C194S310000" doc = "Class194.sgm">subclass 310</parent>
<scdesc>Apparatus wherein the force exerting member is adapted to
swing about an axis in only one direction.</scdesc></subclass>
<subclass subnum = "312" id = "C194S312000">
<sctitle>And means to stop check at contact:</sctitle>
<parent ref = "C194S304000" doc = "Class194.sgm">subclass 304</parent>
<scdesc>Apparatus including a member adapted to arrest motion of
the check and maintain it in contact with the contact member.</scdesc></subclass>
<subclass subnum = "313" id = "C194S313000">
<sctitle>Pivotable:</sctitle>
<parent ref = "C194S312000" doc = "Class194.sgm">subclass 312</parent>
<scdesc>Apparatus wherein the arresting member is adapted to swing
about an axis.</scdesc></subclass>
<subclass subnum = "314" id = "C194S314000">
<sctitle>Solenoid actuated:</sctitle>
<parent ref = "C194S313000" doc = "Class194.sgm">subclass 313</parent>
<scdesc>Apparatus wherein the arresting member is caused to swing
by the induced axial motion of a core within an electromagnetic
coil.</scdesc></subclass>
<subclass subnum = "315" id = "C194S315000">
<sctitle>Circuit includes spring contact:</sctitle>
<parent ref = "C194S304000" doc = "Class194.sgm">subclass 304</parent>
<scdesc>Apparatus wherein one of the contact members consists of
a resiliently yieldable member.</scdesc></subclass>
<subclass subnum = "316" id = "C194S316000">
<sctitle>Circuit includes elongated contact (e.g., long slide, etc.):</sctitle>
<parent ref = "C194S304000" doc = "Class194.sgm">subclass 304</parent>
<scdesc>Apparatus wherein one of the contact members has substantial
length:</scdesc></subclass>
<subclass subnum = "317" id = "C194S317000">
<sctitle>Having electric circuit influenced by check:</sctitle>
<parent ref = "C194S303000" doc = "Class194.sgm">subclass 303</parent>
<scdesc>Apparatus wherein the analyzing means comprises an electric
circuit having an operating characteristic which is affected by
the relative passage of the check.</scdesc>
<srchin>
<srecord><subnum ref = "C194S320000" doc = "Class194.sgm">320</subnum>
<descript><para>for apparatus wherein the check&quot;s path of
travel is affected by a magnetic field.</para></descript></srecord></srchin></subclass>
<subclass subnum = "318" id = "C194S318000">
<sctitle>Passing between transmitting and receiving coils:</sctitle>
<parent ref = "C194S317000" doc = "Class194.sgm">subclass 317</parent>
<scdesc>Apparatus including a pair of inductive coils at different
potentials, each having a plurality of conductive turns, and an
electric field created by current flowing from one to the other, wherein
the check enters the electric field.</scdesc></subclass>
<subclass subnum = "319" id = "C194S319000">
<sctitle>Entering coil:</sctitle>
<parent ref = "C194S317000" doc = "Class194.sgm">subclass 317</parent>
<scdesc>Apparatus including an inductive coil with a plurality of
conductive turns, wherein the check passes into the turns.</scdesc></subclass>
<subclass subnum = "320" id = "C194S320000">
<sctitle>Having magnetic field acting on check:</sctitle>
<parent ref = "C194S303000" doc = "Class194.sgm">subclass 303</parent>
<scdesc>Apparatus wherein the analyzing means comprises a member
adapted to produce magnetic lines of force, and a path of travel
for the check which intersect the lines of force.</scdesc>
<notes><note1 notenum = "(1)">
<para>Note.  In this subclass, since the check enters a magnetic
field, a check composed of material which is responsive to the magnetic
force will have its path altered thereby.</para></note1></notes>
<srchin>
<srecord><subnum ref = "C194S317000" doc = "Class194.sgm">317</subnum>
<descript><para>for apparatus wherein a check affects a magnetic
field and thereby influences an electric circuit.</para></descript></srecord></srchin></subclass>
<subclass subnum = "321" id = "C194S321000">
<sctitle>And scavenger mechanism:</sctitle>
<parent ref = "C194S320000" doc = "Class194.sgm">subclass 320</parent>
<scdesc>Apparatus including a device adapted to remove a check retained
within the control mechanism.</scdesc>
<notes><note1 notenum = "(1)">
<para>Note.  The purpose of a scavenger is to clear the check passageway
of checks that are stuck.</para></note1></notes></subclass>
<subclass subnum = "322" id = "C194S322000">
<sctitle>Movable magnet:</sctitle>
<parent ref = "C194S321000" doc = "Class194.sgm">subclass 321</parent>
<scdesc>Apparatus wherein the scavenger comprises a magnetic member
mounted for movement relative to the path of travel.</scdesc></subclass>
<subclass subnum = "323" id = "C194S323000">
<sctitle>Movable portion within check passageway:</sctitle>
<parent ref = "C194S321000" doc = "Class194.sgm">subclass 321</parent>
<scdesc>Apparatus including a guideway adapted to define the path
of travel for the check, wherein the scavenger comprises a part
of the guideway shiftable relative to another part.</scdesc></subclass>
<subclass subnum = "324" id = "C194S324000">
<sctitle>And magnetically actuated deflector or stop:</sctitle>
<parent ref = "C194S320000" doc = "Class194.sgm">subclass 320</parent>
<scdesc>Apparatus including a device adapted to either change the
direction of, or arrest the motion of, a moving check, wherein the
device operates in response to a magnetic force.</scdesc></subclass>
<subclass subnum = "325" id = "C194S325000">
<sctitle>Speed or path of check altered:</sctitle>
<parent ref = "C194S320000" doc = "Class194.sgm">subclass 320</parent>
<scdesc>Apparatus wherein the magnetic force changes either the
rate of motion or the direction of a moving check.</scdesc></subclass>
<subclass subnum = "326" id = "C194S326000">
<sctitle>After impact with rigid body (i.e., bounce test):</sctitle>
<parent ref = "C194S325000" doc = "Class194.sgm">subclass 325</parent>
<scdesc>Apparatus wherein the motion is changed after the check
strikes a nonyielding member (e.g., an anvil).</scdesc></subclass>
<subclass subnum = "327" id = "C194S327000">
<sctitle>Check impacts against rigid body (i.e., bounce test):</sctitle>
<parent ref = "C194S303000" doc = "Class194.sgm">subclass 303</parent>
<scdesc>Apparatus wherein a moving check is so directed as to strike
a nonyielding member (e.g., an anvil).</scdesc></subclass>
<subclass subnum = "328" id = "C194S328000">
<sctitle>Having means to test surface configuration: </sctitle>
<parent ref = "C194S302000" doc = "Class194.sgm">subclass 302</parent>
<scdesc>Apparatus including means for analyzing a characteristic
of form of a face or edge of the check.</scdesc>
<srchin>
<srecord><subnum range = "p" ref = "C194S334000" doc = "Class194.sgm">334</subnum>
<descript><para>for apparatus wherein the check&quot;s size is
analyzed.</para></descript></srecord></srchin></subclass>
<subclass subnum = "329" id = "C194S329000">
<sctitle>Raised annular rim:</sctitle>
<parent ref = "C194S328000" doc = "Class194.sgm">subclass 328</parent>
<scdesc>Apparatus wherein the testing means includes a device adapted
to determine the presence of a flange at the check&quot;s border
projecting perpendicularly from its surface.</scdesc></subclass>
<subclass subnum = "330" id = "C194S330000">
<sctitle>Both faces of check:</sctitle>
<parent ref = "C194S328000" doc = "Class194.sgm">subclass 328</parent>
<scdesc>Apparatus wherein the testing means is adapted to analyze
opposite sides of the check before operation of the machine or system
occurs.</scdesc></subclass>
<subclass subnum = "331" id = "C194S331000">
<sctitle>Serrated edge:</sctitle>
<parent ref = "C194S328000" doc = "Class194.sgm">subclass 328</parent>
<scdesc>Apparatus wherein the testing means includes a device adapted
to determine the presence of a series of grooves in the check&quot;s
rim.</scdesc></subclass>
<subclass subnum = "332" id = "C194S332000">
<sctitle>Apertured check:</sctitle>
<parent ref = "C194S328000" doc = "Class194.sgm">subclass 328</parent>
<scdesc>Apparatus wherein the testing means includes a device adapted
to determine the presence of a relative movement between the check
and the control mechanism.</scdesc></subclass>
<subclass subnum = "333" id = "C194S333000">
<sctitle>And means to impart thrust to check:</sctitle>
<parent ref = "C194S332000" doc = "Class194.sgm">subclass 332</parent>
<scdesc>Apparatus including a member adapted to exert a force upon
the check, resulting in relative movement between the check and
the control mechanism.</scdesc></subclass>
<subclass subnum = "334" id = "C194S334000">
<sctitle>Having means to test size:</sctitle>
<parent ref = "C194S302000" doc = "Class194.sgm">subclass 302</parent>
<scdesc>Apparatus including means for analyzing the magnitude of
a dimension of the check.</scdesc></subclass>
<subclass subnum = "335" id = "C194S335000">
<sctitle>Thickness:</sctitle>
<parent ref = "C194S334000" doc = "Class194.sgm">subclass 334</parent>
<scdesc>Apparatus wherein the control mechanism is adapted to be
actuated by a check having a breadth dimension, including a member adapted
to analyze the magnitude of the breadth dimension.</scdesc></subclass>
<subclass subnum = "336" id = "C194S336000">
<sctitle>By cradle sensor:</sctitle>
<parent ref = "C194S334000" doc = "Class194.sgm">subclass 334</parent>
<scdesc>Apparatus wherein the testing means comprises a pivoted
lever, movable by check, having an aperture defining a passageway
of fixed size permitting passage of a similarly sized check.</scdesc></subclass>
<subclass subnum = "337" id = "C194S337000">
<sctitle>By pivoted lever sensor:</sctitle>
<parent ref = "C194S334000" doc = "Class194.sgm">subclass 334</parent>
<scdesc>Apparatus wherein the testing means comprises a member adapted
to turn about an axis, analyzing the diameter of a check passing thereby.</scdesc></subclass>
<subclass subnum = "338" id = "C194S338000">
<sctitle>By fixed gauge:</sctitle>
<parent ref = "C194S334000" doc = "Class194.sgm">subclass 334</parent>
<scdesc>Apparatus wherein the testing means comprises an element
or a plurality of elements, defining a passage of fixed size permitting
a check of similar size to pass therethrough.</scdesc></subclass>
<subclass subnum = "339" id = "C194S339000">
<sctitle>Having means to test weight:</sctitle>
<parent ref = "C194S302000" doc = "Class194.sgm">subclass 302</parent>
<scdesc>Apparatus including means for analyzing the check&quot;s
weight.</scdesc></subclass>
<subclass subnum = "340" id = "C194S340000">
<sctitle>By adjustable counterbalance:</sctitle>
<parent ref = "C194S339000" doc = "Class194.sgm">subclass 339</parent>
<scdesc>Apparatuss wherein the testing means includes a member adapted
to exert a force opposed to the check&quot;s weight, wherein
the magnitude of the opposing force can be changed and maintained
at various values.</scdesc></subclass>
<subclass subnum = "341" id = "C194S341000">
<sctitle>By spring counterbalance:</sctitle>
<parent ref = "C194S339000" doc = "Class194.sgm">subclass 339</parent>
<scdesc>Apparatus wherein the testing means includes a member adapted
to exert a force opposed to the check&quot;s weight, wherein
the opposing force is exerted by a spring.</scdesc></subclass>
<subclass subnum = "342" id = "C194S342000">
<sctitle>INCLUDING MEANS TO IMPART THRUST TO CHECK:</sctitle>
<parent ref = "C194S000000" doc = "Class194.sgm">the class definition</parent>
<scdesc>Apparatus either combined with or including a member adapted
to exert force upon a check, resulting in relative movement between
the check and the control mechanism.</scdesc></subclass>
<subclass subnum = "343" id = "C194S343000">
<sctitle>Introducing device:</sctitle>
<parent ref = "C194S342000" doc = "Class194.sgm">subclass 342</parent>
<scdesc>Apparatus wherein the thrust imparting member is adapted
to impel the check into the control mechanism.</scdesc></subclass>
<subclass subnum = "344" id = "C194S344000">
<sctitle>INCLUDING SPECIFIC CHECK PASSAGEWAY (E.G., CHUTE DETAIL, ETC.):</sctitle>
<parent ref = "C194S000000" doc = "Class194.sgm">the class definition</parent>
<scdesc>Apparatus wherein significance is attributed to a guideway
adapted to define a path of travel for the check.</scdesc></subclass>
<subclass subnum = "345" id = "C194S345000">
<sctitle>And scavenger mechanism:</sctitle>
<parent ref = "C194S344000" doc = "Class194.sgm">subclass 344</parent>
<scdesc>Apparatus including a device adapted to remove a check from
the guideway.</scdesc></subclass>
<subclass subnum = "346" id = "C194S346000">
<sctitle>And movable check diverter:</sctitle>
<parent ref = "C194S344000" doc = "Class194.sgm">subclass 344</parent>
<scdesc>Apparatus including a device adapted to selectively alter
the path of the check</scdesc></subclass>
<subclass subnum = "347" id = "C194S347000">
<sctitle>Having means to divert spurious matter:</sctitle>
<parent ref = "C194S344000" doc = "Class194.sgm">subclass 344</parent>
<scdesc>Apparatus wherein a means providing an alternate path is
provided for material having a form or consistency different from
that of a proper check, and improper material is diverted into the
alternate path.</scdesc></subclass>
<subclass subnum = "348" id = "C194S348000">
<sctitle>Liquid diverter:</sctitle>
<parent ref = "C194S347000" doc = "Class194.sgm">subclass 347</parent>
<scdesc>Apparatus designed to divert material having a liquid consistency.</scdesc></subclass>
<subclass subnum = "349" id = "C194S349000">
<sctitle>Wire or filament diverter:</sctitle>
<parent ref = "C194S347000" doc = "Class194.sgm">subclass 347</parent>
<scdesc>Apparatus designed deflect an elongated strand of solid
material.</scdesc></subclass>
<subclass subnum = "350" id = "C194S350000">
<sctitle>WITH SPECIFIC CABINET STRUCTURE:</sctitle>
<parent ref = "C194S000000" doc = "Class194.sgm">the class definition</parent>
<scdesc>Apparatus with a housing for the apparatus or the machine
or system, wherein significance is attributed to the housing.</scdesc>
<srchout>
<crecord><classnum ref = "C312S000000" doc = "Class312.sgm">312</classnum>
<subref><clstitle>Supports:  Cabinet Structure</clstitle>
<pretext>appropriate subclasses for housing structure for general
use, and especially </pretext>
<subnum range = "p" ref = "C312S035000" doc = "Class312.sgm">35</subnum></subref>
<descript><para> for dispensing machine housings.</para></descript></crecord></srchout></subclass>
<subclass subnum = "351" id = "C194S351000">
<sctitle>Slot closure:</sctitle>
<parent ref = "C194S350000" doc = "Class194.sgm">subclass 350</parent>
<scdesc>Apparatus including an entrance for a check, and a device
adapted to selectively block the entrance.</scdesc></subclass>
<subclass subnum = "352" id = "C194S352000">
<sctitle>Check exhibitor:</sctitle>
<parent ref = "C194S350000" doc = "Class194.sgm">subclass 350</parent>
<scdesc>Apparatus including a member adapted to render a check within
the housing visible to the housing&rsquo;s exterior.</scdesc></subclass>
<subclass subnum = "353" id = "C194S353000">
<sctitle>MISCELLANEOUS:</sctitle>
<parent ref = "C194S000000" doc = "Class194.sgm">the class definition</parent>
<scdesc>Apparatus not otherwise provided for.</scdesc></subclass></sclasses>
<xrefcols>
<subclass subnum = "900" id = "C194S900000">
<sctitle>PARKING METER WITH BARRIER:</sctitle>
<scdesc>This art collection is intended to collect all check-actuated
parking meters which are combined with some form of barrier means.</scdesc></subclass>
<subclass subnum = "901" id = "C194S901000">
<sctitle>CHECK-OPERATED TOLL BOOTH:</sctitle>
<scdesc>This art collection is intended to collect all toll collection
facilities which are designed to be operated automatically in response
to the deposit of a check.</scdesc></subclass>
<subclass subnum = "902" id = "C194S902000">
<sctitle>CHECK-OPERATED DEVICE FOR CONTROLLING PARKING LOT:</sctitle>
<scdesc>This art collection is intended to collect all devices for
controlling access to, or exit from, a parking lot, wherein the
devices operate automatically in response to the deposit of a check.</scdesc></subclass>
<subclass subnum = "903" id = "C194S903000">
<sctitle>CHECK-CONTROLLED TURNSTILE:</sctitle>
<scdesc>This art collection is intended to collect all turnstiles
which operate automatically in response to the deposit of a check.</scdesc></subclass>
<subclass subnum = "904" id = "C194S904000">
<sctitle>CHECK-OPERATED RELEASER FOR AUTOMOBILE SERVICE EQUIPMENT:</sctitle>
<scdesc>This art collection is intended to collect all retention
devices for equipment designed to service automobiles wherein the
device releases the equipment in response to the deposit of a check.</scdesc></subclass>
<subclass subnum = "905" id = "C194S905000">
<sctitle>SHOPPING CART RETURN:</sctitle>
<scdesc>This art collection is intended to collect all facilities
designed to release a shopping cart after receipt of a deposit,
and to receive the shopping cart after use and return the return deposit.</scdesc></subclass>
<subclass subnum = "906" id = "C194S906000">
<sctitle>VIDEO CASSETTE VENDOR:</sctitle>
<scdesc>Apparatus for handling video cassettes after receipt of
a deposit or for receiving a returned video cassette for credit
or return of a deposit.</scdesc></subclass></xrefcols>
</class>
