<?xml version="1.0" encoding="UTF-8"?>
<!DOCTYPE class PUBLIC "-//USPTO//DTD Classification Definitions//EN" "xclassdef.dtd" [

<!-- Begin Document Specific Declarations -->

<!-- End Document Specific Declarations -->

]>
<?xml-stylesheet href="classdef.xsl" type="text/XSL"?>

<class classnum = "14" id = "C014S000000"><title>BRIDGES</title>
<sections><descsect>
<para>This class includes all structures by which a roadway or railroad
is carried across a space intervening between supports and all structures,
such as gates, etc., whose operation is dependent upon the operation
of the bridge (as in drawbridges).  Included in this class are both
construction techniques and methods for building a bridge, regardless
of type.</para>
<para>There has been no attempt in this classification to separate
lateral bracing. Sometimes, as in suspension bridges, the lateral
bracing is more or less peculiar to the class of bridge structure.
 In some cases there appears to be no distinction in either structure
or function between bracing intended to strengthen a bridge against
wind pressure and that intended to support weight, and they have
all been classified together.  Except as provided for under ARCH
and SUSPENSION bridges, support at the approaches (land to bridge
transition) are generally considered to be a retaining wall-type
structure.</para>
</descsect>
<scsect>
<srchout>
<crecord><classnum ref = "C049S000000" doc = "Class049.sgm">49</classnum>
<subref><clstitle>Movable or Removable Closures</clstitle>
<pretext></pretext></subref>
<descript><para>appropriate subclasses for closures of the type
provided for.</para></descript></crecord>
<crecord><classnum ref = "C052S000000" doc = "Class052.sgm">52</classnum>
<subref><clstitle>Static Structures (e.g., Buildings)</clstitle>
<pretext>appropriate subclasses for in situ erected building structures
of more general application, particularly </pretext>
<subnum range = "r" ref = "C052S086000" doc = "Class052.sgm">86</subnum></subref>
<descript><para>-89 for a vertically curved arch, subclasses 169.1-170
for a building with defined terrain and feature, subclasses 174-176 for
buildings with traffic guiding feature, subclasses 177-181 for building
or building components with wear or friction-type traffic surface,
subclasses 262 and 263 for horizontal barrier resting on vertical
supports, and subclasses 639-644 for curvilinear or peaked truss.</para></descript></crecord>
<crecord><classnum ref = "C073S000000" doc = "Class073.sgm">73</classnum>
<subref><clstitle>Measuring and Testing</clstitle>
<pretext></pretext></subref>
<descript><para>appropriate subclasses for instruments used to measure,
for example, deflection.</para></descript></crecord>
<crecord><classnum ref = "C104S000000" doc = "Class104.sgm">104</classnum>
<subref><clstitle>Railways</clstitle>
<pretext></pretext>
<subnum range = "r" ref = "C104S035000" doc = "Class104.sgm">35</subnum></subref>
<descript><para>-47 for turntables, subclass 124 for elevated structure
for supporting an overhead railroad, and subclasses 275-277 for
devices for crossing of railroad tracks by fire hose to avoid interference
with car movement.</para></descript></crecord>
<crecord><classnum ref = "C105S000000" doc = "Class105.sgm">105</classnum>
<subref><clstitle>Railway Rolling Stock</clstitle>
<pretext></pretext>
<subnum range = "r" ref = "C105S458000" doc = "Class105.sgm">458</subnum></subref>
<descript><para> and 459 for bridging devices between adjacent coupled
cars to permit safe passage therebetween.</para></descript></crecord>
<crecord><classnum ref = "C106S000000" doc = "Class106.sgm">106</classnum>
<subref><clstitle>Compositions:  Coating or Plastic</clstitle>
<pretext></pretext></subref>
<descript><para>appropriate subclasses for coating compositions.</para></descript></crecord>
<crecord><classnum ref = "C109S000000" doc = "Class109.sgm">109</classnum>
<subref><clstitle>Safes, Bank Protection, or a Related Device</clstitle>
<pretext></pretext>
<subnum range = "s" ref = "C109S087000" doc = "Class109.sgm">87</subnum></subref>
<descript><para> for movable or removable floor sections for bridging
floor recesses necessitated in accommodating the opening of a vault door.</para></descript></crecord>
<crecord><classnum ref = "C187S000000" doc = "Class187.sgm">187</classnum>
<subref><clstitle>Elevator, Industrial Lift Truck, or Stationary Lift
for Vehicle</clstitle>
<pretext></pretext></subref>
<descript><para>appropriate subclasses for apparatus having a vertically
shiftable load underlying supporting surface driven along a guided
path and which moves an entire detachable load between vertically
spaced locations.</para></descript></crecord>
<crecord><classnum ref = "C212S000000" doc = "Class212.sgm">212</classnum>
<subref><clstitle>Traversing Hoists</clstitle>
<pretext></pretext></subref>
<descript><para>appropriate subclasses for apparatus used to lift
and horizontally move a detachable load.</para></descript></crecord>
<crecord><classnum ref = "C249S000000" doc = "Class249.sgm">249</classnum>
<subref><clstitle>Static Molds</clstitle>
<pretext></pretext>
<subnum range = "s" ref = "C249S001000" doc = "Class249.sgm">1</subnum></subref>
<descript><para> for molds for forming bridge structure in situ.</para></descript></crecord>
<crecord><classnum ref = "C254S000000" doc = "Class254.sgm">254</classnum>
<subref><clstitle>Implements or Apparatus for Applying Pushing or
Pulling Force</clstitle>
<pretext></pretext></subref>
<descript><para>appropriate subclasses for apparatus used to apply
a pushing or pulling force to a detachable load.</para></descript></crecord>
<crecord><classnum ref = "C256S000000" doc = "Class256.sgm">256</classnum>
<subref><clstitle>Fences</clstitle>
<pretext></pretext></subref>
<descript><para>appropriate subclasses for structure analogous to
hand rails on bridges.</para></descript></crecord>
<crecord><classnum ref = "C404S000000" doc = "Class404.sgm">404</classnum>
<subref><clstitle>Road Structure, Process, or Apparatus</clstitle>
<pretext></pretext></subref>
<descript><para>appropriate subclasses for a trafficable surface
on a deck and expansion joint.</para></descript></crecord>
<crecord><classnum ref = "C405S000000" doc = "Class405.sgm">405</classnum>
<subref><clstitle>Hydraulic and Earth Engineering</clstitle>
<pretext>appropriate subclasses for piers which do not include specific
bridge or bridge coacting structure, e.g., drain pipes to conduct
water runoff away from a bridge roadway, and especially </pretext>
<subnum range = "r" ref = "C405S195100" doc = "Class405.sgm">195.1</subnum></subref>
<descript><para>-228 for such piers located in a marine environment,
subclasses 229-257 for the residue of the piers of this (405) class
and subclasses 284-287 for a retaining wall-type abutment (at the
bridge approach) supporting a superstructure end.</para></descript></crecord>
<crecord><classnum ref = "C414S000000" doc = "Class414.sgm">414</classnum>
<subref><clstitle>Material or Article Handling</clstitle>
<pretext></pretext></subref>
<descript><para>appropriate subclasses for apparatus used to place
or displace a component in a particular manner or with reference
to a particular support and for ramps loading to or from a marine
vessel.</para></descript></crecord>
<crecord><classnum ref = "C446S000000" doc = "Class446.sgm">446</classnum>
<subref><clstitle>Amusement Devices:  Toys</clstitle>
<pretext></pretext>
<subnum range = "r" ref = "C446S476000" doc = "Class446.sgm">476</subnum></subref>
<descript><para>-478 for a toy bridge.</para></descript></crecord></srchout>
</scsect></sections>
<sclasses>
<subclass subnum = "2" id = "C014S002000">
<sctitle>TRUSS AND ARCH:</sctitle>
<parent ref = "C014S000000" doc = "Class014.sgm">the class definition</parent>
<scdesc>Bridges combining principle of the truss (i.e., framework
with distinct reinforcement for tension and compression, e.g., Fink,
W, Hip, Bowstring type) with that of the arch, the truss and arch
being connected, but usually being clearly distinguishable as separate
structures.</scdesc>
<srchin>
<srecord><subnum ref = "C014S025000" doc = "Class014.sgm">25</subnum>
<descript><para>for arches including the principle of the truss
in the structure of the arch.</para></descript></srecord></srchin></subclass>
<subclass subnum = "2.4" id = "C014S002400">
<sctitle>TRANSPORTABLE:</sctitle>
<parent ref = "C014S000000" doc = "Class014.sgm">the class definition</parent>
<scdesc>Bridge intended to span between a first and second land
mass (or associated base), which bridge is movable to a site to
be spanned.</scdesc>
<srchout>
<crecord><classnum ref = "C414S000000" doc = "Class414.sgm">414</classnum>
<subref><clstitle>Material or Article Handling</clstitle>
<pretext></pretext>
<subnum range = "r" ref = "C414S137100" doc = "Class414.sgm">137.1-143.2</subnum></subref>
<descript><para> for a bridge or gangway with means to effect movement
of cargo to or from a marine vessel and for the combination of a bridge
or gangway with a ship and with additional material handling structure
excluded from Class 14 (or from Class 114).</para></descript></crecord></srchout></subclass>
<subclass subnum = "2.5" id = "C014S002500">
<sctitle>Having launching means:</sctitle>
<parent ref = "C014S002400" doc = "Class014.sgm">subclass 2.4</parent>
<scdesc>Bridge having structure which first spans the area to be
bridged and on which the bridge itself slides or rolls into position.</scdesc></subclass>
<subclass subnum = "2.6" id = "C014S002600">
<sctitle>Floating:</sctitle>
<parent ref = "C014S002400" doc = "Class014.sgm">subclass 2.4</parent>
<scdesc>Bridge including means adapted to engage flowable terrain
intermediate the first and second land mass, which means is made
buoyant to rest on the flowable material and support a portion of
the bridge thereon.</scdesc>
<srchin>
<srecord><subnum ref = "C014S027000" doc = "Class014.sgm">27</subnum>
<descript><para>for floating bridges.</para></descript></srecord></srchin>
<srchout>
<crecord><classnum ref = "C114S000000" doc = "Class114.sgm">114</classnum>
<subref><clstitle>Ships</clstitle>
<pretext></pretext>
<subnum range = "r" ref = "C114S264000" doc = "Class114.sgm">264</subnum></subref>
<descript><para>-266 and 382 for a floating platform.</para></descript></crecord>
<crecord><classnum ref = "C440S000000" doc = "Class440.sgm">440</classnum>
<subref><clstitle>Marine Propulsion</clstitle>
<pretext></pretext>
<subnum range = "r" ref = "C440S012500" doc = "Class440.sgm">12.5-12.7</subnum></subref>
<descript><para> for a self-propelled marine vehicle having land
and water propulsion means (e.g., amphibious vehicles).</para></descript></crecord></srchout></subclass>
<subclass subnum = "3" id = "C014S003000">
<sctitle>TRUSS:</sctitle>
<parent ref = "C014S000000" doc = "Class014.sgm">the class definition</parent>
<scdesc>Bridges of the type  comprising a framework having distinct
supporting members for tension or compression (e.g., Howe, Fink,
W, Bowstring type).</scdesc>
<notes><note1 notenum = "(1)">
<para>Note.  Included in this subclass are trusses with a prestressing
feature.</para></note1></notes>
<srchin>
<srecord><subnum ref = "C014S002000" doc = "Class014.sgm">2</subnum>
<descript><para>for combination arch and truss.</para></descript></srecord>
<srecord><subnum ref = "C014S025000" doc = "Class014.sgm">25</subnum>
<descript><para>for compound arches.</para></descript></srecord></srchin>
<srchout>
<crecord><classnum ref = "C052S000000" doc = "Class052.sgm">52</classnum>
<subref><clstitle>Static Structures (e.g., Buildings)</clstitle>
<pretext></pretext>
<subnum range = "r" ref = "C052S223100" doc = "Class052.sgm">223.1</subnum></subref>
<descript><para>-223.14 for a structure having prestressing feature.</para></descript></crecord>
<crecord><classnum ref = "C104S000000" doc = "Class104.sgm">104</classnum>
<subref><clstitle>Railways</clstitle>
<pretext></pretext>
<subnum range = "s" ref = "C104S124000" doc = "Class104.sgm">124</subnum></subref>
<descript><para> for similar features on elevated railways.</para></descript></crecord></srchout></subclass>
<subclass subnum = "4" id = "C014S004000">
<sctitle>Arrangement:</sctitle>
<parent ref = "C014S003000" doc = "Class014.sgm">subclass 3</parent>
<scdesc>Truss structure involving the arrangement of the several
parts, the relative location of the elements, or the structure of
the truss as a whole.</scdesc></subclass>
<subclass subnum = "5" id = "C014S005000">
<sctitle>Adjustable:</sctitle>
<parent ref = "C014S004000" doc = "Class014.sgm">subclass 4</parent>
<scdesc>Truss bridge which includes some adjustable feature (usually,
but not always, the camber).</scdesc>
<srchin>
<srecord><subnum ref = "C014S010000" doc = "Class014.sgm">10</subnum>
<descript><para>for adjustable bowstring truss bridges.</para></descript></srecord></srchin>
<srchout>
<crecord><classnum ref = "C405S000000" doc = "Class405.sgm">405</classnum>
<subref><clstitle>Hydraulic and Earth Engineering</clstitle>
<pretext></pretext>
<subnum range = "r" ref = "C405S004000" doc = "Class405.sgm">4-7</subnum></subref>
<descript><para> for dry docks.</para></descript></crecord></srchout></subclass>
<subclass subnum = "6" id = "C014S006000">
<sctitle>Deck:</sctitle>
<parent ref = "C014S004000" doc = "Class014.sgm">subclass 4</parent>
<scdesc>Truss bridges in which the road is supported on the upper
chord of the truss.</scdesc>
<srchin>
<srecord><subnum ref = "C014S073000" doc = "Class014.sgm">73</subnum>
<descript><para>for bridge floors and appurtenances thereto.</para></descript></srecord></srchin></subclass>
<subclass subnum = "7" id = "C014S007000">
<sctitle>Cantilever:</sctitle>
<parent ref = "C014S004000" doc = "Class014.sgm">subclass 4</parent>
<scdesc>Bridges of the cantilever type.</scdesc>
<srchin>
<srecord><subnum range = "r" ref = "C014S031000" doc = "Class014.sgm">31-69,</subnum>
<descript><para>for drawbridges.</para></descript></srecord></srchin>
<srchout>
<crecord><classnum ref = "C104S000000" doc = "Class104.sgm">104</classnum>
<subref><clstitle>Railways</clstitle>
<pretext></pretext>
<subnum range = "r" ref = "C104S035000" doc = "Class104.sgm">35</subnum></subref>
<descript><para>-47 for railroad turntables.</para></descript></crecord></srchout></subclass>
<subclass subnum = "8" id = "C014S008000">
<sctitle>Suspension:</sctitle>
<parent ref = "C014S007000" doc = "Class014.sgm">subclass 7</parent>
<scdesc>Truss bridges include means of suspension as either a principle
or a subordinate feature.</scdesc>
<srchin>
<srecord><subnum range = "r" ref = "C014S018000" doc = "Class014.sgm">18-23,</subnum>
<descript><para>for other suspension bridges.</para></descript></srecord></srchin></subclass>
<subclass subnum = "9" id = "C014S009000">
<sctitle>Bowstring:</sctitle>
<parent ref = "C014S004000" doc = "Class014.sgm">subclass 4</parent>
<scdesc>Truss bridges having the upper member an arc of a circle
and the lower member the chord of said arc.</scdesc></subclass>
<subclass subnum = "10" id = "C014S010000">
<sctitle>Adjustable:</sctitle>
<parent ref = "C014S009000" doc = "Class014.sgm">subclass 9</parent>
<scdesc>Bowstring truss bridges which include some adjustable feature.</scdesc></subclass>
<subclass subnum = "11" id = "C014S011000">
<sctitle>Intermediate catenary:</sctitle>
<parent ref = "C014S004000" doc = "Class014.sgm">subclass 4</parent>
<scdesc>Truss bridges having an approximate catenary in addition
to the ordinary truss.</scdesc></subclass>
<subclass subnum = "12" id = "C014S012000">
<sctitle>Both chords curved:</sctitle>
<parent ref = "C014S004000" doc = "Class014.sgm">subclass 4</parent>
<scdesc>Truss bridges having both chords curved, usually oppositely.</scdesc></subclass>
<subclass subnum = "13" id = "C014S013000">
<sctitle>Structure:</sctitle>
<parent ref = "C014S003000" doc = "Class014.sgm">subclass 3</parent>
<scdesc>Subject matter comprising structure of the members individually
(usually, but not always, the upper chord) of trusses.</scdesc>
<srchin>
<srecord><subnum ref = "C014S074500" doc = "Class014.sgm">74.5</subnum>
<descript><para>for girders.</para></descript></srecord></srchin>
<srchout>
<crecord><classnum ref = "C052S000000" doc = "Class052.sgm">52</classnum>
<subref><clstitle>Static Structures (e.g., Buildings)</clstitle>
<pretext></pretext>
<subnum range = "r" ref = "C052S633000" doc = "Class052.sgm">633</subnum>
<endnum ref = "C052S697000" doc = "Class052.sgm">697</endnum></subref>
<descript><para> for openwork of more general application, particularly
subclasses 639-644 for curvilinear or peaked trusses and subclasses
690-696 for straight trusses; and subclasses 831-857 for elongated rigid
members.</para></descript></crecord></srchout></subclass>
<subclass subnum = "14" id = "C014S014000">
<sctitle>Connections:</sctitle>
<parent ref = "C014S003000" doc = "Class014.sgm">subclass 3</parent>
<scdesc>Subject matter comprising details of connections between
the parts or to details of extensions of such parts.</scdesc>
<srchin>
<srecord><subnum ref = "C014S005000" doc = "Class014.sgm">5</subnum>
<descript><para>for adjustable arrangements.</para></descript></srecord>
<srecord><subnum ref = "C014S010000" doc = "Class014.sgm">10</subnum>
<descript><para>for adjustable bowstrings.</para></descript></srecord>
<srecord><subnum ref = "C014S015000" doc = "Class014.sgm">15</subnum>
<descript><para>for end shoes.</para></descript></srecord>
<srecord><subnum ref = "C014S075000" doc = "Class014.sgm">75</subnum>
<descript><para>for piers.</para></descript></srecord></srchin>
<srchout>
<crecord><classnum ref = "C105S000000" doc = "Class105.sgm">105</classnum>
<subref><clstitle>Railway Rolling Stock</clstitle>
<pretext></pretext>
<subnum range = "s" ref = "C105S229000" doc = "Class105.sgm">229</subnum></subref>
<descript><para> for trussed truck bolsters, subclass 399 for passenger
car truss frames, and subclass 407 for freight car truss frames.</para></descript></crecord></srchout></subclass>
<subclass subnum = "15" id = "C014S015000">
<sctitle>End shoes:</sctitle>
<parent ref = "C014S003000" doc = "Class014.sgm">subclass 3</parent>
<scdesc>Devices connecting the end of the arch member of bowstring
trusses to the tension member and immediate connections between
compression and tension chord members.</scdesc>
<srchin>
<srecord><subnum ref = "C014S014000" doc = "Class014.sgm">14</subnum>
<descript><para>for shoes somewhat similar in structure to end shoes.</para></descript></srecord>
<srecord><subnum ref = "C014S073500" doc = "Class014.sgm">73.5</subnum>
<descript><para>for expansion devices.</para></descript></srecord></srchin></subclass>
<subclass subnum = "18" id = "C014S018000">
<sctitle>SUSPENSION:</sctitle>
<parent ref = "C014S000000" doc = "Class014.sgm">the class definition</parent>
<scdesc>Subject matter relating to suspension bridges.</scdesc>
<srchin>
<srecord><subnum range = "r" ref = "C014S008000" doc = "Class014.sgm">8</subnum>
<descript><para>and 11, for similar truss structure.</para></descript></srecord></srchin>
<srchout>
<crecord><classnum ref = "C052S000000" doc = "Class052.sgm">52</classnum>
<subref><clstitle>Static Structures (e.g., Buildings)</clstitle>
<pretext></pretext>
<subnum range = "r" ref = "C052S223100" doc = "Class052.sgm">223.1</subnum></subref>
<descript><para>-223.14 for a structure having a prestressing feature.</para></descript></crecord></srchout></subclass>
<subclass subnum = "19" id = "C014S019000">
<sctitle>Compound system:</sctitle>
<parent ref = "C014S018000" doc = "Class014.sgm">subclass 18</parent>
<scdesc>Bridges supported by more than two cables arranged in sets
which are differently connected to the bridge.</scdesc></subclass>
<subclass subnum = "20" id = "C014S020000">
<sctitle>Simple system:</sctitle>
<parent ref = "C014S018000" doc = "Class014.sgm">subclass 18</parent>
<scdesc>Bridges supported by a single cable or by a simple system
of cables, every cable being similarly placed.</scdesc></subclass>
<subclass subnum = "21" id = "C014S021000">
<sctitle>Towers and anchors:</sctitle>
<parent ref = "C014S018000" doc = "Class014.sgm">subclass 18</parent>
<scdesc>Devices comprising supports and securing devices for suspension
cables.</scdesc>
<srchin>
<srecord><subnum range = "r" ref = "C014S007000" doc = "Class014.sgm">7</subnum>
<descript><para>and 8, for cantilever suspension.</para></descript></srecord>
<srecord><subnum ref = "C014S026000" doc = "Class014.sgm">26</subnum>
<descript><para>for arch bridge anchors.</para></descript></srecord></srchin>
<srchout>
<crecord><classnum ref = "C052S000000" doc = "Class052.sgm">52</classnum>
<subref><clstitle>Static Structures (e.g., Buildings)</clstitle>
<pretext>appropriate subclasses for other building structure of
more general application, particularly </pretext>
<subnum range = "r" ref = "C052S146000" doc = "Class052.sgm">146</subnum></subref>
<descript><para>-152 for vertical structures with diagonal brace
or guy, subclasses 155-165 for piercing or expanding land anchors, subclasses
292-299 for footings for vertical structures, and  subclasses 223.1-223.14
for a structure having a prestressing feature. </para></descript></crecord>
<crecord><classnum ref = "C104S000000" doc = "Class104.sgm">104</classnum>
<subref><clstitle>Railways</clstitle>
<pretext></pretext>
<subnum range = "s" ref = "C104S124000" doc = "Class104.sgm">124</subnum></subref>
<descript><para> for supports for elevated railways structure.</para></descript></crecord></srchout></subclass>
<subclass subnum = "22" id = "C014S022000">
<sctitle>Cables and cable clamps:</sctitle>
<parent ref = "C014S018000" doc = "Class014.sgm">subclass 18</parent>
<scdesc>Structures (such as cables) specially designed to suspend
bridges and devices for attachment of other parts to the cables.</scdesc>
<srchout>
<crecord><classnum ref = "C024S000000" doc = "Class024.sgm">24</classnum>
<subref><clstitle>Buckles, Buttons, Clasps</clstitle>
<pretext>etc., </pretext>
<subnum range = "s" ref = "C024S016000" doc = "Class024.sgm">16</subnum></subref>
<descript><para> for means of connecting ends of cables together
and subclass 115 for cord and rope holders.</para></descript></crecord>
<crecord><classnum ref = "C057S000000" doc = "Class057.sgm">57</classnum>
<subref><clstitle>Textiles:  Spinning, Twisting, and Twining</clstitle>
<pretext></pretext>
<subnum range = "r" ref = "C057S200000" doc = "Class057.sgm">200</subnum></subref>
<descript><para>-260 for twisted or spirally wrapped cables.</para></descript></crecord>
<crecord><classnum ref = "C059S000000" doc = "Class059.sgm">59</classnum>
<subref><clstitle>Chain, Staple, and Horseshoe Making</clstitle>
<pretext></pretext></subref>
<descript><para>appropriate subclasses for chains.</para></descript></crecord>
<crecord><classnum ref = "C248S000000" doc = "Class248.sgm">248</classnum>
<subref><clstitle>Supports</clstitle>
<pretext></pretext>
<subnum range = "r" ref = "C248S049000" doc = "Class248.sgm">49</subnum></subref>
<descript><para>-74.5 for pipe and cable supports.</para></descript></crecord></srchout></subclass>
<subclass subnum = "23" id = "C014S023000">
<sctitle>Constructive apparatus:</sctitle>
<parent ref = "C014S018000" doc = "Class014.sgm">subclass 18</parent>
<scdesc>Apparatus for use in getting cables into position.</scdesc>
<srchout>
<crecord><classnum ref = "C057S000000" doc = "Class057.sgm">57</classnum>
<subref><clstitle>Textiles:  Spinning, Twisting, and Twining</clstitle>
<pretext>particularly </pretext>
<subnum range = "s" ref = "C057S010000" doc = "Class057.sgm">10</subnum></subref>
<descript><para> for apparatus for spirally wrapping suspension
bridge cables.</para></descript></crecord></srchout></subclass>
<subclass subnum = "24" id = "C014S024000">
<sctitle>ARCH:</sctitle>
<parent ref = "C014S000000" doc = "Class014.sgm">the class definition</parent>
<scdesc>Bridges of the simple arch type.</scdesc>
<srchin>
<srecord><subnum range = "r" ref = "C014S002000" doc = "Class014.sgm">2,</subnum>
<descript><para>for combination truss and arch.</para></descript></srecord>
<srecord><subnum range = "r" ref = "C014S036000" doc = "Class014.sgm">36</subnum>
<descript><para>through 38, for bascule-type bridges.</para></descript></srecord></srchin>
<srchout>
<crecord><classnum ref = "C052S000000" doc = "Class052.sgm">52</classnum>
<subref><clstitle>Static Structures (e.g., Buildings)</clstitle>
<pretext>appropriate subclasses for other static structures of more
general application, particularly </pretext>
<subnum range = "r" ref = "C052S086000" doc = "Class052.sgm">86</subnum></subref>
<descript><para>-89 for vertically curved arches with a terminal
support, subclasses 245-249 for curvilinear barriers, subclasses
639-644 for curvilinear or peaked trusses, subclasses 223.1-223.14
for a structure having a prestressing feature, and subclasses 690-696
for other trusses.</para></descript></crecord></srchout></subclass>
<subclass subnum = "25" id = "C014S025000">
<sctitle>Compound:</sctitle>
<parent ref = "C014S024000" doc = "Class014.sgm">subclass 24</parent>
<scdesc>Bridges in which the arch is not a simple structure, but
is composed of a lattice girder, a bowstring-truss, or some other
compound structure.</scdesc></subclass>
<subclass subnum = "26" id = "C014S026000">
<sctitle>Abutments and anchorages:</sctitle>
<parent ref = "C014S024000" doc = "Class014.sgm">subclass 24</parent>
<scdesc>Devices relating to the end supports.</scdesc>
<srchin>
<srecord><subnum ref = "C014S021000" doc = "Class014.sgm">21</subnum>
<descript><para>for suspension bridge anchors.</para></descript></srecord>
<srecord><subnum ref = "C014S075000" doc = "Class014.sgm">75</subnum>
<descript><para>for bridge piers.</para></descript></srecord></srchin></subclass>
<subclass subnum = "27" id = "C014S027000">
<sctitle>FLOATING:</sctitle>
<parent ref = "C014S000000" doc = "Class014.sgm">the class definition</parent>
<scdesc>Bridges of the floating type.</scdesc>
<srchin>
<srecord><subnum ref = "C014S002600" doc = "Class014.sgm">2.6</subnum>
<descript><para>for transportable floating bridges.</para></descript></srecord></srchin>
<srchout>
<crecord><classnum ref = "C114S000000" doc = "Class114.sgm">114</classnum>
<subref><clstitle>Ships</clstitle>
<pretext></pretext>
<subnum range = "r" ref = "C114S264000" doc = "Class114.sgm">264</subnum>
<endnum ref = "C114S266000" doc = "Class114.sgm">266</endnum></subref>
<descript><para> for a floating platform.</para></descript></crecord></srchout></subclass>
<subclass subnum = "28" id = "C014S028000">
<sctitle>Adjustable height:</sctitle>
<parent ref = "C014S027000" doc = "Class014.sgm">subclass 27</parent>
<scdesc>Floating bridges containing some structure to produce or
to permit variations in the height of the road bed.</scdesc>
<srchin>
<srecord><subnum ref = "C014S042000" doc = "Class014.sgm">42</subnum>
<descript><para>for draw lifts.</para></descript></srecord>
<srecord><subnum ref = "C014S047000" doc = "Class014.sgm">47</subnum>
<descript><para>for draw aprons.</para></descript></srecord>
<srecord><subnum range = "r" ref = "C014S071100" doc = "Class014.sgm">71.1</subnum>
<descript><para>through 71.7, for one-end-attached gangways.</para></descript></srecord></srchin></subclass>
<subclass subnum = "29" id = "C014S029000">
<sctitle>Draw:</sctitle>
<parent ref = "C014S027000" doc = "Class014.sgm">subclass 27</parent>
<scdesc>Floating bridges of the draw type.</scdesc></subclass>
<subclass subnum = "30" id = "C014S030000">
<sctitle>Locking:</sctitle>
<parent ref = "C014S029000" doc = "Class014.sgm">subclass 29</parent>
<scdesc>Floating draw bridges, which show some form of device to
lock the draw.</scdesc></subclass>
<subclass subnum = "31" id = "C014S031000">
<sctitle>DRAW:</sctitle>
<parent ref = "C014S000000" doc = "Class014.sgm">the class definition</parent>
<scdesc>Bridges of the draw type.</scdesc>
<srchin>
<srecord><subnum range = "r" ref = "C014S029000" doc = "Class014.sgm">29</subnum>
<descript><para>and 30, for floating draw bridges.</para></descript></srecord></srchin></subclass>
<subclass subnum = "32" id = "C014S032000">
<sctitle>Swing:</sctitle>
<parent ref = "C014S031000" doc = "Class014.sgm">subclass 31</parent>
<scdesc>Drawbridges of the swing type, limited to structures embodying
some feature specifically intended for use in connection with a
bridge.</scdesc>
<srchout>
<crecord><classnum ref = "C104S000000" doc = "Class104.sgm">104</classnum>
<subref><clstitle>Railways</clstitle>
<pretext></pretext>
<subnum range = "s" ref = "C104S035000" doc = "Class104.sgm">35</subnum></subref>
<descript><para> for railroad turntables and subclass 48 for railroad transfer
tables.</para></descript></crecord></srchout></subclass>
<subclass subnum = "33" id = "C014S033000">
<sctitle>Hand or motor operated:</sctitle>
<parent ref = "C014S032000" doc = "Class014.sgm">subclass 32</parent>
<scdesc>Bridges having operating means.</scdesc></subclass>
<subclass subnum = "34" id = "C014S034000">
<sctitle>Boat operated:</sctitle>
<parent ref = "C014S032000" doc = "Class014.sgm">subclass 32</parent>
<scdesc>Bridges intended to be swung by an approaching boat and
usually equipped with an automatic return.</scdesc>
<srchin>
<srecord><subnum ref = "C014S044000" doc = "Class014.sgm">44</subnum>
<descript><para>for boat-operated horizontally sliding draw bridges.</para></descript></srecord></srchin></subclass>
<subclass subnum = "35" id = "C014S035000">
<sctitle>End supports and locking devices:</sctitle>
<parent ref = "C014S032000" doc = "Class014.sgm">subclass 32</parent>
<scdesc>Devices for connecting the ends of the stationary supports
for the purpose of support or locking, or both.</scdesc>
<srchout>
<crecord><classnum ref = "C405S000000" doc = "Class405.sgm">405</classnum>
<subref><clstitle>Hydraulic and Earth Engineering</clstitle>
<pretext></pretext>
<subnum range = "s" ref = "C405S004000" doc = "Class405.sgm">4</subnum></subref>
<descript><para> for similar devices on dry docks.</para></descript></crecord></srchout></subclass>
<subclass subnum = "36" id = "C014S036000">
<sctitle>Fixed pivot:</sctitle>
<parent ref = "C014S031000" doc = "Class014.sgm">subclass 31</parent>
<scdesc>Drawbridges of the bascule type revolving on a fixed pivot.</scdesc>
<srchin>
<srecord><subnum ref = "C014S047000" doc = "Class014.sgm">47</subnum>
<descript><para>for aprons.</para></descript></srecord>
<srecord><subnum range = "r" ref = "C014S071100" doc = "Class014.sgm">71.1</subnum>
<descript><para>through 71.7, for one-end-attached gangways.</para></descript></srecord></srchin>
<srchout>
<crecord><classnum ref = "C105S000000" doc = "Class105.sgm">105</classnum>
<subref><clstitle>Railway Rolling Stock</clstitle>
<pretext></pretext>
<subnum range = "r" ref = "C105S261100" doc = "Class105.sgm">261.1</subnum></subref>
<descript><para>-279 for car attached rerailers, subclasses 262
and 263 for car replacers, and subclass 276 for overhead hose bridges.</para></descript></crecord>
<crecord><classnum ref = "C119S000000" doc = "Class119.sgm">119</classnum>
<subref><clstitle>Animal Husbandry</clstitle>
<pretext></pretext>
<subnum range = "r" ref = "C119S843000" doc = "Class119.sgm">843-849</subnum></subref>
<descript><para> for animal gangways.</para></descript></crecord></srchout></subclass>
<subclass subnum = "37" id = "C014S037000">
<sctitle>Hinged sections:</sctitle>
<parent ref = "C014S036000" doc = "Class014.sgm">subclass 36</parent>
<scdesc>Bascule bridges in which each vertically swinging part is
composed of sections hinged together.</scdesc></subclass>
<subclass subnum = "38" id = "C014S038000">
<sctitle>Rack and pinion:</sctitle>
<parent ref = "C014S036000" doc = "Class014.sgm">subclass 36</parent>
<scdesc>Bascule bridges operated by a rack and pinion, the rack
being on the movable span and the other on a stationary part of
the bridge.</scdesc>
<srchin>
<srecord><subnum ref = "C014S040000" doc = "Class014.sgm">40</subnum>
<descript><para>for similar structure on nonpivoted bascule bridges.</para></descript></srecord></srchin></subclass>
<subclass subnum = "39" id = "C014S039000">
<sctitle>Nonpivoted:</sctitle>
<parent ref = "C014S031000" doc = "Class014.sgm">subclass 31</parent>
<scdesc>Bascule bridges with no fixed pivot operated by means acting
directly on the movable span.</scdesc>
<srchin>
<srecord><subnum ref = "C014S047000" doc = "Class014.sgm">47</subnum>
<descript><para>for aprons.</para></descript></srecord>
<srecord><subnum range = "r" ref = "C014S071100" doc = "Class014.sgm">71.1</subnum>
<descript><para>through 71.7, for one-end-attached gangways.</para></descript></srecord></srchin>
<srchout>
<crecord><classnum ref = "C105S000000" doc = "Class105.sgm">105</classnum>
<subref><clstitle>Railway Rolling Stock</clstitle>
<pretext></pretext>
<subnum range = "r" ref = "C105S261100" doc = "Class105.sgm">261.1</subnum></subref>
<descript><para>-279, 262, 263, and 276.  (See this class (14),
subclass 36).</para></descript></crecord>
<crecord><classnum ref = "C119S000000" doc = "Class119.sgm">119</classnum>
<subref><clstitle>Animal Husbandry</clstitle>
<pretext></pretext>
<subnum range = "r" ref = "C119S843000" doc = "Class119.sgm">843-849</subnum></subref>
<descript><para> for animal gangways.</para></descript></crecord>
<crecord><classnum ref = "C414S000000" doc = "Class414.sgm">414</classnum>
<subref><clstitle>Material or Article Handling</clstitle>
<pretext></pretext>
<subnum range = "r" ref = "C414S364000" doc = "Class414.sgm">364</subnum></subref>
<descript><para>-366 and 742 for similar structure in material handling
devices.</para></descript></crecord></srchout></subclass>
<subclass subnum = "40" id = "C014S040000">
<sctitle>Rack and pinion:</sctitle>
<parent ref = "C014S039000" doc = "Class014.sgm">subclass 39</parent>
<scdesc>Bridges operated by a rack and pinion, the rack or the pinion
being on the movable span and the other on a stationary part of
the bridge.</scdesc>
<srchin>
<srecord><subnum ref = "C014S038000" doc = "Class014.sgm">38</subnum>
<descript><para>for similar structure on fixed pivot bascule bridges.</para></descript></srecord></srchin></subclass>
<subclass subnum = "41" id = "C014S041000">
<sctitle>Locking devices:</sctitle>
<parent ref = "C014S031000" doc = "Class014.sgm">subclass 31</parent>
<scdesc>Devices for positively locking the movable parts of bascule
bridges against vertical or lateral movement.</scdesc></subclass>
<subclass subnum = "42" id = "C014S042000">
<sctitle>Lift:</sctitle>
<parent ref = "C014S031000" doc = "Class014.sgm">subclass 31</parent>
<scdesc>Drawbridges moving vertically (either up or down from normal
position) with usually no horizontal motion.</scdesc>
<srchin>
<srecord><subnum ref = "C014S052000" doc = "Class014.sgm">52</subnum>
<descript><para>58-62, and 66, for vertically sliding gates. </para></descript></srecord>
<srecord><subnum range = "r" ref = "C014S071100" doc = "Class014.sgm">71.1</subnum>
<descript><para>through 71.7, for one-end-attached gangways.</para></descript></srecord></srchin>
<srchout>
<crecord><classnum ref = "C405S000000" doc = "Class405.sgm">405</classnum>
<subref><clstitle>Hydraulic and Earth Engineering</clstitle>
<pretext></pretext>
<subnum range = "s" ref = "C405S003000" doc = "Class405.sgm">3</subnum></subref>
<descript><para> for lift-type drydocks.</para></descript></crecord></srchout></subclass>
<subclass subnum = "43" id = "C014S043000">
<sctitle>Horizontally sliding:</sctitle>
<parent ref = "C014S031000" doc = "Class014.sgm">subclass 31</parent>
<scdesc>Drawbridges which open by a horizontal longitudinal movement.</scdesc>
<srchin>
<srecord><subnum range = "r" ref = "C014S069500" doc = "Class014.sgm">69.5</subnum>
<descript><para>through 72.5, appropriate subclasses for unattached
gangways.</para></descript></srecord></srchin>
<srchout>
<crecord><classnum ref = "C104S000000" doc = "Class104.sgm">104</classnum>
<subref><clstitle>Railways</clstitle>
<pretext></pretext>
<subnum range = "s" ref = "C104S124000" doc = "Class104.sgm">124</subnum></subref>
<descript><para> for similar structure on elevated railways.</para></descript></crecord></srchout></subclass>
<subclass subnum = "44" id = "C014S044000">
<sctitle>Boat operated:</sctitle>
<parent ref = "C014S043000" doc = "Class014.sgm">subclass 43</parent>
<scdesc>Drawbridges which are operated by an approaching boat.</scdesc>
<srchin>
<srecord><subnum ref = "C014S034000" doc = "Class014.sgm">34</subnum>
<descript><para>for boat-operated swinging drawbridges.</para></descript></srecord></srchin></subclass>
<subclass subnum = "45" id = "C014S045000">
<sctitle>Lazy tongs:</sctitle>
<parent ref = "C014S031000" doc = "Class014.sgm">subclass 31</parent>
<scdesc>Drawbridges operated by one or more lazy-tongs.</scdesc>
<srchout>
<crecord><classnum ref = "C074S000000" doc = "Class074.sgm">74</classnum>
<subref><clstitle>Machine Element or Mechanism</clstitle>
<pretext></pretext>
<subnum range = "s" ref = "C074S521000" doc = "Class074.sgm">521</subnum></subref>
<descript><para> for lazy tongs.</para></descript></crecord>
<crecord><classnum ref = "C160S000000" doc = "Class160.sgm">160</classnum>
<subref><clstitle>Flexible or Portable Closure, Partition, or Panel</clstitle>
<pretext></pretext>
<subnum range = "r" ref = "C160S136000" doc = "Class160.sgm">136</subnum></subref>
<descript><para>-165 for lazy tongs operated and other forms of plural
strip, slat or panel devices in which the elements intersect to
form parallelograms pivoted at their points of intersection.</para></descript></crecord></srchout></subclass>
<subclass subnum = "46" id = "C014S046000">
<sctitle>Locking devices:</sctitle>
<parent ref = "C014S031000" doc = "Class014.sgm">subclass 31</parent>
<scdesc>Devices for positively locking drawbridges against movement.</scdesc>
<notes><note1 notenum = "(1)">
<para>Note. Search this class, for all other subclasses under the
main subtitles of Draw and Floating entitled &ldquo;locking devices.&rdquo;</para></note1></notes></subclass>
<subclass subnum = "47" id = "C014S047000">
<sctitle>Aprons:</sctitle>
<parent ref = "C014S031000" doc = "Class014.sgm">subclass 31</parent>
<scdesc>Devices usually constituting part of the floor or roadway
and connecting the draw to the fixed span (being hinged to one or
the other), which are moved out of the way either prior to or during
the movement of the draw.</scdesc>
<srchin>
<srecord><subnum ref = "C014S028000" doc = "Class014.sgm">28</subnum>
<descript><para>for similar structure on floating bridges.</para></descript></srecord>
<srecord><subnum range = "r" ref = "C014S071100" doc = "Class014.sgm">71.1</subnum>
<descript><para>through 71.7, for one-end-attached gangways.  The
subclasses under Draw, Bascule, for the use of similar structure.</para></descript></srecord></srchin></subclass>
<subclass subnum = "48" id = "C014S048000">
<sctitle>Buffers:</sctitle>
<parent ref = "C014S031000" doc = "Class014.sgm">subclass 31</parent>
<scdesc>Structures, actuated by drawbridges, which when the draw
is open project above the roadway to receive the impact of a moving
car or other object and designed to resist considerable force.</scdesc>
<srchout>
<crecord><classnum ref = "C104S000000" doc = "Class104.sgm">104</classnum>
<subref><clstitle>Railways</clstitle>
<pretext></pretext>
<subnum range = "s" ref = "C104S254000" doc = "Class104.sgm">254</subnum></subref>
<descript><para> for bumpers for railway cars.</para></descript></crecord>
<crecord><classnum ref = "C186S000000" doc = "Class186.sgm">186</classnum>
<subref><clstitle>Merchandising</clstitle>
<pretext></pretext>
<subnum range = "r" ref = "C186S024000" doc = "Class186.sgm">24</subnum></subref>
<descript><para> and 25 for buffers used in store service.</para></descript></crecord></srchout></subclass>
<subclass subnum = "49" id = "C014S049000">
<sctitle>Signals:</sctitle>
<parent ref = "C014S031000" doc = "Class014.sgm">subclass 31</parent>
<scdesc>Devices relating to signal apparatus used in connection
with drawbridges and usually operated simultaneously with the gates.</scdesc>
<srchout>
<crecord><classnum ref = "C246S000000" doc = "Class246.sgm">246</classnum>
<subref><clstitle>Railway Switches and Signals</clstitle>
<pretext></pretext>
<subnum range = "s" ref = "C246S118000" doc = "Class246.sgm">118</subnum></subref>
<descript><para> for drawbridge-protection railway signals.</para></descript></crecord></srchout></subclass>
<subclass subnum = "50" id = "C014S050000">
<sctitle>Gates:</sctitle>
<parent ref = "C014S031000" doc = "Class014.sgm">subclass 31</parent>
<scdesc>Drawbridge having gates whose operation involve some feature
specific to bridges.</scdesc>
<srchin>
<srecord><subnum ref = "C014S037000" doc = "Class014.sgm">37</subnum>
<descript><para>for hinged-section bascule bridges.</para></descript></srecord></srchin>
<srchout>
<crecord><classnum ref = "C049S000000" doc = "Class049.sgm">49</classnum>
<subref><clstitle>Movable or Removable Closures</clstitle>
<pretext></pretext></subref>
<descript><para>appropriate subclasses for closures of the type
provided for, and see the search notes in section IV of Class 49, for
the loci of closures in other classes.</para></descript></crecord>
<crecord><classnum ref = "C160S000000" doc = "Class160.sgm">160</classnum>
<subref><clstitle>Flexible or Portable Closure, Partition, or Panel</clstitle>
<pretext></pretext></subref>
<descript><para>appropriate subclasses for  (1) gates in the form
of panel units in which a flexible fabric or other flexible sheet
material forms the panel portion, (2) panel units formed of plural
strips, slats or panels interconnected for relative motion (excluding those
connected only by a common operator or mounted only on a common
support or in a common frame), where the relation to a bridge or
the features of bridge structure are not claimed.</para></descript></crecord>
<crecord><classnum ref = "C405S000000" doc = "Class405.sgm">405</classnum>
<subref><clstitle>Hydraulic and Earth Engineering</clstitle>
<pretext></pretext>
<subnum range = "r" ref = "C405S087000" doc = "Class405.sgm">87-106</subnum></subref>
<descript><para> for water control gates.</para></descript></crecord></srchout></subclass>
<subclass subnum = "-2" id = "C014S051&ast;&ast;1">
<sctitle>Hand or motor operated:</sctitle>
<parent ref = "C014S050000" doc = "Class014.sgm">subclass 50</parent>
<scdesc>Drawbridge gates operated wholly or in part by hand or motor
power.</scdesc></subclass>
<subclass subnum = "51" id = "C014S051000">
<sctitle>Horizontally swinging:</sctitle>
<parent ref = "C014S050000" doc = "Class014.sgm">subclass 50</parent>
<scdesc>Hand or motor-operated drawbridge gates which are horizontally
swinging.</scdesc></subclass>
<subclass subnum = "52" id = "C014S052000">
<sctitle>Vertically sliding:</sctitle>
<parent ref = "C014S050000" doc = "Class014.sgm">subclass 50</parent>
<scdesc>Hand or motor-operated drawbridge gates which are vertically
sliding.</scdesc>
<srchout>
<crecord><classnum ref = "C405S000000" doc = "Class405.sgm">405</classnum>
<subref><clstitle>Hydraulic and Earth Engineering</clstitle>
<pretext></pretext>
<subnum range = "s" ref = "C405S086000" doc = "Class405.sgm">86</subnum></subref>
<descript><para> for lifting canal locks and subclass 3 for lifting
dry docks.</para></descript></crecord></srchout></subclass>
<subclass subnum = "53" id = "C014S053000">
<sctitle>Vertically swinging:</sctitle>
<parent ref = "C014S050000" doc = "Class014.sgm">subclass 50</parent>
<scdesc>Hand or motor-operated drawbridge gates which are vertically
swinging. </scdesc></subclass>
<subclass subnum = "-2" id = "C014S054&ast;&ast;2">
<sctitle>Bridge operated: </sctitle>
<parent ref = "C014S050000" doc = "Class014.sgm">subclass 50</parent>
<scdesc>Drawbridge gates operated either by being contacted by the
bridge, or by gate-operating mechanism under the control of the
bridge.  </scdesc></subclass>
<subclass subnum = "-2" id = "C014S054&ast;&ast;1">
<sctitle>Displacement:</sctitle>
<parent ref = "C014S050000" doc = "Class014.sgm">subclass 50</parent>
<scdesc>Bridge-operated gates wherein the bridge displaces the member
of the operative member which contacts with the movable span.</scdesc></subclass>
<subclass subnum = "54" id = "C014S054000">
<sctitle>Horizontally sliding:</sctitle>
<parent ref = "C014S050000" doc = "Class014.sgm">subclass 50</parent>
<scdesc>Displacement-type bridge-operated gates which are horizontally
sliding.</scdesc></subclass>
<subclass subnum = "55" id = "C014S055000">
<sctitle>Locking:</sctitle>
<parent ref = "C014S054000" doc = "Class014.sgm">subclass 54</parent>
<scdesc>Devices, said gate having an attachment for locking it in
one position.</scdesc></subclass>
<subclass subnum = "56" id = "C014S056000">
<sctitle>Horizontally swinging:</sctitle>
<parent ref = "C014S050000" doc = "Class014.sgm">subclass 50</parent>
<scdesc>Displacement-type bridge-operated gates which are horizontally
swinging.</scdesc></subclass>
<subclass subnum = "57" id = "C014S057000">
<sctitle>Locking:</sctitle>
<parent ref = "C014S056000" doc = "Class014.sgm">subclass 56</parent>
<scdesc>Devices, said gate having an attachment for locking it in
one position.</scdesc></subclass>
<subclass subnum = "58" id = "C014S058000">
<sctitle>Vertically sliding:</sctitle>
<parent ref = "C014S050000" doc = "Class014.sgm">subclass 50</parent>
<scdesc>Displacement-type bridge-operated gates which are vertically
sliding.</scdesc></subclass>
<subclass subnum = "59" id = "C014S059000">
<sctitle>Locking:</sctitle>
<parent ref = "C014S058000" doc = "Class014.sgm">subclass 58</parent>
<scdesc>Devices, said gate having an attachment for locking it in
one position.</scdesc></subclass>
<subclass subnum = "60" id = "C014S060000">
<sctitle>Vertically swinging:</sctitle>
<parent ref = "C014S050000" doc = "Class014.sgm">subclass 50</parent>
<scdesc>Displacement-type bridge-operated gates which are vertically
sliding.</scdesc></subclass>
<subclass subnum = "61" id = "C014S061000">
<sctitle>Locking:</sctitle>
<parent ref = "C014S060000" doc = "Class014.sgm">subclass 60</parent>
<scdesc>Devices, said gate having an attachment for locking it in
one position.   </scdesc></subclass>
<subclass subnum = "-2" id = "C014S062&ast;&ast;1">
<sctitle>Shaft rotation: </sctitle>
<parent ref = "C014S050000" doc = "Class014.sgm">subclass 50</parent>
<scdesc>Bridge-operated gates under subclass 50 wherein the bridge
first rotates a shaft in the operating mechanism.</scdesc></subclass>
<subclass subnum = "62" id = "C014S062000">
<sctitle>Horizontally sliding:</sctitle>
<parent ref = "C014S050000" doc = "Class014.sgm">subclass 50</parent>
<scdesc>Shaft rotation bridge-operated gates which are horizontally
sliding.</scdesc></subclass>
<subclass subnum = "63" id = "C014S063000">
<sctitle>Locking:</sctitle>
<parent ref = "C014S062000" doc = "Class014.sgm">subclass 62</parent>
<scdesc>Devices, said gate having an attachment for locking it in
one position.</scdesc></subclass>
<subclass subnum = "64" id = "C014S064000">
<sctitle>Horizontally swinging:</sctitle>
<parent ref = "C014S050000" doc = "Class014.sgm">subclass 50</parent>
<scdesc>Shaft rotation bridge-operated gates which are horizontally
swinging.</scdesc></subclass>
<subclass subnum = "65" id = "C014S065000">
<sctitle>Locking:</sctitle>
<parent ref = "C014S064000" doc = "Class014.sgm">subclass 64</parent>
<scdesc>Devices, said gate having an attachment for locking it in
one position.</scdesc></subclass>
<subclass subnum = "66" id = "C014S066000">
<sctitle>Vertically sliding:</sctitle>
<parent ref = "C014S050000" doc = "Class014.sgm">subclass 50</parent>
<scdesc>Shaft rotation bridge-operated gates which are vertically
sliding.</scdesc></subclass>
<subclass subnum = "67" id = "C014S067000">
<sctitle>Locking:</sctitle>
<parent ref = "C014S066000" doc = "Class014.sgm">subclass 66</parent>
<scdesc>Devices, said gate having an attachment for locking it in
one position.</scdesc></subclass>
<subclass subnum = "68" id = "C014S068000">
<sctitle>Vertically swinging:</sctitle>
<parent ref = "C014S050000" doc = "Class014.sgm">subclass 50</parent>
<scdesc>Shaft rotation bridge-operated gates which are vertically
swinging.</scdesc></subclass>
<subclass subnum = "69" id = "C014S069000">
<sctitle>Locking:</sctitle>
<parent ref = "C014S068000" doc = "Class014.sgm">subclass 68</parent>
<scdesc>Devices, said gate having an attachment for locking it in
one position.</scdesc></subclass>
<subclass subnum = "69.5" id = "C014S069500">
<sctitle>GANGWAY, RAMP, OR DOCK LEVELER:</sctitle>
<parent ref = "C014S000000" doc = "Class014.sgm">the class definition</parent>
<scdesc>Subject matter comprising a floored, narrow structure especially
adapted to serve as a bridge for supporting persons or material
or conveying them between ordinarily disassociated bases.</scdesc>
<notes><note1 notenum = "(1)">
<para>Note.  Included in this subclass and the subclasses thereunder
are loading docks and related structure.</para></note1></notes>
<srchout>
<crecord><classnum ref = "C052S000000" doc = "Class052.sgm">52</classnum>
<subref><clstitle>Static Structures (e.g., Buildings)</clstitle>
<pretext></pretext>
<subnum range = "r" ref = "C052S002110" doc = "Class052.sgm">2.11</subnum></subref>
<descript><para>-2.26 and 173.2 for dock seals.</para></descript></crecord>
<crecord><classnum ref = "C114S000000" doc = "Class114.sgm">114</classnum>
<subref><clstitle>Ships</clstitle>
<pretext></pretext>
<subnum range = "s" ref = "C114S362000" doc = "Class114.sgm">362</subnum></subref>
<descript><para> for a structure generally limited to use for assisting in
the boarding or disembarking of a vessel by personnel.</para></descript></crecord>
<crecord><classnum ref = "C182S000000" doc = "Class182.sgm">182</classnum>
<subref><clstitle>Fire Escape, Ladder, or Scaffold</clstitle>
<pretext></pretext>
<subnum range = "r" ref = "C182S222000" doc = "Class182.sgm">222</subnum></subref>
<descript><para> and 223 for a platform.</para></descript></crecord>
<crecord><classnum ref = "C193S000000" doc = "Class193.sgm">193</classnum>
<subref><clstitle>Conveyors, Chutes, Skids, Guides, and Ways</clstitle>
<pretext></pretext>
<subnum range = "s" ref = "C193S038000" doc = "Class193.sgm">38</subnum></subref>
<descript><para> for a skidway.</para></descript></crecord>
<crecord><classnum ref = "C254S000000" doc = "Class254.sgm">254</classnum>
<subref><clstitle>Implements or Apparatus for Applying Pushing or
Pulling Force</clstitle>
<pretext></pretext>
<subnum range = "r" ref = "C254S088000" doc = "Class254.sgm">88</subnum></subref>
<descript><para> and 89-92 for a vehicle ramp and means for lifting
at least a portion of the ramp while it supports the vehicle.</para></descript></crecord>
<crecord><classnum ref = "C404S000000" doc = "Class404.sgm">404</classnum>
<subref><clstitle>Road Structure, Process, or Apparatus</clstitle>
<pretext></pretext>
<subnum range = "r" ref = "C404S034000" doc = "Class404.sgm">34</subnum></subref>
<descript><para> and 35 for a portable ramp structure or arrangement.</para></descript></crecord>
<crecord><classnum ref = "C414S000000" doc = "Class414.sgm">414</classnum>
<subref><clstitle>Material or Article Handling</clstitle>
<pretext></pretext>
<subnum range = "r" ref = "C414S137100" doc = "Class414.sgm">137.1</subnum></subref>
<descript><para>-143.2 and 537 for a bridge or gangway with means
to effect movement of cargo to or from a marine vessel and for the
combination of a bridge or gangway with a ship and with additional
material handling structure excluded from Class 14 (or from Class
114, Ships).</para></descript></crecord></srchout></subclass>
<subclass subnum = "70" id = "C014S070000">
<sctitle>Endless conveyor:</sctitle>
<parent ref = "C014S069500" doc = "Class014.sgm">subclass 69.5</parent>
<scdesc>Bridging structure, which includes an endless conveyor as
the whole or a part of the floor.</scdesc>
<srchout>
<crecord><classnum ref = "C056S000000" doc = "Class056.sgm">56</classnum>
<subref><clstitle>Harvesters</clstitle>
<pretext></pretext>
<subnum range = "r" ref = "C056S076000" doc = "Class056.sgm">76</subnum></subref>
<descript><para>-78 for cornstack handlers, subclasses 181-188 for harvester
conveyors, and subclasses 345-359 for rakers and loaders.</para></descript></crecord>
<crecord><classnum ref = "C119S000000" doc = "Class119.sgm">119</classnum>
<subref><clstitle>Animal Husbandry</clstitle>
<pretext></pretext>
<subnum range = "r" ref = "C119S843000" doc = "Class119.sgm">843-849</subnum></subref>
<descript><para> for animal gangways.</para></descript></crecord>
<crecord><classnum ref = "C182S000000" doc = "Class182.sgm">182</classnum>
<subref><clstitle>Fire Escape, Ladder, or Scaffold</clstitle>
<pretext></pretext>
<subnum range = "r" ref = "C182S042000" doc = "Class182.sgm">42</subnum></subref>
<descript><para>-44 for similar structure in a fire escape.</para></descript></crecord>
<crecord><classnum ref = "C193S000000" doc = "Class193.sgm">193</classnum>
<subref><clstitle>Conveyors, Chutes, Skids, Guides, and Ways</clstitle>
<pretext></pretext></subref>
<descript><para>appropriate subclasses for a nonpower-driven endless
belt conveyor.</para></descript></crecord>
<crecord><classnum ref = "C198S000000" doc = "Class198.sgm">198</classnum>
<subref><clstitle>Conveyors:  Power-Driven</clstitle>
<pretext></pretext>
<subnum range = "r" ref = "C198S321000" doc = "Class198.sgm">321</subnum></subref>
<descript><para>-338 for a people carrying conveyor of the endless
belt type, subclasses 793-803.15 for a load supporting platform
moved about an endless path, and subclasses 804-853 for an endless
belt conveyor.</para></descript></crecord>
<crecord><classnum ref = "C460S000000" doc = "Class460.sgm">460</classnum>
<subref><clstitle>Crop Threshing or Separating</clstitle>
<pretext></pretext>
<subnum range = "s" ref = "C460S086000" doc = "Class460.sgm">86</subnum></subref>
<descript><para> for straw carriers.</para></descript></crecord></srchout></subclass>
<subclass subnum = "71.1" id = "C014S071100">
<sctitle>Attached:</sctitle>
<parent ref = "C014S069500" doc = "Class014.sgm">subclass 69.5</parent>
<scdesc>Bridging structure in which one end thereof is secured to
one of the ordinarily disassociated bases.</scdesc>
<notes><note1 notenum = "(1)">
<para>Note.  Securement of the gangway to the base in this subclass
is intended to include a loose securement; e.g., the provision to
allow the gangway to pivot vertically or horizontally with respect
to the base to which it is attached is included herein as is the
provision to allow the gangway to slide horizontally with respect
to the base.</para></note1>
<note1 notenum = "(2)">
<para>Note.  Dock levelers generally are classified in this subclass
and the indented subclasses.</para></note1></notes>
<srchin>
<srecord><subnum range = "r" ref = "C014S042000" doc = "Class014.sgm">42</subnum>
<descript><para>and 47, subclasses indented under Draw and Bascule
for similar structure associated with the special types.</para></descript></srecord></srchin>
<srchout>
<crecord><classnum ref = "C104S000000" doc = "Class104.sgm">104</classnum>
<subref><clstitle>Railways</clstitle>
<pretext></pretext>
<subnum range = "s" ref = "C104S031000" doc = "Class104.sgm">31</subnum></subref>
<descript><para> for a station platform having shiftable portions
to facilitate passenger movements or handling of freight.</para></descript></crecord>
<crecord><classnum ref = "C105S000000" doc = "Class105.sgm">105</classnum>
<subref><clstitle>Railway Rolling Stock</clstitle>
<pretext></pretext>
<subnum range = "r" ref = "C105S436000" doc = "Class105.sgm">436</subnum></subref>
<descript><para> and 458 for similar structure adapted to be used
with a railway vehicle.</para></descript></crecord>
<crecord><classnum ref = "C114S000000" doc = "Class114.sgm">114</classnum>
<subref><clstitle>Ships</clstitle>
<pretext></pretext>
<subnum range = "s" ref = "C114S362000" doc = "Class114.sgm">362</subnum></subref>
<descript><para> for boarding aids, including a ladder or gangway,
generally, limited to use for assisting in the boarding of vessel
by personnel.</para></descript></crecord>
<crecord><classnum ref = "C119S000000" doc = "Class119.sgm">119</classnum>
<subref><clstitle>Animal Husbandry</clstitle>
<pretext></pretext>
<subnum range = "r" ref = "C119S843000" doc = "Class119.sgm">843-849</subnum></subref>
<descript><para> for a gangway of particular utility to the transporting
of livestock.</para></descript></crecord>
<crecord><classnum ref = "C296S000000" doc = "Class296.sgm">296</classnum>
<subref><clstitle>Land Vehicles:  Bodies and Tops</clstitle>
<pretext></pretext>
<subnum range = "s" ref = "C296S061000" doc = "Class296.sgm">61</subnum></subref>
<descript><para> for ramps attached at one end, usually to a vehicle.</para></descript></crecord>
<crecord><classnum ref = "C410S000000" doc = "Class410.sgm">410</classnum>
<subref><clstitle>Freight Accommodation on Freight Carrier</clstitle>
<pretext></pretext>
<subnum range = "s" ref = "C410S006000" doc = "Class410.sgm">6</subnum></subref>
<descript><para> for ramps attached at one end, usually to a rail
car.</para></descript></crecord>
<crecord><classnum ref = "C414S000000" doc = "Class414.sgm">414</classnum>
<subref><clstitle>Material or Article Handling</clstitle>
<pretext></pretext>
<subnum range = "r" ref = "C414S137100" doc = "Class414.sgm">137.1</subnum></subref>
<descript><para>-143.2 for a bridge or gangway with means to effect
movement or cargo to or from a marine vessel and for the combination
of a bridge or gangway with a ship and with additional material
handling structure excluded from Class 14 (or from Class 114, Ships).</para></descript></crecord></srchout></subclass>
<subclass subnum = "71.3" id = "C014S071300">
<sctitle>With lift means:</sctitle>
<parent ref = "C014S071100" doc = "Class014.sgm">subclass 71.1</parent>
<scdesc>Bridging structure including means to force at least a portion
of the person or material supporting structure in a vertical direction
for repositioning of the gangway to properly relate to the disassociated
bases.</scdesc>
<srchout>
<crecord><classnum ref = "C074S000000" doc = "Class074.sgm">74</classnum>
<subref><clstitle>Machine Element or Mechanism</clstitle>
<pretext></pretext></subref>
<descript><para>appropriate subclasses for a mechanism used in moving
a ramp.</para></descript></crecord>
<crecord><classnum ref = "C248S000000" doc = "Class248.sgm">248</classnum>
<subref><clstitle>Supports</clstitle>
<pretext></pretext>
<subnum range = "r" ref = "C248S157000" doc = "Class248.sgm">157</subnum></subref>
<descript><para>-423 for a ramp support.</para></descript></crecord>
<crecord><classnum ref = "C414S000000" doc = "Class414.sgm">414</classnum>
<subref><clstitle>Material or Article Handling</clstitle>
<pretext></pretext>
<subnum range = "r" ref = "C414S228000" doc = "Class414.sgm">228</subnum></subref>
<descript><para>-230, 258, 385, 401, and 584 for handling apparatus
including a movable ramp.</para></descript></crecord></srchout></subclass>
<subclass subnum = "71.5" id = "C014S071500">
<sctitle>Attached to fixed structure at first end and with cover
and provision to fit vehicle at second end:</sctitle>
<parent ref = "C014S071300" doc = "Class014.sgm">subclass 71.3</parent>
<scdesc>Bridging structure, one end of which is attached to a building
or other fixed base wherein the gangway includes a protective shroud
adapted to cover and isolate any person or material supported thereon
from the atmosphere and including provision to cause the end of
the gangway remote from the fixed base to cooperatively interfit
with a mobile base.</scdesc>
<srchout>
<crecord><classnum ref = "C187S000000" doc = "Class187.sgm">187</classnum>
<subref><clstitle>Elevator, Industrial Lift Truck, or Stationary
Lift for Vehicle</clstitle>
<pretext></pretext>
<subnum range = "r" ref = "C187S247000" doc = "Class187.sgm">247</subnum></subref>
<descript><para>, 248, 267, and 268 for control means for an elevator.</para></descript></crecord>
<crecord><classnum ref = "C454S000000" doc = "Class454.sgm">454</classnum>
<subref><clstitle>Ventilation</clstitle>
<pretext></pretext>
<subnum range = "s" ref = "C454S370000" doc = "Class454.sgm">370</subnum></subref>
<descript><para> for ventilating an airport ramp.</para></descript></crecord></srchout></subclass>
<subclass subnum = "71.7" id = "C014S071700">
<sctitle>Hydraulic powered:</sctitle>
<parent ref = "C014S071300" doc = "Class014.sgm">subclass 71.3</parent>
<scdesc>Bridging structure wherein the repositioning means includes
a fluid actuated motor as a prime mover.</scdesc>
<srchout>
<crecord><classnum ref = "C060S000000" doc = "Class060.sgm">60</classnum>
<subref><clstitle>Power Plants</clstitle>
<pretext></pretext></subref>
<descript><para>appropriate subclasses for a hydraulic system.</para></descript></crecord>
<crecord><classnum ref = "C091S000000" doc = "Class091.sgm">91</classnum>
<subref><clstitle>Motors:  Expansible Chamber Type</clstitle>
<pretext></pretext></subref>
<descript><para>appropriate subclasses for structure of a hydraulic
or pneumatic component.</para></descript></crecord>
<crecord><classnum ref = "C137S000000" doc = "Class137.sgm">137</classnum>
<subref><clstitle>Fluid Handling</clstitle>
<pretext></pretext></subref>
<descript><para>appropriate subclasses for various components of
a hydraulic system (e.g., check valves).</para></descript></crecord>
<crecord><classnum ref = "C251S000000" doc = "Class251.sgm">251</classnum>
<subref><clstitle>Valves and Valve Actuation</clstitle>
<pretext></pretext></subref>
<descript><para>appropriate subclasses for specific valve structure.</para></descript></crecord></srchout></subclass>
<subclass subnum = "72.5" id = "C014S072500">
<sctitle>Wheeled:</sctitle>
<parent ref = "C014S069500" doc = "Class014.sgm">subclass 69.5</parent>
<scdesc>Bridging structure having attached thereto wheels that are
adapted to be utilized to transport the gangway to the location
of its use.</scdesc></subclass>
<subclass subnum = "73" id = "C014S073000">
<sctitle>DECK:</sctitle>
<parent ref = "C014S000000" doc = "Class014.sgm">the class definition</parent>
<scdesc>Floors and appurtenances thereto which are specific to bridge
structures.</scdesc>
<srchin>
<srecord><subnum ref = "C014S006000" doc = "Class014.sgm">6</subnum>
<descript><para>for a deck on the upper chord of a truss.</para></descript></srecord></srchin>
<srchout>
<crecord><classnum ref = "C052S000000" doc = "Class052.sgm">52</classnum>
<subref><clstitle>Static Structures (e.g., Buildings)</clstitle>
<pretext>appropriate subclasses for ceiling, flooring or roof constructions,
particularly </pretext>
<subnum range = "r" ref = "C052S174000" doc = "Class052.sgm">174</subnum></subref>
<descript><para>-176 for buildings with traffic feature; subclasses 223.1-223.14
for a structure having a prestressing feature; subclasses 319-341
for cast-in situ ribbed concrete constructions with attached flooring or
ceiling; subclasses 578-592.6 for modules, panels or slabs with
edgewise connecting features; and subclasses 660-676 for gratings.
 </para></descript></crecord>
<crecord><classnum ref = "C404S000000" doc = "Class404.sgm">404</classnum>
<subref><clstitle>Road Structure, Process, or Apparatus</clstitle>
<pretext></pretext>
<subnum range = "r" ref = "C404S034000" doc = "Class404.sgm">34</subnum></subref>
<descript><para>, 43-45, 70, 71, and 134-136 for deck structure,
per se.</para></descript></crecord></srchout></subclass>
<subclass subnum = "73.1" id = "C014S073100">
<sctitle>Joint: </sctitle>
<parent ref = "C014S073000" doc = "Class014.sgm">subclass 73</parent>
<scdesc>Subject matter including means between adjacent bridge deck
portions which allows slight relative movement between the portions.</scdesc>
<notes><note1 notenum = "(1)">
<para>Note.  The &ldquo;slight movement&rdquo; referred to in
this subclass includes shifting incidental to temperature change
of the bridge parts.</para></note1>
<note1 notenum = "(2)">
<para>Note.  The &ldquo;deck&rdquo; of this subclass includes
that portion of the bridge adapted to be engaged by traffic crossing thereon.</para></note1></notes>
<srchout>
<crecord><classnum ref = "C052S000000" doc = "Class052.sgm">52</classnum>
<subref><clstitle>Static Structures (e.g., Buildings)</clstitle>
<pretext></pretext>
<subnum range = "s" ref = "C052S39610" doc = "Class052.sgm">396.01</subnum></subref>
<descript><para> for an expansion joint.</para></descript></crecord>
<crecord><classnum ref = "C404S000000" doc = "Class404.sgm">404</classnum>
<subref><clstitle>Road Structure, Process, or Apparatus</clstitle>
<pretext></pretext>
<subnum range = "r" ref = "C404S047000" doc = "Class404.sgm">47</subnum></subref>
<descript><para>-69 for an expansion joint in a road.</para></descript></crecord>
<crecord><classnum ref = "C405S000000" doc = "Class405.sgm">405</classnum>
<subref><clstitle>Hydraulic and Earth Engineering</clstitle>
<pretext></pretext>
<subnum range = "r" ref = "C405S135000" doc = "Class405.sgm">135</subnum></subref>
<descript><para> and 153 for an expansion joint in a tunnel.</para></descript></crecord></srchout></subclass>
<subclass subnum = "73.5" id = "C014S073500">
<sctitle>EXPANSION DEVICE (E.G., BEARING PAD):</sctitle>
<parent ref = "C014S000000" doc = "Class014.sgm">the class definition</parent>
<scdesc>Subject matter including means between a bridge component
and a support base (e.g., the earth, a column, pier, wall, or abutment) which
allows slight movement of the bridge with respect to the base.</scdesc>
<notes><note1 notenum = "(1)">
<para>Note.  The &ldquo;slight movement&rdquo; referred to in
this subclass includes shifting incidental to temperature change
of the bridge parts.</para></note1></notes>
<srchin>
<srecord><subnum ref = "C014S021000" doc = "Class014.sgm">21</subnum>
<descript><para>for a suspension bridge tower or anchor.</para></descript></srecord>
<srecord><subnum ref = "C014S026000" doc = "Class014.sgm">26</subnum>
<descript><para>for an arch bridge abutment or anchorage.</para></descript></srecord></srchin>
<srchout>
<crecord><classnum ref = "C052S000000" doc = "Class052.sgm">52</classnum>
<subref><clstitle>Static Structures (e.g., Buildings)</clstitle>
<pretext></pretext>
<subnum range = "r" ref = "C052S167100" doc = "Class052.sgm">167.1</subnum></subref>
<descript><para>-167.9 for an expansion device (e.g., bearing pad)
allowing compensation, and absorbing motion in, e.g., a building.</para></descript></crecord></srchout></subclass>
<subclass subnum = "74" id = "C014S074000">
<sctitle>COVERING:</sctitle>
<parent ref = "C014S000000" doc = "Class014.sgm">the class definition</parent>
<scdesc>Devices for covering and protecting separately the members
of a bridge.  Does not include structures for covering a bridge
as a whole.</scdesc>
<srchin>
<srecord><subnum ref = "C014S076000" doc = "Class014.sgm">76</subnum>
<descript><para>for pier fenders.</para></descript></srecord></srchin></subclass>
<subclass subnum = "74.5" id = "C014S074500">
<sctitle>GIRDER:  </sctitle>
<parent ref = "C014S000000" doc = "Class014.sgm">the class definition</parent>
<scdesc>Subject matter comprising a distinct generally horizontal
structural member in the superstructure for supporting a traffic
bearing surface.</scdesc>
<notes><note1 notenum = "(1)">
<para>Note.  Structure in this subclass is generally either one
usually solid piece (e.g., I, W, S, polygonal, ellipsoidal beam
or AASHTO type I-VI beam) or fabricated from solid pieces (e.g.,
box beam), both without distinguishable support elements for tension
or compression.</para></note1>
<note1 notenum = "(2)">
<para>Note.  Included in this subclass are prestressed beams.</para></note1></notes>
<srchin>
<srecord><subnum ref = "C014S073000" doc = "Class014.sgm">73</subnum>
<descript><para>for a bridge deck having the reinforcement integral
with the traffic bearing surface.</para></descript></srecord></srchin>
<srchout>
<crecord><classnum ref = "C029S000000" doc = "Class029.sgm">29</classnum>
<subref><clstitle>Metal Working</clstitle>
<pretext></pretext>
<subnum range = "s" ref = "C029S897350" doc = "Class029.sgm">897.35</subnum></subref>
<descript><para> for assembly and details of girders.</para></descript></crecord>
<crecord><classnum ref = "C052S000000" doc = "Class052.sgm">52</classnum>
<subref><clstitle>Static Structures (e.g., Buildings)</clstitle>
<pretext></pretext>
<subnum range = "r" ref = "C052S223100" doc = "Class052.sgm">223.1</subnum>
<endnum ref = "C052S223140" doc = "Class052.sgm">223.14</endnum></subref>
<descript><para> for prestressing features and subclasses 836-841
for I-beams. </para></descript></crecord></srchout></subclass>
<subclass subnum = "75" id = "C014S075000">
<sctitle>PIER:</sctitle>
<parent ref = "C014S000000" doc = "Class014.sgm">the class definition</parent>
<scdesc>Structure relating to the intermediate supports for bridge
spans.</scdesc>
<srchout>
<crecord><classnum ref = "C052S000000" doc = "Class052.sgm">52</classnum>
<subref><clstitle>Static Structures (e.g., Buildings)</clstitle>
<pretext></pretext>
<subnum range = "r" ref = "C052S274000" doc = "Class052.sgm">274</subnum></subref>
<descript><para> and 292-299 for building foundation constructions
and subclasses 848 and 849 for end-to-end connected sections.</para></descript></crecord>
<crecord><classnum ref = "C405S000000" doc = "Class405.sgm">405</classnum>
<subref><clstitle>Hydraulic and Earth Engineering</clstitle>
<pretext></pretext>
<subnum range = "r" ref = "C405S222000" doc = "Class405.sgm">222</subnum></subref>
<descript><para>, 223, and 224-228 for masonry and concrete piers
and methods for constructing the same in a marine environment and
subclasses 231-257 for piers and construction methods therefor not
specifically for use in marine environments.</para></descript></crecord></srchout></subclass>
<subclass subnum = "76" id = "C014S076000">
<sctitle>Fender:</sctitle>
<parent ref = "C014S075000" doc = "Class014.sgm">subclass 75</parent>
<scdesc>Structures designed to protect piers from damage by boats,
ice, driftwood, etc.</scdesc>
<srchin>
<srecord><subnum ref = "C014S074000" doc = "Class014.sgm">74</subnum>
<descript><para>for other protectors of bridge parts.</para></descript></srecord></srchin>
<srchout>
<crecord><classnum ref = "C114S000000" doc = "Class114.sgm">114</classnum>
<subref><clstitle>Ships</clstitle>
<pretext></pretext>
<subnum range = "r" ref = "C114S219000" doc = "Class114.sgm">219</subnum></subref>
<descript><para> and 220 for ship fenders.</para></descript></crecord>
<crecord><classnum ref = "C405S000000" doc = "Class405.sgm">405</classnum>
<subref><clstitle>Hydraulic and Earth Engineering</clstitle>
<pretext></pretext>
<subnum range = "r" ref = "C405S212000" doc = "Class405.sgm">212</subnum></subref>
<descript><para>-215 for fenders for piers in general, as well as
fenders for other marine structures of the class type.</para></descript></crecord></srchout></subclass>
<subclass subnum = "77.1" id = "C014S077100">
<sctitle>BRIDGE CONSTRUCTION METHOD:  </sctitle>
<parent ref = "C014S000000" doc = "Class014.sgm">the class definition</parent>
<scdesc>Technique for constructing a bridge superstructure.</scdesc>
<notes><note1 notenum = "(1)">
<para>Note.  See Search Notes under the Class Definition for bridge
construction equipment.</para></note1></notes>
<srchin>
<srecord><subnum ref = "C014S021000" doc = "Class014.sgm">21</subnum>
<descript><para>for a suspension bridge tower and anchor.</para></descript></srecord>
<srecord><subnum ref = "C014S026000" doc = "Class014.sgm">26</subnum>
<descript><para>for an arch bridge abutment and anchorage.</para></descript></srecord>
<srecord><subnum ref = "C014S077300" doc = "Class014.sgm">77.3</subnum>
<descript><para>for constructing piers.</para></descript></srecord></srchin>
<srchout>
<crecord><classnum ref = "C052S000000" doc = "Class052.sgm">52</classnum>
<subref><clstitle>Static Structures (e.g., Buildings)</clstitle>
<pretext></pretext>
<subnum range = "r" ref = "C052S745190" doc = "Class052.sgm">745.19</subnum></subref>
<descript><para> and 745.2 for precast bridge construction.</para></descript></crecord>
<crecord><classnum ref = "C264S000000" doc = "Class264.sgm">264</classnum>
<subref><clstitle>Plastic and Nonmetallic Article Shaping or Treating:
 Processes</clstitle>
<pretext></pretext>
<subnum range = "r" ref = "C264S031000" doc = "Class264.sgm">31</subnum></subref>
<descript><para>-35 for in situ construction of a bridge (e.g.,
few or no precast members).</para></descript></crecord>
<crecord><classnum ref = "C405S000000" doc = "Class405.sgm">405</classnum>
<subref><clstitle>Hydraulic and Earth Engineering</clstitle>
<pretext></pretext>
<subnum range = "r" ref = "C405S284000" doc = "Class405.sgm">284</subnum></subref>
<descript><para>-287 for a method of building a retaining wall-type
abutment.</para></descript></crecord>
<crecord><classnum ref = "C425S000000" doc = "Class425.sgm">425</classnum>
<subref><clstitle>Plastic Article or Earthenware Shaping or Treating:
 Apparatus</clstitle>
<pretext></pretext>
<subnum range = "s" ref = "C425S064000" doc = "Class425.sgm">64</subnum></subref>
<descript><para> for in situ construction devices.</para></descript></crecord></srchout></subclass>
<subclass subnum = "77.3" id = "C014S077300">
<sctitle>Pier:</sctitle>
<scdesc>Method of constructing a generally vertical structural support
for a bridge.</scdesc>
<notes><note1 notenum = "(1)">
<para>Note.  See Search Notes under the Class Definition for pier
construction equipment.</para></note1></notes>
<srchout>
<crecord><classnum ref = "C405S000000" doc = "Class405.sgm">405</classnum>
<subref><clstitle>Hydraulic and Earth Engineering</clstitle>
<pretext></pretext>
<subnum range = "r" ref = "C405S232000" doc = "Class405.sgm">232</subnum></subref>
<descript><para>-249 for equipment used in constructing a pier.</para></descript></crecord></srchout></subclass>
<subclass subnum = "78" id = "C014S078000">
<sctitle>MISCELLANEOUS:</sctitle>
<parent ref = "C014S000000" doc = "Class014.sgm">the class definition</parent>
<scdesc>Bridge structure involving features not otherwise classifiable
above.</scdesc></subclass></sclasses>
</class>
