<?xml version="1.0" encoding="UTF-8"?>
<!DOCTYPE class PUBLIC "-//USPTO//DTD Classification Definitions//EN" "xclassdef.dtd" [

<!-- Begin Document Specific Declarations -->

<!-- End Document Specific Declarations -->

]>
<?xml-stylesheet href="classdef.xsl" type="text/XSL"?>

<class classnum = "278" id = "C278S000000"><title>LAND VEHICLES:
ANIMAL DRAFT APPLIANCES</title>
<sections><descsect>
<para>This class includes that portion of land vehicles by means
of which the pull of draft animals is utilized to move the vehicle
over the ground.</para>
</descsect>
<linesect>
<para>This class is subordinate to Class 280, Land Vehicles, and
is distinguished therefrom, as indicated in the class definition
above.</para>
</linesect></sections>
<sclasses>
<subclass subnum = "1" id = "C278S001000">
<sctitle>MISCELLANEOUS:</sctitle>
<parent ref = "C278S000000" doc = "Class278.sgm">the class definition</parent>
<scdesc>Devices and not classified in any of the other subclasses
of this class.</scdesc></subclass>
<subclass subnum = "2" id = "C278S002000">
<sctitle>LOAD STARTERS:</sctitle>
<parent ref = "C278S000000" doc = "Class278.sgm">the class definition</parent>
<scdesc>Subject matter including devices auxiliary to the conventional
means for drawing a vehicle which can be used to start a load by giving
increased mechanical advantage to the draft animals.</scdesc>
<srchout>
<crecord><classnum ref = "C280S000000" doc = "Class280.sgm">280</classnum>
<subref><clstitle>Land Vehicles</clstitle>
<pretext></pretext>
<subnum range = "s" ref = "C280S151000" doc = "Class280.sgm">151</subnum></subref>
<descript><para> for load starters operated by an auxiliary force</para></descript></crecord></srchout></subclass>
<subclass subnum = "2.1" id = "C278S002100">
<sctitle>STREETCAR:</sctitle>
<parent ref = "C278S000000" doc = "Class278.sgm">the class definition</parent>
<scdesc>Subject matter including means for attaching draft animals
to streetcars.</scdesc></subclass>
<subclass subnum = "-2" id = "C278S003&ast;&ast;1">
<sctitle>DRAFT EQUALIZERS:</sctitle>
<parent ref = "C278S000000" doc = "Class278.sgm">the class definition</parent>
<scdesc>Subject matter wherein the group of subclasses indented
hereunder comprise means for effecting and utilizing the pull of
two or more draft animals, so that the load will be proportioned
to each animal in accordance with unit strength or varying conditions
of pull; also means, where the line of draft relative to the load
is offset, to overcome and prevent so-called &ldquo;side draft&rdquo;.</scdesc>
<notes><note1 notenum = "(1)">
<para>Note.  Conventional doubletrees involving only structural
features and attaching means in the line of draft will be found in
this class, subclasses 90&plus;.</para></note1></notes></subclass>
<subclass subnum = "3" id = "C278S003000">
<sctitle>Horse longitudinally aligned:</sctitle>
<parent ref = "C278S000000" doc = "Class278.sgm">the unnumbered
subclass, Draft Equalizers</parent>
<scdesc>Subject matter wherein the draft animals are arranged in
a longitudinal aligned relation, there being any number of animals
abreast.</scdesc></subclass>
<subclass subnum = "4" id = "C278S004000">
<sctitle>Two abreast:</sctitle>
<parent ref = "C278S003000" doc = "Class278.sgm">subclass 3</parent>
<scdesc>Subject matter wherein the draft animals are arranged in
files of two abreast.</scdesc></subclass>
<subclass subnum = "5" id = "C278S005000">
<sctitle>Horse abreast:</sctitle>
<parent ref = "C278S000000" doc = "Class278.sgm">the unnumbered
subclass, Draft Equalizers</parent>
<scdesc>Subject matter wherein all the draft animals are arranged
in abreast relation.</scdesc></subclass>
<subclass subnum = "6" id = "C278S006000">
<sctitle>Five-horse type:</sctitle>
<parent ref = "C278S005000" doc = "Class278.sgm">subclass 5</parent>
<scdesc>Subject matter wherein the number of animals is limited
to five.</scdesc></subclass>
<subclass subnum = "7" id = "C278S007000">
<sctitle>With pole or poles:</sctitle>
<parent ref = "C278S006000" doc = "Class278.sgm">subclass 6</parent>
<scdesc>Subject matter wherein, in the type indicated, a pole or
poles is employed.</scdesc></subclass>
<subclass subnum = "8" id = "C278S008000">
<sctitle>Four-horse type:</sctitle>
<parent ref = "C278S005000" doc = "Class278.sgm">subclass 5</parent>
<scdesc>Subject matter wherein the number of animals is limited
to four.</scdesc></subclass>
<subclass subnum = "9" id = "C278S009000">
<sctitle>With pole or poles:</sctitle>
<parent ref = "C278S008000" doc = "Class278.sgm">subclass 8</parent>
<scdesc>Subject matter wherein, in the type indicated, a pole or
poles is employed.</scdesc></subclass>
<subclass subnum = "10" id = "C278S010000">
<sctitle>Offset pole:</sctitle>
<parent ref = "C278S009000" doc = "Class278.sgm">subclass 9</parent>
<scdesc>Subject matter wherein the pole is offset relative to the
team, i.e., three on one side and one on the other side of the pole.</scdesc></subclass>
<subclass subnum = "11" id = "C278S011000">
<sctitle>Three-against-one pull:</sctitle>
<parent ref = "C278S010000" doc = "Class278.sgm">subclass 10</parent>
<scdesc>Subject matter wherein three of the draft animals are arranged
to pull against one.</scdesc></subclass>
<subclass subnum = "12" id = "C278S012000">
<sctitle>Two-against-two pull:</sctitle>
<parent ref = "C278S010000" doc = "Class278.sgm">subclass 10</parent>
<scdesc>Subject matter wherein the draft animals are arranged in
pairs, each pair to pull against the other.</scdesc></subclass>
<subclass subnum = "13" id = "C278S013000">
<sctitle>Lateral evener connection:</sctitle>
<parent ref = "C278S012000" doc = "Class278.sgm">subclass 12</parent>
<scdesc>Subject matter wherein the draft connection between the
draft equalizer and load is lateral of the pole.</scdesc></subclass>
<subclass subnum = "14" id = "C278S014000">
<sctitle>Three-horse type:</sctitle>
<parent ref = "C278S005000" doc = "Class278.sgm">subclass 5</parent>
<scdesc>Subject matter wherein the number of draft animals is limited
to three.</scdesc></subclass>
<subclass subnum = "15" id = "C278S015000">
<sctitle>With pole or poles:</sctitle>
<parent ref = "C278S014000" doc = "Class278.sgm">subclass 14</parent>
<scdesc>Subject matter wherein, in the type indicated, a pole or
poles is employed.</scdesc></subclass>
<subclass subnum = "16" id = "C278S016000">
<sctitle>With intermediate evener:</sctitle>
<parent ref = "C278S015000" doc = "Class278.sgm">subclass 15</parent>
<scdesc>Subject matter wherein an intermediate evener is used to
connect at least two of the draft animals to a main evener or its
equivalent.</scdesc></subclass>
<subclass subnum = "17" id = "C278S017000">
<sctitle>Offset:</sctitle>
<parent ref = "C278S016000" doc = "Class278.sgm">subclass 16</parent>
<scdesc>Subject matter wherein the intermediate evener has an offset
position relative to the pole.</scdesc></subclass>
<subclass subnum = "18" id = "C278S018000">
<sctitle>Two-horse type:</sctitle>
<parent ref = "C278S000000" doc = "Class278.sgm">the unnumbered
subclass, Draft Equalizers</parent>
<scdesc>Subject matter  wherein the number of draft animals is limited
to two.</scdesc></subclass>
<subclass subnum = "19" id = "C278S019000">
<sctitle>Leverage adjustment:</sctitle>
<parent ref = "C278S018000" doc = "Class278.sgm">subclass 18</parent>
<scdesc>Subject matter wherein there is a possible adjustment of
position of the singletrees relative to the evener or of the evener
relative to the load to proportion the load according to the strength
or position of each of the draft animals.</scdesc></subclass>
<subclass subnum = "20" id = "C278S020000">
<sctitle>Automatic:</sctitle>
<parent ref = "C278S019000" doc = "Class278.sgm">subclass 19</parent>
<scdesc>Subject matter wherein the adjustment of position is effected
automatically.</scdesc></subclass>
<subclass subnum = "21" id = "C278S021000">
<sctitle>HORSE DETACHERS:</sctitle>
<parent ref = "C278S000000" doc = "Class278.sgm">the class definition</parent>
<scdesc>Subject matter comprising devices involving no special harness
modification for quickly detaching draft animals from the vehicle;
usually the driver can operate this disconnection from a position
on the vehicle, as in case of the animal or animals running away.</scdesc>
<srchout>
<crecord><classnum ref = "C054S000000" doc = "Class054.sgm">54</classnum>
<subref><clstitle>Harness for Working Animal</clstitle>
<pretext></pretext>
<subnum range = "s" ref = "C054S069000" doc = "Class054.sgm">69</subnum></subref>
<descript><para>, for devices of like purpose involving harness
modification or special arrangement of harness, with special vehicle
attachments to cooperate therewith.</para></descript></crecord></srchout></subclass>
<subclass subnum = "22" id = "C278S022000">
<sctitle>Automatic:</sctitle>
<parent ref = "C278S021000" doc = "Class278.sgm">subclass 21</parent>
<scdesc>Subject matter wherein the detachment is effected automatically.</scdesc></subclass>
<subclass subnum = "23" id = "C278S023000">
<sctitle>Combined brake:</sctitle>
<parent ref = "C278S021000" doc = "Class278.sgm">subclass 21</parent>
<scdesc>Subject matter wherein upon operation of the detaching device,
brakes are operated to stop the movement of the vehicle.</scdesc></subclass>
<subclass subnum = "24" id = "C278S024000">
<sctitle>Traces from singletree:</sctitle>
<parent ref = "C278S021000" doc = "Class278.sgm">subclass 21</parent>
<scdesc>Subject matter including means for simultaneously detaching
the traces from the singletree.</scdesc>
<notes><note1 notenum = "(1)">
<para>Note.  The singletree may be an element of a doubletree.</para></note1></notes></subclass>
<subclass subnum = "25" id = "C278S025000">
<sctitle>Traces positively moved:</sctitle>
<parent ref = "C278S024000" doc = "Class278.sgm">subclass 24</parent>
<scdesc>Subject matter wherein the trace is positively moved out
of its engaging position with the singletree.</scdesc></subclass>
<subclass subnum = "26" id = "C278S026000">
<sctitle>Movable trace-eye-engaging element:</sctitle>
<parent ref = "C278S024000" doc = "Class278.sgm">subclass 24</parent>
<scdesc>Subject matter wherein a trace-eye-engaging element is moved
to a position to release the trace.</scdesc></subclass>
<subclass subnum = "27" id = "C278S027000">
<sctitle>Pivoted:</sctitle>
<parent ref = "C278S026000" doc = "Class278.sgm">subclass 26</parent>
<scdesc>Subject matter wherein the trace-eye-engaging element is
pivoted.</scdesc></subclass>
<subclass subnum = "28" id = "C278S028000">
<sctitle>Sliding pin or rod:</sctitle>
<parent ref = "C278S026000" doc = "Class278.sgm">subclass 26</parent>
<scdesc>Subject matter wherein the trace-eye-engaging element is
a sliding pin or rod.</scdesc></subclass>
<subclass subnum = "29" id = "C278S029000">
<sctitle>Thills or pole from vehicle:</sctitle>
<parent ref = "C278S021000" doc = "Class278.sgm">subclass 21</parent>
<scdesc>Subject matter wherein the thills or pole are released from
their attached relation to the vehicle.</scdesc></subclass>
<subclass subnum = "30" id = "C278S030000">
<sctitle>Retracting axle-clip bolt:</sctitle>
<parent ref = "C278S029000" doc = "Class278.sgm">subclass 29</parent>
<scdesc>Subject matter wherein the usual axle-clip bolt is retracted
to release the thills or pole.</scdesc></subclass>
<subclass subnum = "31" id = "C278S031000">
<sctitle>Doubletree from pole:</sctitle>
<parent ref = "C278S021000" doc = "Class278.sgm">subclass 21</parent>
<scdesc>Subject matter wherein the doubletree is released from the
pole.</scdesc></subclass>
<subclass subnum = "32" id = "C278S032000">
<sctitle>Singletree from thill or evener:</sctitle>
<parent ref = "C278S021000" doc = "Class278.sgm">subclass 21</parent>
<scdesc>Subject matter wherein the singletree is released from the
thills or evener.</scdesc></subclass>
<subclass subnum = "33" id = "C278S033000">
<sctitle>POLE AND THILLS:</sctitle>
<parent ref = "C278S000000" doc = "Class278.sgm">the class definition</parent>
<scdesc>Subject matter including patents for improvements relating
to the pole or thills of a vehicle.</scdesc></subclass>
<subclass subnum = "34" id = "C278S034000">
<sctitle>Plural:</sctitle>
<parent ref = "C278S033000" doc = "Class278.sgm">subclass 33</parent>
<scdesc>Subject matter wherein the poles or thills are duplicated
in the same vehicle.</scdesc></subclass>
<subclass subnum = "35" id = "C278S035000">
<sctitle>Special purpose attachment:</sctitle>
<parent ref = "C278S033000" doc = "Class278.sgm">subclass 33</parent>
<scdesc>Subject matter including devices adapted for attachment
to poles or thills for various special purposes.</scdesc></subclass>
<subclass subnum = "36" id = "C278S036000">
<sctitle>Poles:</sctitle>
<parent ref = "C278S033000" doc = "Class278.sgm">subclass 33</parent>
<scdesc>Subject matter relating to poles only.</scdesc></subclass>
<subclass subnum = "37" id = "C278S037000">
<sctitle>Agricultural implement type:</sctitle>
<parent ref = "C278S036000" doc = "Class278.sgm">subclass 36</parent>
<scdesc>Subject matter including the type used with agricultural
implements.</scdesc>
<notes><note1 notenum = "(1)">
<para>Note.  Where the function of the devices is to equalize draft,
they will be found in appropriate subclasses under &ldquo;Draft Equalizers&rdquo; in
this class.</para></note1></notes></subclass>
<subclass subnum = "38" id = "C278S038000">
<sctitle>The pole body:</sctitle>
<parent ref = "C278S036000" doc = "Class278.sgm">subclass 36</parent>
<scdesc>Subject matter including patents relating to the body or
pole proper.</scdesc></subclass>
<subclass subnum = "39" id = "C278S039000">
<sctitle>Selective positioned:</sctitle>
<parent ref = "C278S036000" doc = "Class278.sgm">subclass 36</parent>
<scdesc>Subject matter wherein the pole body is capable of attachment
to the rest of the pole in a plurality of positions.</scdesc></subclass>
<subclass subnum = "40" id = "C278S040000">
<sctitle>Slip tongue:</sctitle>
<parent ref = "C278S036000" doc = "Class278.sgm">subclass 36</parent>
<scdesc>Subject matter wherein the pole is socketed to a part of
the vehicle and can be slipped into or out of such position.</scdesc></subclass>
<subclass subnum = "41" id = "C278S041000">
<sctitle>Axle attached:</sctitle>
<parent ref = "C278S036000" doc = "Class278.sgm">subclass 36</parent>
<scdesc>Subject matter wherein the pole is attached to the axle
of the vehicle.</scdesc></subclass>
<subclass subnum = "42" id = "C278S042000">
<sctitle>Width adjustment:</sctitle>
<parent ref = "C278S041000" doc = "Class278.sgm">subclass 41</parent>
<scdesc>Subject matter wherein the pole has an adjustable rear-end
portion to vary its width to accommodate it to varyingly spaced
axle clips or equivalent axle fastenings.</scdesc></subclass>
<subclass subnum = "43" id = "C278S043000">
<sctitle>Axle hounds attached:</sctitle>
<parent ref = "C278S036000" doc = "Class278.sgm">subclass 36</parent>
<scdesc>Subject matter wherein the pole is attached to the vehicle
through axle hounds.</scdesc></subclass>
<subclass subnum = "44" id = "C278S044000">
<sctitle>Thills:</sctitle>
<parent ref = "C278S033000" doc = "Class278.sgm">subclass 33</parent>
<scdesc>Subject matter relating to thills only.</scdesc></subclass>
<subclass subnum = "45" id = "C278S045000">
<sctitle>Two-wheeled vehicles:</sctitle>
<parent ref = "C278S044000" doc = "Class278.sgm">subclass 44</parent>
<scdesc>Subject matter adapted for use with two-wheeled vehicles.</scdesc></subclass>
<subclass subnum = "46" id = "C278S046000">
<sctitle>Offset draft:</sctitle>
<parent ref = "C278S044000" doc = "Class278.sgm">subclass 44</parent>
<scdesc>Subject matter wherein thills are so constructed or positioned
relative to a vehicle that the draft animal travels to one side
of the center line of draft.</scdesc></subclass>
<subclass subnum = "47" id = "C278S047000">
<sctitle>Selective direct:</sctitle>
<parent ref = "C278S046000" doc = "Class278.sgm">subclass 46</parent>
<scdesc>Subject matter wherein the thills may be selectively positioned
to the vehicle, so that the draft animal travels either in the line
of draft or to one side thereof.</scdesc></subclass>
<subclass subnum = "48" id = "C278S048000">
<sctitle>Sectional:</sctitle>
<parent ref = "C278S044000" doc = "Class278.sgm">subclass 44</parent>
<scdesc>Subject matter wherein the thills are composed of easily
disconnected sections.</scdesc></subclass>
<subclass subnum = "49" id = "C278S049000">
<sctitle>Joints and braces:</sctitle>
<parent ref = "C278S044000" doc = "Class278.sgm">subclass 44</parent>
<scdesc>Subject matter relating to the joints or braces of thills.</scdesc></subclass>
<subclass subnum = "50" id = "C278S050000">
<sctitle>Tips:</sctitle>
<parent ref = "C278S033000" doc = "Class278.sgm">subclass 33</parent>
<scdesc>Subject matter including devices for tipping the ends of
poles or thills.</scdesc></subclass>
<subclass subnum = "51" id = "C278S051000">
<sctitle>Safety neck-yoke retainers:</sctitle>
<parent ref = "C278S050000" doc = "Class278.sgm">subclass 50</parent>
<scdesc>Subject matter wherein pole tips are provided with means
for preventing accidental removal of conventional neck-yoke centers
from the ends of poles.</scdesc>
<notes><note1 notenum = "(1)">
<para>Note.  Devices for a similar purpose where the neck-yoke center
is modified will be found in this class, subclasses 51 and 53.</para></note1></notes></subclass>
<subclass subnum = "52" id = "C278S052000">
<sctitle>THILL COUPLINGS:</sctitle>
<parent ref = "C278S000000" doc = "Class278.sgm">the class definition</parent>
<scdesc>Subject matter including devices for attaching thills to
a vehicle; usually such connection is made to the axle; one of the
elements of the coupling is formed on the thills.</scdesc></subclass>
<subclass subnum = "53" id = "C278S053000">
<sctitle>Resilient:</sctitle>
<parent ref = "C278S052000" doc = "Class278.sgm">subclass 52</parent>
<scdesc>Subject matter wherein the coupling resiliently connects
the thills to the vehicle.</scdesc></subclass>
<subclass subnum = "54" id = "C278S054000">
<sctitle>Safety attachment:</sctitle>
<parent ref = "C278S052000" doc = "Class278.sgm">subclass 52</parent>
<scdesc>Subject matter including devices adapted to prevent separation
of the thills and vehicle in case of disconnection of the coupling.</scdesc></subclass>
<subclass subnum = "55" id = "C278S055000">
<sctitle>Plural:</sctitle>
<parent ref = "C278S052000" doc = "Class278.sgm">subclass 52</parent>
<scdesc>Subject matter wherein the thills as a whole can be disconnected
from the vehicle by any one of two or more couplings.</scdesc></subclass>
<subclass subnum = "56" id = "C278S056000">
<sctitle>Special position release:</sctitle>
<parent ref = "C278S052000" doc = "Class278.sgm">subclass 52</parent>
<scdesc>Subject matter wherein the coupling can be disconnected
by movement of the thills to a special position other than the one
in which the thills are normally placed.</scdesc></subclass>
<subclass subnum = "57" id = "C278S057000">
<sctitle>L-head type:</sctitle>
<parent ref = "C278S056000" doc = "Class278.sgm">subclass 56</parent>
<scdesc>Subject matter wherein one of the elements of the coupling
is L-shaped.</scdesc></subclass>
<subclass subnum = "58" id = "C278S058000">
<sctitle>T-head type:</sctitle>
<parent ref = "C278S056000" doc = "Class278.sgm">subclass 56</parent>
<scdesc>Subject matter wherein one of the elements of the coupling
is T-shaped.</scdesc></subclass>
<subclass subnum = "59" id = "C278S059000">
<sctitle>D-head type:</sctitle>
<parent ref = "C278S056000" doc = "Class278.sgm">subclass 56</parent>
<scdesc>Subject matter wherein one of the elements of the coupling
is D-shaped.</scdesc></subclass>
<subclass subnum = "60" id = "C278S060000">
<sctitle>Removable transverse pin or bolt:</sctitle>
<parent ref = "C278S052000" doc = "Class278.sgm">subclass 52</parent>
<scdesc>Subject matter wherein a transverse pin or bolt passes through
eye elements on the thills and vehicle.</scdesc></subclass>
<subclass subnum = "61" id = "C278S061000">
<sctitle>Antirattling:</sctitle>
<parent ref = "C278S060000" doc = "Class278.sgm">subclass 60</parent>
<scdesc>Subject matter including devices for attachment to conventional
couplings of the type indicated to prevent rattling of the couplings.</scdesc></subclass>
<subclass subnum = "62" id = "C278S062000">
<sctitle>With special pin retainers:</sctitle>
<parent ref = "C278S061000" doc = "Class278.sgm">subclass 61</parent>
<scdesc>Subject matter wherein the antirattling device is formed
as a part of means for securing the pin or bolt in place.</scdesc></subclass>
<subclass subnum = "63" id = "C278S063000">
<sctitle>Resilient:</sctitle>
<parent ref = "C278S061000" doc = "Class278.sgm">subclass 61</parent>
<scdesc>Subject matter wherein the antirattling device is resilient.</scdesc></subclass>
<subclass subnum = "64" id = "C278S064000">
<sctitle>Adjustable:</sctitle>
<parent ref = "C278S063000" doc = "Class278.sgm">subclass 63</parent>
<scdesc>Subject matter wherein the antirattling device is provided
with means to adjust the resilient element.</scdesc></subclass>
<subclass subnum = "65" id = "C278S065000">
<sctitle>Special pin retainers:</sctitle>
<parent ref = "C278S060000" doc = "Class278.sgm">subclass 60</parent>
<scdesc>Subject matter including special means for holding the pin
or bolt in place other than by conventional nuts, cotter pins, etc.</scdesc></subclass>
<subclass subnum = "66" id = "C278S066000">
<sctitle>Opposed lug engaging or carrying jaws:</sctitle>
<parent ref = "C278S052000" doc = "Class278.sgm">subclass 52</parent>
<scdesc>Subject matter wherein one of the elements of the coupling
is a member having opposed lug-engaging or -carrying jaws.</scdesc></subclass>
<subclass subnum = "67" id = "C278S067000">
<sctitle>L-head type:</sctitle>
<parent ref = "C278S052000" doc = "Class278.sgm">subclass 52</parent>
<scdesc>Subject matter wherein one of the elements of the coupling
is L-shaped.</scdesc></subclass>
<subclass subnum = "68" id = "C278S068000">
<sctitle>T-head type:</sctitle>
<parent ref = "C278S052000" doc = "Class278.sgm">subclass 52</parent>
<scdesc>Subject matter wherein one of the elements of the coupling
is T-shaped.</scdesc></subclass>
<subclass subnum = "69" id = "C278S069000">
<sctitle>Cooperating hooks:</sctitle>
<parent ref = "C278S068000" doc = "Class278.sgm">subclass 68</parent>
<scdesc>Subject matter wherein the branches of the &ldquo;T&rdquo; are
engaged by hooks.</scdesc></subclass>
<subclass subnum = "70" id = "C278S070000">
<sctitle>Retainers:</sctitle>
<parent ref = "C278S069000" doc = "Class278.sgm">subclass 69</parent>
<scdesc>Subject matter wherein retaining means is provided to maintain
the &ldquo;T&rdquo; element in the hooks.</scdesc></subclass>
<subclass subnum = "71" id = "C278S071000">
<sctitle>Spring:</sctitle>
<parent ref = "C278S070000" doc = "Class278.sgm">subclass 70</parent>
<scdesc>Subject matter wherein such retaining means is in the form
of a spring.</scdesc></subclass>
<subclass subnum = "72" id = "C278S072000">
<sctitle>D-head type:</sctitle>
<parent ref = "C278S052000" doc = "Class278.sgm">subclass 52</parent>
<scdesc>Subject matter wherein one of the elements of the coupling
is D-shaped.</scdesc></subclass>
<subclass subnum = "73" id = "C278S073000">
<sctitle>Cooperating hook:</sctitle>
<parent ref = "C278S072000" doc = "Class278.sgm">subclass 72</parent>
<scdesc>Subject matter wherein the transverse member of the &ldquo;D&rdquo; is
engaged by a hook.</scdesc></subclass>
<subclass subnum = "74" id = "C278S074000">
<sctitle>Retainers:</sctitle>
<parent ref = "C278S073000" doc = "Class278.sgm">subclass 73</parent>
<scdesc>Subject matter wherein retaining means is provided to maintain
the &ldquo;D&rdquo; element in the hook.</scdesc></subclass>
<subclass subnum = "75" id = "C278S075000">
<sctitle>Pivoted:</sctitle>
<parent ref = "C278S074000" doc = "Class278.sgm">subclass 74</parent>
<scdesc>Subject matter wherein the retaining means is a pivoted
element.</scdesc></subclass>
<subclass subnum = "76" id = "C278S076000">
<sctitle>Spring:</sctitle>
<parent ref = "C278S074000" doc = "Class278.sgm">subclass 74</parent>
<scdesc>Subject matter wherein the retaining member is a spring.</scdesc></subclass>
<subclass subnum = "77" id = "C278S077000">
<sctitle>Plural part eye:</sctitle>
<parent ref = "C278S072000" doc = "Class278.sgm">subclass 72</parent>
<scdesc>Subject matter wherein one of the elements of the coupling
is a separable eye adapted to clamp the transverse member of the &ldquo;D&rdquo;.</scdesc></subclass>
<subclass subnum = "78" id = "C278S078000">
<sctitle>Pivoted jaws:</sctitle>
<parent ref = "C278S077000" doc = "Class278.sgm">subclass 77</parent>
<scdesc>Subject matter wherein the eye is formed by jaws pivoted
together.</scdesc></subclass>
<subclass subnum = "79" id = "C278S079000">
<sctitle>Grapple type:</sctitle>
<parent ref = "C278S078000" doc = "Class278.sgm">subclass 78</parent>
<scdesc>Subject matter wherein the pivoted jaws resemble a grapple.</scdesc></subclass>
<subclass subnum = "80" id = "C278S080000">
<sctitle>Ball and socket:</sctitle>
<parent ref = "C278S052000" doc = "Class278.sgm">subclass 52</parent>
<scdesc>Subject matter wherein one of the coupling elements is a
ball and the other is a socket to receive the ball.</scdesc></subclass>
<subclass subnum = "81" id = "C278S081000">
<sctitle>THILL SUPPORTS:</sctitle>
<parent ref = "C278S000000" doc = "Class278.sgm">the class definition</parent>
<scdesc>Subject matter including devices for supporting the thills
of the vehicle in any position so that the ends are held above the
ground.</scdesc></subclass>
<subclass subnum = "82" id = "C278S082000">
<sctitle>Plural position:</sctitle>
<parent ref = "C278S081000" doc = "Class278.sgm">subclass 81</parent>
<scdesc>Subject matter including means capable of supporting the
thills in a plurality of positions.</scdesc></subclass>
<subclass subnum = "83" id = "C278S083000">
<sctitle>Spring latches:</sctitle>
<parent ref = "C278S081000" doc = "Class278.sgm">subclass 81</parent>
<scdesc>Subject matter wherein the support is a latch moved to engaging
position by a spring.</scdesc></subclass>
<subclass subnum = "84" id = "C278S084000">
<sctitle>Spring:</sctitle>
<parent ref = "C278S081000" doc = "Class278.sgm">subclass 81</parent>
<scdesc>Subject matter wherein the support is a spring which resiliently
supports the thills.</scdesc></subclass>
<subclass subnum = "85" id = "C278S085000">
<sctitle>Separate props:</sctitle>
<parent ref = "C278S081000" doc = "Class278.sgm">subclass 81</parent>
<scdesc>Subject matter including devices separate from the vehicle
or thills adapted to engage the thills and some other part of the
vehicle to prop the thills in raised position.</scdesc></subclass>
<subclass subnum = "86" id = "C278S086000">
<sctitle>POLE SUPPORTS:</sctitle>
<parent ref = "C278S000000" doc = "Class278.sgm">the class definition</parent>
<scdesc>Subject matter including devices for supporting the pole
of the vehicle in any position so that the end of the pole does
not contact with the ground or the animals are relieved of its weight.</scdesc></subclass>
<subclass subnum = "87" id = "C278S087000">
<sctitle>Ground-engaging props:</sctitle>
<parent ref = "C278S086000" doc = "Class278.sgm">subclass 86</parent>
<scdesc>Subject matter including means for engaging the pole and
the ground to prop the pole.</scdesc></subclass>
<subclass subnum = "88" id = "C278S088000">
<sctitle>Spring:</sctitle>
<parent ref = "C278S086000" doc = "Class278.sgm">subclass 86</parent>
<scdesc>Subject matter wherein the support is a spring which resiliently
supports the pole.</scdesc></subclass>
<subclass subnum = "89" id = "C278S089000">
<sctitle>Coil:</sctitle>
<parent ref = "C278S088000" doc = "Class278.sgm">subclass 88</parent>
<scdesc>Subject matter wherein the support is a coil spring.</scdesc></subclass>
<subclass subnum = "90" id = "C278S090000">
<sctitle>WHIFFLETREES:</sctitle>
<parent ref = "C278S000000" doc = "Class278.sgm">the class definition</parent>
<scdesc>Subject matter including patents relating to whiffletrees
and to their connections to the pole, thills, or forward part of
a vehicle, unless the invention is such as falls under the definition
of draft equalizers.</scdesc></subclass>
<subclass subnum = "91" id = "C278S091000">
<sctitle>Resilient:</sctitle>
<parent ref = "C278S090000" doc = "Class278.sgm">subclass 90</parent>
<scdesc>Subject matter wherein the whiffletree is resilient.</scdesc></subclass>
<subclass subnum = "92" id = "C278S092000">
<sctitle>Metallic:</sctitle>
<parent ref = "C278S090000" doc = "Class278.sgm">subclass 90</parent>
<scdesc>Subject matter wherein the whiffletree is made of metal.</scdesc></subclass>
<subclass subnum = "93" id = "C278S093000">
<sctitle>Trussed:</sctitle>
<parent ref = "C278S092000" doc = "Class278.sgm">subclass 92</parent>
<scdesc>Subject matter wherein the whiffletree is of metal and is
provided with a truss brace.</scdesc></subclass>
<subclass subnum = "94" id = "C278S094000">
<sctitle>Trussed:</sctitle>
<parent ref = "C278S090000" doc = "Class278.sgm">subclass 90</parent>
<scdesc>Subject matter wherein the whiffle tree is provided with
a truss brace.</scdesc></subclass>
<subclass subnum = "95" id = "C278S095000">
<sctitle>Connections:</sctitle>
<parent ref = "C278S090000" doc = "Class278.sgm">subclass 90</parent>
<scdesc>Subject matter including the connecting means between the
elements of a whiffletree or between the whiffletree and pole, thill,
or forward part of a vehicle.</scdesc></subclass>
<subclass subnum = "96" id = "C278S096000">
<sctitle>Link or clevis:</sctitle>
<parent ref = "C278S095000" doc = "Class278.sgm">subclass 95</parent>
<scdesc>Subject matter wherein the connecting means is in the form
of a link or clevis.</scdesc></subclass>
<subclass subnum = "96.1" id = "C278S096100">
<sctitle>Resilient:</sctitle>
<parent ref = "C278S096000" doc = "Class278.sgm">subclass 96</parent>
<scdesc>Subject matter wherein the link or clevis is supported resiliently
or consists of resiliently connected parts.</scdesc></subclass>
<subclass subnum = "96.2" id = "C278S096200">
<sctitle>Adjustable draft line:</sctitle>
<parent ref = "C278S096000" doc = "Class278.sgm">subclass 96</parent>
<scdesc>Subject matter wherein the link or clevis is so mounted
or constructed as to permit change in the line of draft relative
to the drawn vehicle.</scdesc></subclass>
<subclass subnum = "96.3" id = "C278S096300">
<sctitle>Horizontally:</sctitle>
<parent ref = "C278S096200" doc = "Class278.sgm">subclass 96.2</parent>
<scdesc>Subject matter wherein the adjustment is permitted in a
horizontal plane.</scdesc></subclass>
<subclass subnum = "97" id = "C278S097000">
<sctitle>Resilient:</sctitle>
<parent ref = "C278S095000" doc = "Class278.sgm">subclass 95</parent>
<scdesc>Subject matter wherein the connecting means is resilient.</scdesc></subclass>
<subclass subnum = "98" id = "C278S098000">
<sctitle>To pole or thills:</sctitle>
<parent ref = "C278S097000" doc = "Class278.sgm">subclass 97</parent>
<scdesc>Subject matter wherein the connection of the whiffletree
to the pole or thills is resilient.</scdesc></subclass>
<subclass subnum = "99" id = "C278S099000">
<sctitle>To pole or thills:</sctitle>
<parent ref = "C278S095000" doc = "Class278.sgm">subclass 95</parent>
<scdesc>Subject matter including connections of the whiffletree
to the pole or thills.</scdesc></subclass>
<subclass subnum = "100" id = "C278S100000">
<sctitle>Pivot bolt:</sctitle>
<parent ref = "C278S099000" doc = "Class278.sgm">subclass 99</parent>
<scdesc>Subject matter wherein the connection is a pivot bolt.</scdesc></subclass>
<subclass subnum = "101" id = "C278S101000">
<sctitle>Offset pivot:</sctitle>
<parent ref = "C278S100000" doc = "Class278.sgm">subclass 100</parent>
<scdesc>Subject matter wherein the pivot-bolt is offset relative
to an element of the whiffletree.</scdesc></subclass>
<subclass subnum = "102" id = "C278S102000">
<sctitle>Trace and whiffletree connections:</sctitle>
<parent ref = "C278S090000" doc = "Class278.sgm">subclass 90</parent>
<scdesc>Subject matter including devices for connecting whiffletrees
to harness traces.</scdesc>
<srchin>
<srecord><subnum range = "p" ref = "C278S024000" doc = "Class278.sgm">24</subnum>
<descript><para>for trace detachers.</para></descript></srecord></srchin></subclass>
<subclass subnum = "103" id = "C278S103000">
<sctitle>Resilient:</sctitle>
<parent ref = "C278S102000" doc = "Class278.sgm">subclass 102</parent>
<scdesc>Subject matter wherein the connection is resilient.</scdesc></subclass>
<subclass subnum = "104" id = "C278S104000">
<sctitle>Clamp:</sctitle>
<parent ref = "C278S102000" doc = "Class278.sgm">subclass 102</parent>
<scdesc>Subject matter including means provided to clamp the end
of the trace.</scdesc></subclass>
<subclass subnum = "105" id = "C278S105000">
<sctitle>Trace-eye-engaging head or end:</sctitle>
<parent ref = "C278S102000" doc = "Class278.sgm">subclass 102</parent>
<scdesc>Subject matter wherein the whiffletree is provided with
a head or end engaging in an eye formed at the end of the trace.</scdesc></subclass>
<subclass subnum = "106" id = "C278S106000">
<sctitle>Loop retainers:</sctitle>
<parent ref = "C278S105000" doc = "Class278.sgm">subclass 105</parent>
<scdesc>Subject matter wherein the whiffletree is also provided
with retaining means in the form of a loop.</scdesc></subclass>
<subclass subnum = "107" id = "C278S107000">
<sctitle>Hook retainers:</sctitle>
<parent ref = "C278S105000" doc = "Class278.sgm">subclass 105</parent>
<scdesc>Subject matter wherein the whiffletree is provided with
retaining means in the form of a hook.</scdesc></subclass>
<subclass subnum = "108" id = "C278S108000">
<sctitle>Spring detent retainers:</sctitle>
<parent ref = "C278S105000" doc = "Class278.sgm">subclass 105</parent>
<scdesc>Subject matter wherein the whiffletree is provided with
a spring-detent retaining means.</scdesc></subclass>
<subclass subnum = "109" id = "C278S109000">
<sctitle>Pivoted button or lug retainers:</sctitle>
<parent ref = "C278S105000" doc = "Class278.sgm">subclass 105</parent>
<scdesc>Subject matter wherein the whiffletree is provided with
a pivoted button or lug as retaining means.</scdesc></subclass>
<subclass subnum = "110" id = "C278S110000">
<sctitle>Rotatable button retainers:</sctitle>
<parent ref = "C278S105000" doc = "Class278.sgm">subclass 105</parent>
<scdesc>Subject matter wherein the whiffle tree is provided with
a rotatable button as retaining means.</scdesc></subclass>
<subclass subnum = "111" id = "C278S111000">
<sctitle>Hooks:</sctitle>
<parent ref = "C278S102000" doc = "Class278.sgm">subclass 102</parent>
<scdesc>Subject matter wherein the connecting means is in the form
of a hook.</scdesc></subclass>
<subclass subnum = "112" id = "C278S112000">
<sctitle>Trace retaining:</sctitle>
<parent ref = "C278S111000" doc = "Class278.sgm">subclass 111</parent>
<scdesc>Subject matter wherein the hook is provided with trace-retaining
means.</scdesc></subclass>
<subclass subnum = "113" id = "C278S113000">
<sctitle>Movable keeper:</sctitle>
<parent ref = "C278S112000" doc = "Class278.sgm">subclass 112</parent>
<scdesc>Subject matter wherein the retaining means is a movable
keeper.</scdesc></subclass>
<subclass subnum = "114" id = "C278S114000">
<sctitle>Snap hook type:</sctitle>
<parent ref = "C278S113000" doc = "Class278.sgm">subclass 113</parent>
<scdesc>Subject matter wherein the hook is of the snap hook type.</scdesc></subclass>
<subclass subnum = "115" id = "C278S115000">
<sctitle>Special position release:</sctitle>
<parent ref = "C278S112000" doc = "Class278.sgm">subclass 112</parent>
<scdesc>Subject matter wherein the hook is movable to a special
position to permit release of the trace.</scdesc></subclass>
<subclass subnum = "116" id = "C278S116000">
<sctitle>Opposed lapping hooks:</sctitle>
<parent ref = "C278S115000" doc = "Class278.sgm">subclass 115</parent>
<scdesc>Subject matter consisting of two overlapping opposed hooks.</scdesc></subclass>
<subclass subnum = "117" id = "C278S117000">
<sctitle>Whiffletree fastenings:</sctitle>
<parent ref = "C278S111000" doc = "Class278.sgm">subclass 111</parent>
<scdesc>Subject matter means for fastening the trace-connecting
means to the whiffletrees.</scdesc></subclass>
<subclass subnum = "118" id = "C278S118000">
<sctitle>TRACE AND THILL OR POLE CONNECTION:</sctitle>
<parent ref = "C278S000000" doc = "Class278.sgm">the class definition</parent>
<scdesc>Subject matter including means for connecting the trace
directly to the pole or thills.</scdesc></subclass>
<subclass subnum = "119" id = "C278S119000">
<sctitle>NECK POLES:</sctitle>
<parent ref = "C278S000000" doc = "Class278.sgm">the class definition</parent>
<scdesc>Subject matter including patents relating to neck yokes.</scdesc></subclass>
<subclass subnum = "120" id = "C278S120000">
<sctitle>End construction:</sctitle>
<parent ref = "C278S119000" doc = "Class278.sgm">subclass 119</parent>
<scdesc>Subject matter including patents relating to the end construction
of neck yokes.</scdesc></subclass>
<subclass subnum = "121" id = "C278S121000">
<sctitle>Pole couplings:</sctitle>
<parent ref = "C278S119000" doc = "Class278.sgm">subclass 119</parent>
<scdesc>Subject matter including that part of the neck yoke which
is connected to the pole.</scdesc></subclass>
<subclass subnum = "122" id = "C278S122000">
<sctitle>Modified pole and yoke (center):</sctitle>
<parent ref = "C278S121000" doc = "Class278.sgm">subclass 121</parent>
<scdesc>Subject matter including patents showing cooperative modification
of both the pole and neck yoke.</scdesc></subclass>
<subclass subnum = "123" id = "C278S123000">
<sctitle>Permanently attached:</sctitle>
<parent ref = "C278S122000" doc = "Class278.sgm">subclass 122</parent>
<scdesc>Subject matter wherein the neck yoke is permanently attached
to the pole.</scdesc></subclass>
<subclass subnum = "124" id = "C278S124000">
<sctitle>With safety devices:</sctitle>
<parent ref = "C278S121000" doc = "Class278.sgm">subclass 121</parent>
<scdesc>Subject matter wherein the neck yoke is provided with means
to prevent accidental detachment of the neck yoke from the pole.</scdesc>
<srchin>
<srecord><subnum ref = "C278S051000" doc = "Class278.sgm">51</subnum>
<descript><para>for patents for a similar purpose where the neck
yoke is conventional and the structure is a part of the pole.</para></descript></srecord></srchin></subclass>
<subclass subnum = "125" id = "C278S125000">
<sctitle>Leather eye or ring:</sctitle>
<parent ref = "C278S121000" doc = "Class278.sgm">subclass 121</parent>
<scdesc>Subject matter wherein the pole coupling is leather eye
or ring secured to the neck yoke.</scdesc></subclass>
<subclass subnum = "126" id = "C278S126000">
<sctitle>HOLDBACKS:</sctitle>
<parent ref = "C278S000000" doc = "Class278.sgm">the class definition</parent>
<scdesc>Subject matter including means formed as a part of the thills
or as an attachment to thills for harness connections to prevent
the vehicle overrunning the draft animal.</scdesc>
<notes><note1 notenum = "(1)">
<para>Note.  Neck yokes are equivalent in function where poles are
used.</para></note1></notes></subclass>
<subclass subnum = "127" id = "C278S127000">
<sctitle>Harness attached:</sctitle>
<parent ref = "C278S126000" doc = "Class278.sgm">subclass 126</parent>
<scdesc>Subject matter wherein a part of the harness is secured
to the attachment.</scdesc></subclass>
<subclass subnum = "128" id = "C278S128000">
<sctitle>Breech strap:</sctitle>
<parent ref = "C278S127000" doc = "Class278.sgm">subclass 127</parent>
<scdesc>Subject matter wherein the breech strap is the part of the
harness.</scdesc></subclass>
<subclass subnum = "129" id = "C278S129000">
<sctitle>Adjustable:</sctitle>
<parent ref = "C278S128000" doc = "Class278.sgm">subclass 128</parent>
<scdesc>Subject matter wherein the position of the attachment is
adjustable on the thills.</scdesc></subclass>
<subclass subnum = "130" id = "C278S130000">
<sctitle>Automatic release:</sctitle>
<parent ref = "C278S128000" doc = "Class278.sgm">subclass 128</parent>
<scdesc>Subject matter including devices permitting, under proper
conditions, an automatic release of the harness from the attachment.</scdesc></subclass></sclasses>
</class>
